generation	mnemonic	format_id	format	category	description	launch_class	semantic_model	operand_signature	operand_layout	inst_lo	inst_hi	fixed_mask_lo	fixed_mask_hi	opcode_mask_lo	opcode_mask_hi	parameter_mask_lo	parameter_mask_hi	ignored_mask_lo	ignored_mask_hi	reserved_mask_lo	reserved_mask_hi	seed_assembly
lg200	atomic_sm_add_u32	8	shared-memory	atomic	Atomically reads an unsigned 32-bit integer from workgroup shared memory, computes new = old + source modulo the operand width, and writes new back to the same location. The destination receives old.	compute-workgroup	atomic-state	VK8VJ8VD8X0_16PJ2	VK8@INST_LO[7:0];VJ8@INST_LO[23:16];VD8@INST_LO[31:24];X0_16@INST_HI[15:0];PJ2@INST_HI[17:16]	00000000	20080000	00000000	fffc0000	00000000	07fc0000	ffff00ff	0003ffff	0000ff00	00000000	00000000	00000000	atomic_sm_add_u32 p0, v0, v0, v0
lg200	atomic_sm_add_u64	8	shared-memory	atomic	Atomically reads an unsigned 64-bit integer from workgroup shared memory, computes new = old + source modulo the operand width, and writes new back to the same location. The destination receives old.	compute-workgroup	atomic-state	VK8x2VJ8VD8x2X0_16PJ2	VK8x2@INST_LO[7:0];VJ8@INST_LO[23:16];VD8x2@INST_LO[31:24];X0_16@INST_HI[15:0];PJ2@INST_HI[17:16]	00000000	20480000	00000000	fffc0000	00000000	07fc0000	ffff00ff	0003ffff	0000ff00	00000000	00000000	00000000	atomic_sm_add_u64 p0, v0-v1, v0, v0-v1
lg200	atomic_sm_and_b32	8	shared-memory	atomic	Atomically reads a 32-bit bit pattern from workgroup shared memory, computes new = old AND source, and writes new back to the same location. The destination receives old.	compute-workgroup	atomic-state	VK8VJ8VD8X0_16PJ2	VK8@INST_LO[7:0];VJ8@INST_LO[23:16];VD8@INST_LO[31:24];X0_16@INST_HI[15:0];PJ2@INST_HI[17:16]	00000000	20200000	00000000	bffc0000	00000000	07fc0000	ffff00ff	0003ffff	0000ff00	00000000	00000000	40000000	atomic_sm_and_b32 p0, v0, v0, v0
lg200	atomic_sm_and_b64	8	shared-memory	atomic	Atomically reads a 64-bit bit pattern from workgroup shared memory, computes new = old AND source, and writes new back to the same location. The destination receives old.	compute-workgroup	atomic-state	VK8x2VJ8VD8x2X0_16PJ2	VK8x2@INST_LO[7:0];VJ8@INST_LO[23:16];VD8x2@INST_LO[31:24];X0_16@INST_HI[15:0];PJ2@INST_HI[17:16]	00000000	20600000	00000000	bffc0000	00000000	07fc0000	ffff00ff	0003ffff	0000ff00	00000000	00000000	40000000	atomic_sm_and_b64 p0, v0-v1, v0, v0-v1
lg200	atomic_sm_cmpswap_eq_u32	8	shared-memory	atomic	Atomically reads an unsigned 32-bit integer from workgroup shared memory, computes new = swap when old equals compare, otherwise old, and writes new back to the same location. The destination receives old.	compute-workgroup	atomic-state	VA8VK8VJ8VD8X0_16PJ2	VA8@INST_LO[7:0];VK8@INST_LO[15:8];VJ8@INST_LO[23:16];VD8@INST_LO[31:24];X0_16@INST_HI[15:0];PJ2@INST_HI[17:16]	00000000	20040000	00000000	fffc0000	00000000	07fc0000	ffffffff	0003ffff	00000000	00000000	00000000	00000000	atomic_sm_cmpswap_eq_u32 p0, v0, v0, v0, v0
lg200	atomic_sm_cmpswap_eq_u64	8	shared-memory	atomic	Atomically reads an unsigned 64-bit integer from workgroup shared memory, computes new = swap when old equals compare, otherwise old, and writes new back to the same location. The destination receives old.	compute-workgroup	atomic-state	VA8x2VK8x2VJ8VD8x2X0_16PJ2	VA8x2@INST_LO[7:0];VK8x2@INST_LO[15:8];VJ8@INST_LO[23:16];VD8x2@INST_LO[31:24];X0_16@INST_HI[15:0];PJ2@INST_HI[17:16]	00000000	20440000	00000000	bffc0000	00000000	07fc0000	ffffffff	0003ffff	00000000	00000000	00000000	40000000	atomic_sm_cmpswap_eq_u64 p0, v0-v1, v0, v0-v1, v0-v1
lg200	atomic_sm_cmpswap_gt_f32	8	shared-memory	atomic	Atomically reads a 32-bit floating-point value from workgroup shared memory, computes new = source when old is greater than source, otherwise old, and writes new back to the same location. The destination receives old.	compute-workgroup	atomic-state	VK8VJ8VD8X0_16PJ2	VK8@INST_LO[7:0];VJ8@INST_LO[23:16];VD8@INST_LO[31:24];X0_16@INST_HI[15:0];PJ2@INST_HI[17:16]	00000000	20380000	00000000	fffc0000	00000000	07fc0000	ffff00ff	0003ffff	0000ff00	00000000	00000000	00000000	atomic_sm_cmpswap_gt_f32 p0, v0, v0, v0
lg200	atomic_sm_cmpswap_gt_f64	8	shared-memory	atomic	Atomically reads a 64-bit floating-point value from workgroup shared memory, computes new = source when old is greater than source, otherwise old, and writes new back to the same location. The destination receives old.	compute-workgroup	atomic-state	VK8x2VJ8VD8x2X0_16PJ2	VK8x2@INST_LO[7:0];VJ8@INST_LO[23:16];VD8x2@INST_LO[31:24];X0_16@INST_HI[15:0];PJ2@INST_HI[17:16]	00000000	20780000	00000000	fffc0000	00000000	07fc0000	ffff00ff	0003ffff	0000ff00	00000000	00000000	00000000	atomic_sm_cmpswap_gt_f64 p0, v0-v1, v0, v0-v1
lg200	atomic_sm_cmpswap_lt_f32	8	shared-memory	atomic	Atomically reads a 32-bit floating-point value from workgroup shared memory, computes new = source when old is less than source, otherwise old, and writes new back to the same location. The destination receives old.	compute-workgroup	atomic-state	VK8VJ8VD8X0_16PJ2	VK8@INST_LO[7:0];VJ8@INST_LO[23:16];VD8@INST_LO[31:24];X0_16@INST_HI[15:0];PJ2@INST_HI[17:16]	00000000	203c0000	00000000	fffc0000	00000000	07fc0000	ffff00ff	0003ffff	0000ff00	00000000	00000000	00000000	atomic_sm_cmpswap_lt_f32 p0, v0, v0, v0
lg200	atomic_sm_cmpswap_lt_f64	8	shared-memory	atomic	Atomically reads a 64-bit floating-point value from workgroup shared memory, computes new = source when old is less than source, otherwise old, and writes new back to the same location. The destination receives old.	compute-workgroup	atomic-state	VK8x2VJ8VD8x2X0_16PJ2	VK8x2@INST_LO[7:0];VJ8@INST_LO[23:16];VD8x2@INST_LO[31:24];X0_16@INST_HI[15:0];PJ2@INST_HI[17:16]	00000000	207c0000	00000000	fffc0000	00000000	07fc0000	ffff00ff	0003ffff	0000ff00	00000000	00000000	00000000	atomic_sm_cmpswap_lt_f64 p0, v0-v1, v0, v0-v1
lg200	atomic_sm_dec_u32	8	shared-memory	atomic	Atomically reads an unsigned 32-bit integer from workgroup shared memory, computes new = old - 1 when 0 < old <= bound, otherwise the bound, and writes new back to the same location. The destination receives old.	compute-workgroup	atomic-state	VK8VJ8VD8X0_16PJ2	VK8@INST_LO[7:0];VJ8@INST_LO[23:16];VD8@INST_LO[31:24];X0_16@INST_HI[15:0];PJ2@INST_HI[17:16]	00000000	20300000	00000000	bffc0000	00000000	07fc0000	ffff00ff	0003ffff	0000ff00	00000000	00000000	40000000	atomic_sm_dec_u32 p0, v0, v0, v0
lg200	atomic_sm_dec_u64	8	shared-memory	atomic	Atomically reads an unsigned 64-bit integer from workgroup shared memory, computes new = old - 1 when 0 < old <= bound, otherwise the bound, and writes new back to the same location. The destination receives old.	compute-workgroup	atomic-state	VK8x2VJ8VD8x2X0_16PJ2	VK8x2@INST_LO[7:0];VJ8@INST_LO[23:16];VD8x2@INST_LO[31:24];X0_16@INST_HI[15:0];PJ2@INST_HI[17:16]	00000000	20700000	00000000	bffc0000	00000000	07fc0000	ffff00ff	0003ffff	0000ff00	00000000	00000000	40000000	atomic_sm_dec_u64 p0, v0-v1, v0, v0-v1
lg200	atomic_sm_inc_u32	8	shared-memory	atomic	Atomically reads an unsigned 32-bit integer from workgroup shared memory, computes new = old + 1 when old is below the bound, otherwise zero, and writes new back to the same location. The destination receives old.	compute-workgroup	atomic-state	VK8VJ8VD8X0_16PJ2	VK8@INST_LO[7:0];VJ8@INST_LO[23:16];VD8@INST_LO[31:24];X0_16@INST_HI[15:0];PJ2@INST_HI[17:16]	00000000	202c0000	00000000	bffc0000	00000000	07fc0000	ffff00ff	0003ffff	0000ff00	00000000	00000000	40000000	atomic_sm_inc_u32 p0, v0, v0, v0
lg200	atomic_sm_inc_u64	8	shared-memory	atomic	Atomically reads an unsigned 64-bit integer from workgroup shared memory, computes new = old + 1 when old is below the bound, otherwise zero, and writes new back to the same location. The destination receives old.	compute-workgroup	atomic-state	VK8x2VJ8VD8x2X0_16PJ2	VK8x2@INST_LO[7:0];VJ8@INST_LO[23:16];VD8x2@INST_LO[31:24];X0_16@INST_HI[15:0];PJ2@INST_HI[17:16]	00000000	206c0000	00000000	bffc0000	00000000	07fc0000	ffff00ff	0003ffff	0000ff00	00000000	00000000	40000000	atomic_sm_inc_u64 p0, v0-v1, v0, v0-v1
lg200	atomic_sm_max_i32	8	shared-memory	atomic	Atomically reads a signed 32-bit integer from workgroup shared memory, computes new is the greater of old and source, and writes new back to the same location. The destination receives old.	compute-workgroup	atomic-state	VK8VJ8VD8X0_16PJ2	VK8@INST_LO[7:0];VJ8@INST_LO[23:16];VD8@INST_LO[31:24];X0_16@INST_HI[15:0];PJ2@INST_HI[17:16]	00000000	20180000	00000000	bffc0000	00000000	07fc0000	ffff00ff	0003ffff	0000ff00	00000000	00000000	40000000	atomic_sm_max_i32 p0, v0, v0, v0
lg200	atomic_sm_max_i64	8	shared-memory	atomic	Atomically reads a signed 64-bit integer from workgroup shared memory, computes new is the greater of old and source, and writes new back to the same location. The destination receives old.	compute-workgroup	atomic-state	VK8x2VJ8VD8x2X0_16PJ2	VK8x2@INST_LO[7:0];VJ8@INST_LO[23:16];VD8x2@INST_LO[31:24];X0_16@INST_HI[15:0];PJ2@INST_HI[17:16]	00000000	20580000	00000000	bffc0000	00000000	07fc0000	ffff00ff	0003ffff	0000ff00	00000000	00000000	40000000	atomic_sm_max_i64 p0, v0-v1, v0, v0-v1
lg200	atomic_sm_max_u32	8	shared-memory	atomic	Atomically reads an unsigned 32-bit integer from workgroup shared memory, computes new is the greater of old and source, and writes new back to the same location. The destination receives old.	compute-workgroup	atomic-state	VK8VJ8VD8X0_16PJ2	VK8@INST_LO[7:0];VJ8@INST_LO[23:16];VD8@INST_LO[31:24];X0_16@INST_HI[15:0];PJ2@INST_HI[17:16]	00000000	201c0000	00000000	bffc0000	00000000	07fc0000	ffff00ff	0003ffff	0000ff00	00000000	00000000	40000000	atomic_sm_max_u32 p0, v0, v0, v0
lg200	atomic_sm_max_u64	8	shared-memory	atomic	Atomically reads an unsigned 64-bit integer from workgroup shared memory, computes new is the greater of old and source, and writes new back to the same location. The destination receives old.	compute-workgroup	atomic-state	VK8x2VJ8VD8x2X0_16PJ2	VK8x2@INST_LO[7:0];VJ8@INST_LO[23:16];VD8x2@INST_LO[31:24];X0_16@INST_HI[15:0];PJ2@INST_HI[17:16]	00000000	205c0000	00000000	bffc0000	00000000	07fc0000	ffff00ff	0003ffff	0000ff00	00000000	00000000	40000000	atomic_sm_max_u64 p0, v0-v1, v0, v0-v1
lg200	atomic_sm_min_i32	8	shared-memory	atomic	Atomically reads a signed 32-bit integer from workgroup shared memory, computes new is the lesser of old and source, and writes new back to the same location. The destination receives old.	compute-workgroup	atomic-state	VK8VJ8VD8X0_16PJ2	VK8@INST_LO[7:0];VJ8@INST_LO[23:16];VD8@INST_LO[31:24];X0_16@INST_HI[15:0];PJ2@INST_HI[17:16]	00000000	20100000	00000000	bffc0000	00000000	07fc0000	ffff00ff	0003ffff	0000ff00	00000000	00000000	40000000	atomic_sm_min_i32 p0, v0, v0, v0
lg200	atomic_sm_min_i64	8	shared-memory	atomic	Atomically reads a signed 64-bit integer from workgroup shared memory, computes new is the lesser of old and source, and writes new back to the same location. The destination receives old.	compute-workgroup	atomic-state	VK8x2VJ8VD8x2X0_16PJ2	VK8x2@INST_LO[7:0];VJ8@INST_LO[23:16];VD8x2@INST_LO[31:24];X0_16@INST_HI[15:0];PJ2@INST_HI[17:16]	00000000	20500000	00000000	bffc0000	00000000	07fc0000	ffff00ff	0003ffff	0000ff00	00000000	00000000	40000000	atomic_sm_min_i64 p0, v0-v1, v0, v0-v1
lg200	atomic_sm_min_u32	8	shared-memory	atomic	Atomically reads an unsigned 32-bit integer from workgroup shared memory, computes new is the lesser of old and source, and writes new back to the same location. The destination receives old.	compute-workgroup	atomic-state	VK8VJ8VD8X0_16PJ2	VK8@INST_LO[7:0];VJ8@INST_LO[23:16];VD8@INST_LO[31:24];X0_16@INST_HI[15:0];PJ2@INST_HI[17:16]	00000000	20140000	00000000	bffc0000	00000000	07fc0000	ffff00ff	0003ffff	0000ff00	00000000	00000000	40000000	atomic_sm_min_u32 p0, v0, v0, v0
lg200	atomic_sm_min_u64	8	shared-memory	atomic	Atomically reads an unsigned 64-bit integer from workgroup shared memory, computes new is the lesser of old and source, and writes new back to the same location. The destination receives old.	compute-workgroup	atomic-state	VK8x2VJ8VD8x2X0_16PJ2	VK8x2@INST_LO[7:0];VJ8@INST_LO[23:16];VD8x2@INST_LO[31:24];X0_16@INST_HI[15:0];PJ2@INST_HI[17:16]	00000000	20540000	00000000	bffc0000	00000000	07fc0000	ffff00ff	0003ffff	0000ff00	00000000	00000000	40000000	atomic_sm_min_u64 p0, v0-v1, v0, v0-v1
lg200	atomic_sm_or_b32	8	shared-memory	atomic	Atomically reads a 32-bit bit pattern from workgroup shared memory, computes new = old OR source, and writes new back to the same location. The destination receives old.	compute-workgroup	atomic-state	VK8VJ8VD8X0_16PJ2	VK8@INST_LO[7:0];VJ8@INST_LO[23:16];VD8@INST_LO[31:24];X0_16@INST_HI[15:0];PJ2@INST_HI[17:16]	00000000	20240000	00000000	bffc0000	00000000	07fc0000	ffff00ff	0003ffff	0000ff00	00000000	00000000	40000000	atomic_sm_or_b32 p0, v0, v0, v0
lg200	atomic_sm_or_b64	8	shared-memory	atomic	Atomically reads a 64-bit bit pattern from workgroup shared memory, computes new = old OR source, and writes new back to the same location. The destination receives old.	compute-workgroup	atomic-state	VK8x2VJ8VD8x2X0_16PJ2	VK8x2@INST_LO[7:0];VJ8@INST_LO[23:16];VD8x2@INST_LO[31:24];X0_16@INST_HI[15:0];PJ2@INST_HI[17:16]	00000000	20640000	00000000	bffc0000	00000000	07fc0000	ffff00ff	0003ffff	0000ff00	00000000	00000000	40000000	atomic_sm_or_b64 p0, v0-v1, v0, v0-v1
lg200	atomic_sm_rsub_u32	8	shared-memory	atomic	Atomically reads an unsigned 32-bit integer from workgroup shared memory, computes new = source - old modulo the operand width, and writes new back to the same location. The destination receives old.	compute-workgroup	atomic-state	VK8VJ8VD8X0_16PJ2	VK8@INST_LO[7:0];VJ8@INST_LO[23:16];VD8@INST_LO[31:24];X0_16@INST_HI[15:0];PJ2@INST_HI[17:16]	00000000	20340000	00000000	fffc0000	00000000	07fc0000	ffff00ff	0003ffff	0000ff00	00000000	00000000	00000000	atomic_sm_rsub_u32 p0, v0, v0, v0
lg200	atomic_sm_rsub_u64	8	shared-memory	atomic	Atomically reads an unsigned 64-bit integer from workgroup shared memory, computes new = source - old modulo the operand width, and writes new back to the same location. The destination receives old.	compute-workgroup	atomic-state	VK8x2VJ8VD8x2X0_16PJ2	VK8x2@INST_LO[7:0];VJ8@INST_LO[23:16];VD8x2@INST_LO[31:24];X0_16@INST_HI[15:0];PJ2@INST_HI[17:16]	00000000	20740000	00000000	fffc0000	00000000	07fc0000	ffff00ff	0003ffff	0000ff00	00000000	00000000	00000000	atomic_sm_rsub_u64 p0, v0-v1, v0, v0-v1
lg200	atomic_sm_sub_u32	8	shared-memory	atomic	Atomically reads an unsigned 32-bit integer from workgroup shared memory, computes new = old - source modulo the operand width, and writes new back to the same location. The destination receives old.	compute-workgroup	atomic-state	VK8VJ8VD8X0_16PJ2	VK8@INST_LO[7:0];VJ8@INST_LO[23:16];VD8@INST_LO[31:24];X0_16@INST_HI[15:0];PJ2@INST_HI[17:16]	00000000	200c0000	00000000	bffc0000	00000000	07fc0000	ffff00ff	0003ffff	0000ff00	00000000	00000000	40000000	atomic_sm_sub_u32 p0, v0, v0, v0
lg200	atomic_sm_sub_u64	8	shared-memory	atomic	Atomically reads an unsigned 64-bit integer from workgroup shared memory, computes new = old - source modulo the operand width, and writes new back to the same location. The destination receives old.	compute-workgroup	atomic-state	VK8x2VJ8VD8x2X0_16PJ2	VK8x2@INST_LO[7:0];VJ8@INST_LO[23:16];VD8x2@INST_LO[31:24];X0_16@INST_HI[15:0];PJ2@INST_HI[17:16]	00000000	204c0000	00000000	bffc0000	00000000	07fc0000	ffff00ff	0003ffff	0000ff00	00000000	00000000	40000000	atomic_sm_sub_u64 p0, v0-v1, v0, v0-v1
lg200	atomic_sm_swap_b32	8	shared-memory	atomic	Atomically reads a 32-bit bit pattern from workgroup shared memory, computes new = source, and writes new back to the same location. The destination receives old.	compute-workgroup	atomic-state	VK8VJ8VD8X0_16PJ2	VK8@INST_LO[7:0];VJ8@INST_LO[23:16];VD8@INST_LO[31:24];X0_16@INST_HI[15:0];PJ2@INST_HI[17:16]	00000000	20000000	00000000	fffc0000	00000000	07fc0000	ffff00ff	0003ffff	0000ff00	00000000	00000000	00000000	atomic_sm_swap_b32 p0, v0, v0, v0
lg200	atomic_sm_swap_b64	8	shared-memory	atomic	Atomically reads a 64-bit bit pattern from workgroup shared memory, computes new = source, and writes new back to the same location. The destination receives old.	compute-workgroup	atomic-state	VK8x2VJ8VD8x2X0_16PJ2	VK8x2@INST_LO[7:0];VJ8@INST_LO[23:16];VD8x2@INST_LO[31:24];X0_16@INST_HI[15:0];PJ2@INST_HI[17:16]	00000000	20400000	00000000	bffc0000	00000000	07fc0000	ffff00ff	0003ffff	0000ff00	00000000	00000000	40000000	atomic_sm_swap_b64 p0, v0-v1, v0, v0-v1
lg200	atomic_sm_xor_b32	8	shared-memory	atomic	Atomically reads a 32-bit bit pattern from workgroup shared memory, computes new = old XOR source, and writes new back to the same location. The destination receives old.	compute-workgroup	atomic-state	VK8VJ8VD8X0_16PJ2	VK8@INST_LO[7:0];VJ8@INST_LO[23:16];VD8@INST_LO[31:24];X0_16@INST_HI[15:0];PJ2@INST_HI[17:16]	00000000	20280000	00000000	bffc0000	00000000	07fc0000	ffff00ff	0003ffff	0000ff00	00000000	00000000	40000000	atomic_sm_xor_b32 p0, v0, v0, v0
lg200	atomic_sm_xor_b64	8	shared-memory	atomic	Atomically reads a 64-bit bit pattern from workgroup shared memory, computes new = old XOR source, and writes new back to the same location. The destination receives old.	compute-workgroup	atomic-state	VK8x2VJ8VD8x2X0_16PJ2	VK8x2@INST_LO[7:0];VJ8@INST_LO[23:16];VD8x2@INST_LO[31:24];X0_16@INST_HI[15:0];PJ2@INST_HI[17:16]	00000000	20680000	00000000	bffc0000	00000000	07fc0000	ffff00ff	0003ffff	0000ff00	00000000	00000000	40000000	atomic_sm_xor_b64 p0, v0-v1, v0, v0-v1
lg200	atomic_v_buff_add_i32	6	tex-buffer	atomic	Atomically reads a signed 32-bit integer from the addressed buffer resource, computes new = old + source modulo the operand width, and writes new back to the same location. The destination receives old.	compute-workgroup	atomic-state	RK8RJ8x4VQ8VD8UO12M.offen1M.idxen1M.bl11M.bl21PJ2	RK8@INST_LO[7:0];RJ8x4@INST_LO[15:8];VQ8@INST_LO[23:16];VD8@INST_LO[31:24];UO12@INST_HI[11:0];M.offen1@INST_HI[12];M.idxen1@INST_HI[13];M.bl11@INST_HI[14];M.bl21@INST_HI[15];PJ2@INST_HI[17:16]	00000000	294c0000	00000000	bffc0000	00000000	07fc0000	ffffffff	0003ffff	00000000	00000000	00000000	48000000	atomic_v_buff_add_i32 p0, v0, s16-s19, s4, 0x40f
lg200	atomic_v_buff_add_i64	6	tex-buffer	atomic	Atomically reads a signed 64-bit integer from the addressed buffer resource, computes new = old + source modulo the operand width, and writes new back to the same location. The destination receives old.	compute-workgroup	atomic-state	RK8RJ8x4VD8x2UO12M.offen1M.idxen1M.bl11M.bl21PJ2	RK8@INST_LO[7:0];RJ8x4@INST_LO[15:8];VQ8@INST_LO[23:16];VD8x2@INST_LO[31:24];UO12@INST_HI[11:0];M.offen1@INST_HI[12];M.idxen1@INST_HI[13];M.bl11@INST_HI[14];M.bl21@INST_HI[15];PJ2@INST_HI[17:16]	00000000	29800000	00000000	bffc0000	00000000	07fc0000	ff00ffff	0003ffff	00ff0000	00000000	00000000	48000000	atomic_v_buff_add_i64 p0, v0-v1, s16-s19, s4, 0x40f
lg200	atomic_v_buff_and_b32	6	tex-buffer	atomic	Atomically reads a 32-bit bit pattern from the addressed buffer resource, computes new = old AND source, and writes new back to the same location. The destination receives old.	compute-workgroup	atomic-state	RK8RJ8x4VQ8VD8UO12M.offen1M.idxen1M.bl11M.bl21PJ2	RK8@INST_LO[7:0];RJ8x4@INST_LO[15:8];VQ8@INST_LO[23:16];VD8@INST_LO[31:24];UO12@INST_HI[11:0];M.offen1@INST_HI[12];M.idxen1@INST_HI[13];M.bl11@INST_HI[14];M.bl21@INST_HI[15];PJ2@INST_HI[17:16]	00000000	29640000	00000000	bffc0000	00000000	07fc0000	ffffffff	0003ffff	00000000	00000000	00000000	48000000	atomic_v_buff_and_b32 p0, v0, s16-s19, s4, 0x40f
lg200	atomic_v_buff_and_b64	6	tex-buffer	atomic	Atomically reads a 64-bit bit pattern from the addressed buffer resource, computes new = old AND source, and writes new back to the same location. The destination receives old.	compute-workgroup	atomic-state	RK8RJ8x4VD8x2UO12M.offen1M.idxen1M.bl11M.bl21PJ2	RK8@INST_LO[7:0];RJ8x4@INST_LO[15:8];VQ8@INST_LO[23:16];VD8x2@INST_LO[31:24];UO12@INST_HI[11:0];M.offen1@INST_HI[12];M.idxen1@INST_HI[13];M.bl11@INST_HI[14];M.bl21@INST_HI[15];PJ2@INST_HI[17:16]	00000000	29980000	00000000	bffc0000	00000000	07fc0000	ff00ffff	0003ffff	00ff0000	00000000	00000000	48000000	atomic_v_buff_and_b64 p0, v0-v1, s16-s19, s4, 0x40f
lg200	atomic_v_buff_cmpswap_b32	6	tex-buffer	atomic	Atomically reads a 32-bit bit pattern from the addressed buffer resource, computes new = swap when old equals compare, otherwise old, and writes new back to the same location. The destination receives old.	compute-workgroup	atomic-state	RK8RJ8x4VQ8VD8x2UO12M.offen1M.idxen1M.bl11M.bl21PJ2	RK8@INST_LO[7:0];RJ8x4@INST_LO[15:8];VQ8@INST_LO[23:16];VD8x2@INST_LO[31:24];UO12@INST_HI[11:0];M.offen1@INST_HI[12];M.idxen1@INST_HI[13];M.bl11@INST_HI[14];M.bl21@INST_HI[15];PJ2@INST_HI[17:16]	00000000	29480000	00000000	bffc0000	00000000	07fc0000	ffffffff	0003ffff	00000000	00000000	00000000	48000000	atomic_v_buff_cmpswap_b32 p0, v0-v1, s16-s19, s4, 0x40f
lg200	atomic_v_buff_cmpswap_b64	6	tex-buffer	atomic	Atomically reads a 64-bit bit pattern from the addressed buffer resource, computes new = swap when old equals compare, otherwise old, and writes new back to the same location. The destination receives old.	compute-workgroup	atomic-state	RK8RJ8x4VD8x4UO12M.offen1M.idxen1M.bl11M.bl21PJ2	RK8@INST_LO[7:0];RJ8x4@INST_LO[15:8];VD8x4@INST_LO[31:24];UO12@INST_HI[11:0];M.offen1@INST_HI[12];M.idxen1@INST_HI[13];M.bl11@INST_HI[14];M.bl21@INST_HI[15];PJ2@INST_HI[17:16]	00000000	297c0000	00000000	bffc0000	00000000	07fc0000	ff00ffff	0003ffff	00ff0000	00000000	00000000	48000000	atomic_v_buff_cmpswap_b64 p0, v0-v3, s16-s19, s4, 0x40f
lg200	atomic_v_buff_dec_u32	6	tex-buffer	atomic	Atomically reads an unsigned 32-bit integer from the addressed buffer resource, computes new = old - 1 when 0 < old <= bound, otherwise the bound, and writes new back to the same location. The destination receives old.	compute-workgroup	atomic-state	RK8RJ8x4VD8UO12M.offen1M.idxen1M.bl11M.bl21PJ2	RK8@INST_LO[7:0];RJ8x4@INST_LO[15:8];VQ8@INST_LO[23:16];VD8@INST_LO[31:24];UO12@INST_HI[11:0];M.offen1@INST_HI[12];M.idxen1@INST_HI[13];M.bl11@INST_HI[14];M.bl21@INST_HI[15];PJ2@INST_HI[17:16]	00000000	29740000	00000000	bffc0000	00000000	07fc0000	ff00ffff	0003ffff	00ff0000	00000000	00000000	48000000	atomic_v_buff_dec_u32 p0, v0, s16-s19, s4, 0x40f
lg200	atomic_v_buff_dec_u64	6	tex-buffer	atomic	Atomically reads an unsigned 64-bit integer from the addressed buffer resource, computes new = old - 1 when 0 < old <= bound, otherwise the bound, and writes new back to the same location. The destination receives old.	compute-workgroup	atomic-state	RK8RJ8x4VD8x2UO12M.offen1M.idxen1M.bl11M.bl21PJ2	RK8@INST_LO[7:0];RJ8x4@INST_LO[15:8];VQ8@INST_LO[23:16];VD8x2@INST_LO[31:24];UO12@INST_HI[11:0];M.offen1@INST_HI[12];M.idxen1@INST_HI[13];M.bl11@INST_HI[14];M.bl21@INST_HI[15];PJ2@INST_HI[17:16]	00000000	29a80000	00000000	bffc0000	00000000	07fc0000	ff00ffff	0003ffff	00ff0000	00000000	00000000	48000000	atomic_v_buff_dec_u64 p0, v0-v1, s16-s19, s4, 0x40f
lg200	atomic_v_buff_inc_u32	6	tex-buffer	atomic	Atomically reads an unsigned 32-bit integer from the addressed buffer resource, computes new = old + 1 when old is below the bound, otherwise zero, and writes new back to the same location. The destination receives old.	compute-workgroup	atomic-state	RK8RJ8x4VD8UO12M.offen1M.idxen1M.bl11M.bl21PJ2	RK8@INST_LO[7:0];RJ8x4@INST_LO[15:8];VQ8@INST_LO[23:16];VD8@INST_LO[31:24];UO12@INST_HI[11:0];M.offen1@INST_HI[12];M.idxen1@INST_HI[13];M.bl11@INST_HI[14];M.bl21@INST_HI[15];PJ2@INST_HI[17:16]	00000000	29700000	00000000	bffc0000	00000000	07fc0000	ff00ffff	0003ffff	00ff0000	00000000	00000000	48000000	atomic_v_buff_inc_u32 p0, v0, s16-s19, s4, 0x40f
lg200	atomic_v_buff_inc_u64	6	tex-buffer	atomic	Atomically reads an unsigned 64-bit integer from the addressed buffer resource, computes new = old + 1 when old is below the bound, otherwise zero, and writes new back to the same location. The destination receives old.	compute-workgroup	atomic-state	RK8RJ8x4VD8x2UO12M.offen1M.idxen1M.bl11M.bl21PJ2	RK8@INST_LO[7:0];RJ8x4@INST_LO[15:8];VQ8@INST_LO[23:16];VD8x2@INST_LO[31:24];UO12@INST_HI[11:0];M.offen1@INST_HI[12];M.idxen1@INST_HI[13];M.bl11@INST_HI[14];M.bl21@INST_HI[15];PJ2@INST_HI[17:16]	00000000	29a40000	00000000	bffc0000	00000000	07fc0000	ff00ffff	0003ffff	00ff0000	00000000	00000000	48000000	atomic_v_buff_inc_u64 p0, v0-v1, s16-s19, s4, 0x40f
lg200	atomic_v_buff_max_i32	6	tex-buffer	atomic	Atomically reads a signed 32-bit integer from the addressed buffer resource, computes new is the greater of old and source, and writes new back to the same location. The destination receives old.	compute-workgroup	atomic-state	RK8RJ8x4VQ8VD8UO12M.offen1M.idxen1M.bl11M.bl21PJ2	RK8@INST_LO[7:0];RJ8x4@INST_LO[15:8];VQ8@INST_LO[23:16];VD8@INST_LO[31:24];UO12@INST_HI[11:0];M.offen1@INST_HI[12];M.idxen1@INST_HI[13];M.bl11@INST_HI[14];M.bl21@INST_HI[15];PJ2@INST_HI[17:16]	00000000	295c0000	00000000	bffc0000	00000000	07fc0000	ffffffff	0003ffff	00000000	00000000	00000000	48000000	atomic_v_buff_max_i32 p0, v0, s16-s19, s4, 0x40f
lg200	atomic_v_buff_max_i64	6	tex-buffer	atomic	Atomically reads a signed 64-bit integer from the addressed buffer resource, computes new is the greater of old and source, and writes new back to the same location. The destination receives old.	compute-workgroup	atomic-state	RK8RJ8x4VD8x2UO12M.offen1M.idxen1M.bl11M.bl21PJ2	RK8@INST_LO[7:0];RJ8x4@INST_LO[15:8];VQ8@INST_LO[23:16];VD8x2@INST_LO[31:24];UO12@INST_HI[11:0];M.offen1@INST_HI[12];M.idxen1@INST_HI[13];M.bl11@INST_HI[14];M.bl21@INST_HI[15];PJ2@INST_HI[17:16]	00000000	29900000	00000000	bffc0000	00000000	07fc0000	ff00ffff	0003ffff	00ff0000	00000000	00000000	48000000	atomic_v_buff_max_i64 p0, v0-v1, s16-s19, s4, 0x40f
lg200	atomic_v_buff_max_u32	6	tex-buffer	atomic	Atomically reads an unsigned 32-bit integer from the addressed buffer resource, computes new is the greater of old and source, and writes new back to the same location. The destination receives old.	compute-workgroup	atomic-state	RK8RJ8x4VQ8VD8UO12M.offen1M.idxen1M.bl11M.bl21PJ2	RK8@INST_LO[7:0];RJ8x4@INST_LO[15:8];VQ8@INST_LO[23:16];VD8@INST_LO[31:24];UO12@INST_HI[11:0];M.offen1@INST_HI[12];M.idxen1@INST_HI[13];M.bl11@INST_HI[14];M.bl21@INST_HI[15];PJ2@INST_HI[17:16]	00000000	29600000	00000000	bffc0000	00000000	07fc0000	ffffffff	0003ffff	00000000	00000000	00000000	48000000	atomic_v_buff_max_u32 p0, v0, s16-s19, s4, 0x40f
lg200	atomic_v_buff_max_u64	6	tex-buffer	atomic	Atomically reads an unsigned 64-bit integer from the addressed buffer resource, computes new is the greater of old and source, and writes new back to the same location. The destination receives old.	compute-workgroup	atomic-state	RK8RJ8x4VD8x2UO12M.offen1M.idxen1M.bl11M.bl21PJ2	RK8@INST_LO[7:0];RJ8x4@INST_LO[15:8];VQ8@INST_LO[23:16];VD8x2@INST_LO[31:24];UO12@INST_HI[11:0];M.offen1@INST_HI[12];M.idxen1@INST_HI[13];M.bl11@INST_HI[14];M.bl21@INST_HI[15];PJ2@INST_HI[17:16]	00000000	29940000	00000000	bffc0000	00000000	07fc0000	ff00ffff	0003ffff	00ff0000	00000000	00000000	48000000	atomic_v_buff_max_u64 p0, v0-v1, s16-s19, s4, 0x40f
lg200	atomic_v_buff_min_i32	6	tex-buffer	atomic	Atomically reads a signed 32-bit integer from the addressed buffer resource, computes new is the lesser of old and source, and writes new back to the same location. The destination receives old.	compute-workgroup	atomic-state	RK8RJ8x4VQ8VD8UO12M.offen1M.idxen1M.bl11M.bl21PJ2	RK8@INST_LO[7:0];RJ8x4@INST_LO[15:8];VQ8@INST_LO[23:16];VD8@INST_LO[31:24];UO12@INST_HI[11:0];M.offen1@INST_HI[12];M.idxen1@INST_HI[13];M.bl11@INST_HI[14];M.bl21@INST_HI[15];PJ2@INST_HI[17:16]	00000000	29540000	00000000	bffc0000	00000000	07fc0000	ffffffff	0003ffff	00000000	00000000	00000000	48000000	atomic_v_buff_min_i32 p0, v0, s16-s19, s4, 0x40f
lg200	atomic_v_buff_min_i64	6	tex-buffer	atomic	Atomically reads a signed 64-bit integer from the addressed buffer resource, computes new is the lesser of old and source, and writes new back to the same location. The destination receives old.	compute-workgroup	atomic-state	RK8RJ8x4VD8x2UO12M.offen1M.idxen1M.bl11M.bl21PJ2	RK8@INST_LO[7:0];RJ8x4@INST_LO[15:8];VQ8@INST_LO[23:16];VD8x2@INST_LO[31:24];UO12@INST_HI[11:0];M.offen1@INST_HI[12];M.idxen1@INST_HI[13];M.bl11@INST_HI[14];M.bl21@INST_HI[15];PJ2@INST_HI[17:16]	00000000	29880000	00000000	bffc0000	00000000	07fc0000	ff00ffff	0003ffff	00ff0000	00000000	00000000	48000000	atomic_v_buff_min_i64 p0, v0-v1, s16-s19, s4, 0x40f
lg200	atomic_v_buff_min_u32	6	tex-buffer	atomic	Atomically reads an unsigned 32-bit integer from the addressed buffer resource, computes new is the lesser of old and source, and writes new back to the same location. The destination receives old.	compute-workgroup	atomic-state	RK8RJ8x4VQ8VD8UO12M.offen1M.idxen1M.bl11M.bl21PJ2	RK8@INST_LO[7:0];RJ8x4@INST_LO[15:8];VQ8@INST_LO[23:16];VD8@INST_LO[31:24];UO12@INST_HI[11:0];M.offen1@INST_HI[12];M.idxen1@INST_HI[13];M.bl11@INST_HI[14];M.bl21@INST_HI[15];PJ2@INST_HI[17:16]	00000000	29580000	00000000	bffc0000	00000000	07fc0000	ffffffff	0003ffff	00000000	00000000	00000000	48000000	atomic_v_buff_min_u32 p0, v0, s16-s19, s4, 0x40f
lg200	atomic_v_buff_min_u64	6	tex-buffer	atomic	Atomically reads an unsigned 64-bit integer from the addressed buffer resource, computes new is the lesser of old and source, and writes new back to the same location. The destination receives old.	compute-workgroup	atomic-state	RK8RJ8x4VD8x2UO12M.offen1M.idxen1M.bl11M.bl21PJ2	RK8@INST_LO[7:0];RJ8x4@INST_LO[15:8];VQ8@INST_LO[23:16];VD8x2@INST_LO[31:24];UO12@INST_HI[11:0];M.offen1@INST_HI[12];M.idxen1@INST_HI[13];M.bl11@INST_HI[14];M.bl21@INST_HI[15];PJ2@INST_HI[17:16]	00000000	298c0000	00000000	bffc0000	00000000	07fc0000	ff00ffff	0003ffff	00ff0000	00000000	00000000	48000000	atomic_v_buff_min_u64 p0, v0-v1, s16-s19, s4, 0x40f
lg200	atomic_v_buff_or_b32	6	tex-buffer	atomic	Atomically reads a 32-bit bit pattern from the addressed buffer resource, computes new = old OR source, and writes new back to the same location. The destination receives old.	compute-workgroup	atomic-state	RK8RJ8x4VQ8VD8UO12M.offen1M.idxen1M.bl11M.bl21PJ2	RK8@INST_LO[7:0];RJ8x4@INST_LO[15:8];VQ8@INST_LO[23:16];VD8@INST_LO[31:24];UO12@INST_HI[11:0];M.offen1@INST_HI[12];M.idxen1@INST_HI[13];M.bl11@INST_HI[14];M.bl21@INST_HI[15];PJ2@INST_HI[17:16]	00000000	29680000	00000000	bffc0000	00000000	07fc0000	ffffffff	0003ffff	00000000	00000000	00000000	48000000	atomic_v_buff_or_b32 p0, v0, s16-s19, s4, 0x40f
lg200	atomic_v_buff_or_b64	6	tex-buffer	atomic	Atomically reads a 64-bit bit pattern from the addressed buffer resource, computes new = old OR source, and writes new back to the same location. The destination receives old.	compute-workgroup	atomic-state	RK8RJ8x4VD8x2UO12M.offen1M.idxen1M.bl11M.bl21PJ2	RK8@INST_LO[7:0];RJ8x4@INST_LO[15:8];VQ8@INST_LO[23:16];VD8x2@INST_LO[31:24];UO12@INST_HI[11:0];M.offen1@INST_HI[12];M.idxen1@INST_HI[13];M.bl11@INST_HI[14];M.bl21@INST_HI[15];PJ2@INST_HI[17:16]	00000000	299c0000	00000000	bffc0000	00000000	07fc0000	ff00ffff	0003ffff	00ff0000	00000000	00000000	48000000	atomic_v_buff_or_b64 p0, v0-v1, s16-s19, s4, 0x40f
lg200	atomic_v_buff_sub_i32	6	tex-buffer	atomic	Atomically reads a signed 32-bit integer from the addressed buffer resource, computes new = old - source modulo the operand width, and writes new back to the same location. The destination receives old.	compute-workgroup	atomic-state	RK8RJ8x4VD8UO12M.offen1M.idxen1M.bl11M.bl21PJ2	RK8@INST_LO[7:0];RJ8x4@INST_LO[15:8];VQ8@INST_LO[23:16];VD8@INST_LO[31:24];UO12@INST_HI[11:0];M.offen1@INST_HI[12];M.idxen1@INST_HI[13];M.bl11@INST_HI[14];M.bl21@INST_HI[15];PJ2@INST_HI[17:16]	00000000	29500000	00000000	bffc0000	00000000	07fc0000	ff00ffff	0003ffff	00ff0000	00000000	00000000	48000000	atomic_v_buff_sub_i32 p0, v0, s16-s19, s4, 0x40f
lg200	atomic_v_buff_sub_i64	6	tex-buffer	atomic	Atomically reads a signed 64-bit integer from the addressed buffer resource, computes new = old - source modulo the operand width, and writes new back to the same location. The destination receives old.	compute-workgroup	atomic-state	RK8RJ8x4VD8x2UO12M.offen1M.idxen1M.bl11M.bl21PJ2	RK8@INST_LO[7:0];RJ8x4@INST_LO[15:8];VQ8@INST_LO[23:16];VD8x2@INST_LO[31:24];UO12@INST_HI[11:0];M.offen1@INST_HI[12];M.idxen1@INST_HI[13];M.bl11@INST_HI[14];M.bl21@INST_HI[15];PJ2@INST_HI[17:16]	00000000	29840000	00000000	bffc0000	00000000	07fc0000	ff00ffff	0003ffff	00ff0000	00000000	00000000	48000000	atomic_v_buff_sub_i64 p0, v0-v1, s16-s19, s4, 0x40f
lg200	atomic_v_buff_swap_b32	6	tex-buffer	atomic	Atomically reads a 32-bit bit pattern from the addressed buffer resource, computes new = source, and writes new back to the same location. The destination receives old.	compute-workgroup	atomic-state	RK8RJ8x4VQ8VD8UO12M.offen1M.idxen1M.bl11M.bl21PJ2	RK8@INST_LO[7:0];RJ8x4@INST_LO[15:8];VQ8@INST_LO[23:16];VD8@INST_LO[31:24];UO12@INST_HI[11:0];M.offen1@INST_HI[12];M.idxen1@INST_HI[13];M.bl11@INST_HI[14];M.bl21@INST_HI[15];PJ2@INST_HI[17:16]	00000000	29440000	00000000	bffc0000	00000000	07fc0000	ffffffff	0003ffff	00000000	00000000	00000000	48000000	atomic_v_buff_swap_b32 p0, v0, s16-s19, s4, 0x40f
lg200	atomic_v_buff_swap_b64	6	tex-buffer	atomic	Atomically reads a 64-bit bit pattern from the addressed buffer resource, computes new = source, and writes new back to the same location. The destination receives old.	compute-workgroup	atomic-state	RK8RJ8x4VD8x2UO12M.offen1M.idxen1M.bl11M.bl21PJ2	RK8@INST_LO[7:0];RJ8x4@INST_LO[15:8];VQ8@INST_LO[23:16];VD8x2@INST_LO[31:24];UO12@INST_HI[11:0];M.offen1@INST_HI[12];M.idxen1@INST_HI[13];M.bl11@INST_HI[14];M.bl21@INST_HI[15];PJ2@INST_HI[17:16]	00000000	29780000	00000000	bffc0000	00000000	07fc0000	ff00ffff	0003ffff	00ff0000	00000000	00000000	48000000	atomic_v_buff_swap_b64 p0, v0-v1, s16-s19, s4, 0x40f
lg200	atomic_v_buff_xor_b32	6	tex-buffer	atomic	Atomically reads a 32-bit bit pattern from the addressed buffer resource, computes new = old XOR source, and writes new back to the same location. The destination receives old.	compute-workgroup	atomic-state	RK8RJ8x4VQ8VD8UO12M.offen1M.idxen1M.bl11M.bl21PJ2	RK8@INST_LO[7:0];RJ8x4@INST_LO[15:8];VQ8@INST_LO[23:16];VD8@INST_LO[31:24];UO12@INST_HI[11:0];M.offen1@INST_HI[12];M.idxen1@INST_HI[13];M.bl11@INST_HI[14];M.bl21@INST_HI[15];PJ2@INST_HI[17:16]	00000000	296c0000	00000000	bffc0000	00000000	07fc0000	ffffffff	0003ffff	00000000	00000000	00000000	48000000	atomic_v_buff_xor_b32 p0, v0, s16-s19, s4, 0x40f
lg200	atomic_v_buff_xor_b64	6	tex-buffer	atomic	Atomically reads a 64-bit bit pattern from the addressed buffer resource, computes new = old XOR source, and writes new back to the same location. The destination receives old.	compute-workgroup	atomic-state	RK8RJ8x4VD8x2UO12M.offen1M.idxen1M.bl11M.bl21PJ2	RK8@INST_LO[7:0];RJ8x4@INST_LO[15:8];VQ8@INST_LO[23:16];VD8x2@INST_LO[31:24];UO12@INST_HI[11:0];M.offen1@INST_HI[12];M.idxen1@INST_HI[13];M.bl11@INST_HI[14];M.bl21@INST_HI[15];PJ2@INST_HI[17:16]	00000000	29a00000	00000000	bffc0000	00000000	07fc0000	ff00ffff	0003ffff	00ff0000	00000000	00000000	48000000	atomic_v_buff_xor_b64 p0, v0-v1, s16-s19, s4, 0x40f
lg200	atomic_v_flat_add_i32	7	flat	atomic	Atomically reads a signed 32-bit integer from the addressed flat-memory location, computes new = old + source modulo the operand width, and writes new back to the same location. The destination receives old.	compute-workgroup	atomic-state	VA8RK8x2M.bl11M.bl21VJ8x2VD8PJ2	VA8@INST_LO[7:0];RK8x2@INST_LO[15:8];M.bl11@INST_LO[30];M.bl21@INST_LO[31];VJ8x2@INST_HI[7:0];VD8@INST_HI[15:8];PJ2@INST_HI[17:16]	00000000	70080000	00000000	fffc0000	00000000	0ffc0000	c000ffff	0003ffff	3fff0000	00000000	00000000	00000000	atomic_v_flat_add_i32 p0, v0, v0-v1, s0-s1, v0
lg200	atomic_v_flat_add_i64	7	flat	atomic	Atomically reads a signed 64-bit integer from the addressed flat-memory location, computes new = old + source modulo the operand width, and writes new back to the same location. The destination receives old.	compute-workgroup	atomic-state	VA8x2RK8x2M.bl11M.bl21VJ8x2VD8x2PJ2	VA8x2@INST_LO[7:0];RK8x2@INST_LO[15:8];M.bl11@INST_LO[30];M.bl21@INST_LO[31];VJ8x2@INST_HI[7:0];VD8x2@INST_HI[15:8];PJ2@INST_HI[17:16]	00000000	703c0000	00000000	fffc0000	00000000	0ffc0000	c000ffff	0003ffff	3fff0000	00000000	00000000	00000000	atomic_v_flat_add_i64 p0, v0-v1, v0-v1, s0-s1, v0-v1
lg200	atomic_v_flat_and_b32	7	flat	atomic	Atomically reads a 32-bit bit pattern from the addressed flat-memory location, computes new = old AND source, and writes new back to the same location. The destination receives old.	compute-workgroup	atomic-state	VA8RK8x2M.bl11M.bl21VJ8x2VD8PJ2	VA8@INST_LO[7:0];RK8x2@INST_LO[15:8];M.bl11@INST_LO[30];M.bl21@INST_LO[31];VJ8x2@INST_HI[7:0];VD8@INST_HI[15:8];PJ2@INST_HI[17:16]	00000000	70200000	00000000	fffc0000	00000000	0ffc0000	c000ffff	0003ffff	3fff0000	00000000	00000000	00000000	atomic_v_flat_and_b32 p0, v0, v0-v1, s0-s1, v0
lg200	atomic_v_flat_and_b64	7	flat	atomic	Atomically reads a 64-bit bit pattern from the addressed flat-memory location, computes new = old AND source, and writes new back to the same location. The destination receives old.	compute-workgroup	atomic-state	VA8x2RK8x2M.bl11M.bl21VJ8x2VD8x2PJ2	VA8x2@INST_LO[7:0];RK8x2@INST_LO[15:8];M.bl11@INST_LO[30];M.bl21@INST_LO[31];VJ8x2@INST_HI[7:0];VD8x2@INST_HI[15:8];PJ2@INST_HI[17:16]	00000000	70540000	00000000	fffc0000	00000000	0ffc0000	c000ffff	0003ffff	3fff0000	00000000	00000000	00000000	atomic_v_flat_and_b64 p0, v0-v1, v0-v1, s0-s1, v0-v1
lg200	atomic_v_flat_cmpswap_b32	7	flat	atomic	Atomically reads a 32-bit bit pattern from the addressed flat-memory location, computes new = swap when old equals compare, otherwise old, and writes new back to the same location. The destination receives old.	compute-workgroup	atomic-state	VA8x2RK8x2M.bl11M.bl21VJ8x2VD8PJ2	VA8x2@INST_LO[7:0];RK8x2@INST_LO[15:8];M.bl11@INST_LO[30];M.bl21@INST_LO[31];VJ8x2@INST_HI[7:0];VD8@INST_HI[15:8];PJ2@INST_HI[17:16]	00000000	70040000	00000000	fffc0000	00000000	0ffc0000	c000ffff	0003ffff	3fff0000	00000000	00000000	00000000	atomic_v_flat_cmpswap_b32 p0, v0, v0-v1, s0-s1, v0-v1
lg200	atomic_v_flat_cmpswap_b64	7	flat	atomic	Atomically reads a 64-bit bit pattern from the addressed flat-memory location, computes new = swap when old equals compare, otherwise old, and writes new back to the same location. The destination receives old.	compute-workgroup	atomic-state	VA8x4RK8x2M.bl11M.bl21VJ8x2VD8x2PJ2	VA8x4@INST_LO[7:0];RK8x2@INST_LO[15:8];M.bl11@INST_LO[30];M.bl21@INST_LO[31];VJ8x2@INST_HI[7:0];VD8x2@INST_HI[15:8];PJ2@INST_HI[17:16]	00000000	70380000	00000000	fffc0000	00000000	0ffc0000	c000ffff	0003ffff	3fff0000	00000000	00000000	00000000	atomic_v_flat_cmpswap_b64 p0, v0-v1, v0-v1, s0-s1, v0-v3
lg200	atomic_v_flat_dec_u32	7	flat	atomic	Atomically reads an unsigned 32-bit integer from the addressed flat-memory location, computes new = old - 1 when 0 < old <= bound, otherwise the bound, and writes new back to the same location. The destination receives old.	compute-workgroup	atomic-state	VA8RK8x2M.bl11M.bl21VJ8x2VD8PJ2	VA8@INST_LO[7:0];RK8x2@INST_LO[15:8];M.bl11@INST_LO[30];M.bl21@INST_LO[31];VJ8x2@INST_HI[7:0];VD8@INST_HI[15:8];PJ2@INST_HI[17:16]	00000000	70300000	00000000	fffc0000	00000000	0ffc0000	c000ffff	0003ffff	3fff0000	00000000	00000000	00000000	atomic_v_flat_dec_u32 p0, v0, v0-v1, s0-s1, v0
lg200	atomic_v_flat_dec_u64	7	flat	atomic	Atomically reads an unsigned 64-bit integer from the addressed flat-memory location, computes new = old - 1 when 0 < old <= bound, otherwise the bound, and writes new back to the same location. The destination receives old.	compute-workgroup	atomic-state	VA8x2RK8x2M.bl11M.bl21VJ8x2VD8x2PJ2	VA8x2@INST_LO[7:0];RK8x2@INST_LO[15:8];M.bl11@INST_LO[30];M.bl21@INST_LO[31];VJ8x2@INST_HI[7:0];VD8x2@INST_HI[15:8];PJ2@INST_HI[17:16]	00000000	70640000	00000000	fffc0000	00000000	0ffc0000	c000ffff	0003ffff	3fff0000	00000000	00000000	00000000	atomic_v_flat_dec_u64 p0, v0-v1, v0-v1, s0-s1, v0-v1
lg200	atomic_v_flat_inc_u32	7	flat	atomic	Atomically reads an unsigned 32-bit integer from the addressed flat-memory location, computes new = old + 1 when old is below the bound, otherwise zero, and writes new back to the same location. The destination receives old.	compute-workgroup	atomic-state	VA8RK8x2M.bl11M.bl21VJ8x2VD8PJ2	VA8@INST_LO[7:0];RK8x2@INST_LO[15:8];M.bl11@INST_LO[30];M.bl21@INST_LO[31];VJ8x2@INST_HI[7:0];VD8@INST_HI[15:8];PJ2@INST_HI[17:16]	00000000	702c0000	00000000	fffc0000	00000000	0ffc0000	c000ffff	0003ffff	3fff0000	00000000	00000000	00000000	atomic_v_flat_inc_u32 p0, v0, v0-v1, s0-s1, v0
lg200	atomic_v_flat_inc_u64	7	flat	atomic	Atomically reads an unsigned 64-bit integer from the addressed flat-memory location, computes new = old + 1 when old is below the bound, otherwise zero, and writes new back to the same location. The destination receives old.	compute-workgroup	atomic-state	VA8x2RK8x2M.bl11M.bl21VJ8x2VD8x2PJ2	VA8x2@INST_LO[7:0];RK8x2@INST_LO[15:8];M.bl11@INST_LO[30];M.bl21@INST_LO[31];VJ8x2@INST_HI[7:0];VD8x2@INST_HI[15:8];PJ2@INST_HI[17:16]	00000000	70600000	00000000	fffc0000	00000000	0ffc0000	c000ffff	0003ffff	3fff0000	00000000	00000000	00000000	atomic_v_flat_inc_u64 p0, v0-v1, v0-v1, s0-s1, v0-v1
lg200	atomic_v_flat_max_i32	7	flat	atomic	Atomically reads a signed 32-bit integer from the addressed flat-memory location, computes new is the greater of old and source, and writes new back to the same location. The destination receives old.	compute-workgroup	atomic-state	VA8RK8x2M.bl11M.bl21VJ8x2VD8PJ2	VA8@INST_LO[7:0];RK8x2@INST_LO[15:8];M.bl11@INST_LO[30];M.bl21@INST_LO[31];VJ8x2@INST_HI[7:0];VD8@INST_HI[15:8];PJ2@INST_HI[17:16]	00000000	70180000	00000000	fffc0000	00000000	0ffc0000	c000ffff	0003ffff	3fff0000	00000000	00000000	00000000	atomic_v_flat_max_i32 p0, v0, v0-v1, s0-s1, v0
lg200	atomic_v_flat_max_i64	7	flat	atomic	Atomically reads a signed 64-bit integer from the addressed flat-memory location, computes new is the greater of old and source, and writes new back to the same location. The destination receives old.	compute-workgroup	atomic-state	VA8x2RK8x2M.bl11M.bl21VJ8x2VD8x2PJ2	VA8x2@INST_LO[7:0];RK8x2@INST_LO[15:8];M.bl11@INST_LO[30];M.bl21@INST_LO[31];VJ8x2@INST_HI[7:0];VD8x2@INST_HI[15:8];PJ2@INST_HI[17:16]	00000000	704c0000	00000000	fffc0000	00000000	0ffc0000	c000ffff	0003ffff	3fff0000	00000000	00000000	00000000	atomic_v_flat_max_i64 p0, v0-v1, v0-v1, s0-s1, v0-v1
lg200	atomic_v_flat_max_u32	7	flat	atomic	Atomically reads an unsigned 32-bit integer from the addressed flat-memory location, computes new is the greater of old and source, and writes new back to the same location. The destination receives old.	compute-workgroup	atomic-state	VA8RK8x2M.bl11M.bl21VJ8x2VD8PJ2	VA8@INST_LO[7:0];RK8x2@INST_LO[15:8];M.bl11@INST_LO[30];M.bl21@INST_LO[31];VJ8x2@INST_HI[7:0];VD8@INST_HI[15:8];PJ2@INST_HI[17:16]	00000000	701c0000	00000000	fffc0000	00000000	0ffc0000	c000ffff	0003ffff	3fff0000	00000000	00000000	00000000	atomic_v_flat_max_u32 p0, v0, v0-v1, s0-s1, v0
lg200	atomic_v_flat_max_u64	7	flat	atomic	Atomically reads an unsigned 64-bit integer from the addressed flat-memory location, computes new is the greater of old and source, and writes new back to the same location. The destination receives old.	compute-workgroup	atomic-state	VA8x2RK8x2M.bl11M.bl21VJ8x2VD8x2PJ2	VA8x2@INST_LO[7:0];RK8x2@INST_LO[15:8];M.bl11@INST_LO[30];M.bl21@INST_LO[31];VJ8x2@INST_HI[7:0];VD8x2@INST_HI[15:8];PJ2@INST_HI[17:16]	00000000	70500000	00000000	fffc0000	00000000	0ffc0000	c000ffff	0003ffff	3fff0000	00000000	00000000	00000000	atomic_v_flat_max_u64 p0, v0-v1, v0-v1, s0-s1, v0-v1
lg200	atomic_v_flat_min_i32	7	flat	atomic	Atomically reads a signed 32-bit integer from the addressed flat-memory location, computes new is the lesser of old and source, and writes new back to the same location. The destination receives old.	compute-workgroup	atomic-state	VA8RK8x2M.bl11M.bl21VJ8x2VD8PJ2	VA8@INST_LO[7:0];RK8x2@INST_LO[15:8];M.bl11@INST_LO[30];M.bl21@INST_LO[31];VJ8x2@INST_HI[7:0];VD8@INST_HI[15:8];PJ2@INST_HI[17:16]	00000000	70100000	00000000	fffc0000	00000000	0ffc0000	c000ffff	0003ffff	3fff0000	00000000	00000000	00000000	atomic_v_flat_min_i32 p0, v0, v0-v1, s0-s1, v0
lg200	atomic_v_flat_min_i64	7	flat	atomic	Atomically reads a signed 64-bit integer from the addressed flat-memory location, computes new is the lesser of old and source, and writes new back to the same location. The destination receives old.	compute-workgroup	atomic-state	VA8x2RK8x2M.bl11M.bl21VJ8x2VD8x2PJ2	VA8x2@INST_LO[7:0];RK8x2@INST_LO[15:8];M.bl11@INST_LO[30];M.bl21@INST_LO[31];VJ8x2@INST_HI[7:0];VD8x2@INST_HI[15:8];PJ2@INST_HI[17:16]	00000000	70440000	00000000	fffc0000	00000000	0ffc0000	c000ffff	0003ffff	3fff0000	00000000	00000000	00000000	atomic_v_flat_min_i64 p0, v0-v1, v0-v1, s0-s1, v0-v1
lg200	atomic_v_flat_min_u32	7	flat	atomic	Atomically reads an unsigned 32-bit integer from the addressed flat-memory location, computes new is the lesser of old and source, and writes new back to the same location. The destination receives old.	compute-workgroup	atomic-state	VA8RK8x2M.bl11M.bl21VJ8x2VD8PJ2	VA8@INST_LO[7:0];RK8x2@INST_LO[15:8];M.bl11@INST_LO[30];M.bl21@INST_LO[31];VJ8x2@INST_HI[7:0];VD8@INST_HI[15:8];PJ2@INST_HI[17:16]	00000000	70140000	00000000	fffc0000	00000000	0ffc0000	c000ffff	0003ffff	3fff0000	00000000	00000000	00000000	atomic_v_flat_min_u32 p0, v0, v0-v1, s0-s1, v0
lg200	atomic_v_flat_min_u64	7	flat	atomic	Atomically reads an unsigned 64-bit integer from the addressed flat-memory location, computes new is the lesser of old and source, and writes new back to the same location. The destination receives old.	compute-workgroup	atomic-state	VA8x2RK8x2M.bl11M.bl21VJ8x2VD8x2PJ2	VA8x2@INST_LO[7:0];RK8x2@INST_LO[15:8];M.bl11@INST_LO[30];M.bl21@INST_LO[31];VJ8x2@INST_HI[7:0];VD8x2@INST_HI[15:8];PJ2@INST_HI[17:16]	00000000	70480000	00000000	fffc0000	00000000	0ffc0000	c000ffff	0003ffff	3fff0000	00000000	00000000	00000000	atomic_v_flat_min_u64 p0, v0-v1, v0-v1, s0-s1, v0-v1
lg200	atomic_v_flat_or_b32	7	flat	atomic	Atomically reads a 32-bit bit pattern from the addressed flat-memory location, computes new = old OR source, and writes new back to the same location. The destination receives old.	compute-workgroup	atomic-state	VA8RK8x2M.bl11M.bl21VJ8x2VD8PJ2	VA8@INST_LO[7:0];RK8x2@INST_LO[15:8];M.bl11@INST_LO[30];M.bl21@INST_LO[31];VJ8x2@INST_HI[7:0];VD8@INST_HI[15:8];PJ2@INST_HI[17:16]	00000000	70240000	00000000	fffc0000	00000000	0ffc0000	c000ffff	0003ffff	3fff0000	00000000	00000000	00000000	atomic_v_flat_or_b32 p0, v0, v0-v1, s0-s1, v0
lg200	atomic_v_flat_or_b64	7	flat	atomic	Atomically reads a 64-bit bit pattern from the addressed flat-memory location, computes new = old OR source, and writes new back to the same location. The destination receives old.	compute-workgroup	atomic-state	VA8x2RK8x2M.bl11M.bl21VJ8x2VD8x2PJ2	VA8x2@INST_LO[7:0];RK8x2@INST_LO[15:8];M.bl11@INST_LO[30];M.bl21@INST_LO[31];VJ8x2@INST_HI[7:0];VD8x2@INST_HI[15:8];PJ2@INST_HI[17:16]	00000000	70580000	00000000	fffc0000	00000000	0ffc0000	c000ffff	0003ffff	3fff0000	00000000	00000000	00000000	atomic_v_flat_or_b64 p0, v0-v1, v0-v1, s0-s1, v0-v1
lg200	atomic_v_flat_sub_i32	7	flat	atomic	Atomically reads a signed 32-bit integer from the addressed flat-memory location, computes new = old - source modulo the operand width, and writes new back to the same location. The destination receives old.	compute-workgroup	atomic-state	VA8RK8x2M.bl11M.bl21VJ8x2VD8PJ2	VA8@INST_LO[7:0];RK8x2@INST_LO[15:8];M.bl11@INST_LO[30];M.bl21@INST_LO[31];VJ8x2@INST_HI[7:0];VD8@INST_HI[15:8];PJ2@INST_HI[17:16]	00000000	700c0000	00000000	fffc0000	00000000	0ffc0000	c000ffff	0003ffff	3fff0000	00000000	00000000	00000000	atomic_v_flat_sub_i32 p0, v0, v0-v1, s0-s1, v0
lg200	atomic_v_flat_sub_i64	7	flat	atomic	Atomically reads a signed 64-bit integer from the addressed flat-memory location, computes new = old - source modulo the operand width, and writes new back to the same location. The destination receives old.	compute-workgroup	atomic-state	VA8x2RK8x2M.bl11M.bl21VJ8x2VD8x2PJ2	VA8x2@INST_LO[7:0];RK8x2@INST_LO[15:8];M.bl11@INST_LO[30];M.bl21@INST_LO[31];VJ8x2@INST_HI[7:0];VD8x2@INST_HI[15:8];PJ2@INST_HI[17:16]	00000000	70400000	00000000	fffc0000	00000000	0ffc0000	c000ffff	0003ffff	3fff0000	00000000	00000000	00000000	atomic_v_flat_sub_i64 p0, v0-v1, v0-v1, s0-s1, v0-v1
lg200	atomic_v_flat_swap_b32	7	flat	atomic	Atomically reads a 32-bit bit pattern from the addressed flat-memory location, computes new = source, and writes new back to the same location. The destination receives old.	compute-workgroup	atomic-state	VA8RK8x2M.bl11M.bl21VJ8x2VD8PJ2	VA8@INST_LO[7:0];RK8x2@INST_LO[15:8];M.bl11@INST_LO[30];M.bl21@INST_LO[31];VJ8x2@INST_HI[7:0];VD8@INST_HI[15:8];PJ2@INST_HI[17:16]	00000000	70000000	00000000	fffc0000	00000000	0ffc0000	c000ffff	0003ffff	3fff0000	00000000	00000000	00000000	atomic_v_flat_swap_b32 p0, v0, v0-v1, s0-s1, v0
lg200	atomic_v_flat_swap_b64	7	flat	atomic	Atomically reads a 64-bit bit pattern from the addressed flat-memory location, computes new = source, and writes new back to the same location. The destination receives old.	compute-workgroup	atomic-state	VA8x2RK8x2M.bl11M.bl21VJ8x2VD8x2PJ2	VA8x2@INST_LO[7:0];RK8x2@INST_LO[15:8];M.bl11@INST_LO[30];M.bl21@INST_LO[31];VJ8x2@INST_HI[7:0];VD8x2@INST_HI[15:8];PJ2@INST_HI[17:16]	00000000	70340000	00000000	fffc0000	00000000	0ffc0000	c000ffff	0003ffff	3fff0000	00000000	00000000	00000000	atomic_v_flat_swap_b64 p0, v0-v1, v0-v1, s0-s1, v0-v1
lg200	atomic_v_flat_xor_b32	7	flat	atomic	Atomically reads a 32-bit bit pattern from the addressed flat-memory location, computes new = old XOR source, and writes new back to the same location. The destination receives old.	compute-workgroup	atomic-state	VA8RK8x2M.bl11M.bl21VJ8x2VD8PJ2	VA8@INST_LO[7:0];RK8x2@INST_LO[15:8];M.bl11@INST_LO[30];M.bl21@INST_LO[31];VJ8x2@INST_HI[7:0];VD8@INST_HI[15:8];PJ2@INST_HI[17:16]	00000000	70280000	00000000	fffc0000	00000000	0ffc0000	c000ffff	0003ffff	3fff0000	00000000	00000000	00000000	atomic_v_flat_xor_b32 p0, v0, v0-v1, s0-s1, v0
lg200	atomic_v_flat_xor_b64	7	flat	atomic	Atomically reads a 64-bit bit pattern from the addressed flat-memory location, computes new = old XOR source, and writes new back to the same location. The destination receives old.	compute-workgroup	atomic-state	VA8x2RK8x2M.bl11M.bl21VJ8x2VD8x2PJ2	VA8x2@INST_LO[7:0];RK8x2@INST_LO[15:8];M.bl11@INST_LO[30];M.bl21@INST_LO[31];VJ8x2@INST_HI[7:0];VD8x2@INST_HI[15:8];PJ2@INST_HI[17:16]	00000000	705c0000	00000000	fffc0000	00000000	0ffc0000	c000ffff	0003ffff	3fff0000	00000000	00000000	00000000	atomic_v_flat_xor_b64 p0, v0-v1, v0-v1, s0-s1, v0-v1
lg200	atomic_v_tex_add_i32	6	tex-buffer	atomic	Atomically reads a signed 32-bit integer from the addressed image resource, computes new = old + source modulo the operand width, and writes new back to the same location. The destination receives old.	compute-image	atomic-state	RK8x8VJ8x8VD8M.dmask4M.na1M.un1M.rsz1M.bl11M.bl21PJ2	RK8x8@INST_LO[15:8];VJ8x8@INST_LO[23:16];VD8@INST_LO[31:24];M.dmask4@INST_HI[3:0];M.na1@INST_HI[9];M.un1@INST_HI[10];M.rsz1@INST_HI[11];M.bl11@INST_HI[14];M.bl21@INST_HI[15];PJ2@INST_HI[17:16]	00000000	28f00000	00000000	bffc0000	00000000	07fc0000	ffffff00	0003ce0f	000000ff	000031f0	00000000	40000000	atomic_v_tex_add_i32 p0, v0, v2-v9, s16-s23, un, dmask:1111
lg200	atomic_v_tex_and_b32	6	tex-buffer	atomic	Atomically reads a 32-bit bit pattern from the addressed image resource, computes new = old AND source, and writes new back to the same location. The destination receives old.	compute-image	atomic-state	RK8x8VJ8x8VD8M.dmask4M.na1M.un1M.rsz1M.bl11M.bl21PJ2	RK8x8@INST_LO[15:8];VJ8x8@INST_LO[23:16];VD8@INST_LO[31:24];M.dmask4@INST_HI[3:0];M.na1@INST_HI[9];M.un1@INST_HI[10];M.rsz1@INST_HI[11];M.bl11@INST_HI[14];M.bl21@INST_HI[15];PJ2@INST_HI[17:16]	00000000	29080000	00000000	bffc0000	00000000	07fc0000	ffffff00	0003ce0f	000000ff	000031f0	00000000	40000000	atomic_v_tex_and_b32 p0, v0, v2-v9, s16-s23, un, dmask:1111
lg200	atomic_v_tex_cmpswap_b32	6	tex-buffer	atomic	Atomically reads a 32-bit bit pattern from the addressed image resource, computes new = swap when old equals compare, otherwise old, and writes new back to the same location. The destination receives old.	compute-image	atomic-state	RK8x8VJ8x8VD8x2M.dmask4M.na1M.un1M.rsz1M.bl11M.bl21PJ2	RK8x8@INST_LO[15:8];VJ8x8@INST_LO[23:16];VD8x2@INST_LO[31:24];M.dmask4@INST_HI[3:0];M.na1@INST_HI[9];M.un1@INST_HI[10];M.rsz1@INST_HI[11];M.bl11@INST_HI[14];M.bl21@INST_HI[15];PJ2@INST_HI[17:16]	00000000	28ec0000	00000000	bffc0000	00000000	07fc0000	ffffff00	0003ce0f	000000ff	000031f0	00000000	40000000	atomic_v_tex_cmpswap_b32 p0, v0-v1, v2-v9, s16-s23, un, dmask:1111
lg200	atomic_v_tex_dec_u32	6	tex-buffer	atomic	Atomically reads an unsigned 32-bit integer from the addressed image resource, computes new = old - 1 when 0 < old <= bound, otherwise the bound, and writes new back to the same location. The destination receives old.	compute-image	atomic-state	RK8x8VJ8x8VD8M.dmask4M.na1M.un1M.rsz1M.bl11M.bl21PJ2	RK8x8@INST_LO[15:8];VJ8x8@INST_LO[23:16];VD8@INST_LO[31:24];M.dmask4@INST_HI[3:0];M.na1@INST_HI[9];M.un1@INST_HI[10];M.rsz1@INST_HI[11];M.bl11@INST_HI[14];M.bl21@INST_HI[15];PJ2@INST_HI[17:16]	00000000	29180000	00000000	bffc0000	00000000	07fc0000	ffffff00	0003ce0f	000000ff	000031f0	00000000	40000000	atomic_v_tex_dec_u32 p0, v0, v2-v9, s16-s23, un, dmask:1111
lg200	atomic_v_tex_inc_u32	6	tex-buffer	atomic	Atomically reads an unsigned 32-bit integer from the addressed image resource, computes new = old + 1 when old is below the bound, otherwise zero, and writes new back to the same location. The destination receives old.	compute-image	atomic-state	RK8x8VJ8x8VD8M.dmask4M.na1M.un1M.rsz1M.bl11M.bl21PJ2	RK8x8@INST_LO[15:8];VJ8x8@INST_LO[23:16];VD8@INST_LO[31:24];M.dmask4@INST_HI[3:0];M.na1@INST_HI[9];M.un1@INST_HI[10];M.rsz1@INST_HI[11];M.bl11@INST_HI[14];M.bl21@INST_HI[15];PJ2@INST_HI[17:16]	00000000	29140000	00000000	bffc0000	00000000	07fc0000	ffffff00	0003ce0f	000000ff	000031f0	00000000	40000000	atomic_v_tex_inc_u32 p0, v0, v2-v9, s16-s23, un, dmask:1111
lg200	atomic_v_tex_max_i32	6	tex-buffer	atomic	Atomically reads a signed 32-bit integer from the addressed image resource, computes new is the greater of old and source, and writes new back to the same location. The destination receives old.	compute-image	atomic-state	RK8x8VJ8x8VD8M.dmask4M.na1M.un1M.rsz1M.bl11M.bl21PJ2	RK8x8@INST_LO[15:8];VJ8x8@INST_LO[23:16];VD8@INST_LO[31:24];M.dmask4@INST_HI[3:0];M.na1@INST_HI[9];M.un1@INST_HI[10];M.rsz1@INST_HI[11];M.bl11@INST_HI[14];M.bl21@INST_HI[15];PJ2@INST_HI[17:16]	00000000	29000000	00000000	bffc0000	00000000	07fc0000	ffffff00	0003ce0f	000000ff	000031f0	00000000	40000000	atomic_v_tex_max_i32 p0, v0, v2-v9, s16-s23, un, dmask:1111
lg200	atomic_v_tex_max_u32	6	tex-buffer	atomic	Atomically reads an unsigned 32-bit integer from the addressed image resource, computes new is the greater of old and source, and writes new back to the same location. The destination receives old.	compute-image	atomic-state	RK8x8VJ8x8VD8M.dmask4M.na1M.un1M.rsz1M.bl11M.bl21PJ2	RK8x8@INST_LO[15:8];VJ8x8@INST_LO[23:16];VD8@INST_LO[31:24];M.dmask4@INST_HI[3:0];M.na1@INST_HI[9];M.un1@INST_HI[10];M.rsz1@INST_HI[11];M.bl11@INST_HI[14];M.bl21@INST_HI[15];PJ2@INST_HI[17:16]	00000000	29040000	00000000	bffc0000	00000000	07fc0000	ffffff00	0003ce0f	000000ff	000031f0	00000000	40000000	atomic_v_tex_max_u32 p0, v0, v2-v9, s16-s23, un, dmask:1111
lg200	atomic_v_tex_min_i32	6	tex-buffer	atomic	Atomically reads a signed 32-bit integer from the addressed image resource, computes new is the lesser of old and source, and writes new back to the same location. The destination receives old.	compute-image	atomic-state	RK8x8VJ8x8VD8M.dmask4M.na1M.un1M.rsz1M.bl11M.bl21PJ2	RK8x8@INST_LO[15:8];VJ8x8@INST_LO[23:16];VD8@INST_LO[31:24];M.dmask4@INST_HI[3:0];M.na1@INST_HI[9];M.un1@INST_HI[10];M.rsz1@INST_HI[11];M.bl11@INST_HI[14];M.bl21@INST_HI[15];PJ2@INST_HI[17:16]	00000000	28f80000	00000000	bffc0000	00000000	07fc0000	ffffff00	0003ce0f	000000ff	000031f0	00000000	40000000	atomic_v_tex_min_i32 p0, v0, v2-v9, s16-s23, un, dmask:1111
lg200	atomic_v_tex_min_u32	6	tex-buffer	atomic	Atomically reads an unsigned 32-bit integer from the addressed image resource, computes new is the lesser of old and source, and writes new back to the same location. The destination receives old.	compute-image	atomic-state	RK8x8VJ8x8VD8M.dmask4M.na1M.un1M.rsz1M.bl11M.bl21PJ2	RK8x8@INST_LO[15:8];VJ8x8@INST_LO[23:16];VD8@INST_LO[31:24];M.dmask4@INST_HI[3:0];M.na1@INST_HI[9];M.un1@INST_HI[10];M.rsz1@INST_HI[11];M.bl11@INST_HI[14];M.bl21@INST_HI[15];PJ2@INST_HI[17:16]	00000000	28fc0000	00000000	bffc0000	00000000	07fc0000	ffffff00	0003ce0f	000000ff	000031f0	00000000	40000000	atomic_v_tex_min_u32 p0, v0, v2-v9, s16-s23, un, dmask:1111
lg200	atomic_v_tex_or_b32	6	tex-buffer	atomic	Atomically reads a 32-bit bit pattern from the addressed image resource, computes new = old OR source, and writes new back to the same location. The destination receives old.	compute-image	atomic-state	RK8x8VJ8x8VD8M.dmask4M.na1M.un1M.rsz1M.bl11M.bl21PJ2	RK8x8@INST_LO[15:8];VJ8x8@INST_LO[23:16];VD8@INST_LO[31:24];M.dmask4@INST_HI[3:0];M.na1@INST_HI[9];M.un1@INST_HI[10];M.rsz1@INST_HI[11];M.bl11@INST_HI[14];M.bl21@INST_HI[15];PJ2@INST_HI[17:16]	00000000	290c0000	00000000	bffc0000	00000000	07fc0000	ffffff00	0003ce0f	000000ff	000031f0	00000000	40000000	atomic_v_tex_or_b32 p0, v0, v2-v9, s16-s23, un, dmask:1111
lg200	atomic_v_tex_sub_i32	6	tex-buffer	atomic	Atomically reads a signed 32-bit integer from the addressed image resource, computes new = old - source modulo the operand width, and writes new back to the same location. The destination receives old.	compute-image	atomic-state	RK8x8VJ8x8VD8M.dmask4M.na1M.un1M.rsz1M.bl11M.bl21PJ2	RK8x8@INST_LO[15:8];VJ8x8@INST_LO[23:16];VD8@INST_LO[31:24];M.dmask4@INST_HI[3:0];M.na1@INST_HI[9];M.un1@INST_HI[10];M.rsz1@INST_HI[11];M.bl11@INST_HI[14];M.bl21@INST_HI[15];PJ2@INST_HI[17:16]	00000000	28f40000	00000000	bffc0000	00000000	07fc0000	ffffff00	0003ce0f	000000ff	000031f0	00000000	40000000	atomic_v_tex_sub_i32 p0, v0, v2-v9, s16-s23, un, dmask:1111
lg200	atomic_v_tex_swap_b32	6	tex-buffer	atomic	Atomically reads a 32-bit bit pattern from the addressed image resource, computes new = source, and writes new back to the same location. The destination receives old.	compute-image	atomic-state	RK8x8VJ8x8VD8M.dmask4M.na1M.un1M.rsz1M.bl11M.bl21PJ2	RK8x8@INST_LO[15:8];VJ8x8@INST_LO[23:16];VD8@INST_LO[31:24];M.dmask4@INST_HI[3:0];M.na1@INST_HI[9];M.un1@INST_HI[10];M.rsz1@INST_HI[11];M.bl11@INST_HI[14];M.bl21@INST_HI[15];PJ2@INST_HI[17:16]	00000000	28e80000	00000000	bffc0000	00000000	07fc0000	ffffff00	0003ce0f	000000ff	000031f0	00000000	40000000	atomic_v_tex_swap_b32 p0, v0, v2-v9, s16-s23, un, dmask:1111
lg200	atomic_v_tex_xor_b32	6	tex-buffer	atomic	Atomically reads a 32-bit bit pattern from the addressed image resource, computes new = old XOR source, and writes new back to the same location. The destination receives old.	compute-image	atomic-state	RK8x8VJ8x8VD8M.dmask4M.na1M.un1M.rsz1M.bl11M.bl21PJ2	RK8x8@INST_LO[15:8];VJ8x8@INST_LO[23:16];VD8@INST_LO[31:24];M.dmask4@INST_HI[3:0];M.na1@INST_HI[9];M.un1@INST_HI[10];M.rsz1@INST_HI[11];M.bl11@INST_HI[14];M.bl21@INST_HI[15];PJ2@INST_HI[17:16]	00000000	29100000	00000000	bffc0000	00000000	07fc0000	ffffff00	0003ce0f	000000ff	000031f0	00000000	40000000	atomic_v_tex_xor_b32 p0, v0, v2-v9, s16-s23, un, dmask:1111
lg200	b	1	sop-imm-control	control-prefix	Adds the signed 32-bit displacement to the current control-flow position and continues execution at the resulting target. The branch produces no register result.	compute-buffer	control-effect	X0_32	X0_32@INST_LO[31:0]	00000000	40260000	00000000	d07f0000	00000000	007f0000	ffffffff	00000000	00000000	0000ffff	00000000	2f800000	b BB_0 (0)
lg200	barrier	1	sop-imm-control	control-prefix	Synchronizes participating lanes in the current workgroup and orders workgroup-visible memory accesses across the barrier. It produces no value result.	compute-workgroup	control-effect	-	-	00000000	402f0000	00000000	d07f0000	00000000	007f0000	00000000	00000000	ffffffff	0000ffff	00000000	2f800000	barrier
lg200	cb	1	sop-imm-control	control-prefix	Branches to the encoded 32-bit displacement when the scalar condition operand is nonzero. The branch produces no register result.	compute-buffer	control-effect	GJ8X0_32	GJ8@INST_HI[7:0];X0_32@INST_LO[31:0]	00000000	40270000	00000000	d07f0000	00000000	007f0000	ffffffff	000000ff	00000000	0000ff00	00000000	2f800000	cb s0, 0x00000000
lg200	check	1	sop-imm-control	control-prefix	Applies the encoded execution-domain check to pending K, VM, VS, and shared-memory work. The defined form is an ordering operation and produces no value result.	special	control-effect	X0_1M.vm1X1_2	X0_1@INST_LO[0];M.vm1@INST_LO[1];X1_2@INST_LO[3:2]	00000000	40320000	00000000	d07f0000	00000000	007f0000	0000000f	00000000	fffffff0	0000ffff	00000000	2f800000	check
lg200	copy_sm_from_global	8	shared-memory	control-prefix	Copies the global-memory region bound for the active workgroup into workgroup shared memory. The transfer extent and completion are part of the workgroup launch contract; the instruction produces no register value.	compute-workgroup	control-effect	PJ2	PJ2@INST_HI[17:16]	00000000	20d00000	00000000	bffc0000	00000000	07fc0000	00000000	00030000	ffffffff	0000ffff	00000000	40000000	copy_sm_from_global p0
lg200	copy_sm_to_global	8	shared-memory	control-prefix	Copies the workgroup shared-memory region bound for the active workgroup to global memory. The transfer extent and completion are part of the workgroup launch contract; the instruction produces no register value.	compute-workgroup	control-effect	PJ2	PJ2@INST_HI[17:16]	00000000	20d40000	00000000	bffc0000	00000000	07fc0000	00000000	00030000	ffffffff	0000ffff	00000000	40000000	copy_sm_to_global p0
lg200	czb	1	sop-imm-control	control-prefix	Branches to the encoded 32-bit displacement when the scalar condition operand is zero. The branch produces no register result.	compute-buffer	control-effect	GJ8X0_32	GJ8@INST_HI[7:0];X0_32@INST_LO[31:0]	00000000	40340000	00000000	d07f0000	00000000	007f0000	ffffffff	000000ff	00000000	0000ff00	00000000	2f800000	czb s0, 0x00000000
lg200	exit	1	sop-imm-control	control-prefix	Terminates the current shader invocation under the active execution state. It produces no value result; stage completion and outstanding-resource handling are handled by the stage interface.	compute-buffer	control-effect	-	-	00000000	402e0000	00000000	d07f0000	00000000	007f0000	00000000	00000000	ffffffff	0000ffff	00000000	2f800000	exit
lg200	flag	1	sop-imm-control	control-prefix	Updates the encoded execution-domain flag state, including the VM selector when present. The effect is carried in execution state and no register value is produced.	special	control-effect	X0_1M.vm1X1_2	X0_1@INST_LO[0];M.vm1@INST_LO[1];X1_2@INST_LO[3:2]	00000000	40310000	00000000	d07f0000	00000000	007f0000	0000000f	00000000	fffffff0	0000ffff	00000000	2f800000	flag
lg200	gather	6	tex-buffer	memory-image	Gathers the selected component from the texture footprint addressed by the image and sampler descriptors and writes the gathered values to the vector destination.	compute-image	resource-payload	RA8x4RK8x8VJ8x8VD8x4M.dmask4M.na1M.un1M.rsz1M.bl11M.bl21PJ2	RA8x4@INST_LO[7:0];RK8x8@INST_LO[15:8];VJ8x8@INST_LO[23:16];VD8x4@INST_LO[31:24];M.dmask4@INST_HI[3:0];M.na1@INST_HI[9];M.un1@INST_HI[10];M.rsz1@INST_HI[11];M.bl11@INST_HI[14];M.bl21@INST_HI[15];PJ2@INST_HI[17:16]	00000000	28800000	00000000	bffc0000	00000000	07fc0000	ffffffff	0003ce0f	00000000	000031f0	00000000	40000000	gather p0, v0-v3, v2-v9, s16-s23, s4-s7, un, dmask:1111
lg200	gather_b	6	tex-buffer	memory-image	Gathers the selected component from the texture footprint addressed by the image and sampler descriptors and writes the gathered values to the vector destination. The form enables LOD bias.	compute-image	resource-payload	RA8x4RK8x8VJ8x8VD8x4M.dmask4M.na1M.un1M.rsz1M.bl11M.bl21PJ2	RA8x4@INST_LO[7:0];RK8x8@INST_LO[15:8];VJ8x8@INST_LO[23:16];VD8x4@INST_LO[31:24];M.dmask4@INST_HI[3:0];M.na1@INST_HI[9];M.un1@INST_HI[10];M.rsz1@INST_HI[11];M.bl11@INST_HI[14];M.bl21@INST_HI[15];PJ2@INST_HI[17:16]	00000000	288c0000	00000000	bffc0000	00000000	07fc0000	ffffffff	0003ce0f	00000000	000031f0	00000000	40000000	gather_b p0, v0-v3, v2-v9, s16-s23, s4-s7, un, dmask:1111
lg200	gather_b_cl	6	tex-buffer	memory-image	Gathers the selected component from the texture footprint addressed by the image and sampler descriptors and writes the gathered values to the vector destination. The form enables LOD bias, LOD clamp.	compute-image	resource-payload	RA8x4RK8x8VJ8x8VD8x4M.dmask4M.na1M.un1M.rsz1M.bl11M.bl21PJ2	RA8x4@INST_LO[7:0];RK8x8@INST_LO[15:8];VJ8x8@INST_LO[23:16];VD8x4@INST_LO[31:24];M.dmask4@INST_HI[3:0];M.na1@INST_HI[9];M.un1@INST_HI[10];M.rsz1@INST_HI[11];M.bl11@INST_HI[14];M.bl21@INST_HI[15];PJ2@INST_HI[17:16]	00000000	28900000	00000000	bffc0000	00000000	07fc0000	ffffffff	0003ce0f	00000000	000031f0	00000000	40000000	gather_b_cl p0, v0-v3, v2-v9, s16-s23, s4-s7, un, dmask:1111
lg200	gather_b_cl_o	6	tex-buffer	memory-image	Gathers the selected component from the texture footprint addressed by the image and sampler descriptors and writes the gathered values to the vector destination. The form enables LOD bias, LOD clamp, coordinate offset.	compute-image	resource-payload	RA8x4RK8x8VJ8x8VD8x4M.dmask4M.na1M.un1M.rsz1M.bl11M.bl21PJ2	RA8x4@INST_LO[7:0];RK8x8@INST_LO[15:8];VJ8x8@INST_LO[23:16];VD8x4@INST_LO[31:24];M.dmask4@INST_HI[3:0];M.na1@INST_HI[9];M.un1@INST_HI[10];M.rsz1@INST_HI[11];M.bl11@INST_HI[14];M.bl21@INST_HI[15];PJ2@INST_HI[17:16]	00000000	28c00000	00000000	fffc0000	00000000	07fc0000	ffffffff	0003ce0f	00000000	000031f0	00000000	00000000	gather_b_cl_o p0, v0-v3, v2-v9, s16-s23, s4-s7, un, dmask:1111
lg200	gather_b_o	6	tex-buffer	memory-image	Gathers the selected component from the texture footprint addressed by the image and sampler descriptors and writes the gathered values to the vector destination. The form enables LOD bias, coordinate offset.	compute-image	resource-payload	RA8x4RK8x8VJ8x8VD8x4M.dmask4M.na1M.un1M.rsz1M.bl11M.bl21PJ2	RA8x4@INST_LO[7:0];RK8x8@INST_LO[15:8];VJ8x8@INST_LO[23:16];VD8x4@INST_LO[31:24];M.dmask4@INST_HI[3:0];M.na1@INST_HI[9];M.un1@INST_HI[10];M.rsz1@INST_HI[11];M.bl11@INST_HI[14];M.bl21@INST_HI[15];PJ2@INST_HI[17:16]	00000000	28bc0000	00000000	bffc0000	00000000	07fc0000	ffffffff	0003ce0f	00000000	000031f0	00000000	40000000	gather_b_o p0, v0-v3, v2-v9, s16-s23, s4-s7, un, dmask:1111
lg200	gather_c	6	tex-buffer	memory-image	Gathers the selected component from the texture footprint addressed by the image and sampler descriptors and writes the gathered values to the vector destination. The form enables comparison sampling.	compute-image	resource-payload	RA8x4RK8x8VJ8x8VD8x4M.dmask4M.na1M.un1M.rsz1M.bl11M.bl21PJ2	RA8x4@INST_LO[7:0];RK8x8@INST_LO[15:8];VJ8x8@INST_LO[23:16];VD8x4@INST_LO[31:24];M.dmask4@INST_HI[3:0];M.na1@INST_HI[9];M.un1@INST_HI[10];M.rsz1@INST_HI[11];M.bl11@INST_HI[14];M.bl21@INST_HI[15];PJ2@INST_HI[17:16]	00000000	28980000	00000000	bffc0000	00000000	07fc0000	ffffffff	0003ce0f	00000000	000031f0	00000000	48000000	gather_c p0, v0-v3, v2-v9, s16-s23, s4-s7, un, dmask:1111
lg200	gather_c_b	6	tex-buffer	memory-image	Gathers the selected component from the texture footprint addressed by the image and sampler descriptors and writes the gathered values to the vector destination. The form enables comparison sampling, LOD bias.	compute-image	resource-payload	RA8x4RK8x8VJ8x8VD8x4M.dmask4M.na1M.un1M.rsz1M.bl11M.bl21PJ2	RA8x4@INST_LO[7:0];RK8x8@INST_LO[15:8];VJ8x8@INST_LO[23:16];VD8x4@INST_LO[31:24];M.dmask4@INST_HI[3:0];M.na1@INST_HI[9];M.un1@INST_HI[10];M.rsz1@INST_HI[11];M.bl11@INST_HI[14];M.bl21@INST_HI[15];PJ2@INST_HI[17:16]	00000000	28a40000	00000000	fffc0000	00000000	07fc0000	ffffffff	0003ce0f	00000000	000031f0	00000000	00000000	gather_c_b p0, v0-v3, v2-v9, s16-s23, s4-s7, un, dmask:1111
lg200	gather_c_b_cl	6	tex-buffer	memory-image	Gathers the selected component from the texture footprint addressed by the image and sampler descriptors and writes the gathered values to the vector destination. The form enables comparison sampling, LOD bias, LOD clamp.	compute-image	resource-payload	RA8x4RK8x8VJ8x8VD8x4M.dmask4M.na1M.un1M.rsz1M.bl11M.bl21PJ2	RA8x4@INST_LO[7:0];RK8x8@INST_LO[15:8];VJ8x8@INST_LO[23:16];VD8x4@INST_LO[31:24];M.dmask4@INST_HI[3:0];M.na1@INST_HI[9];M.un1@INST_HI[10];M.rsz1@INST_HI[11];M.bl11@INST_HI[14];M.bl21@INST_HI[15];PJ2@INST_HI[17:16]	00000000	28a80000	00000000	fffc0000	00000000	07fc0000	ffffffff	0003ce0f	00000000	000031f0	00000000	00000000	gather_c_b_cl p0, v0-v3, v2-v9, s16-s23, s4-s7, un, dmask:1111
lg200	gather_c_b_cl_o	6	tex-buffer	memory-image	Gathers the selected component from the texture footprint addressed by the image and sampler descriptors and writes the gathered values to the vector destination. The form enables comparison sampling, LOD bias, LOD clamp, coordinate offset.	compute-image	resource-payload	RA8x4RK8x8VJ8x8VD8x4M.dmask4M.na1M.un1M.rsz1M.bl11M.bl21PJ2	RA8x4@INST_LO[7:0];RK8x8@INST_LO[15:8];VJ8x8@INST_LO[23:16];VD8x4@INST_LO[31:24];M.dmask4@INST_HI[3:0];M.na1@INST_HI[9];M.un1@INST_HI[10];M.rsz1@INST_HI[11];M.bl11@INST_HI[14];M.bl21@INST_HI[15];PJ2@INST_HI[17:16]	00000000	28d80000	00000000	fffc0000	00000000	07fc0000	ffffffff	0003ce0f	00000000	000031f0	00000000	00000000	gather_c_b_cl_o p0, v0-v3, v2-v9, s16-s23, s4-s7, un, dmask:1111
lg200	gather_c_b_o	6	tex-buffer	memory-image	Gathers the selected component from the texture footprint addressed by the image and sampler descriptors and writes the gathered values to the vector destination. The form enables comparison sampling, LOD bias, coordinate offset.	compute-image	resource-payload	RA8x4RK8x8VJ8x8VD8x4M.dmask4M.na1M.un1M.rsz1M.bl11M.bl21PJ2	RA8x4@INST_LO[7:0];RK8x8@INST_LO[15:8];VJ8x8@INST_LO[23:16];VD8x4@INST_LO[31:24];M.dmask4@INST_HI[3:0];M.na1@INST_HI[9];M.un1@INST_HI[10];M.rsz1@INST_HI[11];M.bl11@INST_HI[14];M.bl21@INST_HI[15];PJ2@INST_HI[17:16]	00000000	28d40000	00000000	fffc0000	00000000	07fc0000	ffffffff	0003ce0f	00000000	000031f0	00000000	00000000	gather_c_b_o p0, v0-v3, v2-v9, s16-s23, s4-s7, un, dmask:1111
lg200	gather_c_cl	6	tex-buffer	memory-image	Gathers the selected component from the texture footprint addressed by the image and sampler descriptors and writes the gathered values to the vector destination. The form enables comparison sampling, LOD clamp.	compute-image	resource-payload	RA8x4RK8x8VJ8x8VD8x4M.dmask4M.na1M.un1M.rsz1M.bl11M.bl21PJ2	RA8x4@INST_LO[7:0];RK8x8@INST_LO[15:8];VJ8x8@INST_LO[23:16];VD8x4@INST_LO[31:24];M.dmask4@INST_HI[3:0];M.na1@INST_HI[9];M.un1@INST_HI[10];M.rsz1@INST_HI[11];M.bl11@INST_HI[14];M.bl21@INST_HI[15];PJ2@INST_HI[17:16]	00000000	289c0000	00000000	bffc0000	00000000	07fc0000	ffffffff	0003ce0f	00000000	000031f0	00000000	48000000	gather_c_cl p0, v0-v3, v2-v9, s16-s23, s4-s7, un, dmask:1111
lg200	gather_c_cl_o	6	tex-buffer	memory-image	Gathers the selected component from the texture footprint addressed by the image and sampler descriptors and writes the gathered values to the vector destination. The form enables comparison sampling, LOD clamp, coordinate offset.	compute-image	resource-payload	RA8x4RK8x8VJ8x8VD8x4M.dmask4M.na1M.un1M.rsz1M.bl11M.bl21PJ2	RA8x4@INST_LO[7:0];RK8x8@INST_LO[15:8];VJ8x8@INST_LO[23:16];VD8x4@INST_LO[31:24];M.dmask4@INST_HI[3:0];M.na1@INST_HI[9];M.un1@INST_HI[10];M.rsz1@INST_HI[11];M.bl11@INST_HI[14];M.bl21@INST_HI[15];PJ2@INST_HI[17:16]	00000000	28cc0000	00000000	bffc0000	00000000	07fc0000	ffffffff	0003ce0f	00000000	000031f0	00000000	40000000	gather_c_cl_o p0, v0-v3, v2-v9, s16-s23, s4-s7, un, dmask:1111
lg200	gather_c_l	6	tex-buffer	memory-image	Gathers the selected component from the texture footprint addressed by the image and sampler descriptors and writes the gathered values to the vector destination. The form enables comparison sampling, explicit LOD.	compute-image	resource-payload	RA8x4RK8x8VJ8x8VD8x4M.dmask4M.na1M.un1M.rsz1M.bl11M.bl21PJ2	RA8x4@INST_LO[7:0];RK8x8@INST_LO[15:8];VJ8x8@INST_LO[23:16];VD8x4@INST_LO[31:24];M.dmask4@INST_HI[3:0];M.na1@INST_HI[9];M.un1@INST_HI[10];M.rsz1@INST_HI[11];M.bl11@INST_HI[14];M.bl21@INST_HI[15];PJ2@INST_HI[17:16]	00000000	28a00000	00000000	fffc0000	00000000	07fc0000	ffffffff	0003ce0f	00000000	000031f0	00000000	00000000	gather_c_l p0, v0-v3, v2-v9, s16-s23, s4-s7, un, dmask:1111
lg200	gather_c_l_o	6	tex-buffer	memory-image	Gathers the selected component from the texture footprint addressed by the image and sampler descriptors and writes the gathered values to the vector destination. The form enables comparison sampling, explicit LOD, coordinate offset.	compute-image	resource-payload	RA8x4RK8x8VJ8x8VD8x4M.dmask4M.na1M.un1M.rsz1M.bl11M.bl21PJ2	RA8x4@INST_LO[7:0];RK8x8@INST_LO[15:8];VJ8x8@INST_LO[23:16];VD8x4@INST_LO[31:24];M.dmask4@INST_HI[3:0];M.na1@INST_HI[9];M.un1@INST_HI[10];M.rsz1@INST_HI[11];M.bl11@INST_HI[14];M.bl21@INST_HI[15];PJ2@INST_HI[17:16]	00000000	28d00000	00000000	bffc0000	00000000	07fc0000	ffffffff	0003ce0f	00000000	000031f0	00000000	40000000	gather_c_l_o p0, v0-v3, v2-v9, s16-s23, s4-s7, un, dmask:1111
lg200	gather_c_lz	6	tex-buffer	memory-image	Gathers the selected component from the texture footprint addressed by the image and sampler descriptors and writes the gathered values to the vector destination. The form enables comparison sampling, zero LOD.	compute-image	resource-payload	RA8x4RK8x8VJ8x8VD8x4M.dmask4M.na1M.un1M.rsz1M.bl11M.bl21PJ2	RA8x4@INST_LO[7:0];RK8x8@INST_LO[15:8];VJ8x8@INST_LO[23:16];VD8x4@INST_LO[31:24];M.dmask4@INST_HI[3:0];M.na1@INST_HI[9];M.un1@INST_HI[10];M.rsz1@INST_HI[11];M.bl11@INST_HI[14];M.bl21@INST_HI[15];PJ2@INST_HI[17:16]	00000000	28ac0000	00000000	bffc0000	00000000	07fc0000	ffffffff	0003ce0f	00000000	000031f0	00000000	40000000	gather_c_lz p0, v0-v3, v2-v9, s16-s23, s4-s7, un, dmask:1111
lg200	gather_c_lz_o	6	tex-buffer	memory-image	Gathers the selected component from the texture footprint addressed by the image and sampler descriptors and writes the gathered values to the vector destination. The form enables comparison sampling, zero LOD, coordinate offset.	compute-image	resource-payload	RA8x4RK8x8VJ8x8VD8x4M.dmask4M.na1M.un1M.rsz1M.bl11M.bl21PJ2	RA8x4@INST_LO[7:0];RK8x8@INST_LO[15:8];VJ8x8@INST_LO[23:16];VD8x4@INST_LO[31:24];M.dmask4@INST_HI[3:0];M.na1@INST_HI[9];M.un1@INST_HI[10];M.rsz1@INST_HI[11];M.bl11@INST_HI[14];M.bl21@INST_HI[15];PJ2@INST_HI[17:16]	00000000	28dc0000	00000000	bffc0000	00000000	07fc0000	ffffffff	0003ce0f	00000000	000031f0	00000000	40000000	gather_c_lz_o p0, v0-v3, v2-v9, s16-s23, s4-s7, un, dmask:1111
lg200	gather_c_o	6	tex-buffer	memory-image	Gathers the selected component from the texture footprint addressed by the image and sampler descriptors and writes the gathered values to the vector destination. The form enables comparison sampling, coordinate offset.	compute-image	resource-payload	RA8x4RK8x8VJ8x8VD8x4M.dmask4M.na1M.un1M.rsz1M.bl11M.bl21PJ2	RA8x4@INST_LO[7:0];RK8x8@INST_LO[15:8];VJ8x8@INST_LO[23:16];VD8x4@INST_LO[31:24];M.dmask4@INST_HI[3:0];M.na1@INST_HI[9];M.un1@INST_HI[10];M.rsz1@INST_HI[11];M.bl11@INST_HI[14];M.bl21@INST_HI[15];PJ2@INST_HI[17:16]	00000000	28c80000	00000000	bffc0000	00000000	07fc0000	ffffffff	0003ce0f	00000000	000031f0	00000000	40000000	gather_c_o p0, v0-v3, v2-v9, s16-s23, s4-s7, un, dmask:1111
lg200	gather_cl	6	tex-buffer	memory-image	Gathers the selected component from the texture footprint addressed by the image and sampler descriptors and writes the gathered values to the vector destination. The form enables LOD clamp.	compute-image	resource-payload	RA8x4RK8x8VJ8x8VD8x4M.dmask4M.na1M.un1M.rsz1M.bl11M.bl21PJ2	RA8x4@INST_LO[7:0];RK8x8@INST_LO[15:8];VJ8x8@INST_LO[23:16];VD8x4@INST_LO[31:24];M.dmask4@INST_HI[3:0];M.na1@INST_HI[9];M.un1@INST_HI[10];M.rsz1@INST_HI[11];M.bl11@INST_HI[14];M.bl21@INST_HI[15];PJ2@INST_HI[17:16]	00000000	28840000	00000000	bffc0000	00000000	07fc0000	ffffffff	0003ce0f	00000000	000031f0	00000000	40000000	gather_cl p0, v0-v3, v2-v9, s16-s23, s4-s7, un, dmask:1111
lg200	gather_cl_o	6	tex-buffer	memory-image	Gathers the selected component from the texture footprint addressed by the image and sampler descriptors and writes the gathered values to the vector destination. The form enables LOD clamp, coordinate offset.	compute-image	resource-payload	RA8x4RK8x8VJ8x8VD8x4M.dmask4M.na1M.un1M.rsz1M.bl11M.bl21PJ2	RA8x4@INST_LO[7:0];RK8x8@INST_LO[15:8];VJ8x8@INST_LO[23:16];VD8x4@INST_LO[31:24];M.dmask4@INST_HI[3:0];M.na1@INST_HI[9];M.un1@INST_HI[10];M.rsz1@INST_HI[11];M.bl11@INST_HI[14];M.bl21@INST_HI[15];PJ2@INST_HI[17:16]	00000000	28b40000	00000000	bffc0000	00000000	07fc0000	ffffffff	0003ce0f	00000000	000031f0	00000000	48000000	gather_cl_o p0, v0-v3, v2-v9, s16-s23, s4-s7, un, dmask:1111
lg200	gather_l	6	tex-buffer	memory-image	Gathers the selected component from the texture footprint addressed by the image and sampler descriptors and writes the gathered values to the vector destination. The form enables explicit LOD.	compute-image	resource-payload	RA8x4RK8x8VJ8x8VD8x4M.dmask4M.na1M.un1M.rsz1M.bl11M.bl21PJ2	RA8x4@INST_LO[7:0];RK8x8@INST_LO[15:8];VJ8x8@INST_LO[23:16];VD8x4@INST_LO[31:24];M.dmask4@INST_HI[3:0];M.na1@INST_HI[9];M.un1@INST_HI[10];M.rsz1@INST_HI[11];M.bl11@INST_HI[14];M.bl21@INST_HI[15];PJ2@INST_HI[17:16]	00000000	28880000	00000000	bffc0000	00000000	07fc0000	ffffffff	0003ce0f	00000000	000031f0	00000000	40000000	gather_l p0, v0-v3, v2-v9, s16-s23, s4-s7, un, dmask:1111
lg200	gather_l_o	6	tex-buffer	memory-image	Gathers the selected component from the texture footprint addressed by the image and sampler descriptors and writes the gathered values to the vector destination. The form enables explicit LOD, coordinate offset.	compute-image	resource-payload	RA8x4RK8x8VJ8x8VD8x4M.dmask4M.na1M.un1M.rsz1M.bl11M.bl21PJ2	RA8x4@INST_LO[7:0];RK8x8@INST_LO[15:8];VJ8x8@INST_LO[23:16];VD8x4@INST_LO[31:24];M.dmask4@INST_HI[3:0];M.na1@INST_HI[9];M.un1@INST_HI[10];M.rsz1@INST_HI[11];M.bl11@INST_HI[14];M.bl21@INST_HI[15];PJ2@INST_HI[17:16]	00000000	28b80000	00000000	bffc0000	00000000	07fc0000	ffffffff	0003ce0f	00000000	000031f0	00000000	40000000	gather_l_o p0, v0-v3, v2-v9, s16-s23, s4-s7, un, dmask:1111
lg200	gather_lz	6	tex-buffer	memory-image	Gathers the selected component from the texture footprint addressed by the image and sampler descriptors and writes the gathered values to the vector destination. The form enables zero LOD.	compute-image	resource-payload	RA8x4RK8x8VJ8x8VD8x4M.dmask4M.na1M.un1M.rsz1M.bl11M.bl21PJ2	RA8x4@INST_LO[7:0];RK8x8@INST_LO[15:8];VJ8x8@INST_LO[23:16];VD8x4@INST_LO[31:24];M.dmask4@INST_HI[3:0];M.na1@INST_HI[9];M.un1@INST_HI[10];M.rsz1@INST_HI[11];M.bl11@INST_HI[14];M.bl21@INST_HI[15];PJ2@INST_HI[17:16]	00000000	28940000	00000000	bffc0000	00000000	07fc0000	ffffffff	0003ce0f	00000000	000031f0	00000000	40000000	gather_lz p0, v0-v3, v2-v9, s16-s23, s4-s7, un, dmask:1111
lg200	gather_lz_o	6	tex-buffer	memory-image	Gathers the selected component from the texture footprint addressed by the image and sampler descriptors and writes the gathered values to the vector destination. The form enables zero LOD, coordinate offset.	compute-image	resource-payload	RA8x4RK8x8VJ8x8VD8x4M.dmask4M.na1M.un1M.rsz1M.bl11M.bl21PJ2	RA8x4@INST_LO[7:0];RK8x8@INST_LO[15:8];VJ8x8@INST_LO[23:16];VD8x4@INST_LO[31:24];M.dmask4@INST_HI[3:0];M.na1@INST_HI[9];M.un1@INST_HI[10];M.rsz1@INST_HI[11];M.bl11@INST_HI[14];M.bl21@INST_HI[15];PJ2@INST_HI[17:16]	00000000	28c40000	00000000	fffc0000	00000000	07fc0000	ffffffff	0003ce0f	00000000	000031f0	00000000	00000000	gather_lz_o p0, v0-v3, v2-v9, s16-s23, s4-s7, un, dmask:1111
lg200	gather_o	6	tex-buffer	memory-image	Gathers the selected component from the texture footprint addressed by the image and sampler descriptors and writes the gathered values to the vector destination. The form enables coordinate offset.	compute-image	resource-payload	RA8x4RK8x8VJ8x8VD8x4M.dmask4M.na1M.un1M.rsz1M.bl11M.bl21PJ2	RA8x4@INST_LO[7:0];RK8x8@INST_LO[15:8];VJ8x8@INST_LO[23:16];VD8x4@INST_LO[31:24];M.dmask4@INST_HI[3:0];M.na1@INST_HI[9];M.un1@INST_HI[10];M.rsz1@INST_HI[11];M.bl11@INST_HI[14];M.bl21@INST_HI[15];PJ2@INST_HI[17:16]	00000000	28b00000	00000000	bffc0000	00000000	07fc0000	ffffffff	0003ce0f	00000000	000031f0	00000000	48000000	gather_o p0, v0-v3, v2-v9, s16-s23, s4-s7, un, dmask:1111
lg200	getlod	6	tex-buffer	memory-image	Computes the texture level-of-detail values for the supplied coordinates, image descriptor, and sampler state and writes them to the vector destination.	compute-image	resource-payload	RA8x4RK8x8VJ8x8VD8x4M.dmask4M.na1M.un1M.rsz1M.bl11M.bl21PJ2	RA8x4@INST_LO[7:0];RK8x8@INST_LO[15:8];VJ8x8@INST_LO[23:16];VD8x4@INST_LO[31:24];M.dmask4@INST_HI[3:0];M.na1@INST_HI[9];M.un1@INST_HI[10];M.rsz1@INST_HI[11];M.bl11@INST_HI[14];M.bl21@INST_HI[15];PJ2@INST_HI[17:16]	00000000	20e40000	00000000	b7fc0000	00000000	07fc0000	ffffffff	0003ce0f	00000000	000031f0	00000000	48000000	getlod p0, v0-v3, v2-v9, s16-s23, s4-s7, un, dmask:1111
lg200	getpc	1	sop-imm-control	control-prefix	Writes the current control-flow position to the destination scalar-register pair.	compute-buffer	execution-environment	RD8x2	RD8x2@INST_HI[15:8]	00000000	402d0000	00000000	d07f0000	00000000	007f0000	00000000	0000ff00	ffffffff	000000ff	00000000	2f800000	getpc s0-s1
lg200	getreg	1	sop-imm-control	control-prefix	Reads the execution-environment register selected by the encoded immediate and writes its 32-bit value to the scalar destination. The register namespace is defined by the execution-environment contract.	special	execution-environment	IJ32RD8	IJ32@INST_LO[31:0];RD8@INST_HI[15:8]	00000000	402c0000	00000000	d07f0000	00000000	007f0000	ffffffff	0000ff00	00000000	000000ff	00000000	2f800000	getreg s0, 0x00000000
lg200	getresinfo	6	tex-buffer	memory-image	Reads the image resource dimensions and level information selected by the coordinates and descriptor and writes the dmask-selected fields to the vector destination.	compute-image	resource-payload	RK8x8VJ8x8VD8x4M.dmask4M.na1M.un1M.rsz1M.bl11M.bl21PJ2	RK8x8@INST_LO[15:8];VJ8x8@INST_LO[23:16];VD8x4@INST_LO[31:24];M.dmask4@INST_HI[3:0];M.na1@INST_HI[9];M.un1@INST_HI[10];M.rsz1@INST_HI[11];M.bl11@INST_HI[14];M.bl21@INST_HI[15];PJ2@INST_HI[17:16]	00000000	20e00000	00000000	b7fc0000	00000000	07fc0000	ffffff00	0003ce0f	000000ff	000031f0	00000000	48000000	getresinfo p0, v0-v3, v2-v9, s16-s23, un, dmask:1111
lg200	jirl	1	sop-imm-control	control-prefix	Writes the return position to the destination scalar-register pair and jumps to the source-register address plus the encoded displacement. Target admission is part of the control-flow contract.	compute-buffer	execution-environment	X0_40RD8x2	X0_32@INST_LO[31:0];RJ8x2@INST_HI[7:0];RD8x2@INST_HI[15:8]	00000000	40250000	00000000	d07f0000	00000000	007f0000	ffffffff	0000ffff	00000000	00000000	00000000	2f800000	jirl s0-s1, s0 BB_0 (0)
lg200	jpop	3	jump-stack	control-prefix	Pops a control-flow record from the jump stack and resumes the selected path under the encoded predicate and stack operands. Stack layout and reconvergence state are defined by the execution contract.	compute-buffer	execution-environment	RA8X2_23X0_1X1_8PJ2	RA8@INST_LO[7:0];X2_23@INST_LO[30:8];X0_1@INST_LO[31];X1_8@INST_HI[15:8];PJ2@INST_HI[17:16]	00000000	48040000	00000000	cffc0000	00000000	07fc0000	ffffffff	0003ff00	00000000	000000ff	00000000	30000000	jpop p0, s0, s0, s0, 0x00000
lg200	jpush	3	jump-stack	control-prefix	Pushes a control-flow record onto the jump stack using the encoded predicate, scalar operands, and displacement. Stack layout and reconvergence state are defined by the execution contract.	compute-buffer	execution-environment	RA8X2_23X0_1X1_8PJ2	RA8@INST_LO[7:0];X2_23@INST_LO[30:8];X0_1@INST_LO[31];X1_8@INST_HI[15:8];PJ2@INST_HI[17:16]	00000000	48000000	00000000	cffc0000	00000000	07fc0000	ffffffff	0003ff00	00000000	000000ff	00000000	30000000	jpush p0, s0, s0, s0, 0x00000
lg200	load_s_buff_w1	2	smem	memory-image	Loads 1 32-bit word from the scalar buffer resource selected by the descriptor, scalar address, and 20-bit offset into consecutive scalar registers.	compute-buffer	resource-payload	RJ8x4UO20X0_1GK8RD8	RJ8x4@INST_LO[7:0];UO20@INST_LO[27:8];X0_1@INST_LO[30];GK8@INST_HI[7:0];RD8@INST_HI[15:8]	00000000	60050000	00000000	7fff0000	00000000	07ff0000	4fffffff	0000ffff	b0000000	00000000	00000000	80000000	load_s_buff_w1 s0, s0-s3, zero, 0x00000
lg200	load_s_buff_w16	2	smem	memory-image	Loads 16 32-bit words from the scalar buffer resource selected by the descriptor, scalar address, and 20-bit offset into consecutive scalar registers.	compute-buffer	resource-payload	RJ8x4UO20X0_1GK8RD8x16	RJ8x4@INST_LO[7:0];UO20@INST_LO[27:8];X0_1@INST_LO[30];GK8@INST_HI[7:0];RD8x16@INST_HI[15:8]	00000000	60090000	00000000	77ff0000	00000000	07ff0000	4fffffff	0000ffff	b0000000	00000000	00000000	88000000	load_s_buff_w16 s0-s15, s0-s3, zero, 0x00000
lg200	load_s_buff_w2	2	smem	memory-image	Loads 2 32-bit words from the scalar buffer resource selected by the descriptor, scalar address, and 20-bit offset into consecutive scalar registers.	compute-buffer	resource-payload	RJ8x4UO20X0_1GK8RD8x2	RJ8x4@INST_LO[7:0];UO20@INST_LO[27:8];X0_1@INST_LO[30];GK8@INST_HI[7:0];RD8x2@INST_HI[15:8]	00000000	60060000	00000000	7fff0000	00000000	07ff0000	4fffffff	0000ffff	b0000000	00000000	00000000	80000000	load_s_buff_w2 s0-s1, s0-s3, zero, 0x00000
lg200	load_s_buff_w4	2	smem	memory-image	Loads 4 32-bit words from the scalar buffer resource selected by the descriptor, scalar address, and 20-bit offset into consecutive scalar registers.	compute-buffer	resource-payload	RJ8x4UO20X0_1GK8RD8x4	RJ8x4@INST_LO[7:0];UO20@INST_LO[27:8];X0_1@INST_LO[30];GK8@INST_HI[7:0];RD8x4@INST_HI[15:8]	00000000	60070000	00000000	7fff0000	00000000	07ff0000	4fffffff	0000ffff	b0000000	00000000	00000000	80000000	load_s_buff_w4 s0-s3, s0-s3, zero, 0x00000
lg200	load_s_buff_w8	2	smem	memory-image	Loads 8 32-bit words from the scalar buffer resource selected by the descriptor, scalar address, and 20-bit offset into consecutive scalar registers.	compute-buffer	resource-payload	RJ8x4UO20X0_1GK8RD8x8	RJ8x4@INST_LO[7:0];UO20@INST_LO[27:8];X0_1@INST_LO[30];GK8@INST_HI[7:0];RD8x8@INST_HI[15:8]	00000000	60080000	00000000	77ff0000	00000000	07ff0000	4fffffff	0000ffff	b0000000	00000000	00000000	88000000	load_s_buff_w8 s0-s7, s0-s3, zero, 0x00000
lg200	load_s_flat_w1	2	smem	memory-image	Loads 1 32-bit word from the scalar flat-memory address and 20-bit offset into consecutive scalar registers.	compute-buffer	resource-payload	RJ8x2UO20X0_1GK8RD8	RJ8x2@INST_LO[7:0];UO20@INST_LO[27:8];X0_1@INST_LO[30];GK8@INST_HI[7:0];RD8@INST_HI[15:8]	00000000	60000000	00000000	7fff0000	00000000	07ff0000	4fffffff	0000ffff	b0000000	00000000	00000000	80000000	load_s_flat_w1 s0, s0-s1, zero, 0x00000
lg200	load_s_flat_w16	2	smem	memory-image	Loads 16 32-bit words from the scalar flat-memory address and 20-bit offset into consecutive scalar registers.	compute-buffer	resource-payload	RJ8x2UO20X0_1GK8RD8x16	RJ8x2@INST_LO[7:0];UO20@INST_LO[27:8];X0_1@INST_LO[30];GK8@INST_HI[7:0];RD8x16@INST_HI[15:8]	00000000	60040000	00000000	7fff0000	00000000	07ff0000	4fffffff	0000ffff	b0000000	00000000	00000000	80000000	load_s_flat_w16 s0-s15, s0-s1, zero, 0x00000
lg200	load_s_flat_w2	2	smem	memory-image	Loads 2 32-bit words from the scalar flat-memory address and 20-bit offset into consecutive scalar registers.	compute-buffer	resource-payload	RJ8x2UO20X0_1GK8RD8x2	RJ8x2@INST_LO[7:0];UO20@INST_LO[27:8];X0_1@INST_LO[30];GK8@INST_HI[7:0];RD8x2@INST_HI[15:8]	00000000	60010000	00000000	7fff0000	00000000	07ff0000	4fffffff	0000ffff	b0000000	00000000	00000000	80000000	load_s_flat_w2 s0-s1, s0-s1, zero, 0x00000
lg200	load_s_flat_w4	2	smem	memory-image	Loads 4 32-bit words from the scalar flat-memory address and 20-bit offset into consecutive scalar registers.	compute-buffer	resource-payload	RJ8x2UO20X0_1GK8RD8x4	RJ8x2@INST_LO[7:0];UO20@INST_LO[27:8];X0_1@INST_LO[30];GK8@INST_HI[7:0];RD8x4@INST_HI[15:8]	00000000	60020000	00000000	7fff0000	00000000	07ff0000	4fffffff	0000ffff	b0000000	00000000	00000000	80000000	load_s_flat_w4 s0-s3, s0-s1, zero, 0x00000
lg200	load_s_flat_w8	2	smem	memory-image	Loads 8 32-bit words from the scalar flat-memory address and 20-bit offset into consecutive scalar registers.	compute-buffer	resource-payload	RJ8x2UO20X0_1GK8RD8x8	RJ8x2@INST_LO[7:0];UO20@INST_LO[27:8];X0_1@INST_LO[30];GK8@INST_HI[7:0];RD8x8@INST_HI[15:8]	00000000	60030000	00000000	7fff0000	00000000	07ff0000	4fffffff	0000ffff	b0000000	00000000	00000000	80000000	load_s_flat_w8 s0-s7, s0-s1, zero, 0x00000
lg200	load_sm_b32	8	shared-memory	memory-image	Loads a 32-bit bit pattern from workgroup shared memory into the vector destination.	compute-workgroup	resource-payload	VJ8VD8X0_16PJ2	VJ8@INST_LO[23:16];VD8@INST_LO[31:24];X0_16@INST_HI[15:0];PJ2@INST_HI[17:16]	00000000	20900000	00000000	bffc0000	00000000	07fc0000	ffff0000	0003ffff	0000ffff	00000000	00000000	40000000	load_sm_b32 p0, v0, v0
lg200	load_sm_b64	8	shared-memory	memory-image	Loads a 64-bit bit pattern from workgroup shared memory into the vector destination.	compute-workgroup	resource-payload	VJ8VD8x2X0_16PJ2	VJ8@INST_LO[23:16];VD8x2@INST_LO[31:24];X0_16@INST_HI[15:0];PJ2@INST_HI[17:16]	00000000	20940000	00000000	bffc0000	00000000	07fc0000	ffff0000	0003ffff	0000ffff	00000000	00000000	40000000	load_sm_b64 p0, v0-v1, v0
lg200	load_sm_i16	8	shared-memory	memory-image	Loads a signed 16-bit integer from workgroup shared memory into the vector destination and sign-extends it to 32 bits.	compute-workgroup	resource-payload	VJ8VD8X0_16PJ2	VJ8@INST_LO[23:16];VD8@INST_LO[31:24];X0_16@INST_HI[15:0];PJ2@INST_HI[17:16]	00000000	208c0000	00000000	bffc0000	00000000	07fc0000	ffff0000	0003ffff	0000ffff	00000000	00000000	40000000	load_sm_i16 p0, v0, v0
lg200	load_sm_i8	8	shared-memory	memory-image	Loads a signed 8-bit integer from workgroup shared memory into the vector destination and sign-extends it to 32 bits.	compute-workgroup	resource-payload	VJ8VD8X0_16PJ2	VJ8@INST_LO[23:16];VD8@INST_LO[31:24];X0_16@INST_HI[15:0];PJ2@INST_HI[17:16]	00000000	20840000	00000000	bffc0000	00000000	07fc0000	ffff0000	0003ffff	0000ffff	00000000	00000000	40000000	load_sm_i8 p0, v0, v0
lg200	load_sm_interp	8	shared-memory	memory-image	Loads one 32-bit interpolation-workspace value selected by the scalar base and 8-bit offset into the active lane's vector destination.	compute-workgroup	resource-payload	RJ8VD8UO8PJ2	RJ8@INST_LO[23:16];VD8@INST_LO[31:24];UO8@INST_HI[7:0];PJ2@INST_HI[17:16]	00000000	20c00000	00000000	bffc0000	00000000	07fc0000	ffff0000	000300ff	0000ffff	0000ff00	00000000	40000000	load_sm_interp p0, v0, s0, 0x00
lg200	load_sm_matrix_x1	8	shared-memory	memory-image	Loads 1 consecutive 32-bit matrix plane from workgroup shared memory into the vector destination tuple.	compute-workgroup	resource-payload	VJ8VD8PJ2	VJ8@INST_LO[23:16];VD8@INST_LO[31:24];PJ2@INST_HI[17:16]	00000000	20c40000	00000000	fffc0000	00000000	07fc0000	ffff0000	00030000	0000ffff	0000ffff	00000000	00000000	load_sm_matrix_x1 p0, v0, v0
lg200	load_sm_matrix_x2	8	shared-memory	memory-image	Loads 2 consecutive 32-bit matrix planes from workgroup shared memory into the vector destination tuple.	compute-workgroup	resource-payload	VJ8VD8x2PJ2	VJ8@INST_LO[23:16];VD8x2@INST_LO[31:24];PJ2@INST_HI[17:16]	00000000	20c80000	00000000	fffc0000	00000000	07fc0000	ffff0000	00030000	0000ffff	0000ffff	00000000	00000000	load_sm_matrix_x2 p0, v0-v1, v0
lg200	load_sm_matrix_x4	8	shared-memory	memory-image	Loads 4 consecutive 32-bit matrix planes from workgroup shared memory into the vector destination tuple.	compute-workgroup	resource-payload	VJ8VD8x4PJ2	VJ8@INST_LO[23:16];VD8x4@INST_LO[31:24];PJ2@INST_HI[17:16]	00000000	20cc0000	00000000	fffc0000	00000000	07fc0000	ffff0000	00030000	0000ffff	0000ffff	00000000	00000000	load_sm_matrix_x4 p0, v0-v3, v0
lg200	load_sm_swizzle_b64	8	shared-memory	memory-image	Loads and applies the shared-memory swizzle mapping to a 64-bit value, writing the two-dword vector destination.	compute-workgroup	resource-payload	VJ8VD8x2PJ2	VJ8@INST_LO[23:16];VD8x2@INST_LO[31:24];PJ2@INST_HI[17:16]	00000000	20dc0000	00000000	fffc0000	00000000	07fc0000	ffff0000	00030000	0000ffff	0000ffff	00000000	00000000	load_sm_swizzle_b64 p0, v0-v1, v0
lg200	load_sm_u16	8	shared-memory	memory-image	Loads an unsigned 16-bit integer from workgroup shared memory into the vector destination and zero-extends it to 32 bits.	compute-workgroup	resource-payload	VJ8VD8X0_16PJ2	VJ8@INST_LO[23:16];VD8@INST_LO[31:24];X0_16@INST_HI[15:0];PJ2@INST_HI[17:16]	00000000	20880000	00000000	bffc0000	00000000	07fc0000	ffff0000	0003ffff	0000ffff	00000000	00000000	40000000	load_sm_u16 p0, v0, v0
lg200	load_sm_u8	8	shared-memory	memory-image	Loads an unsigned 8-bit integer from workgroup shared memory into the vector destination and zero-extends it to 32 bits.	compute-workgroup	resource-payload	VJ8VD8X0_16PJ2	VJ8@INST_LO[23:16];VD8@INST_LO[31:24];X0_16@INST_HI[15:0];PJ2@INST_HI[17:16]	00000000	20800000	00000000	bffc0000	00000000	07fc0000	ffff0000	0003ffff	0000ffff	00000000	00000000	40000000	load_sm_u8 p0, v0, v0
lg200	load_v_buff_b128	6	tex-buffer	memory-image	Loads a 128-bit bit pattern from the buffer descriptor plus the encoded address and offsets into the vector destination.	compute-buffer	resource-payload	RK8RJ8x4VQ8VD8x4UO12M.offen1M.idxen1M.bl11M.bl21PJ2	RK8@INST_LO[7:0];RJ8x4@INST_LO[15:8];VQ8@INST_LO[23:16];VD8x4@INST_LO[31:24];UO12@INST_HI[11:0];M.offen1@INST_HI[12];M.idxen1@INST_HI[13];M.bl11@INST_HI[14];M.bl21@INST_HI[15];PJ2@INST_HI[17:16]	00000000	21c80000	00000000	b7fc0000	00000000	07fc0000	ffffffff	0003ffff	00000000	00000000	00000000	48000000	load_v_buff_b128 p0, v0-v3, s16-s19, s4, 0x40f
lg200	load_v_buff_b32	6	tex-buffer	memory-image	Loads a 32-bit bit pattern from the buffer descriptor plus the encoded address and offsets into the vector destination.	compute-buffer	resource-payload	RK8RJ8x4VQ8VD8UO12M.offen1M.idxen1M.bl11M.bl21PJ2	RK8@INST_LO[7:0];RJ8x4@INST_LO[15:8];VQ8@INST_LO[23:16];VD8@INST_LO[31:24];UO12@INST_HI[11:0];M.offen1@INST_HI[12];M.idxen1@INST_HI[13];M.bl11@INST_HI[14];M.bl21@INST_HI[15];PJ2@INST_HI[17:16]	00000000	21bc0000	00000000	b7fc0000	00000000	07fc0000	ffffffff	0003ffff	00000000	00000000	00000000	48000000	load_v_buff_b32 p0, v0, s16-s19, s4, 0x40f
lg200	load_v_buff_b64	6	tex-buffer	memory-image	Loads a 64-bit bit pattern from the buffer descriptor plus the encoded address and offsets into the vector destination.	compute-buffer	resource-payload	RK8RJ8x4VQ8VD8x2UO12M.offen1M.idxen1M.bl11M.bl21PJ2	RK8@INST_LO[7:0];RJ8x4@INST_LO[15:8];VQ8@INST_LO[23:16];VD8x2@INST_LO[31:24];UO12@INST_HI[11:0];M.offen1@INST_HI[12];M.idxen1@INST_HI[13];M.bl11@INST_HI[14];M.bl21@INST_HI[15];PJ2@INST_HI[17:16]	00000000	21c00000	00000000	b7fc0000	00000000	07fc0000	ffffffff	0003ffff	00000000	00000000	00000000	48000000	load_v_buff_b64 p0, v0-v1, s16-s19, s4, 0x40f
lg200	load_v_buff_b96	6	tex-buffer	memory-image	Loads a 96-bit bit pattern from the buffer descriptor plus the encoded address and offsets into the vector destination.	compute-buffer	resource-payload	RK8RJ8x4VQ8VD8x3UO12M.offen1M.idxen1M.bl11M.bl21PJ2	RK8@INST_LO[7:0];RJ8x4@INST_LO[15:8];VQ8@INST_LO[23:16];VD8x3@INST_LO[31:24];UO12@INST_HI[11:0];M.offen1@INST_HI[12];M.idxen1@INST_HI[13];M.bl11@INST_HI[14];M.bl21@INST_HI[15];PJ2@INST_HI[17:16]	00000000	21c40000	00000000	b7fc0000	00000000	07fc0000	ffffffff	0003ffff	00000000	00000000	00000000	48000000	load_v_buff_b96 p0, v0-v2, s16-s19, s4, 0x40f
lg200	load_v_buff_fmtdesc_c1	6	tex-buffer	memory-image	Loads 1 formatted component using the resource descriptor from the buffer descriptor plus the encoded address and offsets into the vector destination.	compute-buffer	resource-payload	RK8RJ8x4VQ8VD8UO12M.offen1M.idxen1M.bl11M.bl21PJ2	RK8@INST_LO[7:0];RJ8x4@INST_LO[15:8];VQ8@INST_LO[23:16];VD8@INST_LO[31:24];UO12@INST_HI[11:0];M.offen1@INST_HI[12];M.idxen1@INST_HI[13];M.bl11@INST_HI[14];M.bl21@INST_HI[15];PJ2@INST_HI[17:16]	00000000	29e40000	00000000	bffc0000	00000000	07fc0000	ffffffff	0003ffff	00000000	00000000	00000000	40000000	load_v_buff_fmtdesc_c1 p0, v2, v2, s0-s3, zero, 0x000, idxen
lg200	load_v_buff_fmtdesc_c2	6	tex-buffer	memory-image	Loads 2 formatted components using the resource descriptor from the buffer descriptor plus the encoded address and offsets into the vector destination.	compute-buffer	resource-payload	RK8RJ8x4VD8x2UO12M.offen1M.idxen1M.bl11M.bl21PJ2	RK8@INST_LO[7:0];RJ8x4@INST_LO[15:8];VD8x2@INST_LO[31:24];UO12@INST_HI[11:0];M.offen1@INST_HI[12];M.idxen1@INST_HI[13];M.bl11@INST_HI[14];M.bl21@INST_HI[15];PJ2@INST_HI[17:16]	00000000	21e80000	00000000	b7fc0000	00000000	07fc0000	ff00ffff	0003ffff	00ff0000	00000000	00000000	48000000	load_v_buff_fmtdesc_c2 p0, v0-v1, s16-s19, s4, 0x40f
lg200	load_v_buff_fmtdesc_c3	6	tex-buffer	memory-image	Loads 3 formatted components using the resource descriptor from the buffer descriptor plus the encoded address and offsets into the vector destination.	compute-buffer	resource-payload	RK8RJ8x4VD8x3UO12M.offen1M.idxen1M.bl11M.bl21PJ2	RK8@INST_LO[7:0];RJ8x4@INST_LO[15:8];VD8x3@INST_LO[31:24];UO12@INST_HI[11:0];M.offen1@INST_HI[12];M.idxen1@INST_HI[13];M.bl11@INST_HI[14];M.bl21@INST_HI[15];PJ2@INST_HI[17:16]	00000000	21ec0000	00000000	b7fc0000	00000000	07fc0000	ff00ffff	0003ffff	00ff0000	00000000	00000000	48000000	load_v_buff_fmtdesc_c3 p0, v0-v2, s16-s19, s4, 0x40f
lg200	load_v_buff_fmtdesc_c4	6	tex-buffer	memory-image	Loads 4 formatted components using the resource descriptor from the buffer descriptor plus the encoded address and offsets into the vector destination.	compute-buffer	resource-payload	RK8RJ8x4VD8x4UO12M.offen1M.idxen1M.bl11M.bl21PJ2	RK8@INST_LO[7:0];RJ8x4@INST_LO[15:8];VD8x4@INST_LO[31:24];UO12@INST_HI[11:0];M.offen1@INST_HI[12];M.idxen1@INST_HI[13];M.bl11@INST_HI[14];M.bl21@INST_HI[15];PJ2@INST_HI[17:16]	00000000	21f00000	00000000	b7fc0000	00000000	07fc0000	ff00ffff	0003ffff	00ff0000	00000000	00000000	48000000	load_v_buff_fmtdesc_c4 p0, v0-v3, s16-s19, s4, 0x40f
lg200	load_v_buff_fmtinst_c1	6	tex-buffer	memory-image	Loads 1 formatted component using the instruction format from the buffer descriptor plus the encoded address and offsets into the vector destination.	compute-buffer	resource-payload	RK8RJ8x4VD8UO12M.offen1M.idxen1M.bl11M.bl21PJ2	RK8@INST_LO[7:0];RJ8x4@INST_LO[15:8];VD8@INST_LO[31:24];UO12@INST_HI[11:0];M.offen1@INST_HI[12];M.idxen1@INST_HI[13];M.bl11@INST_HI[14];M.bl21@INST_HI[15];PJ2@INST_HI[17:16]	00000000	22040000	00000000	b7fc0000	00000000	07fc0000	ff00ffff	0003ffff	00ff0000	00000000	00000000	48000000	load_v_buff_fmtinst_c1 p0, v0, s16-s19, s4, 0x40f
lg200	load_v_buff_fmtinst_c2	6	tex-buffer	memory-image	Loads 2 formatted components using the instruction format from the buffer descriptor plus the encoded address and offsets into the vector destination.	compute-buffer	resource-payload	RK8RJ8x4VD8x2UO12M.offen1M.idxen1M.bl11M.bl21PJ2	RK8@INST_LO[7:0];RJ8x4@INST_LO[15:8];VD8x2@INST_LO[31:24];UO12@INST_HI[11:0];M.offen1@INST_HI[12];M.idxen1@INST_HI[13];M.bl11@INST_HI[14];M.bl21@INST_HI[15];PJ2@INST_HI[17:16]	00000000	22080000	00000000	b7fc0000	00000000	07fc0000	ff00ffff	0003ffff	00ff0000	00000000	00000000	48000000	load_v_buff_fmtinst_c2 p0, v0-v1, s16-s19, s4, 0x40f
lg200	load_v_buff_fmtinst_c3	6	tex-buffer	memory-image	Loads 3 formatted components using the instruction format from the buffer descriptor plus the encoded address and offsets into the vector destination.	compute-buffer	resource-payload	RK8RJ8x4VD8x3UO12M.offen1M.idxen1M.bl11M.bl21PJ2	RK8@INST_LO[7:0];RJ8x4@INST_LO[15:8];VD8x3@INST_LO[31:24];UO12@INST_HI[11:0];M.offen1@INST_HI[12];M.idxen1@INST_HI[13];M.bl11@INST_HI[14];M.bl21@INST_HI[15];PJ2@INST_HI[17:16]	00000000	220c0000	00000000	b7fc0000	00000000	07fc0000	ff00ffff	0003ffff	00ff0000	00000000	00000000	48000000	load_v_buff_fmtinst_c3 p0, v0-v2, s16-s19, s4, 0x40f
lg200	load_v_buff_fmtinst_c4	6	tex-buffer	memory-image	Loads 4 formatted components using the instruction format from the buffer descriptor plus the encoded address and offsets into the vector destination.	compute-buffer	resource-payload	RK8RJ8x4VD8x4UO12M.offen1M.idxen1M.bl11M.bl21PJ2	RK8@INST_LO[7:0];RJ8x4@INST_LO[15:8];VD8x4@INST_LO[31:24];UO12@INST_HI[11:0];M.offen1@INST_HI[12];M.idxen1@INST_HI[13];M.bl11@INST_HI[14];M.bl21@INST_HI[15];PJ2@INST_HI[17:16]	00000000	22100000	00000000	b7fc0000	00000000	07fc0000	ff00ffff	0003ffff	00ff0000	00000000	00000000	48000000	load_v_buff_fmtinst_c4 p0, v0-v3, s16-s19, s4, 0x40f
lg200	load_v_buff_i16	6	tex-buffer	memory-image	Loads one signed halfword and sign-extends it to 32 bits from the buffer descriptor plus the encoded address and offsets into the vector destination.	compute-buffer	resource-payload	RK8RJ8x4VQ8VD8UO12M.offen1M.idxen1M.bl11M.bl21PJ2	RK8@INST_LO[7:0];RJ8x4@INST_LO[15:8];VQ8@INST_LO[23:16];VD8@INST_LO[31:24];UO12@INST_HI[11:0];M.offen1@INST_HI[12];M.idxen1@INST_HI[13];M.bl11@INST_HI[14];M.bl21@INST_HI[15];PJ2@INST_HI[17:16]	00000000	29b80000	00000000	bffc0000	00000000	07fc0000	ffffffff	0003ffff	00000000	00000000	00000000	40000000	load_v_buff_i16 p0, v4, v8, s16-s19, zero, 0x000, offen, bl1
lg200	load_v_buff_i8	6	tex-buffer	memory-image	Loads one signed byte and sign-extends it to 32 bits from the buffer descriptor plus the encoded address and offsets into the vector destination.	compute-buffer	resource-payload	RK8RJ8x4VD8UO12M.offen1M.idxen1M.bl11M.bl21PJ2	RK8@INST_LO[7:0];RJ8x4@INST_LO[15:8];VD8@INST_LO[31:24];UO12@INST_HI[11:0];M.offen1@INST_HI[12];M.idxen1@INST_HI[13];M.bl11@INST_HI[14];M.bl21@INST_HI[15];PJ2@INST_HI[17:16]	00000000	21b00000	00000000	b7fc0000	00000000	07fc0000	ff00ffff	0003ffff	00ff0000	00000000	00000000	48000000	load_v_buff_i8 p0, v0, s16-s19, s4, 0x40f
lg200	load_v_buff_u16	6	tex-buffer	memory-image	Loads one unsigned halfword and zero-extends it to 32 bits from the buffer descriptor plus the encoded address and offsets into the vector destination.	compute-buffer	resource-payload	RK8RJ8x4VQ8VD8UO12M.offen1M.idxen1M.bl11M.bl21PJ2	RK8@INST_LO[7:0];RJ8x4@INST_LO[15:8];VQ8@INST_LO[23:16];VD8@INST_LO[31:24];UO12@INST_HI[11:0];M.offen1@INST_HI[12];M.idxen1@INST_HI[13];M.bl11@INST_HI[14];M.bl21@INST_HI[15];PJ2@INST_HI[17:16]	00000000	29b40000	00000000	bffc0000	00000000	07fc0000	ffffffff	0003ffff	00000000	00000000	00000000	40000000	load_v_buff_u16 p0, v4, v8, s16-s19, zero, 0x000, offen, bl1
lg200	load_v_buff_u8	6	tex-buffer	memory-image	Loads one unsigned byte and zero-extends it to 32 bits from the buffer descriptor plus the encoded address and offsets into the vector destination.	compute-buffer	resource-payload	RK8RJ8x4VD8UO12M.offen1M.idxen1M.bl11M.bl21PJ2	RK8@INST_LO[7:0];RJ8x4@INST_LO[15:8];VD8@INST_LO[31:24];UO12@INST_HI[11:0];M.offen1@INST_HI[12];M.idxen1@INST_HI[13];M.bl11@INST_HI[14];M.bl21@INST_HI[15];PJ2@INST_HI[17:16]	00000000	21ac0000	00000000	b7fc0000	00000000	07fc0000	ff00ffff	0003ffff	00ff0000	00000000	00000000	48000000	load_v_buff_u8 p0, v0, s16-s19, s4, 0x40f
lg200	load_v_flat_b128	7	flat	memory-image	Loads a 128-bit bit pattern from the flat-memory address into the vector destination.	compute-buffer	resource-payload	RK8x2M.bl11M.bl21VJ8x2VD8x4PJ2	RK8x2@INST_LO[15:8];M.bl11@INST_LO[30];M.bl21@INST_LO[31];VJ8x2@INST_HI[7:0];VD8x4@INST_HI[15:8];PJ2@INST_HI[17:16]	00000000	60840000	00000000	fffc0000	00000000	0ffc0000	c000ff00	0003ffff	3fff00ff	00000000	00000000	10000000	load_v_flat_b128 p0, v0-v3, v0-v1, s0-s1
lg200	load_v_flat_b32	7	flat	memory-image	Loads a 32-bit bit pattern from the flat-memory address into the vector destination.	compute-buffer	resource-payload	RK8x2M.bl11M.bl21VJ8x2VD8PJ2	RK8x2@INST_LO[15:8];M.bl11@INST_LO[30];M.bl21@INST_LO[31];VJ8x2@INST_HI[7:0];VD8@INST_HI[15:8];PJ2@INST_HI[17:16]	00000000	60780000	00000000	fffc0000	00000000	0ffc0000	c000ff00	0003ffff	3fff00ff	00000000	00000000	10000000	load_v_flat_b32 p0, v0, v0-v1, s0-s1
lg200	load_v_flat_b64	7	flat	memory-image	Loads a 64-bit bit pattern from the flat-memory address into the vector destination.	compute-buffer	resource-payload	RK8x2M.bl11M.bl21VJ8x2VD8x2PJ2	RK8x2@INST_LO[15:8];M.bl11@INST_LO[30];M.bl21@INST_LO[31];VJ8x2@INST_HI[7:0];VD8x2@INST_HI[15:8];PJ2@INST_HI[17:16]	00000000	707c0000	00000000	fffc0000	00000000	0ffc0000	c000ff00	0003ffff	3fff00ff	00000000	00000000	10000000	load_v_flat_b64 p0, v0-v1, v0-v1, s0-s1
lg200	load_v_flat_b96	7	flat	memory-image	Loads a 96-bit bit pattern from the flat-memory address into the vector destination.	compute-buffer	resource-payload	RK8x2M.bl11M.bl21VJ8x2VD8x3PJ2	RK8x2@INST_LO[15:8];M.bl11@INST_LO[30];M.bl21@INST_LO[31];VJ8x2@INST_HI[7:0];VD8x3@INST_HI[15:8];PJ2@INST_HI[17:16]	00000000	60800000	00000000	effc0000	00000000	0ffc0000	c000ff00	0003ffff	3fff00ff	00000000	00000000	10000000	load_v_flat_b96 p0, v0-v2, v0-v1, s0-s1
lg200	load_v_flat_i16	7	flat	memory-image	Loads a signed 16-bit integer from the flat-memory address into the vector destination and sign-extends it to 32 bits.	compute-buffer	resource-payload	RK8x2M.bl11M.bl21VJ8x2VD8PJ2	RK8x2@INST_LO[15:8];M.bl11@INST_LO[30];M.bl21@INST_LO[31];VJ8x2@INST_HI[7:0];VD8@INST_HI[15:8];PJ2@INST_HI[17:16]	00000000	40740000	00000000	cffc0000	00000000	0ffc0000	c000ff00	0003ffff	3fff00ff	00000000	00000000	30000000	load_v_flat_i16 p0, v0, v0-v1, s0-s1
lg200	load_v_flat_i8	7	flat	memory-image	Loads a signed 8-bit integer from the flat-memory address into the vector destination and sign-extends it to 32 bits.	compute-buffer	resource-payload	RK8x2M.bl11M.bl21VJ8x2VD8PJ2	RK8x2@INST_LO[15:8];M.bl11@INST_LO[30];M.bl21@INST_LO[31];VJ8x2@INST_HI[7:0];VD8@INST_HI[15:8];PJ2@INST_HI[17:16]	00000000	606c0000	00000000	effc0000	00000000	0ffc0000	c000ff00	0003ffff	3fff00ff	00000000	00000000	10000000	load_v_flat_i8 p0, v0, v0-v1, s0-s1
lg200	load_v_flat_u16	7	flat	memory-image	Loads an unsigned 16-bit integer from the flat-memory address into the vector destination and zero-extends it to 32 bits.	compute-buffer	resource-payload	RK8x2M.bl11M.bl21VJ8x2VD8PJ2	RK8x2@INST_LO[15:8];M.bl11@INST_LO[30];M.bl21@INST_LO[31];VJ8x2@INST_HI[7:0];VD8@INST_HI[15:8];PJ2@INST_HI[17:16]	00000000	40700000	00000000	cffc0000	00000000	0ffc0000	c000ff00	0003ffff	3fff00ff	00000000	00000000	30000000	load_v_flat_u16 p0, v0, v0-v1, s0-s1
lg200	load_v_flat_u8	7	flat	memory-image	Loads an unsigned 8-bit integer from the flat-memory address into the vector destination and zero-extends it to 32 bits.	compute-buffer	resource-payload	RK8x2M.bl11M.bl21VJ8x2VD8PJ2	RK8x2@INST_LO[15:8];M.bl11@INST_LO[30];M.bl21@INST_LO[31];VJ8x2@INST_HI[7:0];VD8@INST_HI[15:8];PJ2@INST_HI[17:16]	00000000	60680000	00000000	effc0000	00000000	0ffc0000	c000ff00	0003ffff	3fff00ff	00000000	00000000	10000000	load_v_flat_u8 p0, v0, v0-v1, s0-s1
lg200	load_v_tex	6	tex-buffer	memory-image	Loads the components selected by dmask from the image descriptor at the vector coordinates into the vector destination.	compute-image	resource-payload	RK8x8VJ8x8VD8x4M.dmask4M.na1M.un1M.rsz1M.bl11M.bl21PJ2	RK8x8@INST_LO[15:8];VJ8x8@INST_LO[23:16];VD8x4@INST_LO[31:24];M.dmask4@INST_HI[3:0];M.na1@INST_HI[9];M.un1@INST_HI[10];M.rsz1@INST_HI[11];M.bl11@INST_HI[14];M.bl21@INST_HI[15];PJ2@INST_HI[17:16]	00000000	211c0000	00000000	b7fc0000	00000000	07fc0000	ffffff00	0003ce0f	000000ff	000031f0	00000000	48000000	load_v_tex p0, v0-v3, v2-v9, s16-s23, un, dmask:1111
lg200	load_v_tex_mip	6	tex-buffer	memory-image	Loads the components selected by dmask from the image descriptor at the vector coordinates into the vector destination. The mip form includes the mip-level selector in the resource operand.	compute-image	resource-payload	RK9x8VJ8x8VD8x4M.dmask4M.na1M.un1M.bl11M.bl21PJ2	RK9x8@INST_LO[15:8]+INST_HI[11];VJ8x8@INST_LO[23:16];VD8x4@INST_LO[31:24];M.dmask4@INST_HI[3:0];M.na1@INST_HI[9];M.un1@INST_HI[10];M.bl11@INST_HI[14];M.bl21@INST_HI[15];PJ2@INST_HI[17:16]	00000000	29200000	00000000	b7fc0000	00000000	07fc0000	ffffff00	0003ce0f	000000ff	000031f0	00000000	48000000	load_v_tex_mip p0, v0-v3, v2-v9, s16-s23, un, dmask:1111
lg200	load_v_tex_mip_pck	6	tex-buffer	memory-image	Loads the components selected by dmask from the image descriptor at the vector coordinates into the vector destination. The mip form includes the mip-level selector in the resource operand. Packed forms convert the resource representation before writing the destination.	compute-image	resource-payload	RK8x8VJ8x8VD8x4M.dmask4M.na1M.un1M.rsz1M.bl11M.bl21PJ2	RK8x8@INST_LO[15:8];VJ8x8@INST_LO[23:16];VD8x4@INST_LO[31:24];M.dmask4@INST_HI[3:0];M.na1@INST_HI[9];M.un1@INST_HI[10];M.rsz1@INST_HI[11];M.bl11@INST_HI[14];M.bl21@INST_HI[15];PJ2@INST_HI[17:16]	00000000	212c0000	00000000	b7fc0000	00000000	07fc0000	ffffff00	0003ce0f	000000ff	000031f0	00000000	48000000	load_v_tex_mip_pck p0, v0-v3, v2-v9, s16-s23, un, dmask:1111
lg200	load_v_tex_mip_pck_sgn	6	tex-buffer	memory-image	Loads the components selected by dmask from the image descriptor at the vector coordinates into the vector destination. The mip form includes the mip-level selector in the resource operand. Packed forms convert the resource representation before writing the destination. The signed packed form preserves signed component interpretation.	compute-image	resource-payload	RK8x8VJ8x8VD8x4M.dmask4M.na1M.un1M.rsz1M.bl11M.bl21PJ2	RK8x8@INST_LO[15:8];VJ8x8@INST_LO[23:16];VD8x4@INST_LO[31:24];M.dmask4@INST_HI[3:0];M.na1@INST_HI[9];M.un1@INST_HI[10];M.rsz1@INST_HI[11];M.bl11@INST_HI[14];M.bl21@INST_HI[15];PJ2@INST_HI[17:16]	00000000	21300000	00000000	b7fc0000	00000000	07fc0000	ffffff00	0003ce0f	000000ff	000031f0	00000000	48000000	load_v_tex_mip_pck_sgn p0, v0-v3, v2-v9, s16-s23, un, dmask:1111
lg200	load_v_tex_pck	6	tex-buffer	memory-image	Loads the components selected by dmask from the image descriptor at the vector coordinates into the vector destination. Packed forms convert the resource representation before writing the destination.	compute-image	resource-payload	RK8x8VJ8x8VD8x4M.dmask4M.na1M.un1M.rsz1M.bl11M.bl21PJ2	RK8x8@INST_LO[15:8];VJ8x8@INST_LO[23:16];VD8x4@INST_LO[31:24];M.dmask4@INST_HI[3:0];M.na1@INST_HI[9];M.un1@INST_HI[10];M.rsz1@INST_HI[11];M.bl11@INST_HI[14];M.bl21@INST_HI[15];PJ2@INST_HI[17:16]	00000000	21240000	00000000	b7fc0000	00000000	07fc0000	ffffff00	0003ce0f	000000ff	000031f0	00000000	48000000	load_v_tex_pck p0, v0-v3, v2-v9, s16-s23, un, dmask:1111
lg200	load_v_tex_pck_sgn	6	tex-buffer	memory-image	Loads the components selected by dmask from the image descriptor at the vector coordinates into the vector destination. Packed forms convert the resource representation before writing the destination. The signed packed form preserves signed component interpretation.	compute-image	resource-payload	RK8x8VJ8x8VD8x4M.dmask4M.na1M.un1M.rsz1M.bl11M.bl21PJ2	RK8x8@INST_LO[15:8];VJ8x8@INST_LO[23:16];VD8x4@INST_LO[31:24];M.dmask4@INST_HI[3:0];M.na1@INST_HI[9];M.un1@INST_HI[10];M.rsz1@INST_HI[11];M.bl11@INST_HI[14];M.bl21@INST_HI[15];PJ2@INST_HI[17:16]	00000000	21280000	00000000	b7fc0000	00000000	07fc0000	ffffff00	0003ce0f	000000ff	000031f0	00000000	48000000	load_v_tex_pck_sgn p0, v0-v3, v2-v9, s16-s23, un, dmask:1111
lg200	nop	1	sop-imm-control	control-prefix	Performs no architectural value or resource operation and advances to the next instruction.	compute-buffer	control-effect	-	-	00000000	40300000	00000000	d07f0000	00000000	007f0000	00000000	00000000	ffffffff	0000ffff	00000000	2f800000	nop
lg200	prefix_sw	11	prefix	control-prefix	Sets the instruction-prefix state used by the following operation to the SW mode encoded by the immediate. Prefix state is consumed by the execution environment and produces no value result.	special	control-effect	IJ32	IJ32@INST_LO[31:0]	00000000	7fff0000	00000000	7fffc000	00000000	0000c000	ffffffff	00000000	00000000	00003fff	00000000	80000000	prefix_sw 0x0001fe00
lg200	prefix_tp4	11	prefix	control-prefix	Sets the instruction-prefix state used by the following operation to the TP4 mode encoded by the immediate. Prefix state is consumed by the execution environment and produces no value result.	special	control-effect	IJ32	IJ32@INST_LO[31:0]	00000000	7fff4000	00000000	7fffc000	00000000	0000c000	ffffffff	00000000	00000000	00003fff	00000000	80000000	prefix_tp4 0x0001fe00
lg200	prefix_tp8	11	prefix	control-prefix	Sets the instruction-prefix state used by the following operation to the TP8 mode encoded by the immediate. Prefix state is consumed by the execution environment and produces no value result.	special	control-effect	IJ32	IJ32@INST_LO[31:0]	00000000	7fff8000	00000000	7fffc000	00000000	0000c000	ffffffff	00000000	00000000	00003fff	00000000	80000000	prefix_tp8 0x0001fe00
lg200	rfe	1	sop-imm-control	control-prefix	Restores the exception return state from the scalar-register pair and transfers control by the encoded displacement. It is an execution-environment operation and produces no value result.	special	control-effect	GJ8x2X0_32	GJ8x2@INST_HI[7:0];X0_32@INST_LO[31:0]	00000000	40290000	00000000	d07f0000	00000000	007f0000	ffffffff	000000ff	00000000	0000ff00	00000000	2f800000	rfe s0-s1, 0x00000000
lg200	s_abs_i32	0	sop	scalar-alu	Computes the absolute value of the signed 32-bit integer source and writes the result to the scalar destination. The scalar ALU form also updates SCC.	compute-buffer	integer-value	GJ8RD8	GJ8@INST_LO[7:0];RD8@INST_LO[31:24]	00000000	0000000b	00000000	700003ff	00000000	000003ff	ff0000ff	00000000	00ffff00	8ffffc00	00000000	00000000	s_abs_i32 (scc) s0, zero
lg200	s_absdiff_i32	0	sop	scalar-alu	Computes the absolute difference of the two signed 32-bit integer sources and writes the result to the scalar destination. The scalar ALU form also updates SCC.	compute-buffer	integer-value	GJ8RK8RD8	GJ8@INST_LO[7:0];RK8@INST_LO[15:8];RD8@INST_LO[31:24]	00000000	00000011	00000000	700003ff	00000000	000003ff	ff00ffff	00000000	00ff0000	8ffffc00	00000000	00000000	s_absdiff_i32 (scc) s0, zero, s0
lg200	s_absdiff_imm_i32	1	sop-imm-control	scalar-alu	Computes the absolute difference of the two signed 32-bit integer sources and writes the result to the scalar destination. The encoded immediate supplies the final arithmetic or logical source operand. The scalar ALU form also updates SCC.	compute-buffer	integer-value	IK32RJ8RD8	IK32@INST_LO[31:0];RJ8@INST_HI[7:0];RD8@INST_HI[15:8]	00000000	400f0000	00000000	d07f0000	00000000	007f0000	ffffffff	0000ffff	00000000	00000000	00000000	2f800000	s_absdiff_imm_i32 (scc) s0, s0, 0x00000000
lg200	s_absdiff_imm_u32	1	sop-imm-control	scalar-alu	Computes the absolute difference of the two unsigned 32-bit integer sources and writes the result to the scalar destination. The encoded immediate supplies the final arithmetic or logical source operand. The scalar ALU form also updates SCC.	compute-buffer	integer-value	IK32RJ8RD8	IK32@INST_LO[31:0];RJ8@INST_HI[7:0];RD8@INST_HI[15:8]	00000000	400e0000	00000000	d07f0000	00000000	007f0000	ffffffff	0000ffff	00000000	00000000	00000000	2f800000	s_absdiff_imm_u32 (scc) s0, s0, 0x00000000
lg200	s_absdiff_u32	0	sop	scalar-alu	Computes the absolute difference of the two unsigned 32-bit integer sources and writes the result to the scalar destination. The scalar ALU form also updates SCC.	compute-buffer	integer-value	GJ8RK8RD8	GJ8@INST_LO[7:0];RK8@INST_LO[15:8];RD8@INST_LO[31:24]	00000000	00000010	00000000	700003ff	00000000	000003ff	ff00ffff	00000000	00ff0000	8ffffc00	00000000	00000000	s_absdiff_u32 (scc) s0, zero, s0
lg200	s_add_i32	0	sop	scalar-alu	Adds the two signed 32-bit integer sources and writes the result to the scalar destination. The scalar ALU form also updates SCC.	compute-buffer	integer-value	GJ8RK8RD8	GJ8@INST_LO[7:0];RK8@INST_LO[15:8];RD8@INST_LO[31:24]	00000000	00000001	00000000	700003ff	00000000	000003ff	ff00ffff	00000000	00ff0000	8ffffc00	00000000	00000000	s_add_i32 (scc) s0, zero, s0
lg200	s_add_imm_i32	1	sop-imm-control	scalar-alu	Adds the two signed 32-bit integer sources and writes the result to the scalar destination. The encoded immediate supplies the final arithmetic or logical source operand. The scalar ALU form also updates SCC.	compute-buffer	integer-value	IK32RJ8RD8	IK32@INST_LO[31:0];RJ8@INST_HI[7:0];RD8@INST_HI[15:8]	00000000	40010000	00000000	f07f0000	00000000	007f0000	ffffffff	0000ffff	00000000	00000000	00000000	0f800000	s_add_imm_i32 (scc) s0, s0, 0x00000000
lg200	s_add_imm_u32	1	sop-imm-control	scalar-alu	Adds the two unsigned 32-bit integer sources and writes the result to the scalar destination. The encoded immediate supplies the final arithmetic or logical source operand. The scalar ALU form also updates SCC.	compute-buffer	integer-value	IK32RJ8RD8	IK32@INST_LO[31:0];RJ8@INST_HI[7:0];RD8@INST_HI[15:8]	00000000	40000000	00000000	f07f0000	00000000	007f0000	ffffffff	0000ffff	00000000	00000000	00000000	0f800000	s_add_imm_u32 (scc) s0, s0, 0x00000000
lg200	s_add_u32	0	sop	scalar-alu	Adds the two unsigned 32-bit integer sources and writes the result to the scalar destination. The scalar ALU form also updates SCC.	compute-buffer	integer-value	GJ8RK8RD8	GJ8@INST_LO[7:0];RK8@INST_LO[15:8];RD8@INST_LO[31:24]	00000000	00000000	00000000	700003ff	00000000	000003ff	ff00ffff	00000000	00ff0000	8ffffc00	00000000	00000000	s_add_u32 (scc) s0, zero, s0
lg200	s_addc_imm_u32	1	sop-imm-control	scalar-alu	Adds the two unsigned 32-bit integer sources and the low carry-in bit and writes the result to the scalar destination. The encoded immediate supplies the final arithmetic or logical source operand. The scalar ALU form also updates SCC.	compute-buffer	integer-value	IK32RJ8RD8	IK32@INST_LO[31:0];RJ8@INST_HI[7:0];RD8@INST_HI[15:8]	00000000	40080000	00000000	f07f0000	00000000	007f0000	ffffffff	0000ffff	00000000	00000000	00000000	0f800000	s_addc_imm_u32 (scc) s0, s0, 0x00000000, SCC
lg200	s_addc_u32	0	sop	scalar-alu	Adds the two unsigned 32-bit integer sources and the low carry-in bit and writes the result to the scalar destination. The scalar ALU form also updates SCC.	compute-buffer	integer-value	GJ8RK8RA8RD8	GJ8@INST_LO[7:0];RK8@INST_LO[15:8];RA8@INST_LO[23:16];RD8@INST_LO[31:24]	00000000	00000009	00000000	700003ff	00000000	000003ff	ffffffff	00000000	00000000	8ffffc00	00000000	00000000	s_addc_u32 (scc) s0, zero, s0, s0
lg200	s_and_b32	0	sop	scalar-alu	Computes the bitwise AND of the two 32-bit sources and writes the result to the scalar destination. The scalar ALU form also updates SCC.	compute-buffer	integer-value	GJ8RK8RD8	GJ8@INST_LO[7:0];RK8@INST_LO[15:8];RD8@INST_LO[31:24]	00000000	00000014	00000000	700003ff	00000000	000003ff	ff00ffff	00000000	00ff0000	8ffffc00	00000000	00000000	s_and_b32 (scc) s0, zero, s0
lg200	s_and_imm_b32	1	sop-imm-control	scalar-alu	Computes the bitwise AND of the two 32-bit sources and writes the result to the scalar destination. The encoded immediate supplies the final arithmetic or logical source operand. The scalar ALU form also updates SCC.	compute-buffer	integer-value	IK32RJ8RD8	IK32@INST_LO[31:0];RJ8@INST_HI[7:0];RD8@INST_HI[15:8]	00000000	40100000	00000000	d07f0000	00000000	007f0000	ffffffff	0000ffff	00000000	00000000	00000000	2f800000	s_and_imm_b32 (scc) s0, s0, 0x00000000
lg200	s_andn1_b32	0	sop	scalar-alu	Computes the bitwise AND of the complemented first source and the second source and writes the result to the scalar destination. The scalar ALU form also updates SCC.	compute-buffer	integer-value	GJ8RK8RD8	GJ8@INST_LO[7:0];RK8@INST_LO[15:8];RD8@INST_LO[31:24]	00000000	0000001f	00000000	700003ff	00000000	000003ff	ff00ffff	00000000	00ff0000	8ffffc00	00000000	00000000	s_andn1_b32 (scc) s0, zero, s0
lg200	s_andn1_imm_b32	1	sop-imm-control	scalar-alu	Computes the bitwise AND of the complemented first source and the second source and writes the result to the scalar destination. The encoded immediate supplies the final arithmetic or logical source operand. The scalar ALU form also updates SCC.	compute-buffer	integer-value	IK32RJ8RD8	IK32@INST_LO[31:0];RJ8@INST_HI[7:0];RD8@INST_HI[15:8]	00000000	401a0000	00000000	d07f0000	00000000	007f0000	ffffffff	0000ffff	00000000	00000000	00000000	2f800000	s_andn1_imm_b32 (scc) s0, s0, 0x00000000
lg200	s_andn2_b32	0	sop	scalar-alu	Computes the bitwise AND of the first source and the complemented second source and writes the result to the scalar destination. The scalar ALU form also updates SCC.	compute-buffer	integer-value	GJ8RK8RD8	GJ8@INST_LO[7:0];RK8@INST_LO[15:8];RD8@INST_LO[31:24]	00000000	0000001d	00000000	700003ff	00000000	000003ff	ff00ffff	00000000	00ff0000	8ffffc00	00000000	00000000	s_andn2_b32 (scc) s0, zero, s0
lg200	s_andn2_imm_b32	1	sop-imm-control	scalar-alu	Computes the bitwise AND of the first source and the complemented second source and writes the result to the scalar destination. The encoded immediate supplies the final arithmetic or logical source operand. The scalar ALU form also updates SCC.	compute-buffer	integer-value	IK32RJ8RD8	IK32@INST_LO[31:0];RJ8@INST_HI[7:0];RD8@INST_HI[15:8]	00000000	40180000	00000000	d07f0000	00000000	007f0000	ffffffff	0000ffff	00000000	00000000	00000000	2f800000	s_andn2_imm_b32 (scc) s0, s0, 0x00000000
lg200	s_bcnt_0_b32	0	sop	scalar-alu	Counts zero bits in the 32-bit source and writes the result to the scalar destination. The scalar ALU form also updates SCC.	compute-buffer	integer-value	GJ8RD8	GJ8@INST_LO[7:0];RD8@INST_LO[31:24]	00000000	00000027	00000000	700003ff	00000000	000003ff	ff0000ff	00000000	00ffff00	8ffffc00	00000000	00000000	s_bcnt_0_b32 (scc) s0, zero
lg200	s_bcnt_1_b32	0	sop	scalar-alu	Counts one bits in the 32-bit source and writes the result to the scalar destination. The scalar ALU form also updates SCC.	compute-buffer	integer-value	GJ8RD8	GJ8@INST_LO[7:0];RD8@INST_LO[31:24]	00000000	00000028	00000000	700003ff	00000000	000003ff	ff0000ff	00000000	00ffff00	8ffffc00	00000000	00000000	s_bcnt_1_b32 (scc) s0, zero
lg200	s_bfe_i32	0	sop	scalar-alu	Extracts the bit field selected by the offset and width operands and writes the result to the scalar destination. The scalar ALU form also updates SCC.	compute-buffer	integer-value	GJ8RK8RA8RD8	GJ8@INST_LO[7:0];RK8@INST_LO[15:8];RA8@INST_LO[23:16];RD8@INST_LO[31:24]	00000000	00000026	00000000	700003ff	00000000	000003ff	ffffffff	00000000	00000000	8ffffc00	00000000	00000000	s_bfe_i32 (scc) s0, zero, s0, s0
lg200	s_bfe_u32	0	sop	scalar-alu	Extracts the bit field selected by the offset and width operands and writes the result to the scalar destination. The scalar ALU form also updates SCC.	compute-buffer	integer-value	GJ8RK8RA8RD8	GJ8@INST_LO[7:0];RK8@INST_LO[15:8];RA8@INST_LO[23:16];RD8@INST_LO[31:24]	00000000	00000025	00000000	700003ff	00000000	000003ff	ffffffff	00000000	00000000	8ffffc00	00000000	00000000	s_bfe_u32 (scc) s0, zero, s0, s0
lg200	s_bfm_b32	0	sop	scalar-alu	Constructs a contiguous bit mask from the offset and width operands and writes the result to the scalar destination. The scalar ALU form also updates SCC.	compute-buffer	integer-value	GJ8RK8RD8	GJ8@INST_LO[7:0];RK8@INST_LO[15:8];RD8@INST_LO[31:24]	00000000	0000002f	00000000	700003ff	00000000	000003ff	ff00ffff	00000000	00ff0000	8ffffc00	00000000	00000000	s_bfm_b32 (scc) s0, zero, s0
lg200	s_bfrev_b32	0	sop	scalar-alu	Reverses the bit order of the 32-bit source and writes the result to the scalar destination. The scalar ALU form also updates SCC.	compute-buffer	integer-value	GJ8RD8	GJ8@INST_LO[7:0];RD8@INST_LO[31:24]	00000000	00000029	00000000	700003ff	00000000	000003ff	ff0000ff	00000000	00ffff00	8ffffc00	00000000	00000000	s_bfrev_b32 (scc) s0, zero
lg200	s_bitcmp0_b32	0	sop	scalar-alu	Tests whether the selected source bit is zero and writes 0xffff for true or zero for false to the scalar destination.	compute-buffer	integer-value	GJ8RK8RD8	GJ8@INST_LO[7:0];RK8@INST_LO[15:8];RD8@INST_LO[31:24]	00000000	00000034	00000000	700003ff	00000000	000003ff	ff00ffff	00000000	00ff0000	8ffffc00	00000000	00000000	s_bitcmp0_b32 s0, zero, s0
lg200	s_bitcmp1_b32	0	sop	scalar-alu	Tests whether the selected source bit is one and writes 0xffff for true or zero for false to the scalar destination.	compute-buffer	integer-value	GJ8RK8RD8	GJ8@INST_LO[7:0];RK8@INST_LO[15:8];RD8@INST_LO[31:24]	00000000	00000035	00000000	700003ff	00000000	000003ff	ff00ffff	00000000	00ff0000	8ffffc00	00000000	00000000	s_bitcmp1_b32 s0, zero, s0
lg200	s_bitcmprev0_imm_b32	1	sop-imm-control	scalar-alu	Tests whether the immediate-selected source bit is zero and writes the result to the scalar destination. The encoded immediate supplies the final arithmetic or logical source operand.	compute-buffer	integer-value	IK32RJ8RD8	IK32@INST_LO[31:0];RJ8@INST_HI[7:0];RD8@INST_HI[15:8]	00000000	40220000	00000000	d07f0000	00000000	007f0000	ffffffff	0000ffff	00000000	00000000	00000000	2f800000	s_bitcmprev0_imm_b32 s0, s0, 0x00000000
lg200	s_bitcmprev1_imm_b32	1	sop-imm-control	scalar-alu	Tests whether the immediate-selected source bit is one and writes the result to the scalar destination. The encoded immediate supplies the final arithmetic or logical source operand.	compute-buffer	integer-value	IK32RJ8RD8	IK32@INST_LO[31:0];RJ8@INST_HI[7:0];RD8@INST_HI[15:8]	00000000	40230000	00000000	d07f0000	00000000	007f0000	ffffffff	0000ffff	00000000	00000000	00000000	2f800000	s_bitcmprev1_imm_b32 s0, s0, 0x00000000
lg200	s_bitset0_b32	0	sop	scalar-alu	Clears the selected bit in the 32-bit source and writes the result to the scalar destination. The scalar ALU form also updates SCC.	compute-buffer	integer-value	GJ8RD8	GJ8@INST_LO[7:0];RD8@INST_LO[31:24]	00000000	00000032	00000000	700003ff	00000000	000003ff	ff0000ff	00000000	00ffff00	8ffffc00	00000000	00000000	s_bitset0_b32 (scc) s0, zero
lg200	s_bitset1_b32	0	sop	scalar-alu	Sets the selected bit in the 32-bit source and writes the result to the scalar destination. The scalar ALU form also updates SCC.	compute-buffer	integer-value	GJ8RD8	GJ8@INST_LO[7:0];RD8@INST_LO[31:24]	00000000	00000033	00000000	700003ff	00000000	000003ff	ff0000ff	00000000	00ffff00	8ffffc00	00000000	00000000	s_bitset1_b32 (scc) s0, zero
lg200	s_clb_b32	0	sop	scalar-alu	Counts redundant leading sign bits in the 32-bit source and writes the result to the scalar destination. The scalar ALU form also updates SCC.	compute-buffer	integer-value	GJ8RD8	GJ8@INST_LO[7:0];RD8@INST_LO[31:24]	00000000	0000002c	00000000	700003ff	00000000	000003ff	ff0000ff	00000000	00ffff00	8ffffc00	00000000	00000000	s_clb_b32 (scc) s0, zero
lg200	s_clo_b32	0	sop	scalar-alu	Counts leading one bits in the 32-bit source and writes the result to the scalar destination. The scalar ALU form also updates SCC.	compute-buffer	integer-value	GJ8RD8	GJ8@INST_LO[7:0];RD8@INST_LO[31:24]	00000000	0000002a	00000000	700003ff	00000000	000003ff	ff0000ff	00000000	00ffff00	8ffffc00	00000000	00000000	s_clo_b32 (scc) s0, zero
lg200	s_clz_b32	0	sop	scalar-alu	Counts leading zero bits in the 32-bit source and writes the result to the scalar destination. The scalar ALU form also updates SCC.	compute-buffer	integer-value	GJ8RD8	GJ8@INST_LO[7:0];RD8@INST_LO[31:24]	00000000	0000002b	00000000	700003ff	00000000	000003ff	ff0000ff	00000000	00ffff00	8ffffc00	00000000	00000000	s_clz_b32 (scc) s0, zero
lg200	s_cmp	0	sop	scalar-alu	Compares the two 32-bit scalar operands for equality and writes 0xffff for true or zero for false to the scalar destination. The comparison does not modify either source.	compute-buffer	integer-value	GJ8RK8RD8	GJ8@INST_LO[7:0];RK8@INST_LO[15:8];RD8@INST_LO[31:24]	00000000	00000037	00000000	700003ff	00000000	000003ff	ff00ffff	00000000	00ff0000	8ffffc00	00000000	00000000	s_cmp (scc) s0, zero, s0
lg200	s_cmp_eq_i32	0	sop	scalar-alu	Compares the two signed 32-bit integer operands with the equality predicate, and writes 0xffff for true or zero for false to SCC or the scalar destination. The comparison does not modify either source.	compute-buffer	integer-value	GJ8RK8RD8	GJ8@INST_LO[7:0];RK8@INST_LO[15:8];RD8@INST_LO[31:24]	00000000	00000038	00000000	700003ff	00000000	000003ff	ff00ffff	00000000	00ff0000	8ffffc00	00000000	00000000	s_cmp_eq_i32 s0, zero, s0
lg200	s_cmp_eq_u32	0	sop	scalar-alu	Compares the two unsigned 32-bit integer operands with the equality predicate, and writes 0xffff for true or zero for false to SCC or the scalar destination. The comparison does not modify either source.	compute-buffer	integer-value	GJ8RK8RD8	GJ8@INST_LO[7:0];RK8@INST_LO[15:8];RD8@INST_LO[31:24]	00000000	0000003e	00000000	700003ff	00000000	000003ff	ff00ffff	00000000	00ff0000	8ffffc00	00000000	00000000	s_cmp_eq_u32 s0, zero, s0
lg200	s_cmp_eq_u64	0	sop	scalar-alu	Compares the two unsigned 64-bit integer operands with the equality predicate, and writes 0xffff for true or zero for false to SCC or the scalar destination. The comparison does not modify either source. [HW-observed 2026-08] LOONGGPU_DELTA: on the PS carrier the u64 compare rows execute as (src[1] pair high word != 0) (launch-state dependent observation); the nominal 64-bit comparison is the CPU model.	compute-buffer	integer-value	GJ8RK8x2RD8	GJ8@INST_LO[7:0];RK8x2@INST_LO[15:8];RD8@INST_LO[31:24]	00000000	00000044	00000000	700003ff	00000000	000003ff	ff00ffff	00000000	00ff0000	8ffffc00	00000000	00000000	s_cmp_eq_u64 s0, zero, s0-s1
lg200	s_cmp_ge_i32	0	sop	scalar-alu	Compares the two signed 32-bit integer operands with the greater-than-or-equal predicate, and writes 0xffff for true or zero for false to SCC or the scalar destination. The comparison does not modify either source.	compute-buffer	integer-value	GJ8RK8RD8	GJ8@INST_LO[7:0];RK8@INST_LO[15:8];RD8@INST_LO[31:24]	00000000	0000003b	00000000	700003ff	00000000	000003ff	ff00ffff	00000000	00ff0000	8ffffc00	00000000	00000000	s_cmp_ge_i32 s0, zero, s0
lg200	s_cmp_ge_u32	0	sop	scalar-alu	Compares the two unsigned 32-bit integer operands with the greater-than-or-equal predicate, and writes 0xffff for true or zero for false to SCC or the scalar destination. The comparison does not modify either source.	compute-buffer	integer-value	GJ8RK8RD8	GJ8@INST_LO[7:0];RK8@INST_LO[15:8];RD8@INST_LO[31:24]	00000000	00000041	00000000	700003ff	00000000	000003ff	ff00ffff	00000000	00ff0000	8ffffc00	00000000	00000000	s_cmp_ge_u32 s0, zero, s0
lg200	s_cmp_gt_i32	0	sop	scalar-alu	Compares the two signed 32-bit integer operands with the greater-than predicate, and writes 0xffff for true or zero for false to SCC or the scalar destination. The comparison does not modify either source.	compute-buffer	integer-value	GJ8RK8RD8	GJ8@INST_LO[7:0];RK8@INST_LO[15:8];RD8@INST_LO[31:24]	00000000	0000003a	00000000	700003ff	00000000	000003ff	ff00ffff	00000000	00ff0000	8ffffc00	00000000	00000000	s_cmp_gt_i32 s0, zero, s0
lg200	s_cmp_gt_u32	0	sop	scalar-alu	Compares the two unsigned 32-bit integer operands with the greater-than predicate, and writes 0xffff for true or zero for false to SCC or the scalar destination. The comparison does not modify either source.	compute-buffer	integer-value	GJ8RK8RD8	GJ8@INST_LO[7:0];RK8@INST_LO[15:8];RD8@INST_LO[31:24]	00000000	00000040	00000000	700003ff	00000000	000003ff	ff00ffff	00000000	00ff0000	8ffffc00	00000000	00000000	s_cmp_gt_u32 s0, zero, s0
lg200	s_cmp_imm	1	sop-imm-control	scalar-alu	Compares the 32-bit scalar source with the encoded immediate for equality and writes 0xffff for true or zero for false to SCC. The comparison does not modify the source.	compute-buffer	integer-value	IK32RJ8	IK32@INST_LO[31:0];RJ8@INST_HI[7:0]	00000000	40240000	00000000	d07f0000	00000000	007f0000	00000000	00000000	ffffffff	0000ffff	00000000	2f800000	s_cmp_imm SCC, s0, 0x00000000
lg200	s_cmp_imm_eq_i32	1	sop-imm-control	scalar-alu	Compares the two signed 32-bit integer operands using the encoded immediate as the second operand, with the equality predicate, and writes 0xffff for true or zero for false to SCC or the scalar destination. The comparison does not modify either source.	compute-buffer	integer-value	IK32RJ8	IK32@INST_LO[31:0];RJ8@INST_HI[7:0]	00000000	40380000	00000000	d07f0000	00000000	007f0000	ffffffff	000000ff	00000000	0000ff00	00000000	2f800000	s_cmp_imm_eq_i32 SCC, s0, 0x00000000
lg200	s_cmp_imm_eq_u32	1	sop-imm-control	scalar-alu	Compares the two unsigned 32-bit integer operands using the encoded immediate as the second operand, with the equality predicate, and writes 0xffff for true or zero for false to SCC or the scalar destination. The comparison does not modify either source.	compute-buffer	integer-value	IK32RJ8	IK32@INST_LO[31:0];RJ8@INST_HI[7:0]	00000000	403e0000	00000000	d07f0000	00000000	007f0000	ffffffff	000000ff	00000000	0000ff00	00000000	2f800000	s_cmp_imm_eq_u32 SCC, s0, 0x00000000
lg200	s_cmp_imm_ge_i32	1	sop-imm-control	scalar-alu	Compares the two signed 32-bit integer operands using the encoded immediate as the second operand, with the greater-than-or-equal predicate, and writes 0xffff for true or zero for false to SCC or the scalar destination. The comparison does not modify either source.	compute-buffer	integer-value	IK32RJ8	IK32@INST_LO[31:0];RJ8@INST_HI[7:0]	00000000	403b0000	00000000	d07f0000	00000000	007f0000	ffffffff	000000ff	00000000	0000ff00	00000000	2f800000	s_cmp_imm_ge_i32 SCC, s0, 0x00000000
lg200	s_cmp_imm_ge_u32	1	sop-imm-control	scalar-alu	Compares the two unsigned 32-bit integer operands using the encoded immediate as the second operand, with the greater-than-or-equal predicate, and writes 0xffff for true or zero for false to SCC or the scalar destination. The comparison does not modify either source.	compute-buffer	integer-value	IK32RJ8	IK32@INST_LO[31:0];RJ8@INST_HI[7:0]	00000000	40410000	00000000	d07f0000	00000000	007f0000	ffffffff	000000ff	00000000	0000ff00	00000000	2f800000	s_cmp_imm_ge_u32 SCC, s0, 0x00000000
lg200	s_cmp_imm_gt_i32	1	sop-imm-control	scalar-alu	Compares the two signed 32-bit integer operands using the encoded immediate as the second operand, with the greater-than predicate, and writes 0xffff for true or zero for false to SCC or the scalar destination. The comparison does not modify either source.	compute-buffer	integer-value	IK32RJ8	IK32@INST_LO[31:0];RJ8@INST_HI[7:0]	00000000	403a0000	00000000	d07f0000	00000000	007f0000	ffffffff	000000ff	00000000	0000ff00	00000000	2f800000	s_cmp_imm_gt_i32 SCC, s0, 0x00000000
lg200	s_cmp_imm_gt_u32	1	sop-imm-control	scalar-alu	Compares the two unsigned 32-bit integer operands using the encoded immediate as the second operand, with the greater-than predicate, and writes 0xffff for true or zero for false to SCC or the scalar destination. The comparison does not modify either source.	compute-buffer	integer-value	IK32RJ8	IK32@INST_LO[31:0];RJ8@INST_HI[7:0]	00000000	40400000	00000000	d07f0000	00000000	007f0000	ffffffff	000000ff	00000000	0000ff00	00000000	2f800000	s_cmp_imm_gt_u32 SCC, s0, 0x00000000
lg200	s_cmp_imm_le_i32	1	sop-imm-control	scalar-alu	Compares the two signed 32-bit integer operands using the encoded immediate as the second operand, with the less-than-or-equal predicate, and writes 0xffff for true or zero for false to SCC or the scalar destination. The comparison does not modify either source.	compute-buffer	integer-value	IK32RJ8	IK32@INST_LO[31:0];RJ8@INST_HI[7:0]	00000000	403d0000	00000000	d07f0000	00000000	007f0000	ffffffff	000000ff	00000000	0000ff00	00000000	2f800000	s_cmp_imm_le_i32 SCC, s0, 0x00000000
lg200	s_cmp_imm_le_u32	1	sop-imm-control	scalar-alu	Compares the two unsigned 32-bit integer operands using the encoded immediate as the second operand, with the less-than-or-equal predicate, and writes 0xffff for true or zero for false to SCC or the scalar destination. The comparison does not modify either source.	compute-buffer	integer-value	IK32RJ8	IK32@INST_LO[31:0];RJ8@INST_HI[7:0]	00000000	40430000	00000000	d07f0000	00000000	007f0000	ffffffff	000000ff	00000000	0000ff00	00000000	2f800000	s_cmp_imm_le_u32 SCC, s0, 0x00000000
lg200	s_cmp_imm_lt_i32	1	sop-imm-control	scalar-alu	Compares the two signed 32-bit integer operands using the encoded immediate as the second operand, with the less-than predicate, and writes 0xffff for true or zero for false to SCC or the scalar destination. The comparison does not modify either source.	compute-buffer	integer-value	IK32RJ8	IK32@INST_LO[31:0];RJ8@INST_HI[7:0]	00000000	403c0000	00000000	d07f0000	00000000	007f0000	ffffffff	000000ff	00000000	0000ff00	00000000	2f800000	s_cmp_imm_lt_i32 SCC, s0, 0x00000000
lg200	s_cmp_imm_lt_u32	1	sop-imm-control	scalar-alu	Compares the two unsigned 32-bit integer operands using the encoded immediate as the second operand, with the less-than predicate, and writes 0xffff for true or zero for false to SCC or the scalar destination. The comparison does not modify either source.	compute-buffer	integer-value	IK32RJ8	IK32@INST_LO[31:0];RJ8@INST_HI[7:0]	00000000	40420000	00000000	d07f0000	00000000	007f0000	ffffffff	000000ff	00000000	0000ff00	00000000	2f800000	s_cmp_imm_lt_u32 SCC, s0, 0x00000000
lg200	s_cmp_imm_ne_i32	1	sop-imm-control	scalar-alu	Compares the two signed 32-bit integer operands using the encoded immediate as the second operand, with the inequality predicate, and writes 0xffff for true or zero for false to SCC or the scalar destination. The comparison does not modify either source.	compute-buffer	integer-value	IK32RJ8	IK32@INST_LO[31:0];RJ8@INST_HI[7:0]	00000000	40390000	00000000	d07f0000	00000000	007f0000	ffffffff	000000ff	00000000	0000ff00	00000000	2f800000	s_cmp_imm_ne_i32 SCC, s0, 0x00000000
lg200	s_cmp_imm_ne_u32	1	sop-imm-control	scalar-alu	Compares the two unsigned 32-bit integer operands using the encoded immediate as the second operand, with the inequality predicate, and writes 0xffff for true or zero for false to SCC or the scalar destination. The comparison does not modify either source.	compute-buffer	integer-value	IK32RJ8	IK32@INST_LO[31:0];RJ8@INST_HI[7:0]	00000000	403f0000	00000000	d07f0000	00000000	007f0000	ffffffff	000000ff	00000000	0000ff00	00000000	2f800000	s_cmp_imm_ne_u32 SCC, s0, 0x00000000
lg200	s_cmp_le_i32	0	sop	scalar-alu	Compares the two signed 32-bit integer operands with the less-than-or-equal predicate, and writes 0xffff for true or zero for false to SCC or the scalar destination. The comparison does not modify either source.	compute-buffer	integer-value	GJ8RK8RD8	GJ8@INST_LO[7:0];RK8@INST_LO[15:8];RD8@INST_LO[31:24]	00000000	0000003d	00000000	700003ff	00000000	000003ff	ff00ffff	00000000	00ff0000	8ffffc00	00000000	00000000	s_cmp_le_i32 s0, zero, s0
lg200	s_cmp_le_u32	0	sop	scalar-alu	Compares the two unsigned 32-bit integer operands with the less-than-or-equal predicate, and writes 0xffff for true or zero for false to SCC or the scalar destination. The comparison does not modify either source.	compute-buffer	integer-value	GJ8RK8RD8	GJ8@INST_LO[7:0];RK8@INST_LO[15:8];RD8@INST_LO[31:24]	00000000	00000043	00000000	700003ff	00000000	000003ff	ff00ffff	00000000	00ff0000	8ffffc00	00000000	00000000	s_cmp_le_u32 s0, zero, s0
lg200	s_cmp_lt_i32	0	sop	scalar-alu	Compares the two signed 32-bit integer operands with the less-than predicate, and writes 0xffff for true or zero for false to SCC or the scalar destination. The comparison does not modify either source.	compute-buffer	integer-value	GJ8RK8RD8	GJ8@INST_LO[7:0];RK8@INST_LO[15:8];RD8@INST_LO[31:24]	00000000	0000003c	00000000	700003ff	00000000	000003ff	ff00ffff	00000000	00ff0000	8ffffc00	00000000	00000000	s_cmp_lt_i32 s0, zero, s0
lg200	s_cmp_lt_u32	0	sop	scalar-alu	Compares the two unsigned 32-bit integer operands with the less-than predicate, and writes 0xffff for true or zero for false to SCC or the scalar destination. The comparison does not modify either source.	compute-buffer	integer-value	GJ8RK8RD8	GJ8@INST_LO[7:0];RK8@INST_LO[15:8];RD8@INST_LO[31:24]	00000000	00000042	00000000	700003ff	00000000	000003ff	ff00ffff	00000000	00ff0000	8ffffc00	00000000	00000000	s_cmp_lt_u32 s0, zero, s0
lg200	s_cmp_ne_i32	0	sop	scalar-alu	Compares the two signed 32-bit integer operands with the inequality predicate, and writes 0xffff for true or zero for false to SCC or the scalar destination. The comparison does not modify either source.	compute-buffer	integer-value	GJ8RK8RD8	GJ8@INST_LO[7:0];RK8@INST_LO[15:8];RD8@INST_LO[31:24]	00000000	00000039	00000000	700003ff	00000000	000003ff	ff00ffff	00000000	00ff0000	8ffffc00	00000000	00000000	s_cmp_ne_i32 s0, zero, s0
lg200	s_cmp_ne_u32	0	sop	scalar-alu	Compares the two unsigned 32-bit integer operands with the inequality predicate, and writes 0xffff for true or zero for false to SCC or the scalar destination. The comparison does not modify either source.	compute-buffer	integer-value	GJ8RK8RD8	GJ8@INST_LO[7:0];RK8@INST_LO[15:8];RD8@INST_LO[31:24]	00000000	0000003f	00000000	700003ff	00000000	000003ff	ff00ffff	00000000	00ff0000	8ffffc00	00000000	00000000	s_cmp_ne_u32 s0, zero, s0
lg200	s_cmp_ne_u64	0	sop	scalar-alu	Compares the two unsigned 64-bit integer operands with the inequality predicate, and writes 0xffff for true or zero for false to SCC or the scalar destination. The comparison does not modify either source. [HW-observed 2026-08] LOONGGPU_DELTA: on the PS carrier the u64 compare rows execute as (src[1] pair high word != 0) (launch-state dependent observation); the nominal 64-bit comparison is the CPU model.	compute-buffer	integer-value	GJ8RK8x2RD8	GJ8@INST_LO[7:0];RK8x2@INST_LO[15:8];RD8@INST_LO[31:24]	00000000	00000045	00000000	700003ff	00000000	000003ff	ff00ffff	00000000	00ff0000	8ffffc00	00000000	00000000	s_cmp_ne_u64 s0, zero, s0-s1
lg200	s_cto_b32	0	sop	scalar-alu	Counts trailing one bits in the 32-bit source and writes the result to the scalar destination. The scalar ALU form also updates SCC.	compute-buffer	integer-value	GJ8RD8	GJ8@INST_LO[7:0];RD8@INST_LO[31:24]	00000000	0000002d	00000000	700003ff	00000000	000003ff	ff0000ff	00000000	00ffff00	8ffffc00	00000000	00000000	s_cto_b32 (scc) s0, zero
lg200	s_ctz_b32	0	sop	scalar-alu	Counts trailing zero bits in the 32-bit source and writes the result to the scalar destination. The scalar ALU form also updates SCC.	compute-buffer	integer-value	GJ8RD8	GJ8@INST_LO[7:0];RD8@INST_LO[31:24]	00000000	0000002e	00000000	700003ff	00000000	000003ff	ff0000ff	00000000	00ffff00	8ffffc00	00000000	00000000	s_ctz_b32 (scc) s0, zero
lg200	s_ineg_i32	0	sop	scalar-alu	Computes the two's-complement negation of the signed 32-bit integer source and writes the result to the scalar destination. The scalar ALU form also updates SCC.	compute-buffer	integer-value	GJ8RD8	GJ8@INST_LO[7:0];RD8@INST_LO[31:24]	00000000	00000006	00000000	700003ff	00000000	000003ff	ff0000ff	00000000	00ffff00	8ffffc00	00000000	00000000	s_ineg_i32 (scc) s0, zero
lg200	s_max_i32	0	sop	scalar-alu	Selects the greater of the two signed 32-bit integer sources and writes the result to the scalar destination. The scalar ALU form also updates SCC.	compute-buffer	integer-value	GJ8RK8RD8	GJ8@INST_LO[7:0];RK8@INST_LO[15:8];RD8@INST_LO[31:24]	00000000	0000000f	00000000	700003ff	00000000	000003ff	ff00ffff	00000000	00ff0000	8ffffc00	00000000	00000000	s_max_i32 (scc) s0, zero, s0
lg200	s_max_imm_i32	1	sop-imm-control	scalar-alu	Selects the greater of the two signed 32-bit integer sources and writes the result to the scalar destination. The encoded immediate supplies the final arithmetic or logical source operand. The scalar ALU form also updates SCC.	compute-buffer	integer-value	IK32RJ8RD8	IK32@INST_LO[31:0];RJ8@INST_HI[7:0];RD8@INST_HI[15:8]	00000000	400d0000	00000000	d07f0000	00000000	007f0000	ffffffff	0000ffff	00000000	00000000	00000000	2f800000	s_max_imm_i32 (scc) s0, s0, 0x00000000
lg200	s_max_imm_u32	1	sop-imm-control	scalar-alu	Selects the greater of the two unsigned 32-bit integer sources and writes the result to the scalar destination. The encoded immediate supplies the final arithmetic or logical source operand. The scalar ALU form also updates SCC.	compute-buffer	integer-value	IK32RJ8RD8	IK32@INST_LO[31:0];RJ8@INST_HI[7:0];RD8@INST_HI[15:8]	00000000	400c0000	00000000	d07f0000	00000000	007f0000	ffffffff	0000ffff	00000000	00000000	00000000	2f800000	s_max_imm_u32 (scc) s0, s0, 0x00000000
lg200	s_max_u32	0	sop	scalar-alu	Selects the greater of the two unsigned 32-bit integer sources and writes the result to the scalar destination. The scalar ALU form also updates SCC.	compute-buffer	integer-value	GJ8RK8RD8	GJ8@INST_LO[7:0];RK8@INST_LO[15:8];RD8@INST_LO[31:24]	00000000	0000000e	00000000	700003ff	00000000	000003ff	ff00ffff	00000000	00ff0000	8ffffc00	00000000	00000000	s_max_u32 (scc) s0, zero, s0
lg200	s_min_i32	0	sop	scalar-alu	Selects the lesser of the two signed 32-bit integer sources and writes the result to the scalar destination. The scalar ALU form also updates SCC.	compute-buffer	integer-value	GJ8RK8RD8	GJ8@INST_LO[7:0];RK8@INST_LO[15:8];RD8@INST_LO[31:24]	00000000	0000000d	00000000	700003ff	00000000	000003ff	ff00ffff	00000000	00ff0000	8ffffc00	00000000	00000000	s_min_i32 (scc) s0, zero, s0
lg200	s_min_imm_i32	1	sop-imm-control	scalar-alu	Selects the lesser of the two signed 32-bit integer sources and writes the result to the scalar destination. The encoded immediate supplies the final arithmetic or logical source operand. The scalar ALU form also updates SCC.	compute-buffer	integer-value	IK32RJ8RD8	IK32@INST_LO[31:0];RJ8@INST_HI[7:0];RD8@INST_HI[15:8]	00000000	400b0000	00000000	d07f0000	00000000	007f0000	ffffffff	0000ffff	00000000	00000000	00000000	2f800000	s_min_imm_i32 (scc) s0, s0, 0x00000000
lg200	s_min_imm_u32	1	sop-imm-control	scalar-alu	Selects the lesser of the two unsigned 32-bit integer sources and writes the result to the scalar destination. The encoded immediate supplies the final arithmetic or logical source operand. The scalar ALU form also updates SCC.	compute-buffer	integer-value	IK32RJ8RD8	IK32@INST_LO[31:0];RJ8@INST_HI[7:0];RD8@INST_HI[15:8]	00000000	400a0000	00000000	d07f0000	00000000	007f0000	ffffffff	0000ffff	00000000	00000000	00000000	2f800000	s_min_imm_u32 (scc) s0, s0, 0x00000000
lg200	s_min_u32	0	sop	scalar-alu	Selects the lesser of the two unsigned 32-bit integer sources and writes the result to the scalar destination. The scalar ALU form also updates SCC.	compute-buffer	integer-value	GJ8RK8RD8	GJ8@INST_LO[7:0];RK8@INST_LO[15:8];RD8@INST_LO[31:24]	00000000	0000000c	00000000	700003ff	00000000	000003ff	ff00ffff	00000000	00ff0000	8ffffc00	00000000	00000000	s_min_u32 (scc) s0, zero, s0
lg200	s_mov_b32	0	sop	scalar-alu	Copies the 32-bit source value and writes the result to the scalar destination. The scalar ALU form also updates SCC.	compute-buffer	integer-value	GJ8RD8	GJ8@INST_LO[7:0];RD8@INST_LO[31:24]	00000000	0000001c	00000000	700003ff	00000000	000003ff	ff0000ff	00000000	00ffff00	8ffffc00	00000000	00000000	s_mov_b32 (scc) s0, zero
lg200	s_mov_imm_b32	1	sop-imm-control	scalar-alu	Copies the 32-bit source value and writes the result to the scalar destination. The encoded immediate supplies the final arithmetic or logical source operand. The scalar ALU form also updates SCC.	compute-buffer	integer-value	IJ32RD8	IJ32@INST_LO[31:0];RD8@INST_HI[15:8]	00000000	40170000	00000000	d07f0000	00000000	007f0000	ffffffff	0000ff00	00000000	000000ff	00000000	2f800000	s_mov_imm_b32 (scc) s0, 0x00000000
lg200	s_movindex_b32	0	sop	scalar-alu	Selects a 32-bit source value using the execution-environment index state and writes the result to the scalar destination. The scalar ALU form also updates SCC.	compute-buffer	execution-environment	GJ8RK8RA8RD8	GJ8@INST_LO[7:0];RK8@INST_LO[15:8];RA8@INST_LO[23:16];RD8@INST_LO[31:24]	00000000	00000022	00000000	700003ff	00000000	000003ff	ffffffff	00000000	00000000	8ffffc00	00000000	00000000	s_movindex_b32 (scc) s0, zero, s0, s0
lg200	s_mul_hi_i32	0	sop	scalar-alu	Multiplies the two signed 32-bit integer sources and writes the high half of the full product to the scalar destination. The scalar ALU form also updates SCC.	compute-buffer	integer-value	GJ8RK8RD8	GJ8@INST_LO[7:0];RK8@INST_LO[15:8];RD8@INST_LO[31:24]	00000000	00000008	00000000	700003ff	00000000	000003ff	ff00ffff	00000000	00ff0000	8ffffc00	00000000	00000000	s_mul_hi_i32 (scc) s0, zero, s0
lg200	s_mul_hi_imm_i32	1	sop-imm-control	scalar-alu	Multiplies the two signed 32-bit integer sources and writes the high half of the full product to the scalar destination. The encoded immediate supplies the final arithmetic or logical source operand. The scalar ALU form also updates SCC.	compute-buffer	integer-value	IK32RJ8RD8	IK32@INST_LO[31:0];RJ8@INST_HI[7:0];RD8@INST_HI[15:8]	00000000	40070000	00000000	f07f0000	00000000	007f0000	ffffffff	0000ffff	00000000	00000000	00000000	0f800000	s_mul_hi_imm_i32 (scc) s0, s0, 0x00000000
lg200	s_mul_hi_imm_u32	1	sop-imm-control	scalar-alu	Multiplies the two unsigned 32-bit integer sources and writes the high half of the full product to the scalar destination. The encoded immediate supplies the final arithmetic or logical source operand. The scalar ALU form also updates SCC.	compute-buffer	integer-value	IK32RJ8RD8	IK32@INST_LO[31:0];RJ8@INST_HI[7:0];RD8@INST_HI[15:8]	00000000	40060000	00000000	f07f0000	00000000	007f0000	ffffffff	0000ffff	00000000	00000000	00000000	0f800000	s_mul_hi_imm_u32 (scc) s0, s0, 0x00000000
lg200	s_mul_hi_u32	0	sop	scalar-alu	Multiplies the two unsigned 32-bit integer sources and writes the high half of the full product to the scalar destination. The scalar ALU form also updates SCC.	compute-buffer	integer-value	GJ8RK8RD8	GJ8@INST_LO[7:0];RK8@INST_LO[15:8];RD8@INST_LO[31:24]	00000000	00000007	00000000	700003ff	00000000	000003ff	ff00ffff	00000000	00ff0000	8ffffc00	00000000	00000000	s_mul_hi_u32 (scc) s0, zero, s0
lg200	s_mul_i32	0	sop	scalar-alu	Multiplies the two signed 32-bit integer sources and writes the low result bits to the scalar destination. The scalar ALU form also updates SCC.	compute-buffer	integer-value	GJ8RK8RD8	GJ8@INST_LO[7:0];RK8@INST_LO[15:8];RD8@INST_LO[31:24]	00000000	00000005	00000000	700003ff	00000000	000003ff	ff00ffff	00000000	00ff0000	8ffffc00	00000000	00000000	s_mul_i32 (scc) s0, zero, s0
lg200	s_mul_imm_i32	1	sop-imm-control	scalar-alu	Multiplies the two signed 32-bit integer sources and writes the low result bits to the scalar destination. The encoded immediate supplies the final arithmetic or logical source operand. The scalar ALU form also updates SCC.	compute-buffer	integer-value	IK32RJ8RD8	IK32@INST_LO[31:0];RJ8@INST_HI[7:0];RD8@INST_HI[15:8]	00000000	40050000	00000000	f07f0000	00000000	007f0000	ffffffff	0000ffff	00000000	00000000	00000000	0f800000	s_mul_imm_i32 (scc) s0, s0, 0x00000000
lg200	s_mul_imm_u32	1	sop-imm-control	scalar-alu	Multiplies the two unsigned 32-bit integer sources and writes the low result bits to the scalar destination. The encoded immediate supplies the final arithmetic or logical source operand. The scalar ALU form also updates SCC.	compute-buffer	integer-value	IK32RJ8RD8	IK32@INST_LO[31:0];RJ8@INST_HI[7:0];RD8@INST_HI[15:8]	00000000	40040000	00000000	f07f0000	00000000	007f0000	ffffffff	0000ffff	00000000	00000000	00000000	0f800000	s_mul_imm_u32 (scc) s0, s0, 0x00000000
lg200	s_mul_u32	0	sop	scalar-alu	Multiplies the two unsigned 32-bit integer sources and writes the low result bits to the scalar destination. The scalar ALU form also updates SCC.	compute-buffer	integer-value	GJ8RK8RD8	GJ8@INST_LO[7:0];RK8@INST_LO[15:8];RD8@INST_LO[31:24]	00000000	00000004	00000000	700003ff	00000000	000003ff	ff00ffff	00000000	00ff0000	8ffffc00	00000000	00000000	s_mul_u32 (scc) s0, zero, s0
lg200	s_nand_b32	0	sop	scalar-alu	Computes the complement of the bitwise AND of the two 32-bit sources and writes the result to the scalar destination. The scalar ALU form also updates SCC.	compute-buffer	integer-value	GJ8RK8RD8	GJ8@INST_LO[7:0];RK8@INST_LO[15:8];RD8@INST_LO[31:24]	00000000	00000021	00000000	700003ff	00000000	000003ff	ff00ffff	00000000	00ff0000	8ffffc00	00000000	00000000	s_nand_b32 (scc) s0, zero, s0
lg200	s_nand_imm_b32	1	sop-imm-control	scalar-alu	Computes the complement of the bitwise AND of the two 32-bit sources and writes the result to the scalar destination. The encoded immediate supplies the final arithmetic or logical source operand. The scalar ALU form also updates SCC.	compute-buffer	integer-value	IK32RJ8RD8	IK32@INST_LO[31:0];RJ8@INST_HI[7:0];RD8@INST_HI[15:8]	00000000	401c0000	00000000	d07f0000	00000000	007f0000	ffffffff	0000ffff	00000000	00000000	00000000	2f800000	s_nand_imm_b32 (scc) s0, s0, 0x00000000
lg200	s_nor_b32	0	sop	scalar-alu	Computes the complement of the bitwise OR of the two 32-bit sources and writes the result to the scalar destination. The scalar ALU form also updates SCC.	compute-buffer	integer-value	GJ8RK8RD8	GJ8@INST_LO[7:0];RK8@INST_LO[15:8];RD8@INST_LO[31:24]	00000000	00000023	00000000	700003ff	00000000	000003ff	ff00ffff	00000000	00ff0000	8ffffc00	00000000	00000000	s_nor_b32 (scc) s0, zero, s0
lg200	s_nor_imm_b32	1	sop-imm-control	scalar-alu	Computes the complement of the bitwise OR of the two 32-bit sources and writes the result to the scalar destination. The encoded immediate supplies the final arithmetic or logical source operand. The scalar ALU form also updates SCC.	compute-buffer	integer-value	IK32RJ8RD8	IK32@INST_LO[31:0];RJ8@INST_HI[7:0];RD8@INST_HI[15:8]	00000000	401d0000	00000000	d07f0000	00000000	007f0000	ffffffff	0000ffff	00000000	00000000	00000000	2f800000	s_nor_imm_b32 (scc) s0, s0, 0x00000000
lg200	s_not_b32	0	sop	scalar-alu	Computes the bitwise complement of the 32-bit source and writes the result to the scalar destination. The scalar ALU form also updates SCC.	compute-buffer	integer-value	GJ8RD8	GJ8@INST_LO[7:0];RD8@INST_LO[31:24]	00000000	0000001b	00000000	700003ff	00000000	000003ff	ff0000ff	00000000	00ffff00	8ffffc00	00000000	00000000	s_not_b32 (scc) s0, zero
lg200	s_or_b32	0	sop	scalar-alu	Computes the bitwise OR of the two 32-bit sources and writes the result to the scalar destination. The scalar ALU form also updates SCC.	compute-buffer	integer-value	GJ8RK8RD8	GJ8@INST_LO[7:0];RK8@INST_LO[15:8];RD8@INST_LO[31:24]	00000000	00000015	00000000	700003ff	00000000	000003ff	ff00ffff	00000000	00ff0000	8ffffc00	00000000	00000000	s_or_b32 (scc) s0, zero, s0
lg200	s_or_imm_b32	1	sop-imm-control	scalar-alu	Computes the bitwise OR of the two 32-bit sources and writes the result to the scalar destination. The encoded immediate supplies the final arithmetic or logical source operand. The scalar ALU form also updates SCC.	compute-buffer	integer-value	IK32RJ8RD8	IK32@INST_LO[31:0];RJ8@INST_HI[7:0];RD8@INST_HI[15:8]	00000000	40110000	00000000	d07f0000	00000000	007f0000	ffffffff	0000ffff	00000000	00000000	00000000	2f800000	s_or_imm_b32 (scc) s0, s0, 0x00000000
lg200	s_orn1_b32	0	sop	scalar-alu	Computes the bitwise OR of the complemented first source and the second source and writes the result to the scalar destination. The scalar ALU form also updates SCC.	compute-buffer	integer-value	GJ8RK8RD8	GJ8@INST_LO[7:0];RK8@INST_LO[15:8];RD8@INST_LO[31:24]	00000000	00000020	00000000	700003ff	00000000	000003ff	ff00ffff	00000000	00ff0000	8ffffc00	00000000	00000000	s_orn1_b32 (scc) s0, zero, s0
lg200	s_orn1_imm_b32	1	sop-imm-control	scalar-alu	Computes the bitwise OR of the complemented first source and the second source and writes the result to the scalar destination. The encoded immediate supplies the final arithmetic or logical source operand. The scalar ALU form also updates SCC.	compute-buffer	integer-value	IK32RJ8RD8	IK32@INST_LO[31:0];RJ8@INST_HI[7:0];RD8@INST_HI[15:8]	00000000	401b0000	00000000	d07f0000	00000000	007f0000	ffffffff	0000ffff	00000000	00000000	00000000	2f800000	s_orn1_imm_b32 (scc) s0, s0, 0x00000000
lg200	s_orn2_b32	0	sop	scalar-alu	Computes the bitwise OR of the first source and the complemented second source and writes the result to the scalar destination. The scalar ALU form also updates SCC.	compute-buffer	integer-value	GJ8RK8RD8	GJ8@INST_LO[7:0];RK8@INST_LO[15:8];RD8@INST_LO[31:24]	00000000	0000001e	00000000	700003ff	00000000	000003ff	ff00ffff	00000000	00ff0000	8ffffc00	00000000	00000000	s_orn2_b32 (scc) s0, zero, s0
lg200	s_orn2_imm_b32	1	sop-imm-control	scalar-alu	Computes the bitwise OR of the first source and the complemented second source and writes the result to the scalar destination. The encoded immediate supplies the final arithmetic or logical source operand. The scalar ALU form also updates SCC.	compute-buffer	integer-value	IK32RJ8RD8	IK32@INST_LO[31:0];RJ8@INST_HI[7:0];RD8@INST_HI[15:8]	00000000	40190000	00000000	d07f0000	00000000	007f0000	ffffffff	0000ffff	00000000	00000000	00000000	2f800000	s_orn2_imm_b32 (scc) s0, s0, 0x00000000
lg200	s_quadmask_b32	0	sop	scalar-alu	Reduces each four-bit group of the 32-bit source to one nonzero mask bit and writes the result to the scalar destination. The scalar ALU form also updates SCC.	compute-buffer	integer-value	GJ8RD8	GJ8@INST_LO[7:0];RD8@INST_LO[31:24]	00000000	00000031	00000000	700003ff	00000000	000003ff	ff0000ff	00000000	00ffff00	8ffffc00	00000000	00000000	s_quadmask_b32 (scc) s0, zero
lg200	s_rotr_b32	0	sop	scalar-alu	Rotates the 32-bit source right by the masked shift count and writes the result to the scalar destination. The scalar ALU form also updates SCC.	compute-buffer	integer-value	GJ8RK8RD8	GJ8@INST_LO[7:0];RK8@INST_LO[15:8];RD8@INST_LO[31:24]	00000000	0000001a	00000000	700003ff	00000000	000003ff	ff00ffff	00000000	00ff0000	8ffffc00	00000000	00000000	s_rotr_b32 (scc) s0, zero, s0
lg200	s_rotrrev_imm_b32	1	sop-imm-control	scalar-alu	Rotates the second source right by the first-source shift count and writes the result to the scalar destination. The encoded immediate supplies the final arithmetic or logical source operand. The scalar ALU form also updates SCC.	compute-buffer	integer-value	IK32RJ8RD8	IK32@INST_LO[31:0];RJ8@INST_HI[7:0];RD8@INST_HI[15:8]	00000000	40160000	00000000	d07f0000	00000000	007f0000	ffffffff	0000ffff	00000000	00000000	00000000	2f800000	s_rotrrev_imm_b32 (scc) s0, s0, 0x00000000
lg200	s_select_b32	0	sop	scalar-alu	Selects one of two data sources according to the condition source and writes the result to the scalar destination. The scalar ALU form also updates SCC.	compute-buffer	integer-value	GJ8RK8RA8RD8	GJ8@INST_LO[7:0];RK8@INST_LO[15:8];RA8@INST_LO[23:16];RD8@INST_LO[31:24]	00000000	00000036	00000000	700003ff	00000000	000003ff	ffffffff	00000000	00000000	8ffffc00	00000000	00000000	s_select_b32 (scc) s0, zero, s0, s0
lg200	s_sext_i32_i16	0	sop	scalar-alu	Sign-extends the signed 16-bit integer source to a signed 32-bit integer and writes the result to the scalar destination. The scalar ALU form also updates SCC.	compute-buffer	integer-value	GJ8RD8	GJ8@INST_LO[7:0];RD8@INST_LO[31:24]	00000000	00000013	00000000	700003ff	00000000	000003ff	ff0000ff	00000000	00ffff00	8ffffc00	00000000	00000000	s_sext_i32_i16 (scc) s0, zero
lg200	s_sext_i32_i8	0	sop	scalar-alu	Sign-extends the signed 8-bit integer source to a signed 32-bit integer and writes the result to the scalar destination. The scalar ALU form also updates SCC.	compute-buffer	integer-value	GJ8RD8	GJ8@INST_LO[7:0];RD8@INST_LO[31:24]	00000000	00000012	00000000	700003ff	00000000	000003ff	ff0000ff	00000000	00ffff00	8ffffc00	00000000	00000000	s_sext_i32_i8 (scc) s0, zero
lg200	s_sll_b32	0	sop	scalar-alu	Shifts the 32-bit source left by the masked shift count and writes the result to the scalar destination. The scalar ALU form also updates SCC.	compute-buffer	integer-value	GJ8RK8RD8	GJ8@INST_LO[7:0];RK8@INST_LO[15:8];RD8@INST_LO[31:24]	00000000	00000017	00000000	700003ff	00000000	000003ff	ff00ffff	00000000	00ff0000	8ffffc00	00000000	00000000	s_sll_b32 (scc) s0, zero, s0
lg200	s_sllrev_imm_b32	1	sop-imm-control	scalar-alu	Shifts the second source left by the first-source shift count and writes the result to the scalar destination. The encoded immediate supplies the final arithmetic or logical source operand. The scalar ALU form also updates SCC.	compute-buffer	integer-value	IK32RJ8RD8	IK32@INST_LO[31:0];RJ8@INST_HI[7:0];RD8@INST_HI[15:8]	00000000	40130000	00000000	d07f0000	00000000	007f0000	ffffffff	0000ffff	00000000	00000000	00000000	2f800000	s_sllrev_imm_b32 (scc) s0, s0, 0x00000000
lg200	s_sra_b32	0	sop	scalar-alu	Arithmetically shifts the signed source right by the masked shift count and writes the result to the scalar destination. The scalar ALU form also updates SCC.	compute-buffer	integer-value	GJ8RK8RD8	GJ8@INST_LO[7:0];RK8@INST_LO[15:8];RD8@INST_LO[31:24]	00000000	00000019	00000000	700003ff	00000000	000003ff	ff00ffff	00000000	00ff0000	8ffffc00	00000000	00000000	s_sra_b32 (scc) s0, zero, s0
lg200	s_srarev_imm_b32	1	sop-imm-control	scalar-alu	Arithmetically shifts the signed second source right by the first-source shift count and writes the result to the scalar destination. The encoded immediate supplies the final arithmetic or logical source operand. The scalar ALU form also updates SCC.	compute-buffer	integer-value	IK32RJ8RD8	IK32@INST_LO[31:0];RJ8@INST_HI[7:0];RD8@INST_HI[15:8]	00000000	40150000	00000000	d07f0000	00000000	007f0000	ffffffff	0000ffff	00000000	00000000	00000000	2f800000	s_srarev_imm_b32 (scc) s0, s0, 0x00000000
lg200	s_srl_b32	0	sop	scalar-alu	Logically shifts the 32-bit source right by the masked shift count and writes the result to the scalar destination. The scalar ALU form also updates SCC.	compute-buffer	integer-value	GJ8RK8RD8	GJ8@INST_LO[7:0];RK8@INST_LO[15:8];RD8@INST_LO[31:24]	00000000	00000018	00000000	700003ff	00000000	000003ff	ff00ffff	00000000	00ff0000	8ffffc00	00000000	00000000	s_srl_b32 (scc) s0, zero, s0
lg200	s_srlrev_imm_b32	1	sop-imm-control	scalar-alu	Logically shifts the second source right by the first-source shift count and writes the result to the scalar destination. The encoded immediate supplies the final arithmetic or logical source operand. The scalar ALU form also updates SCC.	compute-buffer	integer-value	IK32RJ8RD8	IK32@INST_LO[31:0];RJ8@INST_HI[7:0];RD8@INST_HI[15:8]	00000000	40140000	00000000	d07f0000	00000000	007f0000	ffffffff	0000ffff	00000000	00000000	00000000	2f800000	s_srlrev_imm_b32 (scc) s0, s0, 0x00000000
lg200	s_sub_i32	0	sop	scalar-alu	Subtracts the second source from the first source and writes the result to the scalar destination. The scalar ALU form also updates SCC.	compute-buffer	integer-value	GJ8RK8RD8	GJ8@INST_LO[7:0];RK8@INST_LO[15:8];RD8@INST_LO[31:24]	00000000	00000003	00000000	700003ff	00000000	000003ff	ff00ffff	00000000	00ff0000	8ffffc00	00000000	00000000	s_sub_i32 (scc) s0, zero, s0
lg200	s_sub_imm_i32	1	sop-imm-control	scalar-alu	Subtracts the second source from the first source and writes the result to the scalar destination. The encoded immediate supplies the final arithmetic or logical source operand. The scalar ALU form also updates SCC.	compute-buffer	integer-value	IK32RJ8RD8	IK32@INST_LO[31:0];RJ8@INST_HI[7:0];RD8@INST_HI[15:8]	00000000	40030000	00000000	f07f0000	00000000	007f0000	ffffffff	0000ffff	00000000	00000000	00000000	0f800000	s_sub_imm_i32 (scc) s0, s0, 0x00000000
lg200	s_sub_imm_u32	1	sop-imm-control	scalar-alu	Subtracts the second source from the first source and writes the result to the scalar destination. The encoded immediate supplies the final arithmetic or logical source operand. The scalar ALU form also updates SCC.	compute-buffer	integer-value	IK32RJ8RD8	IK32@INST_LO[31:0];RJ8@INST_HI[7:0];RD8@INST_HI[15:8]	00000000	40020000	00000000	f07f0000	00000000	007f0000	ffffffff	0000ffff	00000000	00000000	00000000	0f800000	s_sub_imm_u32 (scc) s0, s0, 0x00000000
lg200	s_sub_u32	0	sop	scalar-alu	Subtracts the second source from the first source and writes the result to the scalar destination. The scalar ALU form also updates SCC.	compute-buffer	integer-value	GJ8RK8RD8	GJ8@INST_LO[7:0];RK8@INST_LO[15:8];RD8@INST_LO[31:24]	00000000	00000002	00000000	700003ff	00000000	000003ff	ff00ffff	00000000	00ff0000	8ffffc00	00000000	00000000	s_sub_u32 (scc) s0, zero, s0
lg200	s_subb_imm_u32	1	sop-imm-control	scalar-alu	Subtracts the second source and the low borrow-in bit from the first source and writes the result to the scalar destination. The encoded immediate supplies the final arithmetic or logical source operand. The scalar ALU form also updates SCC.	compute-buffer	integer-value	IK32RJ8RD8	IK32@INST_LO[31:0];RJ8@INST_HI[7:0];RD8@INST_HI[15:8]	00000000	40090000	00000000	f07f0000	00000000	007f0000	ffffffff	0000ffff	00000000	00000000	00000000	0f800000	s_subb_imm_u32 (scc) s0, s0, 0x00000000, SCC
lg200	s_subb_u32	0	sop	scalar-alu	Subtracts the second source and the low borrow-in bit from the first source and writes the result to the scalar destination. The scalar ALU form also updates SCC. [HW-verified 2026-08-23] The borrow-in is the SCC state; the PS carrier stages the third source through a scalar move whose SCC equals (src[2] != 0), so the observable contract is dst = src0 - src1 - (src2 != 0).	compute-buffer	integer-value	GJ8RK8RA8RD8	GJ8@INST_LO[7:0];RK8@INST_LO[15:8];RA8@INST_LO[23:16];RD8@INST_LO[31:24]	00000000	0000000a	00000000	700003ff	00000000	000003ff	ffffffff	00000000	00000000	8ffffc00	00000000	00000000	s_subb_u32 (scc) s0, zero, s0, s0
lg200	s_subbrev_imm_u32	1	sop-imm-control	scalar-alu	Subtracts the first source and the low borrow-in bit from the second source and writes the result to the scalar destination. The encoded immediate supplies the final arithmetic or logical source operand. The scalar ALU form also updates SCC.	compute-buffer	integer-value	IK32RJ8RD8	IK32@INST_LO[31:0];RJ8@INST_HI[7:0];RD8@INST_HI[15:8]	00000000	40210000	00000000	d07f0000	00000000	007f0000	ffffffff	0000ffff	00000000	00000000	00000000	2f800000	s_subbrev_imm_u32 (scc) s0, s0, 0x00000000, SCC
lg200	s_subrev_imm_i32	1	sop-imm-control	scalar-alu	Subtracts the first source from the second source and writes the result to the scalar destination. The encoded immediate supplies the final arithmetic or logical source operand. The scalar ALU form also updates SCC.	compute-buffer	integer-value	IK32RJ8RD8	IK32@INST_LO[31:0];RJ8@INST_HI[7:0];RD8@INST_HI[15:8]	00000000	40200000	00000000	d07f0000	00000000	007f0000	ffffffff	0000ffff	00000000	00000000	00000000	2f800000	s_subrev_imm_i32 (scc) s0, s0, 0x00000000
lg200	s_subrev_imm_u32	1	sop-imm-control	scalar-alu	Subtracts the first source from the second source and writes the result to the scalar destination. The encoded immediate supplies the final arithmetic or logical source operand. The scalar ALU form also updates SCC.	compute-buffer	integer-value	IK32RJ8RD8	IK32@INST_LO[31:0];RJ8@INST_HI[7:0];RD8@INST_HI[15:8]	00000000	401f0000	00000000	d07f0000	00000000	007f0000	ffffffff	0000ffff	00000000	00000000	00000000	2f800000	s_subrev_imm_u32 (scc) s0, s0, 0x00000000
lg200	s_wqm_b32	0	sop	scalar-alu	Expands each nonzero four-bit source group to an all-one four-bit mask and writes the result to the scalar destination. The scalar ALU form also updates SCC.	compute-buffer	integer-value	GJ8RD8	GJ8@INST_LO[7:0];RD8@INST_LO[31:24]	00000000	00000030	00000000	700003ff	00000000	000003ff	ff0000ff	00000000	00ffff00	8ffffc00	00000000	00000000	s_wqm_b32 (scc) s0, zero
lg200	s_xnor_b32	0	sop	scalar-alu	Computes the complement of the bitwise XOR of the two 32-bit sources and writes the result to the scalar destination. The scalar ALU form also updates SCC.	compute-buffer	integer-value	GJ8RK8RD8	GJ8@INST_LO[7:0];RK8@INST_LO[15:8];RD8@INST_LO[31:24]	00000000	00000024	00000000	700003ff	00000000	000003ff	ff00ffff	00000000	00ff0000	8ffffc00	00000000	00000000	s_xnor_b32 (scc) s0, zero, s0
lg200	s_xnor_imm_b32	1	sop-imm-control	scalar-alu	Computes the complement of the bitwise XOR of the two 32-bit sources and writes the result to the scalar destination. The encoded immediate supplies the final arithmetic or logical source operand. The scalar ALU form also updates SCC.	compute-buffer	integer-value	IK32RJ8RD8	IK32@INST_LO[31:0];RJ8@INST_HI[7:0];RD8@INST_HI[15:8]	00000000	401e0000	00000000	d07f0000	00000000	007f0000	ffffffff	0000ffff	00000000	00000000	00000000	2f800000	s_xnor_imm_b32 (scc) s0, s0, 0x00000000
lg200	s_xor_b32	0	sop	scalar-alu	Computes the bitwise XOR of the two 32-bit sources and writes the result to the scalar destination. The scalar ALU form also updates SCC.	compute-buffer	integer-value	GJ8RK8RD8	GJ8@INST_LO[7:0];RK8@INST_LO[15:8];RD8@INST_LO[31:24]	00000000	00000016	00000000	700003ff	00000000	000003ff	ff00ffff	00000000	00ff0000	8ffffc00	00000000	00000000	s_xor_b32 (scc) s0, zero, s0
lg200	s_xor_imm_b32	1	sop-imm-control	scalar-alu	Computes the bitwise XOR of the two 32-bit sources and writes the result to the scalar destination. The encoded immediate supplies the final arithmetic or logical source operand. The scalar ALU form also updates SCC.	compute-buffer	integer-value	IK32RJ8RD8	IK32@INST_LO[31:0];RJ8@INST_HI[7:0];RD8@INST_HI[15:8]	00000000	40120000	00000000	d07f0000	00000000	007f0000	ffffffff	0000ffff	00000000	00000000	00000000	2f800000	s_xor_imm_b32 (scc) s0, s0, 0x00000000
lg200	samp	6	tex-buffer	memory-image	Samples the image through the sampler descriptor at the supplied coordinates and writes the dmask-selected components to the vector destination.	compute-image	resource-payload	RA8x4RK8x8VJ8x8VD8x4M.dmask4M.na1M.un1M.rsz1M.bl11M.bl21PJ2	RA8x4@INST_LO[7:0];RK8x8@INST_LO[15:8];VJ8x8@INST_LO[23:16];VD8x4@INST_LO[31:24];M.dmask4@INST_HI[3:0];M.na1@INST_HI[9];M.un1@INST_HI[10];M.rsz1@INST_HI[11];M.bl11@INST_HI[14];M.bl21@INST_HI[15];PJ2@INST_HI[17:16]	00000000	28000000	00000000	fffc0000	00000000	07fc0000	ffffffff	0003ce0f	00000000	000031f0	00000000	00000000	samp p0, v0-v3, v2-v9, s16-s23, s4-s7, un, dmask:1111
lg200	samp_b	6	tex-buffer	memory-image	Samples the image through the sampler descriptor at the supplied coordinates and writes the dmask-selected components to the vector destination. The form enables LOD bias.	compute-image	resource-payload	RA8x4RK8x8VJ8x8VD8x4M.dmask4M.na1M.un1M.rsz1M.bl11M.bl21PJ2	RA8x4@INST_LO[7:0];RK8x8@INST_LO[15:8];VJ8x8@INST_LO[23:16];VD8x4@INST_LO[31:24];M.dmask4@INST_HI[3:0];M.na1@INST_HI[9];M.un1@INST_HI[10];M.rsz1@INST_HI[11];M.bl11@INST_HI[14];M.bl21@INST_HI[15];PJ2@INST_HI[17:16]	00000000	28140000	00000000	bffc0000	00000000	07fc0000	ffffffff	0003ce0f	00000000	000031f0	00000000	40000000	samp_b p0, v0-v3, v2-v9, s16-s23, s4-s7, un, dmask:1111
lg200	samp_b_cl	6	tex-buffer	memory-image	Samples the image through the sampler descriptor at the supplied coordinates and writes the dmask-selected components to the vector destination. The form enables LOD bias, LOD clamp.	compute-image	resource-payload	RA8x4RK8x8VJ8x8VD8x4M.dmask4M.na1M.un1M.rsz1M.bl11M.bl21PJ2	RA8x4@INST_LO[7:0];RK8x8@INST_LO[15:8];VJ8x8@INST_LO[23:16];VD8x4@INST_LO[31:24];M.dmask4@INST_HI[3:0];M.na1@INST_HI[9];M.un1@INST_HI[10];M.rsz1@INST_HI[11];M.bl11@INST_HI[14];M.bl21@INST_HI[15];PJ2@INST_HI[17:16]	00000000	28180000	00000000	bffc0000	00000000	07fc0000	ffffffff	0003ce0f	00000000	000031f0	00000000	40000000	samp_b_cl p0, v0-v3, v2-v9, s16-s23, s4-s7, un, dmask:1111
lg200	samp_b_cl_o	6	tex-buffer	memory-image	Samples the image through the sampler descriptor at the supplied coordinates and writes the dmask-selected components to the vector destination. The form enables LOD bias, LOD clamp, coordinate offset.	compute-image	resource-payload	RA8x4RK8x8VJ8x8VD8x4M.dmask4M.na1M.un1M.rsz1M.bl11M.bl21PJ2	RA8x4@INST_LO[7:0];RK8x8@INST_LO[15:8];VJ8x8@INST_LO[23:16];VD8x4@INST_LO[31:24];M.dmask4@INST_HI[3:0];M.na1@INST_HI[9];M.un1@INST_HI[10];M.rsz1@INST_HI[11];M.bl11@INST_HI[14];M.bl21@INST_HI[15];PJ2@INST_HI[17:16]	00000000	28580000	00000000	bffc0000	00000000	07fc0000	ffffffff	0003ce0f	00000000	000031f0	00000000	40000000	samp_b_cl_o p0, v0-v3, v2-v9, s16-s23, s4-s7, un, dmask:1111
lg200	samp_b_o	6	tex-buffer	memory-image	Samples the image through the sampler descriptor at the supplied coordinates and writes the dmask-selected components to the vector destination. The form enables LOD bias, coordinate offset.	compute-image	resource-payload	RA8x4RK8x8VJ8x8VD8x4M.dmask4M.na1M.un1M.rsz1M.bl11M.bl21PJ2	RA8x4@INST_LO[7:0];RK8x8@INST_LO[15:8];VJ8x8@INST_LO[23:16];VD8x4@INST_LO[31:24];M.dmask4@INST_HI[3:0];M.na1@INST_HI[9];M.un1@INST_HI[10];M.rsz1@INST_HI[11];M.bl11@INST_HI[14];M.bl21@INST_HI[15];PJ2@INST_HI[17:16]	00000000	28540000	00000000	bffc0000	00000000	07fc0000	ffffffff	0003ce0f	00000000	000031f0	00000000	40000000	samp_b_o p0, v0-v3, v2-v9, s16-s23, s4-s7, un, dmask:1111
lg200	samp_c	6	tex-buffer	memory-image	Samples the image through the sampler descriptor at the supplied coordinates and writes the dmask-selected components to the vector destination. The form enables comparison sampling.	compute-image	resource-payload	RA8x4RK8x8VJ8x8VD8x4M.dmask4M.na1M.un1M.rsz1M.bl11M.bl21PJ2	RA8x4@INST_LO[7:0];RK8x8@INST_LO[15:8];VJ8x8@INST_LO[23:16];VD8x4@INST_LO[31:24];M.dmask4@INST_HI[3:0];M.na1@INST_HI[9];M.un1@INST_HI[10];M.rsz1@INST_HI[11];M.bl11@INST_HI[14];M.bl21@INST_HI[15];PJ2@INST_HI[17:16]	00000000	28200000	00000000	bffc0000	00000000	07fc0000	ffffffff	0003ce0f	00000000	000031f0	00000000	40000000	samp_c p0, v0-v3, v2-v9, s16-s23, s4-s7, un, dmask:1111
lg200	samp_c_b	6	tex-buffer	memory-image	Samples the image through the sampler descriptor at the supplied coordinates and writes the dmask-selected components to the vector destination. The form enables comparison sampling, LOD bias.	compute-image	resource-payload	RA8x4RK8x8VJ8x8VD8x4M.dmask4M.na1M.un1M.rsz1M.bl11M.bl21PJ2	RA8x4@INST_LO[7:0];RK8x8@INST_LO[15:8];VJ8x8@INST_LO[23:16];VD8x4@INST_LO[31:24];M.dmask4@INST_HI[3:0];M.na1@INST_HI[9];M.un1@INST_HI[10];M.rsz1@INST_HI[11];M.bl11@INST_HI[14];M.bl21@INST_HI[15];PJ2@INST_HI[17:16]	00000000	28340000	00000000	bffc0000	00000000	07fc0000	ffffffff	0003ce0f	00000000	000031f0	00000000	40000000	samp_c_b p0, v0-v3, v2-v9, s16-s23, s4-s7, un, dmask:1111
lg200	samp_c_b_cl	6	tex-buffer	memory-image	Samples the image through the sampler descriptor at the supplied coordinates and writes the dmask-selected components to the vector destination. The form enables comparison sampling, LOD bias, LOD clamp.	compute-image	resource-payload	RA8x4RK8x8VJ8x8VD8x4M.dmask4M.na1M.un1M.rsz1M.bl11M.bl21PJ2	RA8x4@INST_LO[7:0];RK8x8@INST_LO[15:8];VJ8x8@INST_LO[23:16];VD8x4@INST_LO[31:24];M.dmask4@INST_HI[3:0];M.na1@INST_HI[9];M.un1@INST_HI[10];M.rsz1@INST_HI[11];M.bl11@INST_HI[14];M.bl21@INST_HI[15];PJ2@INST_HI[17:16]	00000000	28380000	00000000	bffc0000	00000000	07fc0000	ffffffff	0003ce0f	00000000	000031f0	00000000	40000000	samp_c_b_cl p0, v0-v3, v2-v9, s16-s23, s4-s7, un, dmask:1111
lg200	samp_c_b_cl_o	6	tex-buffer	memory-image	Samples the image through the sampler descriptor at the supplied coordinates and writes the dmask-selected components to the vector destination. The form enables comparison sampling, LOD bias, LOD clamp, coordinate offset.	compute-image	resource-payload	RA8x4RK8x8VJ8x8VD8x4M.dmask4M.na1M.un1M.rsz1M.bl11M.bl21PJ2	RA8x4@INST_LO[7:0];RK8x8@INST_LO[15:8];VJ8x8@INST_LO[23:16];VD8x4@INST_LO[31:24];M.dmask4@INST_HI[3:0];M.na1@INST_HI[9];M.un1@INST_HI[10];M.rsz1@INST_HI[11];M.bl11@INST_HI[14];M.bl21@INST_HI[15];PJ2@INST_HI[17:16]	00000000	28780000	00000000	bffc0000	00000000	07fc0000	ffffffff	0003ce0f	00000000	000031f0	00000000	40000000	samp_c_b_cl_o p0, v0-v3, v2-v9, s16-s23, s4-s7, un, dmask:1111
lg200	samp_c_b_o	6	tex-buffer	memory-image	Samples the image through the sampler descriptor at the supplied coordinates and writes the dmask-selected components to the vector destination. The form enables comparison sampling, LOD bias, coordinate offset.	compute-image	resource-payload	RA8x4RK8x8VJ8x8VD8x4M.dmask4M.na1M.un1M.rsz1M.bl11M.bl21PJ2	RA8x4@INST_LO[7:0];RK8x8@INST_LO[15:8];VJ8x8@INST_LO[23:16];VD8x4@INST_LO[31:24];M.dmask4@INST_HI[3:0];M.na1@INST_HI[9];M.un1@INST_HI[10];M.rsz1@INST_HI[11];M.bl11@INST_HI[14];M.bl21@INST_HI[15];PJ2@INST_HI[17:16]	00000000	28740000	00000000	bffc0000	00000000	07fc0000	ffffffff	0003ce0f	00000000	000031f0	00000000	40000000	samp_c_b_o p0, v0-v3, v2-v9, s16-s23, s4-s7, un, dmask:1111
lg200	samp_c_cl	6	tex-buffer	memory-image	Samples the image through the sampler descriptor at the supplied coordinates and writes the dmask-selected components to the vector destination. The form enables comparison sampling, LOD clamp.	compute-image	resource-payload	RA8x4RK8x8VJ8x8VD8x4M.dmask4M.na1M.un1M.rsz1M.bl11M.bl21PJ2	RA8x4@INST_LO[7:0];RK8x8@INST_LO[15:8];VJ8x8@INST_LO[23:16];VD8x4@INST_LO[31:24];M.dmask4@INST_HI[3:0];M.na1@INST_HI[9];M.un1@INST_HI[10];M.rsz1@INST_HI[11];M.bl11@INST_HI[14];M.bl21@INST_HI[15];PJ2@INST_HI[17:16]	00000000	28240000	00000000	bffc0000	00000000	07fc0000	ffffffff	0003ce0f	00000000	000031f0	00000000	40000000	samp_c_cl p0, v0-v3, v2-v9, s16-s23, s4-s7, un, dmask:1111
lg200	samp_c_cl_o	6	tex-buffer	memory-image	Samples the image through the sampler descriptor at the supplied coordinates and writes the dmask-selected components to the vector destination. The form enables comparison sampling, LOD clamp, coordinate offset.	compute-image	resource-payload	RA8x4RK8x8VJ8x8VD8x4M.dmask4M.na1M.un1M.rsz1M.bl11M.bl21PJ2	RA8x4@INST_LO[7:0];RK8x8@INST_LO[15:8];VJ8x8@INST_LO[23:16];VD8x4@INST_LO[31:24];M.dmask4@INST_HI[3:0];M.na1@INST_HI[9];M.un1@INST_HI[10];M.rsz1@INST_HI[11];M.bl11@INST_HI[14];M.bl21@INST_HI[15];PJ2@INST_HI[17:16]	00000000	28640000	00000000	bffc0000	00000000	07fc0000	ffffffff	0003ce0f	00000000	000031f0	00000000	40000000	samp_c_cl_o p0, v0-v3, v2-v9, s16-s23, s4-s7, un, dmask:1111
lg200	samp_c_d	6	tex-buffer	memory-image	Samples the image through the sampler descriptor at the supplied coordinates and writes the dmask-selected components to the vector destination. The form enables comparison sampling, explicit derivatives.	compute-image	resource-payload	RA8x4RK8x8VJ8x8VD8x4M.dmask4M.na1M.un1M.rsz1M.bl11M.bl21PJ2	RA8x4@INST_LO[7:0];RK8x8@INST_LO[15:8];VJ8x8@INST_LO[23:16];VD8x4@INST_LO[31:24];M.dmask4@INST_HI[3:0];M.na1@INST_HI[9];M.un1@INST_HI[10];M.rsz1@INST_HI[11];M.bl11@INST_HI[14];M.bl21@INST_HI[15];PJ2@INST_HI[17:16]	00000000	28280000	00000000	bffc0000	00000000	07fc0000	ffffffff	0003ce0f	00000000	000031f0	00000000	40000000	samp_c_d p0, v0-v3, v2-v9, s16-s23, s4-s7, un, dmask:1111
lg200	samp_c_d_cl	6	tex-buffer	memory-image	Samples the image through the sampler descriptor at the supplied coordinates and writes the dmask-selected components to the vector destination. The form enables comparison sampling, explicit derivatives, LOD clamp.	compute-image	resource-payload	RA8x4RK8x8VJ8x8VD8x4M.dmask4M.na1M.un1M.rsz1M.bl11M.bl21PJ2	RA8x4@INST_LO[7:0];RK8x8@INST_LO[15:8];VJ8x8@INST_LO[23:16];VD8x4@INST_LO[31:24];M.dmask4@INST_HI[3:0];M.na1@INST_HI[9];M.un1@INST_HI[10];M.rsz1@INST_HI[11];M.bl11@INST_HI[14];M.bl21@INST_HI[15];PJ2@INST_HI[17:16]	00000000	282c0000	00000000	bffc0000	00000000	07fc0000	ffffffff	0003ce0f	00000000	000031f0	00000000	40000000	samp_c_d_cl p0, v0-v3, v2-v9, s16-s23, s4-s7, un, dmask:1111
lg200	samp_c_d_cl_o	6	tex-buffer	memory-image	Samples the image through the sampler descriptor at the supplied coordinates and writes the dmask-selected components to the vector destination. The form enables comparison sampling, explicit derivatives, LOD clamp, coordinate offset.	compute-image	resource-payload	RA8x4RK8x8VJ8x8VD8x4M.dmask4M.na1M.un1M.rsz1M.bl11M.bl21PJ2	RA8x4@INST_LO[7:0];RK8x8@INST_LO[15:8];VJ8x8@INST_LO[23:16];VD8x4@INST_LO[31:24];M.dmask4@INST_HI[3:0];M.na1@INST_HI[9];M.un1@INST_HI[10];M.rsz1@INST_HI[11];M.bl11@INST_HI[14];M.bl21@INST_HI[15];PJ2@INST_HI[17:16]	00000000	286c0000	00000000	bffc0000	00000000	07fc0000	ffffffff	0003ce0f	00000000	000031f0	00000000	40000000	samp_c_d_cl_o p0, v0-v3, v2-v9, s16-s23, s4-s7, un, dmask:1111
lg200	samp_c_d_o	6	tex-buffer	memory-image	Samples the image through the sampler descriptor at the supplied coordinates and writes the dmask-selected components to the vector destination. The form enables comparison sampling, explicit derivatives, coordinate offset.	compute-image	resource-payload	RA8x4RK8x8VJ8x8VD8x4M.dmask4M.na1M.un1M.rsz1M.bl11M.bl21PJ2	RA8x4@INST_LO[7:0];RK8x8@INST_LO[15:8];VJ8x8@INST_LO[23:16];VD8x4@INST_LO[31:24];M.dmask4@INST_HI[3:0];M.na1@INST_HI[9];M.un1@INST_HI[10];M.rsz1@INST_HI[11];M.bl11@INST_HI[14];M.bl21@INST_HI[15];PJ2@INST_HI[17:16]	00000000	28680000	00000000	bffc0000	00000000	07fc0000	ffffffff	0003ce0f	00000000	000031f0	00000000	40000000	samp_c_d_o p0, v0-v3, v2-v9, s16-s23, s4-s7, un, dmask:1111
lg200	samp_c_l	6	tex-buffer	memory-image	Samples the image through the sampler descriptor at the supplied coordinates and writes the dmask-selected components to the vector destination. The form enables comparison sampling, explicit LOD.	compute-image	resource-payload	RA8x4RK8x8VJ8x8VD8x4M.dmask4M.na1M.un1M.rsz1M.bl11M.bl21PJ2	RA8x4@INST_LO[7:0];RK8x8@INST_LO[15:8];VJ8x8@INST_LO[23:16];VD8x4@INST_LO[31:24];M.dmask4@INST_HI[3:0];M.na1@INST_HI[9];M.un1@INST_HI[10];M.rsz1@INST_HI[11];M.bl11@INST_HI[14];M.bl21@INST_HI[15];PJ2@INST_HI[17:16]	00000000	28300000	00000000	bffc0000	00000000	07fc0000	ffffffff	0003ce0f	00000000	000031f0	00000000	40000000	samp_c_l p0, v0-v3, v2-v9, s16-s23, s4-s7, un, dmask:1111
lg200	samp_c_l_o	6	tex-buffer	memory-image	Samples the image through the sampler descriptor at the supplied coordinates and writes the dmask-selected components to the vector destination. The form enables comparison sampling, explicit LOD, coordinate offset.	compute-image	resource-payload	RA8x4RK8x8VJ8x8VD8x4M.dmask4M.na1M.un1M.rsz1M.bl11M.bl21PJ2	RA8x4@INST_LO[7:0];RK8x8@INST_LO[15:8];VJ8x8@INST_LO[23:16];VD8x4@INST_LO[31:24];M.dmask4@INST_HI[3:0];M.na1@INST_HI[9];M.un1@INST_HI[10];M.rsz1@INST_HI[11];M.bl11@INST_HI[14];M.bl21@INST_HI[15];PJ2@INST_HI[17:16]	00000000	28700000	00000000	bffc0000	00000000	07fc0000	ffffffff	0003ce0f	00000000	000031f0	00000000	40000000	samp_c_l_o p0, v0-v3, v2-v9, s16-s23, s4-s7, un, dmask:1111
lg200	samp_c_lz	6	tex-buffer	memory-image	Samples the image through the sampler descriptor at the supplied coordinates and writes the dmask-selected components to the vector destination. The form enables comparison sampling, zero LOD.	compute-image	resource-payload	RA8x4RK8x8VJ8x8VD8x4M.dmask4M.na1M.un1M.rsz1M.bl11M.bl21PJ2	RA8x4@INST_LO[7:0];RK8x8@INST_LO[15:8];VJ8x8@INST_LO[23:16];VD8x4@INST_LO[31:24];M.dmask4@INST_HI[3:0];M.na1@INST_HI[9];M.un1@INST_HI[10];M.rsz1@INST_HI[11];M.bl11@INST_HI[14];M.bl21@INST_HI[15];PJ2@INST_HI[17:16]	00000000	283c0000	00000000	bffc0000	00000000	07fc0000	ffffffff	0003ce0f	00000000	000031f0	00000000	40000000	samp_c_lz p0, v0-v3, v2-v9, s16-s23, s4-s7, un, dmask:1111
lg200	samp_c_lz_o	6	tex-buffer	memory-image	Samples the image through the sampler descriptor at the supplied coordinates and writes the dmask-selected components to the vector destination. The form enables comparison sampling, zero LOD, coordinate offset.	compute-image	resource-payload	RA8x4RK8x8VJ8x8VD8x4M.dmask4M.na1M.un1M.rsz1M.bl11M.bl21PJ2	RA8x4@INST_LO[7:0];RK8x8@INST_LO[15:8];VJ8x8@INST_LO[23:16];VD8x4@INST_LO[31:24];M.dmask4@INST_HI[3:0];M.na1@INST_HI[9];M.un1@INST_HI[10];M.rsz1@INST_HI[11];M.bl11@INST_HI[14];M.bl21@INST_HI[15];PJ2@INST_HI[17:16]	00000000	287c0000	00000000	bffc0000	00000000	07fc0000	ffffffff	0003ce0f	00000000	000031f0	00000000	40000000	samp_c_lz_o p0, v0-v3, v2-v9, s16-s23, s4-s7, un, dmask:1111
lg200	samp_c_o	6	tex-buffer	memory-image	Samples the image through the sampler descriptor at the supplied coordinates and writes the dmask-selected components to the vector destination. The form enables comparison sampling, coordinate offset.	compute-image	resource-payload	RA8x4RK8x8VJ8x8VD8x4M.dmask4M.na1M.un1M.rsz1M.bl11M.bl21PJ2	RA8x4@INST_LO[7:0];RK8x8@INST_LO[15:8];VJ8x8@INST_LO[23:16];VD8x4@INST_LO[31:24];M.dmask4@INST_HI[3:0];M.na1@INST_HI[9];M.un1@INST_HI[10];M.rsz1@INST_HI[11];M.bl11@INST_HI[14];M.bl21@INST_HI[15];PJ2@INST_HI[17:16]	00000000	28600000	00000000	bffc0000	00000000	07fc0000	ffffffff	0003ce0f	00000000	000031f0	00000000	40000000	samp_c_o p0, v0-v3, v2-v9, s16-s23, s4-s7, un, dmask:1111
lg200	samp_cl	6	tex-buffer	memory-image	Samples the image through the sampler descriptor at the supplied coordinates and writes the dmask-selected components to the vector destination. The form enables LOD clamp.	compute-image	resource-payload	RA8x4RK8x8VJ8x8VD8x4M.dmask4M.na1M.un1M.rsz1M.bl11M.bl21PJ2	RA8x4@INST_LO[7:0];RK8x8@INST_LO[15:8];VJ8x8@INST_LO[23:16];VD8x4@INST_LO[31:24];M.dmask4@INST_HI[3:0];M.na1@INST_HI[9];M.un1@INST_HI[10];M.rsz1@INST_HI[11];M.bl11@INST_HI[14];M.bl21@INST_HI[15];PJ2@INST_HI[17:16]	00000000	28040000	00000000	fffc0000	00000000	07fc0000	ffffffff	0003ce0f	00000000	000031f0	00000000	00000000	samp_cl p0, v0-v3, v2-v9, s16-s23, s4-s7, un, dmask:1111
lg200	samp_cl_o	6	tex-buffer	memory-image	Samples the image through the sampler descriptor at the supplied coordinates and writes the dmask-selected components to the vector destination. The form enables LOD clamp, coordinate offset.	compute-image	resource-payload	RA8x4RK8x8VJ8x8VD8x4M.dmask4M.na1M.un1M.rsz1M.bl11M.bl21PJ2	RA8x4@INST_LO[7:0];RK8x8@INST_LO[15:8];VJ8x8@INST_LO[23:16];VD8x4@INST_LO[31:24];M.dmask4@INST_HI[3:0];M.na1@INST_HI[9];M.un1@INST_HI[10];M.rsz1@INST_HI[11];M.bl11@INST_HI[14];M.bl21@INST_HI[15];PJ2@INST_HI[17:16]	00000000	28440000	00000000	bffc0000	00000000	07fc0000	ffffffff	0003ce0f	00000000	000031f0	00000000	40000000	samp_cl_o p0, v0-v3, v2-v9, s16-s23, s4-s7, un, dmask:1111
lg200	samp_d	6	tex-buffer	memory-image	Samples the image through the sampler descriptor at the supplied coordinates and writes the dmask-selected components to the vector destination. The form enables explicit derivatives.	compute-image	resource-payload	RA8x4RK8x8VJ8x8VD8x4M.dmask4M.na1M.un1M.rsz1M.bl11M.bl21PJ2	RA8x4@INST_LO[7:0];RK8x8@INST_LO[15:8];VJ8x8@INST_LO[23:16];VD8x4@INST_LO[31:24];M.dmask4@INST_HI[3:0];M.na1@INST_HI[9];M.un1@INST_HI[10];M.rsz1@INST_HI[11];M.bl11@INST_HI[14];M.bl21@INST_HI[15];PJ2@INST_HI[17:16]	00000000	28080000	00000000	bffc0000	00000000	07fc0000	ffffffff	0003ce0f	00000000	000031f0	00000000	40000000	samp_d p0, v0-v3, v2-v9, s16-s23, s4-s7, un, dmask:1111
lg200	samp_d_cl	6	tex-buffer	memory-image	Samples the image through the sampler descriptor at the supplied coordinates and writes the dmask-selected components to the vector destination. The form enables explicit derivatives, LOD clamp.	compute-image	resource-payload	RA8x4RK8x8VJ8x8VD8x4M.dmask4M.na1M.un1M.rsz1M.bl11M.bl21PJ2	RA8x4@INST_LO[7:0];RK8x8@INST_LO[15:8];VJ8x8@INST_LO[23:16];VD8x4@INST_LO[31:24];M.dmask4@INST_HI[3:0];M.na1@INST_HI[9];M.un1@INST_HI[10];M.rsz1@INST_HI[11];M.bl11@INST_HI[14];M.bl21@INST_HI[15];PJ2@INST_HI[17:16]	00000000	280c0000	00000000	bffc0000	00000000	07fc0000	ffffffff	0003ce0f	00000000	000031f0	00000000	40000000	samp_d_cl p0, v0-v3, v2-v9, s16-s23, s4-s7, un, dmask:1111
lg200	samp_d_cl_o	6	tex-buffer	memory-image	Samples the image through the sampler descriptor at the supplied coordinates and writes the dmask-selected components to the vector destination. The form enables explicit derivatives, LOD clamp, coordinate offset.	compute-image	resource-payload	RA8x4RK8x8VJ8x8VD8x4M.dmask4M.na1M.un1M.rsz1M.bl11M.bl21PJ2	RA8x4@INST_LO[7:0];RK8x8@INST_LO[15:8];VJ8x8@INST_LO[23:16];VD8x4@INST_LO[31:24];M.dmask4@INST_HI[3:0];M.na1@INST_HI[9];M.un1@INST_HI[10];M.rsz1@INST_HI[11];M.bl11@INST_HI[14];M.bl21@INST_HI[15];PJ2@INST_HI[17:16]	00000000	284c0000	00000000	bffc0000	00000000	07fc0000	ffffffff	0003ce0f	00000000	000031f0	00000000	40000000	samp_d_cl_o p0, v0-v3, v2-v9, s16-s23, s4-s7, un, dmask:1111
lg200	samp_d_o	6	tex-buffer	memory-image	Samples the image through the sampler descriptor at the supplied coordinates and writes the dmask-selected components to the vector destination. The form enables explicit derivatives, coordinate offset.	compute-image	resource-payload	RA8x4RK8x8VJ8x8VD8x4M.dmask4M.na1M.un1M.rsz1M.bl11M.bl21PJ2	RA8x4@INST_LO[7:0];RK8x8@INST_LO[15:8];VJ8x8@INST_LO[23:16];VD8x4@INST_LO[31:24];M.dmask4@INST_HI[3:0];M.na1@INST_HI[9];M.un1@INST_HI[10];M.rsz1@INST_HI[11];M.bl11@INST_HI[14];M.bl21@INST_HI[15];PJ2@INST_HI[17:16]	00000000	28480000	00000000	bffc0000	00000000	07fc0000	ffffffff	0003ce0f	00000000	000031f0	00000000	40000000	samp_d_o p0, v0-v3, v2-v9, s16-s23, s4-s7, un, dmask:1111
lg200	samp_l	6	tex-buffer	memory-image	Samples the image through the sampler descriptor at the supplied coordinates and writes the dmask-selected components to the vector destination. The form enables explicit LOD.	compute-image	resource-payload	RA8x4RK8x8VJ8x8VD8x4M.dmask4M.na1M.un1M.rsz1M.bl11M.bl21PJ2	RA8x4@INST_LO[7:0];RK8x8@INST_LO[15:8];VJ8x8@INST_LO[23:16];VD8x4@INST_LO[31:24];M.dmask4@INST_HI[3:0];M.na1@INST_HI[9];M.un1@INST_HI[10];M.rsz1@INST_HI[11];M.bl11@INST_HI[14];M.bl21@INST_HI[15];PJ2@INST_HI[17:16]	00000000	28100000	00000000	bffc0000	00000000	07fc0000	ffffffff	0003ce0f	00000000	000031f0	00000000	40000000	samp_l p0, v0-v3, v2-v9, s16-s23, s4-s7, un, dmask:1111
lg200	samp_l_o	6	tex-buffer	memory-image	Samples the image through the sampler descriptor at the supplied coordinates and writes the dmask-selected components to the vector destination. The form enables explicit LOD, coordinate offset.	compute-image	resource-payload	RA8x4RK8x8VJ8x8VD8x4M.dmask4M.na1M.un1M.rsz1M.bl11M.bl21PJ2	RA8x4@INST_LO[7:0];RK8x8@INST_LO[15:8];VJ8x8@INST_LO[23:16];VD8x4@INST_LO[31:24];M.dmask4@INST_HI[3:0];M.na1@INST_HI[9];M.un1@INST_HI[10];M.rsz1@INST_HI[11];M.bl11@INST_HI[14];M.bl21@INST_HI[15];PJ2@INST_HI[17:16]	00000000	28500000	00000000	bffc0000	00000000	07fc0000	ffffffff	0003ce0f	00000000	000031f0	00000000	40000000	samp_l_o p0, v0-v3, v2-v9, s16-s23, s4-s7, un, dmask:1111
lg200	samp_lz	6	tex-buffer	memory-image	Samples the image through the sampler descriptor at the supplied coordinates and writes the dmask-selected components to the vector destination. The form enables zero LOD.	compute-image	resource-payload	RA8x4RK8x8VJ8x8VD8x4M.dmask4M.na1M.un1M.rsz1M.bl11M.bl21PJ2	RA8x4@INST_LO[7:0];RK8x8@INST_LO[15:8];VJ8x8@INST_LO[23:16];VD8x4@INST_LO[31:24];M.dmask4@INST_HI[3:0];M.na1@INST_HI[9];M.un1@INST_HI[10];M.rsz1@INST_HI[11];M.bl11@INST_HI[14];M.bl21@INST_HI[15];PJ2@INST_HI[17:16]	00000000	281c0000	00000000	bffc0000	00000000	07fc0000	ffffffff	0003ce0f	00000000	000031f0	00000000	40000000	samp_lz p0, v0-v3, v2-v9, s16-s23, s4-s7, un, dmask:1111
lg200	samp_lz_o	6	tex-buffer	memory-image	Samples the image through the sampler descriptor at the supplied coordinates and writes the dmask-selected components to the vector destination. The form enables zero LOD, coordinate offset.	compute-image	resource-payload	RA8x4RK8x8VJ8x8VD8x4M.dmask4M.na1M.un1M.rsz1M.bl11M.bl21PJ2	RA8x4@INST_LO[7:0];RK8x8@INST_LO[15:8];VJ8x8@INST_LO[23:16];VD8x4@INST_LO[31:24];M.dmask4@INST_HI[3:0];M.na1@INST_HI[9];M.un1@INST_HI[10];M.rsz1@INST_HI[11];M.bl11@INST_HI[14];M.bl21@INST_HI[15];PJ2@INST_HI[17:16]	00000000	285c0000	00000000	bffc0000	00000000	07fc0000	ffffffff	0003ce0f	00000000	000031f0	00000000	40000000	samp_lz_o p0, v0-v3, v2-v9, s16-s23, s4-s7, un, dmask:1111
lg200	samp_o	6	tex-buffer	memory-image	Samples the image through the sampler descriptor at the supplied coordinates and writes the dmask-selected components to the vector destination. The form enables coordinate offset.	compute-image	resource-payload	RA8x4RK8x8VJ8x8VD8x4M.dmask4M.na1M.un1M.rsz1M.bl11M.bl21PJ2	RA8x4@INST_LO[7:0];RK8x8@INST_LO[15:8];VJ8x8@INST_LO[23:16];VD8x4@INST_LO[31:24];M.dmask4@INST_HI[3:0];M.na1@INST_HI[9];M.un1@INST_HI[10];M.rsz1@INST_HI[11];M.bl11@INST_HI[14];M.bl21@INST_HI[15];PJ2@INST_HI[17:16]	00000000	28400000	00000000	bffc0000	00000000	07fc0000	ffffffff	0003ce0f	00000000	000031f0	00000000	40000000	samp_o p0, v0-v3, v2-v9, s16-s23, s4-s7, un, dmask:1111
lg200	sioexport	9	sio-id	sio-export	Commits the selected channel count from the named SIO stream to the graphics-stage output interface for active lanes. Stream meaning, attachment routing, and primitive or fragment completion are defined by the stage ABI.	graphics-vs-ps	graphics-sio	M.channum12PJ2M.sioid1	M.channum12@INST_HI[11:0];PJ2@INST_HI[21:20];M.sioid1@INST_HI[22]	00000000	33000004	00000000	87800000	00000000	07800000	00000000	00700fff	ffffffff	000ff000	00000000	78000000	sioexport SIO0, p0, channum(8)
lg200	siordrot	9	sio-id	sio-export	Reads channel data from the selected SIO stream using the encoded rotation. Stream storage, channel layout, and stage routing follow the graphics SIO ABI.	graphics-vs-ps	graphics-sio	VK8IA16X0_12VJ8PJ2X1_1	VK8@INST_LO[7:0];IA16@INST_LO[31:16];X0_12@INST_HI[11:0];VJ8@INST_HI[19:12];PJ2@INST_HI[21:20];X1_1@INST_HI[22]	00000000	01000000	00000000	8f800000	00000000	07800000	ffff00ff	007fffff	0000ff00	00000000	00000000	70000000	siordrot SIO0, p0, v0, v0, channum(8), 0x0000
lg200	siordrot_c4	9	sio-id	sio-export	Reads channel data from the selected SIO stream using the encoded rotation. The form uses a four-channel transfer. Stream storage, channel layout, and stage routing follow the graphics SIO ABI.	graphics-vs-ps	graphics-sio	VK8IA16X0_12VJ8x4PJ2X1_1	VK8@INST_LO[7:0];IA16@INST_LO[31:16];X0_12@INST_HI[11:0];VJ8x4@INST_HI[19:12];PJ2@INST_HI[21:20];X1_1@INST_HI[22]	00000000	02000000	00000000	8f800000	00000000	07800000	ffff00ff	007fffff	0000ff00	00000000	00000000	70000000	siordrot_c4 SIO0, p0, v0-v3, v0, channum(8), 0x0000
lg200	siordrot_id	9	sio-id	sio-export	Reads channel data from the selected SIO stream using the encoded rotation. The form uses an explicit stream identifier. Stream storage, channel layout, and stage routing follow the graphics SIO ABI.	graphics-vs-ps	graphics-sio	VA8VK8X2_16X0_12VJ8PJ2X1_1	VA8@INST_LO[7:0];VK8@INST_LO[15:8];X2_16@INST_LO[31:16];X0_12@INST_HI[11:0];VJ8@INST_HI[19:12];PJ2@INST_HI[21:20];X1_1@INST_HI[22]	00000000	34000000	00000000	ff800000	00000000	07800000	ffffffff	007fffff	00000000	00000000	00000000	78000000	siordrot_id SIO0, p0, v0, v0, v0, channum(8), 0x0000
lg200	siordrot_id_c4	9	sio-id	sio-export	Reads channel data from the selected SIO stream using the encoded rotation. The form uses an explicit stream identifier, a four-channel transfer. Stream storage, channel layout, and stage routing follow the graphics SIO ABI.	graphics-vs-ps	graphics-sio	VA8VK8X2_16X0_12VJ8x4PJ2X1_1	VA8@INST_LO[7:0];VK8@INST_LO[15:8];X2_16@INST_LO[31:16];X0_12@INST_HI[11:0];VJ8x4@INST_HI[19:12];PJ2@INST_HI[21:20];X1_1@INST_HI[22]	00000809	3500c008	00000000	87800000	00000000	07800000	ffffffff	007fffff	00000000	00000000	00000000	78000000	siordrot_id_c4 SIO0, p0, v0-v3, v0, v0, channum(8), 0x0000
lg200	siordrot_imm	10	sio-imm	sio-export	Reads channel data from the selected SIO stream using the encoded rotation. The form uses immediate channel addressing. Stream storage, channel layout, and stage routing follow the graphics SIO ABI.	graphics-vs-ps	graphics-sio	X2_12IK16X0_12VJ8PJ2X1_1	X2_12@INST_LO[11:0];IK16@INST_LO[31:16];X0_12@INST_HI[11:0];VJ8@INST_HI[19:12];PJ2@INST_HI[21:20];X1_1@INST_HI[22]	00000000	19000000	00000000	9f800000	00000000	07800000	ffff0fff	007fffff	0000f000	00000000	00000000	60000000	siordrot_imm SIO0, p0, v4, channum(4), 0x0000, chan(0)
lg200	siordrot_imm_c4	10	sio-imm	sio-export	Reads channel data from the selected SIO stream using the encoded rotation. The form uses immediate channel addressing, a four-channel transfer. Stream storage, channel layout, and stage routing follow the graphics SIO ABI.	graphics-vs-ps	graphics-sio	X2_12IK16X0_12VJ8x4PJ2X1_1	X2_12@INST_LO[11:0];IK16@INST_LO[31:16];X0_12@INST_HI[11:0];VJ8x4@INST_HI[19:12];PJ2@INST_HI[21:20];X1_1@INST_HI[22]	00000000	1a000000	00000000	9f800000	00000000	07800000	ffff0fff	007fffff	0000f000	00000000	00000000	60000000	siordrot_imm_c4 SIO0, p0, v4-v7, channum(4), 0x0000, chan(0)
lg200	sioread	9	sio-id	sio-export	Reads channel data from the selected SIO stream into the vector destination. Stream storage, channel layout, and stage routing follow the graphics SIO ABI.	graphics-vs-ps	graphics-sio	VJ8IK16X0_12VD8PJ2X1_1	VJ8@INST_LO[7:0];IK16@INST_LO[31:16];X0_12@INST_HI[11:0];VD8@INST_HI[19:12];PJ2@INST_HI[21:20];X1_1@INST_HI[22]	00000000	30000000	00000000	ff800000	00000000	07800000	ffff00ff	007fffff	0000ff00	00000000	00000000	00000000	sioread SIO0, p0, v0, v0, channum(8), 0x0000
lg200	sioread_imm	10	sio-imm	sio-export	Reads channel data from the selected SIO stream into the vector destination. The form uses immediate channel addressing. Stream storage, channel layout, and stage routing follow the graphics SIO ABI.	graphics-vs-ps	graphics-sio	X2_12IJ16X0_12VD8PJ2X1_1	X2_12@INST_LO[11:0];IJ16@INST_LO[31:16];X0_12@INST_HI[11:0];VD8@INST_HI[19:12];PJ2@INST_HI[21:20];X1_1@INST_HI[22]	00000000	18000000	00000000	9f800000	00000000	07800000	ffff0fff	007fffff	0000f000	00000000	00000000	60000000	sioread_imm SIO0, p0, v4, channum(4), 0x0000, chan(0)
lg200	siowrite	9	sio-id	sio-export	Writes vector channel data to the selected SIO stream. Stream storage, channel layout, and stage routing follow the graphics SIO ABI.	graphics-vs-ps	graphics-sio	VK8IA16X0_12VJ8PJ2X1_1	VK8@INST_LO[7:0];IA16@INST_LO[31:16];X0_12@INST_HI[11:0];VJ8@INST_HI[19:12];PJ2@INST_HI[21:20];X1_1@INST_HI[22]	00000000	10800000	00000000	df800000	00000000	07800000	ffff00ff	007fffff	0000ff00	00000000	00000000	20000000	siowrite SIO0, p0, v0, v0, channum(8), 0x0000
lg200	siowrite_imm	10	sio-imm	sio-export	Writes vector channel data to the selected SIO stream. The form uses immediate channel addressing. Stream storage, channel layout, and stage routing follow the graphics SIO ABI.	graphics-vs-ps	graphics-sio	X2_12IK16X0_12VJ8PJ2X1_1	X2_12@INST_LO[11:0];IK16@INST_LO[31:16];X0_12@INST_HI[11:0];VJ8@INST_HI[19:12];PJ2@INST_HI[21:20];X1_1@INST_HI[22]	00000000	18800000	00000000	9f800000	00000000	07800000	ffff0fff	007fffff	0000f000	00000000	00000000	60000000	siowrite_imm SIO0, p0, v4, channum(4), 0x0000, chan(0)
lg200	siowrrot	9	sio-id	sio-export	Writes vector channel data to the selected SIO stream using the encoded rotation. Stream storage, channel layout, and stage routing follow the graphics SIO ABI.	graphics-vs-ps	graphics-sio	VK8IA16X0_12VJ8PJ2X1_1	VK8@INST_LO[7:0];IA16@INST_LO[31:16];X0_12@INST_HI[11:0];VJ8@INST_HI[19:12];PJ2@INST_HI[21:20];X1_1@INST_HI[22]	00000000	01800000	00000000	8f800000	00000000	07800000	ffff00ff	007fffff	0000ff00	00000000	00000000	70000000	siowrrot SIO0, p0, v0, v0, channum(8), 0x0000
lg200	siowrrot_c4	9	sio-id	sio-export	Writes vector channel data to the selected SIO stream using the encoded rotation. The form uses a four-channel transfer. Stream storage, channel layout, and stage routing follow the graphics SIO ABI.	graphics-vs-ps	graphics-sio	VK8IA16X0_12VJ8x4PJ2X1_1	VK8@INST_LO[7:0];IA16@INST_LO[31:16];X0_12@INST_HI[11:0];VJ8x4@INST_HI[19:12];PJ2@INST_HI[21:20];X1_1@INST_HI[22]	00000000	02800000	00000000	8f800000	00000000	07800000	ffff00ff	007fffff	0000ff00	00000000	00000000	70000000	siowrrot_c4 SIO0, p0, v0-v3, v0, channum(8), 0x0000
lg200	siowrrot_id	9	sio-id	sio-export	Writes vector channel data to the selected SIO stream using the encoded rotation. The form uses an explicit stream identifier. Stream storage, channel layout, and stage routing follow the graphics SIO ABI.	graphics-vs-ps	graphics-sio	VA8VK8X2_16X0_12VJ8PJ2X1_1	VA8@INST_LO[7:0];VK8@INST_LO[15:8];X2_16@INST_LO[31:16];X0_12@INST_HI[11:0];VJ8@INST_HI[19:12];PJ2@INST_HI[21:20];X1_1@INST_HI[22]	00000000	04800000	00000000	87800000	00000000	07800000	ffffffff	007fffff	00000000	00000000	00000000	78000000	siowrrot_id SIO0, p0, v0, v0, v0, channum(8), 0x0000
lg200	siowrrot_id_c4	9	sio-id	sio-export	Writes vector channel data to the selected SIO stream using the encoded rotation. The form uses an explicit stream identifier, a four-channel transfer. Stream storage, channel layout, and stage routing follow the graphics SIO ABI.	graphics-vs-ps	graphics-sio	VA8VK8X2_16X0_12VJ8x4PJ2X1_1	VA8@INST_LO[7:0];VK8@INST_LO[15:8];X2_16@INST_LO[31:16];X0_12@INST_HI[11:0];VJ8x4@INST_HI[19:12];PJ2@INST_HI[21:20];X1_1@INST_HI[22]	00000000	05800000	00000000	87800000	00000000	07800000	ffffffff	007fffff	00000000	00000000	00000000	78000000	siowrrot_id_c4 SIO0, p0, v0-v3, v0, v0, channum(8), 0x0000
lg200	siowrrot_imm	10	sio-imm	sio-export	Writes vector channel data to the selected SIO stream using the encoded rotation. The form uses immediate channel addressing. Stream storage, channel layout, and stage routing follow the graphics SIO ABI.	graphics-vs-ps	graphics-sio	M.chan12IK16M.channum12VJ8PJ2M.sioid1	M.chan12@INST_LO[11:0];IK16@INST_LO[31:16];M.channum12@INST_HI[11:0];VJ8@INST_HI[19:12];PJ2@INST_HI[21:20];M.sioid1@INST_HI[22]	00000000	39800008	00000000	9f800000	00000000	07800000	ffff0fff	007fffff	0000f000	00000000	00000000	60000000	siowrrot_imm SIO0, p0, v4, channum(4), 0x0000, chan(0)
lg200	siowrrot_imm_c4	10	sio-imm	sio-export	Writes vector channel data to the selected SIO stream using the encoded rotation. The form uses immediate channel addressing, a four-channel transfer. Stream storage, channel layout, and stage routing follow the graphics SIO ABI.	graphics-vs-ps	graphics-sio	M.chan12IK16M.channum12VJ8x4PJ2M.sioid1	M.chan12@INST_LO[11:0];IK16@INST_LO[31:16];M.channum12@INST_HI[11:0];VJ8x4@INST_HI[19:12];PJ2@INST_HI[21:20];M.sioid1@INST_HI[22]	00000000	3a800004	00000000	8f800000	00000000	07800000	ffff0fff	007fffff	0000f000	00000000	00000000	70000000	siowrrot_imm_c4 SIO0, p0, v4-v7, channum(4), 0x0000, chan(0)
lg200	store_sm_b16	8	shared-memory	memory-image	Stores a 16-bit bit pattern from the vector source to workgroup shared memory.	compute-workgroup	resource-payload	VJ8VK8X0_16PJ2	VJ8@INST_LO[7:0];VK8@INST_LO[23:16];X0_16@INST_HI[15:0];PJ2@INST_HI[17:16]	00000000	20a40000	00000000	bffc0000	00000000	07fc0000	00ff00ff	0003ffff	ff00ff00	00000000	00000000	40000000	store_sm_b16 p0, v0, v0
lg200	store_sm_b32	8	shared-memory	memory-image	Stores a 32-bit bit pattern from the vector source to workgroup shared memory.	compute-workgroup	resource-payload	VJ8VK8X0_16PJ2	VJ8@INST_LO[7:0];VK8@INST_LO[23:16];X0_16@INST_HI[15:0];PJ2@INST_HI[17:16]	00000000	20a80000	00000000	bffc0000	00000000	07fc0000	00ff00ff	0003ffff	ff00ff00	00000000	00000000	40000000	store_sm_b32 p0, v0, v0
lg200	store_sm_b64	8	shared-memory	memory-image	Stores a 64-bit bit pattern from the vector source to workgroup shared memory.	compute-workgroup	resource-payload	VJ8x2VK8X0_16PJ2	VJ8x2@INST_LO[7:0];VK8@INST_LO[23:16];X0_16@INST_HI[15:0];PJ2@INST_HI[17:16]	00000000	20ac0000	00000000	bffc0000	00000000	07fc0000	00ff00ff	0003ffff	ff00ff00	00000000	00000000	40000000	store_sm_b64 p0, v0-v1, v0
lg200	store_sm_b8	8	shared-memory	memory-image	Stores a 8-bit bit pattern from the vector source to workgroup shared memory.	compute-workgroup	resource-payload	VJ8VK8X0_16PJ2	VJ8@INST_LO[7:0];VK8@INST_LO[23:16];X0_16@INST_HI[15:0];PJ2@INST_HI[17:16]	00000000	20a00000	00000000	bffc0000	00000000	07fc0000	00ff00ff	0003ffff	ff00ff00	00000000	00000000	40000000	store_sm_b8 p0, v0, v0
lg200	store_sm_swizzle_b64	8	shared-memory	memory-image	Applies the shared-memory swizzle mapping and stores a 64-bit vector source value to workgroup shared memory.	compute-workgroup	resource-payload	VJ8x2VK8PJ2	VJ8x2@INST_LO[7:0];VK8@INST_LO[23:16];PJ2@INST_HI[17:16]	00000000	20e80000	00000000	fffc0000	00000000	07fc0000	00ff00ff	00030000	ff00ff00	0000ffff	00000000	00000000	store_sm_swizzle_b64 p0, v0-v1, v0
lg200	store_v_buff_b128	6	tex-buffer	memory-image	Stores the low 128-bit bit pattern from the vector data source to the buffer descriptor plus the encoded address and offsets.	compute-buffer	resource-payload	RA8RK8x4VQ8VJ8x4UO12M.offen1M.idxen1M.bl11M.bl21PJ2	RA8@INST_LO[7:0];RK8x4@INST_LO[15:8];VQ8@INST_LO[23:16];VJ8x4@INST_LO[31:24];UO12@INST_HI[11:0];M.offen1@INST_HI[12];M.idxen1@INST_HI[13];M.bl11@INST_HI[14];M.bl21@INST_HI[15];PJ2@INST_HI[17:16]	00000000	21e00000	00000000	b7fc0000	00000000	07fc0000	ffffffff	0003ffff	00000000	00000000	00000000	48000000	store_v_buff_b128 p0, v0-v3, s16-s19, s4, 0x40f
lg200	store_v_buff_b16	6	tex-buffer	memory-image	Stores the low 16-bit bit pattern from the vector data source to the buffer descriptor plus the encoded address and offsets.	compute-buffer	resource-payload	RA8RK8x4VQ8VJ8UO12M.offen1M.idxen1M.bl11M.bl21PJ2	RA8@INST_LO[7:0];RK8x4@INST_LO[15:8];VQ8@INST_LO[23:16];VJ8@INST_LO[31:24];UO12@INST_HI[11:0];M.offen1@INST_HI[12];M.idxen1@INST_HI[13];M.bl11@INST_HI[14];M.bl21@INST_HI[15];PJ2@INST_HI[17:16]	00000000	29d00000	00000000	bffc0000	00000000	07fc0000	ffffffff	0003ffff	00000000	00000000	00000000	40000000	store_v_buff_b16 p0, v4, v8, s0-s3, zero, 0x000, offen, bl1
lg200	store_v_buff_b32	6	tex-buffer	memory-image	Stores the low 32-bit bit pattern from the vector data source to the buffer descriptor plus the encoded address and offsets.	compute-buffer	resource-payload	RA8RK8x4VQ8VJ8UO12M.offen1M.idxen1M.bl11M.bl21PJ2	RA8@INST_LO[7:0];RK8x4@INST_LO[15:8];VQ8@INST_LO[23:16];VJ8@INST_LO[31:24];UO12@INST_HI[11:0];M.offen1@INST_HI[12];M.idxen1@INST_HI[13];M.bl11@INST_HI[14];M.bl21@INST_HI[15];PJ2@INST_HI[17:16]	00000000	21d40000	00000000	b7fc0000	00000000	07fc0000	ffffffff	0003ffff	00000000	00000000	00000000	48000000	store_v_buff_b32 p0, v0, s16-s19, s4, 0x40f
lg200	store_v_buff_b64	6	tex-buffer	memory-image	Stores the low 64-bit bit pattern from the vector data source to the buffer descriptor plus the encoded address and offsets.	compute-buffer	resource-payload	RA8RK8x4VQ8VJ8x2UO12M.offen1M.idxen1M.bl11M.bl21PJ2	RA8@INST_LO[7:0];RK8x4@INST_LO[15:8];VQ8@INST_LO[23:16];VJ8x2@INST_LO[31:24];UO12@INST_HI[11:0];M.offen1@INST_HI[12];M.idxen1@INST_HI[13];M.bl11@INST_HI[14];M.bl21@INST_HI[15];PJ2@INST_HI[17:16]	00000000	21d80000	00000000	b7fc0000	00000000	07fc0000	ffffffff	0003ffff	00000000	00000000	00000000	48000000	store_v_buff_b64 p0, v0-v1, s16-s19, s4, 0x40f
lg200	store_v_buff_b8	6	tex-buffer	memory-image	Stores the low 8-bit bit pattern from the vector data source to the buffer descriptor plus the encoded address and offsets.	compute-buffer	resource-payload	RA8RK8x4VJ8UO12M.offen1M.idxen1M.bl11M.bl21PJ2	RA8@INST_LO[7:0];RK8x4@INST_LO[15:8];VJ8@INST_LO[31:24];UO12@INST_HI[11:0];M.offen1@INST_HI[12];M.idxen1@INST_HI[13];M.bl11@INST_HI[14];M.bl21@INST_HI[15];PJ2@INST_HI[17:16]	00000000	21cc0000	00000000	b7fc0000	00000000	07fc0000	ff00ffff	0003ffff	00ff0000	00000000	00000000	48000000	store_v_buff_b8 p0, v0, s16-s19, s4, 0x40f
lg200	store_v_buff_b96	6	tex-buffer	memory-image	Stores the low 96-bit bit pattern from the vector data source to the buffer descriptor plus the encoded address and offsets.	compute-buffer	resource-payload	RA8RK8x4VQ8VJ8x3UO12M.offen1M.idxen1M.bl11M.bl21PJ2	RA8@INST_LO[7:0];RK8x4@INST_LO[15:8];VQ8@INST_LO[23:16];VJ8x3@INST_LO[31:24];UO12@INST_HI[11:0];M.offen1@INST_HI[12];M.idxen1@INST_HI[13];M.bl11@INST_HI[14];M.bl21@INST_HI[15];PJ2@INST_HI[17:16]	00000000	21dc0000	00000000	b7fc0000	00000000	07fc0000	ffffffff	0003ffff	00000000	00000000	00000000	48000000	store_v_buff_b96 p0, v0-v2, s16-s19, s4, 0x40f
lg200	store_v_buff_fmtdesc_c1	6	tex-buffer	memory-image	Stores 1 formatted component using the resource descriptor to the buffer descriptor plus the encoded address and offsets.	compute-buffer	resource-payload	RA8RK8x4VJ8UO12M.offen1M.idxen1M.bl11M.bl21PJ2	RA8@INST_LO[7:0];RK8x4@INST_LO[15:8];VJ8@INST_LO[31:24];UO12@INST_HI[11:0];M.offen1@INST_HI[12];M.idxen1@INST_HI[13];M.bl11@INST_HI[14];M.bl21@INST_HI[15];PJ2@INST_HI[17:16]	00000000	21f40000	00000000	b7fc0000	00000000	07fc0000	ff00ffff	0003ffff	00ff0000	00000000	00000000	48000000	store_v_buff_fmtdesc_c1 p0, v0, s16-s19, s4, 0x40f
lg200	store_v_buff_fmtdesc_c2	6	tex-buffer	memory-image	Stores 2 formatted components using the resource descriptor to the buffer descriptor plus the encoded address and offsets.	compute-buffer	resource-payload	RA8RK8x4VJ8x2UO12M.offen1M.idxen1M.bl11M.bl21PJ2	RA8@INST_LO[7:0];RK8x4@INST_LO[15:8];VJ8x2@INST_LO[31:24];UO12@INST_HI[11:0];M.offen1@INST_HI[12];M.idxen1@INST_HI[13];M.bl11@INST_HI[14];M.bl21@INST_HI[15];PJ2@INST_HI[17:16]	00000000	21f80000	00000000	b7fc0000	00000000	07fc0000	ff00ffff	0003ffff	00ff0000	00000000	00000000	48000000	store_v_buff_fmtdesc_c2 p0, v0-v1, s16-s19, s4, 0x40f
lg200	store_v_buff_fmtdesc_c3	6	tex-buffer	memory-image	Stores 3 formatted components using the resource descriptor to the buffer descriptor plus the encoded address and offsets.	compute-buffer	resource-payload	RA8RK8x4VJ8x3UO12M.offen1M.idxen1M.bl11M.bl21PJ2	RA8@INST_LO[7:0];RK8x4@INST_LO[15:8];VJ8x3@INST_LO[31:24];UO12@INST_HI[11:0];M.offen1@INST_HI[12];M.idxen1@INST_HI[13];M.bl11@INST_HI[14];M.bl21@INST_HI[15];PJ2@INST_HI[17:16]	00000000	21fc0000	00000000	b7fc0000	00000000	07fc0000	ff00ffff	0003ffff	00ff0000	00000000	00000000	48000000	store_v_buff_fmtdesc_c3 p0, v0-v2, s16-s19, s4, 0x40f
lg200	store_v_buff_fmtdesc_c4	6	tex-buffer	memory-image	Stores 4 formatted components using the resource descriptor to the buffer descriptor plus the encoded address and offsets.	compute-buffer	resource-payload	RA8RK8x4VJ8x4UO12M.offen1M.idxen1M.bl11M.bl21PJ2	RA8@INST_LO[7:0];RK8x4@INST_LO[15:8];VJ8x4@INST_LO[31:24];UO12@INST_HI[11:0];M.offen1@INST_HI[12];M.idxen1@INST_HI[13];M.bl11@INST_HI[14];M.bl21@INST_HI[15];PJ2@INST_HI[17:16]	00000000	22000000	00000000	b7fc0000	00000000	07fc0000	ff00ffff	0003ffff	00ff0000	00000000	00000000	48000000	store_v_buff_fmtdesc_c4 p0, v0-v3, s16-s19, s4, 0x40f
lg200	store_v_buff_fmtinst_c1	6	tex-buffer	memory-image	Stores 1 formatted component using the instruction format to the buffer descriptor plus the encoded address and offsets.	compute-buffer	resource-payload	RA8RK8x4VJ8UO12M.offen1M.idxen1M.bl11M.bl21PJ2	RA8@INST_LO[7:0];RK8x4@INST_LO[15:8];VJ8@INST_LO[31:24];UO12@INST_HI[11:0];M.offen1@INST_HI[12];M.idxen1@INST_HI[13];M.bl11@INST_HI[14];M.bl21@INST_HI[15];PJ2@INST_HI[17:16]	00000000	22140000	00000000	b7fc0000	00000000	07fc0000	ff00ffff	0003ffff	00ff0000	00000000	00000000	48000000	store_v_buff_fmtinst_c1 p0, v0, s16-s19, s4, 0x40f
lg200	store_v_buff_fmtinst_c2	6	tex-buffer	memory-image	Stores 2 formatted components using the instruction format to the buffer descriptor plus the encoded address and offsets.	compute-buffer	resource-payload	RA8RK8x4VJ8x2UO12M.offen1M.idxen1M.bl11M.bl21PJ2	RA8@INST_LO[7:0];RK8x4@INST_LO[15:8];VJ8x2@INST_LO[31:24];UO12@INST_HI[11:0];M.offen1@INST_HI[12];M.idxen1@INST_HI[13];M.bl11@INST_HI[14];M.bl21@INST_HI[15];PJ2@INST_HI[17:16]	00000000	22180000	00000000	b7fc0000	00000000	07fc0000	ff00ffff	0003ffff	00ff0000	00000000	00000000	48000000	store_v_buff_fmtinst_c2 p0, v0-v1, s16-s19, s4, 0x40f
lg200	store_v_buff_fmtinst_c3	6	tex-buffer	memory-image	Stores 3 formatted components using the instruction format to the buffer descriptor plus the encoded address and offsets.	compute-buffer	resource-payload	RA8RK8x4VJ8x3UO12M.offen1M.idxen1M.bl11M.bl21PJ2	RA8@INST_LO[7:0];RK8x4@INST_LO[15:8];VJ8x3@INST_LO[31:24];UO12@INST_HI[11:0];M.offen1@INST_HI[12];M.idxen1@INST_HI[13];M.bl11@INST_HI[14];M.bl21@INST_HI[15];PJ2@INST_HI[17:16]	00000000	221c0000	00000000	b7fc0000	00000000	07fc0000	ff00ffff	0003ffff	00ff0000	00000000	00000000	48000000	store_v_buff_fmtinst_c3 p0, v0-v2, s16-s19, s4, 0x40f
lg200	store_v_buff_fmtinst_c4	6	tex-buffer	memory-image	Stores 4 formatted components using the instruction format to the buffer descriptor plus the encoded address and offsets.	compute-buffer	resource-payload	RA8RK8x4VJ8x4UO12M.offen1M.idxen1M.bl11M.bl21PJ2	RA8@INST_LO[7:0];RK8x4@INST_LO[15:8];VJ8x4@INST_LO[31:24];UO12@INST_HI[11:0];M.offen1@INST_HI[12];M.idxen1@INST_HI[13];M.bl11@INST_HI[14];M.bl21@INST_HI[15];PJ2@INST_HI[17:16]	00000000	22200000	00000000	b7fc0000	00000000	07fc0000	ff00ffff	0003ffff	00ff0000	00000000	00000000	48000000	store_v_buff_fmtinst_c4 p0, v0-v3, s16-s19, s4, 0x40f
lg200	store_v_flat_b128	7	flat	memory-image	Stores a 128-bit bit pattern from the vector data source to the flat-memory address.	compute-buffer	resource-payload	VJ8x4RA8x2M.bl11M.bl21VK8x2PJ2	VJ8x4@INST_LO[7:0];RA8x2@INST_LO[15:8];M.bl11@INST_LO[30];M.bl21@INST_LO[31];VK8x2@INST_HI[7:0];PJ2@INST_HI[17:16]	00000000	609c0000	00000000	fffc0000	00000000	0ffc0000	c000ffff	000300ff	3fff0000	0000ff00	00000000	10000000	store_v_flat_b128 p0, v0-v3, v0-v1, s0-s1
lg200	store_v_flat_b16	7	flat	memory-image	Stores a 16-bit bit pattern from the vector data source to the flat-memory address.	compute-buffer	resource-payload	VJ8RA8x2M.bl11M.bl21VK8x2PJ2	VJ8@INST_LO[7:0];RA8x2@INST_LO[15:8];M.bl11@INST_LO[30];M.bl21@INST_LO[31];VK8x2@INST_HI[7:0];PJ2@INST_HI[17:16]	00000000	708c0000	00000000	fffc0000	00000000	0ffc0000	c000ffff	000300ff	3fff0000	0000ff00	00000000	00000000	store_v_flat_b16 p0, v0, v0-v1, s0-s1
lg200	store_v_flat_b32	7	flat	memory-image	Stores a 32-bit bit pattern from the vector data source to the flat-memory address.	compute-buffer	resource-payload	VJ8RA8x2M.bl11M.bl21VK8x2PJ2	VJ8@INST_LO[7:0];RA8x2@INST_LO[15:8];M.bl11@INST_LO[30];M.bl21@INST_LO[31];VK8x2@INST_HI[7:0];PJ2@INST_HI[17:16]	00000000	60900000	00000000	fffc0000	00000000	0ffc0000	c000ffff	000300ff	3fff0000	0000ff00	00000000	10000000	store_v_flat_b32 p0, v0, v0-v1, s0-s1
lg200	store_v_flat_b64	7	flat	memory-image	Stores a 64-bit bit pattern from the vector data source to the flat-memory address.	compute-buffer	resource-payload	VJ8x2RA8x2M.bl11M.bl21VK8x2PJ2	VJ8x2@INST_LO[7:0];RA8x2@INST_LO[15:8];M.bl11@INST_LO[30];M.bl21@INST_LO[31];VK8x2@INST_HI[7:0];PJ2@INST_HI[17:16]	00000000	60940000	00000000	fffc0000	00000000	0ffc0000	c000ffff	000300ff	3fff0000	0000ff00	00000000	10000000	store_v_flat_b64 p0, v0-v1, v0-v1, s0-s1
lg200	store_v_flat_b8	7	flat	memory-image	Stores an 8-bit bit pattern from the vector data source to the flat-memory address.	compute-buffer	resource-payload	VJ8RA8x2M.bl11M.bl21VK8x2PJ2	VJ8@INST_LO[7:0];RA8x2@INST_LO[15:8];M.bl11@INST_LO[30];M.bl21@INST_LO[31];VK8x2@INST_HI[7:0];PJ2@INST_HI[17:16]	00000000	60880000	00000000	effc0000	00000000	0ffc0000	c000ffff	000300ff	3fff0000	0000ff00	00000000	10000000	store_v_flat_b8 p0, v0, v0-v1, s0-s1
lg200	store_v_flat_b96	7	flat	memory-image	Stores a 96-bit bit pattern from the vector data source to the flat-memory address.	compute-buffer	resource-payload	VJ8x3RA8x2M.bl11M.bl21VK8x2PJ2	VJ8x3@INST_LO[7:0];RA8x2@INST_LO[15:8];M.bl11@INST_LO[30];M.bl21@INST_LO[31];VK8x2@INST_HI[7:0];PJ2@INST_HI[17:16]	00000000	40980000	00000000	cffc0000	00000000	0ffc0000	c000ffff	000300ff	3fff0000	0000ff00	00000000	30000000	store_v_flat_b96 p0, v0-v2, v0-v1, s0-s1
lg200	store_v_tex	6	tex-buffer	memory-image	Stores the dmask-selected vector components to the image descriptor at the vector coordinates.	compute-image	resource-payload	RA8x8VK8x8VJ8x4M.dmask4M.na1M.un1M.rsz1M.bl11M.bl21PJ2	RA8x8@INST_LO[15:8];VK8x8@INST_LO[23:16];VJ8x4@INST_LO[31:24];M.dmask4@INST_HI[3:0];M.na1@INST_HI[9];M.un1@INST_HI[10];M.rsz1@INST_HI[11];M.bl11@INST_HI[14];M.bl21@INST_HI[15];PJ2@INST_HI[17:16]	00000000	21340000	00000000	b7fc0000	00000000	07fc0000	ffffff00	0003ce0f	000000ff	000031f0	00000000	48000000	store_v_tex p0, v0-v3, v2-v9, s16-s23, un, dmask:1111
lg200	store_v_tex_mip	6	tex-buffer	memory-image	Stores the dmask-selected vector components to the image descriptor at the vector coordinates. The mip form includes the mip-level selector in the resource operand.	compute-image	resource-payload	RA8x8VK8x8VJ8x4M.dmask4M.na1M.un1M.rsz1M.bl11M.bl21PJ2	RA8x8@INST_LO[15:8];VK8x8@INST_LO[23:16];VJ8x4@INST_LO[31:24];M.dmask4@INST_HI[3:0];M.na1@INST_HI[9];M.un1@INST_HI[10];M.rsz1@INST_HI[11];M.bl11@INST_HI[14];M.bl21@INST_HI[15];PJ2@INST_HI[17:16]	00000000	21380000	00000000	b7fc0000	00000000	07fc0000	ffffff00	0003ce0f	000000ff	000031f0	00000000	48000000	store_v_tex_mip p0, v0-v3, v2-v9, s16-s23, un, dmask:1111
lg200	store_v_tex_mip_pck	6	tex-buffer	memory-image	Stores the dmask-selected vector components to the image descriptor at the vector coordinates. The mip form includes the mip-level selector in the resource operand. Packed forms convert the vector payload to the resource representation.	compute-image	resource-payload	RA8x8VK8x8VJ8x4M.dmask4M.na1M.un1M.rsz1M.bl11M.bl21PJ2	RA8x8@INST_LO[15:8];VK8x8@INST_LO[23:16];VJ8x4@INST_LO[31:24];M.dmask4@INST_HI[3:0];M.na1@INST_HI[9];M.un1@INST_HI[10];M.rsz1@INST_HI[11];M.bl11@INST_HI[14];M.bl21@INST_HI[15];PJ2@INST_HI[17:16]	00000000	21400000	00000000	b7fc0000	00000000	07fc0000	ffffff00	0003ce0f	000000ff	000031f0	00000000	48000000	store_v_tex_mip_pck p0, v0-v3, v2-v9, s16-s23, un, dmask:1111
lg200	store_v_tex_pck	6	tex-buffer	memory-image	Stores the dmask-selected vector components to the image descriptor at the vector coordinates. Packed forms convert the vector payload to the resource representation.	compute-image	resource-payload	RA8x8VK8x8VJ8x4M.dmask4M.na1M.un1M.rsz1M.bl11M.bl21PJ2	RA8x8@INST_LO[15:8];VK8x8@INST_LO[23:16];VJ8x4@INST_LO[31:24];M.dmask4@INST_HI[3:0];M.na1@INST_HI[9];M.un1@INST_HI[10];M.rsz1@INST_HI[11];M.bl11@INST_HI[14];M.bl21@INST_HI[15];PJ2@INST_HI[17:16]	00000000	213c0000	00000000	b7fc0000	00000000	07fc0000	ffffff00	0003ce0f	000000ff	000031f0	00000000	48000000	store_v_tex_pck p0, v0-v3, v2-v9, s16-s23, un, dmask:1111
lg200	trap	1	sop-imm-control	control-prefix	Raises the encoded shader trap and transfers control to the trap path. Trap delivery is an execution-environment effect and produces no value result.	special	control-effect	X0_40RJ8x2	X0_32@INST_LO[31:0];RJ8x2@INST_HI[7:0];RD8x2@INST_HI[15:8]	00000000	40280000	00000000	d07f0000	00000000	007f0000	ffffffff	0000ffff	00000000	00000000	00000000	2f800000	trap s0-s1, s0-s1 BB_0 (0)
lg200	v_abs_f32	4	vop	vector-alu	Computes the absolute value of the 32-bit floating-point source and writes the result to the vector destination. The predicate gates the lane write.	compute-buffer	floating-point-value	GJ11VD8M.mod2M.clmp1PJ2	GJ11@INST_LO[7:0]+INST_HI[2:0];VD8@INST_LO[31:24];M.mod2@INST_HI[10:9];M.clmp1@INST_HI[11];PJ2@INST_HI[13:12]	00000000	10118000	00000000	ffffc000	00000000	0fffc000	ff0000ff	00003e07	00ffff00	000001f8	00000000	00000000	v_abs_f32 p0, v0, zero
lg200	v_abs_i32	4	vop	vector-alu	Computes the absolute value of the signed 32-bit integer source and writes the result to the vector destination. The predicate gates the lane write.	compute-buffer	integer-value	GJ11VD8M.mod2M.clmp1PJ2	GJ11@INST_LO[7:0]+INST_HI[2:0];VD8@INST_LO[31:24];M.mod2@INST_HI[10:9];M.clmp1@INST_HI[11];PJ2@INST_HI[13:12]	00000000	10044000	00000000	ffffc000	00000000	0fffc000	ff0000ff	00003e07	00ffff00	000001f8	00000000	00000000	v_abs_i32 p0, v0, zero
lg200	v_absdiff_i32	4	vop	vector-alu	Computes the absolute difference of the two signed 32-bit integer sources and writes the result to the vector destination. The predicate gates the lane write.	compute-buffer	integer-value	GJ11GK11RD8VD8M.mod2M.clmp1PJ2	GJ11@INST_LO[7:0]+INST_HI[2:0];GK11@INST_LO[15:8]+INST_HI[5:3];RD8@INST_LO[23:16];VD8@INST_LO[31:24];M.mod2@INST_HI[10:9];M.clmp1@INST_HI[11];PJ2@INST_HI[13:12]	00000000	1005c000	00000000	ffffc000	00000000	0fffc000	ffffffff	00003e3f	00000000	000001c0	00000000	00000000	v_absdiff_i32 p0, v0, zero, v0, vcc(s0)
lg200	v_absdiff_imm_i32	5	vop-imm	vector-alu	Computes the absolute difference of the two signed 32-bit integer sources and writes the result to the vector destination. The encoded immediate supplies the final arithmetic or logical source operand. The predicate gates the lane write.	compute-buffer	integer-value	IK32VJ8VD8PJ2	IK32@INST_LO[31:0];VJ8@INST_HI[7:0];VD8@INST_HI[15:8];PJ2@INST_HI[17:16]	00000000	40480000	00000000	effc0000	00000000	0ffc0000	ffffffff	0003ffff	00000000	00000000	00000000	10000000	v_absdiff_imm_i32 p0, v0, v0, 0x00000000
lg200	v_absdiff_imm_u32	5	vop-imm	vector-alu	Computes the absolute difference of the two unsigned 32-bit integer sources and writes the result to the vector destination. The encoded immediate supplies the final arithmetic or logical source operand. The predicate gates the lane write.	compute-buffer	integer-value	IK32VJ8VD8PJ2	IK32@INST_LO[31:0];VJ8@INST_HI[7:0];VD8@INST_HI[15:8];PJ2@INST_HI[17:16]	00000000	40440000	00000000	effc0000	00000000	0ffc0000	ffffffff	0003ffff	00000000	00000000	00000000	10000000	v_absdiff_imm_u32 p0, v0, v0, 0x00000000
lg200	v_absdiff_u32	4	vop	vector-alu	Computes the absolute difference of the two unsigned 32-bit integer sources and writes the result to the vector destination. The predicate gates the lane write.	compute-buffer	integer-value	GJ11GK11RD8VD8M.mod2M.clmp1PJ2	GJ11@INST_LO[7:0]+INST_HI[2:0];GK11@INST_LO[15:8]+INST_HI[5:3];RD8@INST_LO[23:16];VD8@INST_LO[31:24];M.mod2@INST_HI[10:9];M.clmp1@INST_HI[11];PJ2@INST_HI[13:12]	00000000	10058000	00000000	ffffc000	00000000	0fffc000	ffffffff	00003e3f	00000000	000001c0	00000000	00000000	v_absdiff_u32 p0, v0, zero, v0, vcc(s0)
lg200	v_add_f32	4	vop	vector-alu	Adds the two 32-bit floating-point sources and writes the result to the vector destination. The predicate gates the lane write.	compute-buffer	floating-point-value	GJ11GK11VD8M.mod2M.clmp1PJ2	GJ11@INST_LO[7:0]+INST_HI[2:0];GK11@INST_LO[15:8]+INST_HI[5:3];VD8@INST_LO[31:24];M.mod2@INST_HI[10:9];M.clmp1@INST_HI[11];PJ2@INST_HI[13:12]	00000000	10104000	00000000	ffffc000	00000000	0fffc000	ff00ffff	00003e3f	00ff0000	000001c0	00000000	00000000	v_add_f32 p0, v0, zero, v0
lg200	v_add_f64	4	vop	vector-alu	Adds the two 64-bit floating-point sources and writes the result to the vector destination. The predicate gates the lane write.	compute-buffer	floating-point-value	GJ11GK11x2VD8x2M.mod2M.clmp1PJ2	GJ11@INST_LO[7:0]+INST_HI[2:0];GK11x2@INST_LO[15:8]+INST_HI[5:3];VD8x2@INST_LO[31:24];M.mod2@INST_HI[10:9];M.clmp1@INST_HI[11];PJ2@INST_HI[13:12]	00000000	10600000	00000000	ffffc000	00000000	0fffc000	ff00ffff	00003e3f	00ff0000	000001c0	00000000	00000000	v_add_f64 p0, v0-v1, zero, v0-v1
lg200	v_add_i32	4	vop	vector-alu	Adds the two signed 32-bit integer sources and writes the result to the vector destination. The predicate gates the lane write.	compute-buffer	integer-value	GJ11GK11RD8VD8M.mod2M.clmp1PJ2	GJ11@INST_LO[7:0]+INST_HI[2:0];GK11@INST_LO[15:8]+INST_HI[5:3];RD8@INST_LO[23:16];VD8@INST_LO[31:24];M.mod2@INST_HI[10:9];M.clmp1@INST_HI[11];PJ2@INST_HI[13:12]	00000000	10004000	00000000	ffffc000	00000000	0fffc000	ffffffff	00003e3f	00000000	000001c0	00000000	00000000	v_add_i32 p0, v0, zero, v0, vcc(s0)
lg200	v_add_imm_f32	5	vop-imm	vector-alu	Adds the two 32-bit floating-point sources and writes the result to the vector destination. The encoded immediate supplies the final arithmetic or logical source operand. The predicate gates the lane write.	compute-buffer	floating-point-value	IK32VJ8VD8PJ2	IK32@INST_LO[31:0];VJ8@INST_HI[7:0];VD8@INST_HI[15:8];PJ2@INST_HI[17:16]	00000000	007c0000	00000000	affc0000	00000000	0ffc0000	ffffffff	0003ffff	00000000	00000000	00000000	50000000	v_add_imm_f32 p0, v0, v0, 0x00000000
lg200	v_add_imm_i32	5	vop-imm	vector-alu	Adds the two signed 32-bit integer sources and writes the result to the vector destination. The encoded immediate supplies the final arithmetic or logical source operand. The predicate gates the lane write.	compute-buffer	integer-value	IK32VJ8VD8PJ2	IK32@INST_LO[31:0];VJ8@INST_HI[7:0];VD8@INST_HI[15:8];PJ2@INST_HI[17:16]	00000000	50040000	00000000	fffc0000	00000000	0ffc0000	ffffffff	0003ffff	00000000	00000000	00000000	00000000	v_add_imm_i32 p0, v0, v0, 0x00000000
lg200	v_add_imm_u32	5	vop-imm	vector-alu	Adds the two unsigned 32-bit integer sources and writes the result to the vector destination. The encoded immediate supplies the final arithmetic or logical source operand. The predicate gates the lane write.	compute-buffer	integer-value	IK32VJ8VD8PJ2	IK32@INST_LO[31:0];VJ8@INST_HI[7:0];VD8@INST_HI[15:8];PJ2@INST_HI[17:16]	00000000	50000000	00000000	fffc0000	00000000	0ffc0000	ffffffff	0003ffff	00000000	00000000	00000000	00000000	v_add_imm_u32 p0, v0, v0, 0x00000000
lg200	v_add_u32	4	vop	vector-alu	Adds the two unsigned 32-bit integer sources and writes the result to the vector destination. The predicate gates the lane write.	compute-buffer	integer-value	GJ11GK11RD8VD8M.mod2M.clmp1PJ2	GJ11@INST_LO[7:0]+INST_HI[2:0];GK11@INST_LO[15:8]+INST_HI[5:3];RD8@INST_LO[23:16];VD8@INST_LO[31:24];M.mod2@INST_HI[10:9];M.clmp1@INST_HI[11];PJ2@INST_HI[13:12]	00000000	10000000	00000000	ffffc000	00000000	0fffc000	ffffffff	00003e3f	00000000	000001c0	00000000	00000000	v_add_u32 p0, v0, zero, v0, vcc(s0)
lg200	v_addc_u32	4	vop	vector-alu	Adds the two unsigned 32-bit integer sources and the low carry-in bit and writes the result to the vector destination. The predicate gates the lane write.	compute-buffer	integer-value	GJ11GK11RD8VD8M.mod2M.clmp1PJ2	GJ11@INST_LO[7:0]+INST_HI[2:0];GK11@INST_LO[15:8]+INST_HI[5:3];RD8@INST_LO[23:16];VD8@INST_LO[31:24];M.mod2@INST_HI[10:9];M.clmp1@INST_HI[11];PJ2@INST_HI[13:12]	00000000	10038000	00000000	ffffc000	00000000	0fffc000	ffffffff	00003e3f	00000000	000001c0	00000000	00000000	v_addc_u32 p0, v0, zero, v0, vcc(s0)
lg200	v_and_b32	4	vop	vector-alu	Computes the bitwise AND of the two 32-bit sources and writes the result to the vector destination. The predicate gates the lane write.	compute-buffer	integer-value	GJ11GK11VD8M.mod2M.clmp1PJ2	GJ11@INST_LO[7:0]+INST_HI[2:0];GK11@INST_LO[15:8]+INST_HI[5:3];VD8@INST_LO[31:24];M.mod2@INST_HI[10:9];M.clmp1@INST_HI[11];PJ2@INST_HI[13:12]	00000000	10078000	00000000	ffffc000	00000000	0fffc000	ff00ffff	00003e3f	00ff0000	000001c0	00000000	00000000	v_and_b32 p0, v0, zero, v0
lg200	v_and_imm_b32	5	vop-imm	vector-alu	Computes the bitwise AND of the two 32-bit sources and writes the result to the vector destination. The encoded immediate supplies the final arithmetic or logical source operand. The predicate gates the lane write.	compute-buffer	integer-value	IK32VJ8VD8PJ2	IK32@INST_LO[31:0];VJ8@INST_HI[7:0];VD8@INST_HI[15:8];PJ2@INST_HI[17:16]	00000000	404c0000	00000000	effc0000	00000000	0ffc0000	ffffffff	0003ffff	00000000	00000000	00000000	10000000	v_and_imm_b32 p0, v0, v0, 0x00000000
lg200	v_bcnt0_u32	4	vop	vector-alu	Counts zero bits in the unsigned 32-bit integer source and writes the result to the vector destination. The predicate gates the lane write.	compute-buffer	integer-value	GJ11VD8M.mod2M.clmp1PJ2	GJ11@INST_LO[7:0]+INST_HI[2:0];VD8@INST_LO[31:24];M.mod2@INST_HI[10:9];M.clmp1@INST_HI[11];PJ2@INST_HI[13:12]	00000000	100b0000	00000000	ffffc000	00000000	0fffc000	ff0000ff	00003e07	00ffff00	000001f8	00000000	00000000	v_bcnt0_u32 p0, v0, zero
lg200	v_bcnt1_u32	4	vop	vector-alu	Counts one bits in the unsigned 32-bit integer source and writes the result to the vector destination. The predicate gates the lane write.	compute-buffer	integer-value	GJ11VD8M.mod2M.clmp1PJ2	GJ11@INST_LO[7:0]+INST_HI[2:0];VD8@INST_LO[31:24];M.mod2@INST_HI[10:9];M.clmp1@INST_HI[11];PJ2@INST_HI[13:12]	00000000	100b4000	00000000	ffffc000	00000000	0fffc000	ff0000ff	00003e07	00ffff00	000001f8	00000000	00000000	v_bcnt1_u32 p0, v0, zero
lg200	v_bfe_i32	4	vop	vector-alu	Extracts the bit field selected by the offset and width operands and writes the result to the vector destination. The predicate gates the lane write.	compute-buffer	integer-value	GJ11GK11GA11VD8M.mod2M.clmp1PJ2	GJ11@INST_LO[7:0]+INST_HI[2:0];GK11@INST_LO[15:8]+INST_HI[5:3];GA11@INST_LO[23:16]+INST_HI[8:6];VD8@INST_LO[31:24];M.mod2@INST_HI[10:9];M.clmp1@INST_HI[11];PJ2@INST_HI[13:12]	00000000	100a8000	00000000	ffffc000	00000000	0fffc000	ffffffff	00003fff	00000000	00000000	00000000	00000000	v_bfe_i32 p0, v0, zero, v0, s0
lg200	v_bfe_u32	4	vop	vector-alu	Extracts the bit field selected by the offset and width operands and writes the result to the vector destination. The predicate gates the lane write.	compute-buffer	integer-value	GJ11GK11GA11VD8M.mod2M.clmp1PJ2	GJ11@INST_LO[7:0]+INST_HI[2:0];GK11@INST_LO[15:8]+INST_HI[5:3];GA11@INST_LO[23:16]+INST_HI[8:6];VD8@INST_LO[31:24];M.mod2@INST_HI[10:9];M.clmp1@INST_HI[11];PJ2@INST_HI[13:12]	00000000	100a4000	00000000	ffffc000	00000000	0fffc000	ffffffff	00003fff	00000000	00000000	00000000	00000000	v_bfe_u32 p0, v0, zero, v0, s0
lg200	v_bfi_b32	4	vop	vector-alu	Inserts the selected source bits into the base value under the mask and writes the result to the vector destination. The predicate gates the lane write.	compute-buffer	integer-value	GJ11GK11GA11VD8M.mod2M.clmp1PJ2	GJ11@INST_LO[7:0]+INST_HI[2:0];GK11@INST_LO[15:8]+INST_HI[5:3];GA11@INST_LO[23:16]+INST_HI[8:6];VD8@INST_LO[31:24];M.mod2@INST_HI[10:9];M.clmp1@INST_HI[11];PJ2@INST_HI[13:12]	00000000	100dc000	00000000	ffffc000	00000000	0fffc000	ffffffff	00003fff	00000000	00000000	00000000	00000000	v_bfi_b32 p0, v0, zero, v0, s0
lg200	v_bfm_b32	4	vop	vector-alu	Constructs a contiguous bit mask from the offset and width operands and writes the result to the vector destination. The predicate gates the lane write.	compute-buffer	integer-value	GJ11GK11VD8M.mod2M.clmp1PJ2	GJ11@INST_LO[7:0]+INST_HI[2:0];GK11@INST_LO[15:8]+INST_HI[5:3];VD8@INST_LO[31:24];M.mod2@INST_HI[10:9];M.clmp1@INST_HI[11];PJ2@INST_HI[13:12]	00000000	100cc000	00000000	ffffc000	00000000	0fffc000	ff00ffff	00003e3f	00ff0000	000001c0	00000000	00000000	v_bfm_b32 p0, v0, zero, v0
lg200	v_bfrev_b32	4	vop	vector-alu	Reverses the bit order of the 32-bit source and writes the result to the vector destination. The predicate gates the lane write.	compute-buffer	integer-value	GJ11VD8M.mod2M.clmp1PJ2	GJ11@INST_LO[7:0]+INST_HI[2:0];VD8@INST_LO[31:24];M.mod2@INST_HI[10:9];M.clmp1@INST_HI[11];PJ2@INST_HI[13:12]	00000000	100ac000	00000000	ffffc000	00000000	0fffc000	ff0000ff	00003e07	00ffff00	000001f8	00000000	00000000	v_bfrev_b32 p0, v0, zero
lg200	v_bitalign_b32	4	vop	vector-alu	Concatenates the two 32-bit sources and extracts a bit-aligned 32-bit window and writes the result to the vector destination. The predicate gates the lane write.	compute-buffer	integer-value	GJ11GK11GA11VD8M.mod2M.clmp1PJ2	GJ11@INST_LO[7:0]+INST_HI[2:0];GK11@INST_LO[15:8]+INST_HI[5:3];GA11@INST_LO[23:16]+INST_HI[8:6];VD8@INST_LO[31:24];M.mod2@INST_HI[10:9];M.clmp1@INST_HI[11];PJ2@INST_HI[13:12]	00000000	100d0000	00000000	ffffc000	00000000	0fffc000	ffffffff	00003fff	00000000	00000000	00000000	00000000	v_bitalign_b32 p0, v0, zero, v0, s0
lg200	v_bperm_sm_b32	8	shared-memory	vector-alu	Performs a byte permutation of the 32-bit sources using the workgroup shared-memory permutation state and writes the result to the vector destination. The predicate gates the lane write.	compute-buffer	integer-value	VK8VJ8VD8PJ2	VK8@INST_LO[7:0];VJ8@INST_LO[23:16];VD8@INST_LO[31:24];PJ2@INST_HI[17:16]	00000000	20bc0000	00000000	fffc0000	00000000	07fc0000	ffff00ff	00030000	0000ff00	0000ffff	00000000	00000000	v_bperm_sm_b32 p0, v0, v0, v0
lg200	v_bytealign_b32	4	vop	vector-alu	Concatenates the two 32-bit sources and extracts a byte-aligned 32-bit window and writes the result to the vector destination. The predicate gates the lane write.	compute-buffer	integer-value	GJ11GK11GA11VD8M.mod2M.clmp1PJ2	GJ11@INST_LO[7:0]+INST_HI[2:0];GK11@INST_LO[15:8]+INST_HI[5:3];GA11@INST_LO[23:16]+INST_HI[8:6];VD8@INST_LO[31:24];M.mod2@INST_HI[10:9];M.clmp1@INST_HI[11];PJ2@INST_HI[13:12]	00000000	100d4000	00000000	ffffc000	00000000	0fffc000	ffffffff	00003fff	00000000	00000000	00000000	00000000	v_bytealign_b32 p0, v0, zero, v0, s0
lg200	v_byteperm_b32	4	vop	vector-alu	Selects and permutes source bytes according to the control operand and writes the result to the vector destination. The predicate gates the lane write.	compute-buffer	integer-value	GJ11GK11GA11VD8M.mod2M.clmp1PJ2	GJ11@INST_LO[7:0]+INST_HI[2:0];GK11@INST_LO[15:8]+INST_HI[5:3];GA11@INST_LO[23:16]+INST_HI[8:6];VD8@INST_LO[31:24];M.mod2@INST_HI[10:9];M.clmp1@INST_HI[11];PJ2@INST_HI[13:12]	00000000	100d8000	00000000	ffffc000	00000000	0fffc000	ffffffff	00003fff	00000000	00000000	00000000	00000000	v_byteperm_b32 p0, v0, zero, v0, s0
lg200	v_ceil_f32	4	vop	vector-alu	Rounds the 32-bit floating-point source toward positive infinity to an integral value and writes the result to the vector destination. The predicate gates the lane write.	compute-buffer	floating-point-value	GJ11VD8M.mod2M.clmp1PJ2	GJ11@INST_LO[7:0]+INST_HI[2:0];VD8@INST_LO[31:24];M.mod2@INST_HI[10:9];M.clmp1@INST_HI[11];PJ2@INST_HI[13:12]	00000000	10164000	00000000	ffffc000	00000000	0fffc000	ff0000ff	00003e07	00ffff00	000001f8	00000000	00000000	v_ceil_f32 p0, v0, zero
lg200	v_ceil_f64	4	vop	vector-alu	Rounds the 64-bit floating-point source toward positive infinity to an integral value and writes the result to the vector destination. The predicate gates the lane write.	compute-buffer	floating-point-value	GJ11VD8x2M.mod2M.clmp1PJ2	GJ11@INST_LO[7:0]+INST_HI[2:0];VD8x2@INST_LO[31:24];M.mod2@INST_HI[10:9];M.clmp1@INST_HI[11];PJ2@INST_HI[13:12]	00000000	10634000	00000000	ffffc000	00000000	0fffc000	ff0000ff	00003e07	00ffff00	000001f8	00000000	00000000	v_ceil_f64 p0, v0-v1, zero
lg200	v_clb_u32	4	vop	vector-alu	Counts redundant leading sign bits in the unsigned 32-bit integer source and writes the result to the vector destination. The predicate gates the lane write.	compute-buffer	integer-value	GJ11VD8M.mod2M.clmp1PJ2	GJ11@INST_LO[7:0]+INST_HI[2:0];VD8@INST_LO[31:24];M.mod2@INST_HI[10:9];M.clmp1@INST_HI[11];PJ2@INST_HI[13:12]	00000000	100c0000	00000000	ffffc000	00000000	0fffc000	ff0000ff	00003e07	00ffff00	000001f8	00000000	00000000	v_clb_u32 p0, v0, zero
lg200	v_clo_u32	4	vop	vector-alu	Counts leading one bits in the unsigned 32-bit integer source and writes the result to the vector destination. The predicate gates the lane write.	compute-buffer	integer-value	GJ11VD8M.mod2M.clmp1PJ2	GJ11@INST_LO[7:0]+INST_HI[2:0];VD8@INST_LO[31:24];M.mod2@INST_HI[10:9];M.clmp1@INST_HI[11];PJ2@INST_HI[13:12]	00000000	100b8000	00000000	ffffc000	00000000	0fffc000	ff0000ff	00003e07	00ffff00	000001f8	00000000	00000000	v_clo_u32 p0, v0, zero
lg200	v_clz_u32	4	vop	vector-alu	Counts leading zero bits in the unsigned 32-bit integer source and writes the result to the vector destination. The predicate gates the lane write.	compute-buffer	integer-value	GJ11VD8M.mod2M.clmp1PJ2	GJ11@INST_LO[7:0]+INST_HI[2:0];VD8@INST_LO[31:24];M.mod2@INST_HI[10:9];M.clmp1@INST_HI[11];PJ2@INST_HI[13:12]	00000000	100bc000	00000000	ffffc000	00000000	0fffc000	ff0000ff	00003e07	00ffff00	000001f8	00000000	00000000	v_clz_u32 p0, v0, zero
lg200	v_cmp_eq_f16	4	vop	vector-alu	Compares the two 16-bit floating-point operands with the equality predicate, and writes a per-lane mask (0xffff for true, zero for false) to the scalar destination. The comparison does not modify either source.	compute-buffer	floating-point-value	GJ11GK11RD8M.mod2M.clmp1PJ2	GJ11@INST_LO[7:0]+INST_HI[2:0];GK11@INST_LO[15:8]+INST_HI[5:3];RD8@INST_LO[31:24];M.mod2@INST_HI[10:9];M.clmp1@INST_HI[11];PJ2@INST_HI[13:12]	00000000	10488000	00000000	ffffc000	00000000	0fffc000	ff00ffff	00003e3f	00ff0000	000001c0	00000000	00000000	v_cmp_eq_f16 p0, s0, zero, v0
lg200	v_cmp_eq_f32	4	vop	vector-alu	Compares the two 32-bit floating-point operands with the equality predicate, and writes a per-lane mask (0xffff for true, zero for false) to the scalar destination. The comparison does not modify either source.	compute-buffer	floating-point-value	GJ11GK11RD8M.mod2M.clmp1PJ2	GJ11@INST_LO[7:0]+INST_HI[2:0];GK11@INST_LO[15:8]+INST_HI[5:3];RD8@INST_LO[31:24];M.mod2@INST_HI[10:9];M.clmp1@INST_HI[11];PJ2@INST_HI[13:12]	00000000	10408000	00000000	ffffc000	00000000	0fffc000	ff00ffff	00003e3f	00ff0000	000001c0	00000000	00000000	v_cmp_eq_f32 p0, s0, zero, v0
lg200	v_cmp_eq_f64	4	vop	vector-alu	Compares the two 64-bit floating-point operands with the equality predicate, and writes a per-lane mask (0xffff for true, zero for false) to the scalar destination. The comparison does not modify either source.	compute-buffer	floating-point-value	GJ11GK11x2RD8M.mod2M.clmp1PJ2	GJ11@INST_LO[7:0]+INST_HI[2:0];GK11x2@INST_LO[15:8]+INST_HI[5:3];RD8@INST_LO[31:24];M.mod2@INST_HI[10:9];M.clmp1@INST_HI[11];PJ2@INST_HI[13:12]	00000000	10508000	00000000	ffffc000	00000000	0fffc000	ff00ffff	00003e3f	00ff0000	000001c0	00000000	00000000	v_cmp_eq_f64 p0, s0, zero, v0-v1
lg200	v_cmp_eq_i16	4	vop	vector-alu	Compares the two signed 16-bit integer operands with the equality predicate, and writes a per-lane mask (0xffff for true, zero for false) to the scalar destination. The comparison does not modify either source.	compute-buffer	integer-value	GJ11GK11RD8M.mod2M.clmp1PJ2	GJ11@INST_LO[7:0]+INST_HI[2:0];GK11@INST_LO[15:8]+INST_HI[5:3];RD8@INST_LO[31:24];M.mod2@INST_HI[10:9];M.clmp1@INST_HI[11];PJ2@INST_HI[13:12]	00000000	104c8000	00000000	ffffc000	00000000	0fffc000	ff00ffff	00003e3f	00ff0000	000001c0	00000000	00000000	v_cmp_eq_i16 p0, s0, zero, v0
lg200	v_cmp_eq_i32	4	vop	vector-alu	Compares the two signed 32-bit integer operands with the equality predicate, and writes a per-lane mask (0xffff for true, zero for false) to the scalar destination. The comparison does not modify either source.	compute-buffer	integer-value	GJ11GK11RD8M.mod2M.clmp1PJ2	GJ11@INST_LO[7:0]+INST_HI[2:0];GK11@INST_LO[15:8]+INST_HI[5:3];RD8@INST_LO[31:24];M.mod2@INST_HI[10:9];M.clmp1@INST_HI[11];PJ2@INST_HI[13:12]	00000000	10448000	00000000	ffffc000	00000000	0fffc000	ff00ffff	00003e3f	00ff0000	000001c0	00000000	00000000	v_cmp_eq_i32 p0, s0, zero, v0
lg200	v_cmp_eq_i64	4	vop	vector-alu	Compares the two signed 64-bit integer operands with the equality predicate, and writes a per-lane mask (0xffff for true, zero for false) to the scalar destination. The comparison does not modify either source.	compute-buffer	integer-value	GJ11GK11x2RD8M.mod2M.clmp1PJ2	GJ11@INST_LO[7:0]+INST_HI[2:0];GK11x2@INST_LO[15:8]+INST_HI[5:3];RD8@INST_LO[31:24];M.mod2@INST_HI[10:9];M.clmp1@INST_HI[11];PJ2@INST_HI[13:12]	00000000	10548000	00000000	ffffc000	00000000	0fffc000	ff00ffff	00003e3f	00ff0000	000001c0	00000000	00000000	v_cmp_eq_i64 p0, s0, zero, v0-v1
lg200	v_cmp_eq_u16	4	vop	vector-alu	Compares the two unsigned 16-bit integer operands with the equality predicate, and writes a per-lane mask (0xffff for true, zero for false) to the scalar destination. The comparison does not modify either source.	compute-buffer	integer-value	GJ11GK11RD8M.mod2M.clmp1PJ2	GJ11@INST_LO[7:0]+INST_HI[2:0];GK11@INST_LO[15:8]+INST_HI[5:3];RD8@INST_LO[31:24];M.mod2@INST_HI[10:9];M.clmp1@INST_HI[11];PJ2@INST_HI[13:12]	00000000	104e8000	00000000	ffffc000	00000000	0fffc000	ff00ffff	00003e3f	00ff0000	000001c0	00000000	00000000	v_cmp_eq_u16 p0, s0, zero, v0
lg200	v_cmp_eq_u32	4	vop	vector-alu	Compares the two unsigned 32-bit integer operands with the equality predicate, and writes a per-lane mask (0xffff for true, zero for false) to the scalar destination. The comparison does not modify either source.	compute-buffer	integer-value	GJ11GK11RD8M.mod2M.clmp1PJ2	GJ11@INST_LO[7:0]+INST_HI[2:0];GK11@INST_LO[15:8]+INST_HI[5:3];RD8@INST_LO[31:24];M.mod2@INST_HI[10:9];M.clmp1@INST_HI[11];PJ2@INST_HI[13:12]	00000000	10468000	00000000	ffffc000	00000000	0fffc000	ff00ffff	00003e3f	00ff0000	000001c0	00000000	00000000	v_cmp_eq_u32 p0, s0, zero, v0
lg200	v_cmp_eq_u64	4	vop	vector-alu	Compares the two unsigned 64-bit integer operands with the equality predicate, and writes a per-lane mask (0xffff for true, zero for false) to the scalar destination. The comparison does not modify either source.	compute-buffer	integer-value	GJ11GK11x2RD8M.mod2M.clmp1PJ2	GJ11@INST_LO[7:0]+INST_HI[2:0];GK11x2@INST_LO[15:8]+INST_HI[5:3];RD8@INST_LO[31:24];M.mod2@INST_HI[10:9];M.clmp1@INST_HI[11];PJ2@INST_HI[13:12]	00000000	10568000	00000000	ffffc000	00000000	0fffc000	ff00ffff	00003e3f	00ff0000	000001c0	00000000	00000000	v_cmp_eq_u64 p0, s0, zero, v0-v1
lg200	v_cmp_f_f16	4	vop	vector-alu	Compares the two 16-bit floating-point operands with the always false predicate, and writes a per-lane mask (0xffff for true, zero for false) to the scalar destination. The comparison does not modify either source.	compute-buffer	floating-point-value	GJ11GK11RD8M.mod2M.clmp1PJ2	GJ11@INST_LO[7:0]+INST_HI[2:0];GK11@INST_LO[15:8]+INST_HI[5:3];RD8@INST_LO[31:24];M.mod2@INST_HI[10:9];M.clmp1@INST_HI[11];PJ2@INST_HI[13:12]	00000000	10480000	00000000	ffffc000	00000000	0fffc000	ff00ffff	00003e3f	00ff0000	000001c0	00000000	00000000	v_cmp_f_f16 p0, s0, zero, v0
lg200	v_cmp_f_f32	4	vop	vector-alu	Compares the two 32-bit floating-point operands with the always false predicate, and writes a per-lane mask (0xffff for true, zero for false) to the scalar destination. The comparison does not modify either source.	compute-buffer	floating-point-value	GJ11GK11RD8M.mod2M.clmp1PJ2	GJ11@INST_LO[7:0]+INST_HI[2:0];GK11@INST_LO[15:8]+INST_HI[5:3];RD8@INST_LO[31:24];M.mod2@INST_HI[10:9];M.clmp1@INST_HI[11];PJ2@INST_HI[13:12]	00000000	10400000	00000000	ffffc000	00000000	0fffc000	ff00ffff	00003e3f	00ff0000	000001c0	00000000	00000000	v_cmp_f_f32 p0, s0, zero, v0
lg200	v_cmp_f_f64	4	vop	vector-alu	Compares the two 64-bit floating-point operands with the always false predicate, and writes a per-lane mask (0xffff for true, zero for false) to the scalar destination. The comparison does not modify either source.	compute-buffer	floating-point-value	GJ11GK11x2RD8M.mod2M.clmp1PJ2	GJ11@INST_LO[7:0]+INST_HI[2:0];GK11x2@INST_LO[15:8]+INST_HI[5:3];RD8@INST_LO[31:24];M.mod2@INST_HI[10:9];M.clmp1@INST_HI[11];PJ2@INST_HI[13:12]	00000000	10500000	00000000	ffffc000	00000000	0fffc000	ff00ffff	00003e3f	00ff0000	000001c0	00000000	00000000	v_cmp_f_f64 p0, s0, zero, v0-v1
lg200	v_cmp_f_i16	4	vop	vector-alu	Compares the two signed 16-bit integer operands with the always false predicate, and writes a per-lane mask (0xffff for true, zero for false) to the scalar destination. The comparison does not modify either source.	compute-buffer	integer-value	GJ11GK11RD8M.mod2M.clmp1PJ2	GJ11@INST_LO[7:0]+INST_HI[2:0];GK11@INST_LO[15:8]+INST_HI[5:3];RD8@INST_LO[31:24];M.mod2@INST_HI[10:9];M.clmp1@INST_HI[11];PJ2@INST_HI[13:12]	00000000	104c0000	00000000	ffffc000	00000000	0fffc000	ff00ffff	00003e3f	00ff0000	000001c0	00000000	00000000	v_cmp_f_i16 p0, s0, zero, v0
lg200	v_cmp_f_i32	4	vop	vector-alu	Compares the two signed 32-bit integer operands with the always false predicate, and writes a per-lane mask (0xffff for true, zero for false) to the scalar destination. The comparison does not modify either source.	compute-buffer	integer-value	GJ11GK11RD8M.mod2M.clmp1PJ2	GJ11@INST_LO[7:0]+INST_HI[2:0];GK11@INST_LO[15:8]+INST_HI[5:3];RD8@INST_LO[31:24];M.mod2@INST_HI[10:9];M.clmp1@INST_HI[11];PJ2@INST_HI[13:12]	00000000	10440000	00000000	ffffc000	00000000	0fffc000	ff00ffff	00003e3f	00ff0000	000001c0	00000000	00000000	v_cmp_f_i32 p0, s0, zero, v0
lg200	v_cmp_f_i64	4	vop	vector-alu	Compares the two signed 64-bit integer operands with the always false predicate, and writes a per-lane mask (0xffff for true, zero for false) to the scalar destination. The comparison does not modify either source.	compute-buffer	integer-value	GJ11GK11x2RD8M.mod2M.clmp1PJ2	GJ11@INST_LO[7:0]+INST_HI[2:0];GK11x2@INST_LO[15:8]+INST_HI[5:3];RD8@INST_LO[31:24];M.mod2@INST_HI[10:9];M.clmp1@INST_HI[11];PJ2@INST_HI[13:12]	00000000	10540000	00000000	ffffc000	00000000	0fffc000	ff00ffff	00003e3f	00ff0000	000001c0	00000000	00000000	v_cmp_f_i64 p0, s0, zero, v0-v1
lg200	v_cmp_f_u16	4	vop	vector-alu	Compares the two unsigned 16-bit integer operands with the always false predicate, and writes a per-lane mask (0xffff for true, zero for false) to the scalar destination. The comparison does not modify either source.	compute-buffer	integer-value	GJ11GK11RD8M.mod2M.clmp1PJ2	GJ11@INST_LO[7:0]+INST_HI[2:0];GK11@INST_LO[15:8]+INST_HI[5:3];RD8@INST_LO[31:24];M.mod2@INST_HI[10:9];M.clmp1@INST_HI[11];PJ2@INST_HI[13:12]	00000000	104e0000	00000000	ffffc000	00000000	0fffc000	ff00ffff	00003e3f	00ff0000	000001c0	00000000	00000000	v_cmp_f_u16 p0, s0, zero, v0
lg200	v_cmp_f_u32	4	vop	vector-alu	Compares the two unsigned 32-bit integer operands with the always false predicate, and writes a per-lane mask (0xffff for true, zero for false) to the scalar destination. The comparison does not modify either source.	compute-buffer	integer-value	GJ11GK11RD8M.mod2M.clmp1PJ2	GJ11@INST_LO[7:0]+INST_HI[2:0];GK11@INST_LO[15:8]+INST_HI[5:3];RD8@INST_LO[31:24];M.mod2@INST_HI[10:9];M.clmp1@INST_HI[11];PJ2@INST_HI[13:12]	00000000	10460000	00000000	ffffc000	00000000	0fffc000	ff00ffff	00003e3f	00ff0000	000001c0	00000000	00000000	v_cmp_f_u32 p0, s0, zero, v0
lg200	v_cmp_f_u64	4	vop	vector-alu	Compares the two unsigned 64-bit integer operands with the always false predicate, and writes a per-lane mask (0xffff for true, zero for false) to the scalar destination. The comparison does not modify either source.	compute-buffer	integer-value	GJ11GK11x2RD8M.mod2M.clmp1PJ2	GJ11@INST_LO[7:0]+INST_HI[2:0];GK11x2@INST_LO[15:8]+INST_HI[5:3];RD8@INST_LO[31:24];M.mod2@INST_HI[10:9];M.clmp1@INST_HI[11];PJ2@INST_HI[13:12]	00000000	10560000	00000000	ffffc000	00000000	0fffc000	ff00ffff	00003e3f	00ff0000	000001c0	00000000	00000000	v_cmp_f_u64 p0, s0, zero, v0-v1
lg200	v_cmp_ge_f16	4	vop	vector-alu	Compares the two 16-bit floating-point operands with the greater-than-or-equal predicate, and writes a per-lane mask (0xffff for true, zero for false) to the scalar destination. The comparison does not modify either source.	compute-buffer	floating-point-value	GJ11GK11RD8M.mod2M.clmp1PJ2	GJ11@INST_LO[7:0]+INST_HI[2:0];GK11@INST_LO[15:8]+INST_HI[5:3];RD8@INST_LO[31:24];M.mod2@INST_HI[10:9];M.clmp1@INST_HI[11];PJ2@INST_HI[13:12]	00000000	10498000	00000000	ffffc000	00000000	0fffc000	ff00ffff	00003e3f	00ff0000	000001c0	00000000	00000000	v_cmp_ge_f16 p0, s0, zero, v0
lg200	v_cmp_ge_f32	4	vop	vector-alu	Compares the two 32-bit floating-point operands with the greater-than-or-equal predicate, and writes a per-lane mask (0xffff for true, zero for false) to the scalar destination. The comparison does not modify either source.	compute-buffer	floating-point-value	GJ11GK11RD8M.mod2M.clmp1PJ2	GJ11@INST_LO[7:0]+INST_HI[2:0];GK11@INST_LO[15:8]+INST_HI[5:3];RD8@INST_LO[31:24];M.mod2@INST_HI[10:9];M.clmp1@INST_HI[11];PJ2@INST_HI[13:12]	00000000	10418000	00000000	ffffc000	00000000	0fffc000	ff00ffff	00003e3f	00ff0000	000001c0	00000000	00000000	v_cmp_ge_f32 p0, s0, zero, v0
lg200	v_cmp_ge_f64	4	vop	vector-alu	Compares the two 64-bit floating-point operands with the greater-than-or-equal predicate, and writes a per-lane mask (0xffff for true, zero for false) to the scalar destination. The comparison does not modify either source.	compute-buffer	floating-point-value	GJ11GK11x2RD8M.mod2M.clmp1PJ2	GJ11@INST_LO[7:0]+INST_HI[2:0];GK11x2@INST_LO[15:8]+INST_HI[5:3];RD8@INST_LO[31:24];M.mod2@INST_HI[10:9];M.clmp1@INST_HI[11];PJ2@INST_HI[13:12]	00000000	10518000	00000000	ffffc000	00000000	0fffc000	ff00ffff	00003e3f	00ff0000	000001c0	00000000	00000000	v_cmp_ge_f64 p0, s0, zero, v0-v1
lg200	v_cmp_ge_i16	4	vop	vector-alu	Compares the two signed 16-bit integer operands with the greater-than-or-equal predicate, and writes a per-lane mask (0xffff for true, zero for false) to the scalar destination. The comparison does not modify either source.	compute-buffer	integer-value	GJ11GK11RD8M.mod2M.clmp1PJ2	GJ11@INST_LO[7:0]+INST_HI[2:0];GK11@INST_LO[15:8]+INST_HI[5:3];RD8@INST_LO[31:24];M.mod2@INST_HI[10:9];M.clmp1@INST_HI[11];PJ2@INST_HI[13:12]	00000000	104d8000	00000000	ffffc000	00000000	0fffc000	ff00ffff	00003e3f	00ff0000	000001c0	00000000	00000000	v_cmp_ge_i16 p0, s0, zero, v0
lg200	v_cmp_ge_i32	4	vop	vector-alu	Compares the two signed 32-bit integer operands with the greater-than-or-equal predicate, and writes a per-lane mask (0xffff for true, zero for false) to the scalar destination. The comparison does not modify either source.	compute-buffer	integer-value	GJ11GK11RD8M.mod2M.clmp1PJ2	GJ11@INST_LO[7:0]+INST_HI[2:0];GK11@INST_LO[15:8]+INST_HI[5:3];RD8@INST_LO[31:24];M.mod2@INST_HI[10:9];M.clmp1@INST_HI[11];PJ2@INST_HI[13:12]	00000000	10458000	00000000	ffffc000	00000000	0fffc000	ff00ffff	00003e3f	00ff0000	000001c0	00000000	00000000	v_cmp_ge_i32 p0, s0, zero, v0
lg200	v_cmp_ge_i64	4	vop	vector-alu	Compares the two signed 64-bit integer operands with the greater-than-or-equal predicate, and writes a per-lane mask (0xffff for true, zero for false) to the scalar destination. The comparison does not modify either source.	compute-buffer	integer-value	GJ11GK11x2RD8M.mod2M.clmp1PJ2	GJ11@INST_LO[7:0]+INST_HI[2:0];GK11x2@INST_LO[15:8]+INST_HI[5:3];RD8@INST_LO[31:24];M.mod2@INST_HI[10:9];M.clmp1@INST_HI[11];PJ2@INST_HI[13:12]	00000000	10558000	00000000	ffffc000	00000000	0fffc000	ff00ffff	00003e3f	00ff0000	000001c0	00000000	00000000	v_cmp_ge_i64 p0, s0, zero, v0-v1
lg200	v_cmp_ge_u16	4	vop	vector-alu	Compares the two unsigned 16-bit integer operands with the greater-than-or-equal predicate, and writes a per-lane mask (0xffff for true, zero for false) to the scalar destination. The comparison does not modify either source.	compute-buffer	integer-value	GJ11GK11RD8M.mod2M.clmp1PJ2	GJ11@INST_LO[7:0]+INST_HI[2:0];GK11@INST_LO[15:8]+INST_HI[5:3];RD8@INST_LO[31:24];M.mod2@INST_HI[10:9];M.clmp1@INST_HI[11];PJ2@INST_HI[13:12]	00000000	104f8000	00000000	ffffc000	00000000	0fffc000	ff00ffff	00003e3f	00ff0000	000001c0	00000000	00000000	v_cmp_ge_u16 p0, s0, zero, v0
lg200	v_cmp_ge_u32	4	vop	vector-alu	Compares the two unsigned 32-bit integer operands with the greater-than-or-equal predicate, and writes a per-lane mask (0xffff for true, zero for false) to the scalar destination. The comparison does not modify either source.	compute-buffer	integer-value	GJ11GK11RD8M.mod2M.clmp1PJ2	GJ11@INST_LO[7:0]+INST_HI[2:0];GK11@INST_LO[15:8]+INST_HI[5:3];RD8@INST_LO[31:24];M.mod2@INST_HI[10:9];M.clmp1@INST_HI[11];PJ2@INST_HI[13:12]	00000000	10478000	00000000	ffffc000	00000000	0fffc000	ff00ffff	00003e3f	00ff0000	000001c0	00000000	00000000	v_cmp_ge_u32 p0, s0, zero, v0
lg200	v_cmp_ge_u64	4	vop	vector-alu	Compares the two unsigned 64-bit integer operands with the greater-than-or-equal predicate, and writes a per-lane mask (0xffff for true, zero for false) to the scalar destination. The comparison does not modify either source.	compute-buffer	integer-value	GJ11GK11x2RD8M.mod2M.clmp1PJ2	GJ11@INST_LO[7:0]+INST_HI[2:0];GK11x2@INST_LO[15:8]+INST_HI[5:3];RD8@INST_LO[31:24];M.mod2@INST_HI[10:9];M.clmp1@INST_HI[11];PJ2@INST_HI[13:12]	00000000	10578000	00000000	ffffc000	00000000	0fffc000	ff00ffff	00003e3f	00ff0000	000001c0	00000000	00000000	v_cmp_ge_u64 p0, s0, zero, v0-v1
lg200	v_cmp_gt_f16	4	vop	vector-alu	Compares the two 16-bit floating-point operands with the greater-than predicate, and writes a per-lane mask (0xffff for true, zero for false) to the scalar destination. The comparison does not modify either source.	compute-buffer	floating-point-value	GJ11GK11RD8M.mod2M.clmp1PJ2	GJ11@INST_LO[7:0]+INST_HI[2:0];GK11@INST_LO[15:8]+INST_HI[5:3];RD8@INST_LO[31:24];M.mod2@INST_HI[10:9];M.clmp1@INST_HI[11];PJ2@INST_HI[13:12]	00000000	10490000	00000000	ffffc000	00000000	0fffc000	ff00ffff	00003e3f	00ff0000	000001c0	00000000	00000000	v_cmp_gt_f16 p0, s0, zero, v0
lg200	v_cmp_gt_f32	4	vop	vector-alu	Compares the two 32-bit floating-point operands with the greater-than predicate, and writes a per-lane mask (0xffff for true, zero for false) to the scalar destination. The comparison does not modify either source.	compute-buffer	floating-point-value	GJ11GK11RD8M.mod2M.clmp1PJ2	GJ11@INST_LO[7:0]+INST_HI[2:0];GK11@INST_LO[15:8]+INST_HI[5:3];RD8@INST_LO[31:24];M.mod2@INST_HI[10:9];M.clmp1@INST_HI[11];PJ2@INST_HI[13:12]	00000000	10410000	00000000	ffffc000	00000000	0fffc000	ff00ffff	00003e3f	00ff0000	000001c0	00000000	00000000	v_cmp_gt_f32 p0, s0, zero, v0
lg200	v_cmp_gt_f64	4	vop	vector-alu	Compares the two 64-bit floating-point operands with the greater-than predicate, and writes a per-lane mask (0xffff for true, zero for false) to the scalar destination. The comparison does not modify either source.	compute-buffer	floating-point-value	GJ11GK11x2RD8M.mod2M.clmp1PJ2	GJ11@INST_LO[7:0]+INST_HI[2:0];GK11x2@INST_LO[15:8]+INST_HI[5:3];RD8@INST_LO[31:24];M.mod2@INST_HI[10:9];M.clmp1@INST_HI[11];PJ2@INST_HI[13:12]	00000000	10510000	00000000	ffffc000	00000000	0fffc000	ff00ffff	00003e3f	00ff0000	000001c0	00000000	00000000	v_cmp_gt_f64 p0, s0, zero, v0-v1
lg200	v_cmp_gt_i16	4	vop	vector-alu	Compares the two signed 16-bit integer operands with the greater-than predicate, and writes a per-lane mask (0xffff for true, zero for false) to the scalar destination. The comparison does not modify either source.	compute-buffer	integer-value	GJ11GK11RD8M.mod2M.clmp1PJ2	GJ11@INST_LO[7:0]+INST_HI[2:0];GK11@INST_LO[15:8]+INST_HI[5:3];RD8@INST_LO[31:24];M.mod2@INST_HI[10:9];M.clmp1@INST_HI[11];PJ2@INST_HI[13:12]	00000000	104d0000	00000000	ffffc000	00000000	0fffc000	ff00ffff	00003e3f	00ff0000	000001c0	00000000	00000000	v_cmp_gt_i16 p0, s0, zero, v0
lg200	v_cmp_gt_i32	4	vop	vector-alu	Compares the two signed 32-bit integer operands with the greater-than predicate, and writes a per-lane mask (0xffff for true, zero for false) to the scalar destination. The comparison does not modify either source.	compute-buffer	integer-value	GJ11GK11RD8M.mod2M.clmp1PJ2	GJ11@INST_LO[7:0]+INST_HI[2:0];GK11@INST_LO[15:8]+INST_HI[5:3];RD8@INST_LO[31:24];M.mod2@INST_HI[10:9];M.clmp1@INST_HI[11];PJ2@INST_HI[13:12]	00000000	10450000	00000000	ffffc000	00000000	0fffc000	ff00ffff	00003e3f	00ff0000	000001c0	00000000	00000000	v_cmp_gt_i32 p0, s0, zero, v0
lg200	v_cmp_gt_i64	4	vop	vector-alu	Compares the two signed 64-bit integer operands with the greater-than predicate, and writes a per-lane mask (0xffff for true, zero for false) to the scalar destination. The comparison does not modify either source.	compute-buffer	integer-value	GJ11GK11x2RD8M.mod2M.clmp1PJ2	GJ11@INST_LO[7:0]+INST_HI[2:0];GK11x2@INST_LO[15:8]+INST_HI[5:3];RD8@INST_LO[31:24];M.mod2@INST_HI[10:9];M.clmp1@INST_HI[11];PJ2@INST_HI[13:12]	00000000	10550000	00000000	ffffc000	00000000	0fffc000	ff00ffff	00003e3f	00ff0000	000001c0	00000000	00000000	v_cmp_gt_i64 p0, s0, zero, v0-v1
lg200	v_cmp_gt_u16	4	vop	vector-alu	Compares the two unsigned 16-bit integer operands with the greater-than predicate, and writes a per-lane mask (0xffff for true, zero for false) to the scalar destination. The comparison does not modify either source.	compute-buffer	integer-value	GJ11GK11RD8M.mod2M.clmp1PJ2	GJ11@INST_LO[7:0]+INST_HI[2:0];GK11@INST_LO[15:8]+INST_HI[5:3];RD8@INST_LO[31:24];M.mod2@INST_HI[10:9];M.clmp1@INST_HI[11];PJ2@INST_HI[13:12]	00000000	104f0000	00000000	ffffc000	00000000	0fffc000	ff00ffff	00003e3f	00ff0000	000001c0	00000000	00000000	v_cmp_gt_u16 p0, s0, zero, v0
lg200	v_cmp_gt_u32	4	vop	vector-alu	Compares the two unsigned 32-bit integer operands with the greater-than predicate, and writes a per-lane mask (0xffff for true, zero for false) to the scalar destination. The comparison does not modify either source.	compute-buffer	integer-value	GJ11GK11RD8M.mod2M.clmp1PJ2	GJ11@INST_LO[7:0]+INST_HI[2:0];GK11@INST_LO[15:8]+INST_HI[5:3];RD8@INST_LO[31:24];M.mod2@INST_HI[10:9];M.clmp1@INST_HI[11];PJ2@INST_HI[13:12]	00000000	10470000	00000000	ffffc000	00000000	0fffc000	ff00ffff	00003e3f	00ff0000	000001c0	00000000	00000000	v_cmp_gt_u32 p0, s0, zero, v0
lg200	v_cmp_gt_u64	4	vop	vector-alu	Compares the two unsigned 64-bit integer operands with the greater-than predicate, and writes a per-lane mask (0xffff for true, zero for false) to the scalar destination. The comparison does not modify either source.	compute-buffer	integer-value	GJ11GK11x2RD8M.mod2M.clmp1PJ2	GJ11@INST_LO[7:0]+INST_HI[2:0];GK11x2@INST_LO[15:8]+INST_HI[5:3];RD8@INST_LO[31:24];M.mod2@INST_HI[10:9];M.clmp1@INST_HI[11];PJ2@INST_HI[13:12]	00000000	10570000	00000000	ffffc000	00000000	0fffc000	ff00ffff	00003e3f	00ff0000	000001c0	00000000	00000000	v_cmp_gt_u64 p0, s0, zero, v0-v1
lg200	v_cmp_imm_eq_f16	5	vop-imm	vector-alu	Compares the two 16-bit floating-point operands using the encoded immediate as the second operand, with the equality predicate, and writes a per-lane mask (0xffff for true, zero for false) to the scalar destination. The comparison does not modify either source.	compute-buffer	floating-point-value	IK32VJ8RD8PJ2	IK32@INST_LO[31:0];VJ8@INST_HI[7:0];RD8@INST_HI[15:8];PJ2@INST_HI[17:16]	00000000	04880000	00000000	8ffc0000	00000000	0ffc0000	ffffffff	0003ffff	00000000	00000000	00000000	70000000	v_cmp_imm_eq_f16 p0, s0, v0, 0x00000000
lg200	v_cmp_imm_eq_f32	5	vop-imm	vector-alu	Compares the two 32-bit floating-point operands using the encoded immediate as the second operand, with the equality predicate, and writes a per-lane mask (0xffff for true, zero for false) to the scalar destination. The comparison does not modify either source.	compute-buffer	floating-point-value	IK32VJ8RD8PJ2	IK32@INST_LO[31:0];VJ8@INST_HI[7:0];RD8@INST_HI[15:8];PJ2@INST_HI[17:16]	00000000	04080000	00000000	8ffc0000	00000000	0ffc0000	ffffffff	0003ffff	00000000	00000000	00000000	70000000	v_cmp_imm_eq_f32 p0, s0, v0, 0x00000000
lg200	v_cmp_imm_eq_i16	5	vop-imm	vector-alu	Compares the two signed 16-bit integer operands using the encoded immediate as the second operand, with the equality predicate, and writes a per-lane mask (0xffff for true, zero for false) to the scalar destination. The comparison does not modify either source.	compute-buffer	integer-value	IK32VJ8RD8PJ2	IK32@INST_LO[31:0];VJ8@INST_HI[7:0];RD8@INST_HI[15:8];PJ2@INST_HI[17:16]	00000000	04c80000	00000000	8ffc0000	00000000	0ffc0000	ffffffff	0003ffff	00000000	00000000	00000000	70000000	v_cmp_imm_eq_i16 p0, s0, v0, 0x00000000
lg200	v_cmp_imm_eq_i32	5	vop-imm	vector-alu	Compares the two signed 32-bit integer operands using the encoded immediate as the second operand, with the equality predicate, and writes a per-lane mask (0xffff for true, zero for false) to the scalar destination. The comparison does not modify either source.	compute-buffer	integer-value	IK32VJ8RD8PJ2	IK32@INST_LO[31:0];VJ8@INST_HI[7:0];RD8@INST_HI[15:8];PJ2@INST_HI[17:16]	00000000	04480000	00000000	8ffc0000	00000000	0ffc0000	ffffffff	0003ffff	00000000	00000000	00000000	70000000	v_cmp_imm_eq_i32 p0, s0, v0, 0x00000000
lg200	v_cmp_imm_eq_u16	5	vop-imm	vector-alu	Compares the two unsigned 16-bit integer operands using the encoded immediate as the second operand, with the equality predicate, and writes a per-lane mask (0xffff for true, zero for false) to the scalar destination. The comparison does not modify either source.	compute-buffer	integer-value	IK32VJ8RD8PJ2	IK32@INST_LO[31:0];VJ8@INST_HI[7:0];RD8@INST_HI[15:8];PJ2@INST_HI[17:16]	00000000	04e80000	00000000	8ffc0000	00000000	0ffc0000	ffffffff	0003ffff	00000000	00000000	00000000	70000000	v_cmp_imm_eq_u16 p0, s0, v0, 0x00000000
lg200	v_cmp_imm_eq_u32	5	vop-imm	vector-alu	Compares the two unsigned 32-bit integer operands using the encoded immediate as the second operand, with the equality predicate, and writes a per-lane mask (0xffff for true, zero for false) to the scalar destination. The comparison does not modify either source.	compute-buffer	integer-value	IK32VJ8RD8PJ2	IK32@INST_LO[31:0];VJ8@INST_HI[7:0];RD8@INST_HI[15:8];PJ2@INST_HI[17:16]	00000000	04680000	00000000	8ffc0000	00000000	0ffc0000	ffffffff	0003ffff	00000000	00000000	00000000	70000000	v_cmp_imm_eq_u32 p0, s0, v0, 0x00000000
lg200	v_cmp_imm_f_f16	5	vop-imm	vector-alu	Compares the two 16-bit floating-point operands using the encoded immediate as the second operand, with the always false predicate, and writes a per-lane mask (0xffff for true, zero for false) to the scalar destination. The comparison does not modify either source.	compute-buffer	floating-point-value	IK32VJ8RD8PJ2	IK32@INST_LO[31:0];VJ8@INST_HI[7:0];RD8@INST_HI[15:8];PJ2@INST_HI[17:16]	00000000	04800000	00000000	8ffc0000	00000000	0ffc0000	ffffffff	0003ffff	00000000	00000000	00000000	70000000	v_cmp_imm_f_f16 p0, s0, v0, 0x00000000
lg200	v_cmp_imm_f_f32	5	vop-imm	vector-alu	Compares the two 32-bit floating-point operands using the encoded immediate as the second operand, with the always false predicate, and writes a per-lane mask (0xffff for true, zero for false) to the scalar destination. The comparison does not modify either source.	compute-buffer	floating-point-value	IK32VJ8RD8PJ2	IK32@INST_LO[31:0];VJ8@INST_HI[7:0];RD8@INST_HI[15:8];PJ2@INST_HI[17:16]	00000000	54000000	00000000	fffc0000	00000000	0ffc0000	ffffffff	0003ffff	00000000	00000000	00000000	70000000	v_cmp_imm_f_f32 p0, s0, v0, 0x00000000
lg200	v_cmp_imm_f_i16	5	vop-imm	vector-alu	Compares the two signed 16-bit integer operands using the encoded immediate as the second operand, with the always false predicate, and writes a per-lane mask (0xffff for true, zero for false) to the scalar destination. The comparison does not modify either source.	compute-buffer	integer-value	IK32VJ8RD8PJ2	IK32@INST_LO[31:0];VJ8@INST_HI[7:0];RD8@INST_HI[15:8];PJ2@INST_HI[17:16]	00000000	04c00000	00000000	8ffc0000	00000000	0ffc0000	ffffffff	0003ffff	00000000	00000000	00000000	70000000	v_cmp_imm_f_i16 p0, s0, v0, 0x00000000
lg200	v_cmp_imm_f_i32	5	vop-imm	vector-alu	Compares the two signed 32-bit integer operands using the encoded immediate as the second operand, with the always false predicate, and writes a per-lane mask (0xffff for true, zero for false) to the scalar destination. The comparison does not modify either source.	compute-buffer	integer-value	IK32VJ8RD8PJ2	IK32@INST_LO[31:0];VJ8@INST_HI[7:0];RD8@INST_HI[15:8];PJ2@INST_HI[17:16]	00000000	04400000	00000000	8ffc0000	00000000	0ffc0000	ffffffff	0003ffff	00000000	00000000	00000000	70000000	v_cmp_imm_f_i32 p0, s0, v0, 0x00000000
lg200	v_cmp_imm_f_u16	5	vop-imm	vector-alu	Compares the two unsigned 16-bit integer operands using the encoded immediate as the second operand, with the always false predicate, and writes a per-lane mask (0xffff for true, zero for false) to the scalar destination. The comparison does not modify either source.	compute-buffer	integer-value	IK32VJ8RD8PJ2	IK32@INST_LO[31:0];VJ8@INST_HI[7:0];RD8@INST_HI[15:8];PJ2@INST_HI[17:16]	00000000	04e00000	00000000	8ffc0000	00000000	0ffc0000	ffffffff	0003ffff	00000000	00000000	00000000	70000000	v_cmp_imm_f_u16 p0, s0, v0, 0x00000000
lg200	v_cmp_imm_f_u32	5	vop-imm	vector-alu	Compares the two unsigned 32-bit integer operands using the encoded immediate as the second operand, with the always false predicate, and writes a per-lane mask (0xffff for true, zero for false) to the scalar destination. The comparison does not modify either source.	compute-buffer	integer-value	IK32VJ8RD8PJ2	IK32@INST_LO[31:0];VJ8@INST_HI[7:0];RD8@INST_HI[15:8];PJ2@INST_HI[17:16]	00000000	04600000	00000000	8ffc0000	00000000	0ffc0000	ffffffff	0003ffff	00000000	00000000	00000000	70000000	v_cmp_imm_f_u32 p0, s0, v0, 0x00000000
lg200	v_cmp_imm_ge_f16	5	vop-imm	vector-alu	Compares the two 16-bit floating-point operands using the encoded immediate as the second operand, with the greater-than-or-equal predicate, and writes a per-lane mask (0xffff for true, zero for false) to the scalar destination. The comparison does not modify either source.	compute-buffer	floating-point-value	IK32VJ8RD8PJ2	IK32@INST_LO[31:0];VJ8@INST_HI[7:0];RD8@INST_HI[15:8];PJ2@INST_HI[17:16]	00000000	04980000	00000000	8ffc0000	00000000	0ffc0000	ffffffff	0003ffff	00000000	00000000	00000000	70000000	v_cmp_imm_ge_f16 p0, s0, v0, 0x00000000
lg200	v_cmp_imm_ge_f32	5	vop-imm	vector-alu	Compares the two 32-bit floating-point operands using the encoded immediate as the second operand, with the greater-than-or-equal predicate, and writes a per-lane mask (0xffff for true, zero for false) to the scalar destination. The comparison does not modify either source.	compute-buffer	floating-point-value	IK32VJ8RD8PJ2	IK32@INST_LO[31:0];VJ8@INST_HI[7:0];RD8@INST_HI[15:8];PJ2@INST_HI[17:16]	00000000	04180000	00000000	8ffc0000	00000000	0ffc0000	ffffffff	0003ffff	00000000	00000000	00000000	70000000	v_cmp_imm_ge_f32 p0, s0, v0, 0x00000000
lg200	v_cmp_imm_ge_i16	5	vop-imm	vector-alu	Compares the two signed 16-bit integer operands using the encoded immediate as the second operand, with the greater-than-or-equal predicate, and writes a per-lane mask (0xffff for true, zero for false) to the scalar destination. The comparison does not modify either source.	compute-buffer	integer-value	IK32VJ8RD8PJ2	IK32@INST_LO[31:0];VJ8@INST_HI[7:0];RD8@INST_HI[15:8];PJ2@INST_HI[17:16]	00000000	04d80000	00000000	8ffc0000	00000000	0ffc0000	ffffffff	0003ffff	00000000	00000000	00000000	70000000	v_cmp_imm_ge_i16 p0, s0, v0, 0x00000000
lg200	v_cmp_imm_ge_i32	5	vop-imm	vector-alu	Compares the two signed 32-bit integer operands using the encoded immediate as the second operand, with the greater-than-or-equal predicate, and writes a per-lane mask (0xffff for true, zero for false) to the scalar destination. The comparison does not modify either source.	compute-buffer	integer-value	IK32VJ8RD8PJ2	IK32@INST_LO[31:0];VJ8@INST_HI[7:0];RD8@INST_HI[15:8];PJ2@INST_HI[17:16]	00000000	04580000	00000000	8ffc0000	00000000	0ffc0000	ffffffff	0003ffff	00000000	00000000	00000000	70000000	v_cmp_imm_ge_i32 p0, s0, v0, 0x00000000
lg200	v_cmp_imm_ge_u16	5	vop-imm	vector-alu	Compares the two unsigned 16-bit integer operands using the encoded immediate as the second operand, with the greater-than-or-equal predicate, and writes a per-lane mask (0xffff for true, zero for false) to the scalar destination. The comparison does not modify either source.	compute-buffer	integer-value	IK32VJ8RD8PJ2	IK32@INST_LO[31:0];VJ8@INST_HI[7:0];RD8@INST_HI[15:8];PJ2@INST_HI[17:16]	00000000	04f80000	00000000	8ffc0000	00000000	0ffc0000	ffffffff	0003ffff	00000000	00000000	00000000	70000000	v_cmp_imm_ge_u16 p0, s0, v0, 0x00000000
lg200	v_cmp_imm_ge_u32	5	vop-imm	vector-alu	Compares the two unsigned 32-bit integer operands using the encoded immediate as the second operand, with the greater-than-or-equal predicate, and writes a per-lane mask (0xffff for true, zero for false) to the scalar destination. The comparison does not modify either source.	compute-buffer	integer-value	IK32VJ8RD8PJ2	IK32@INST_LO[31:0];VJ8@INST_HI[7:0];RD8@INST_HI[15:8];PJ2@INST_HI[17:16]	00000000	04780000	00000000	8ffc0000	00000000	0ffc0000	ffffffff	0003ffff	00000000	00000000	00000000	70000000	v_cmp_imm_ge_u32 p0, s0, v0, 0x00000000
lg200	v_cmp_imm_gt_f16	5	vop-imm	vector-alu	Compares the two 16-bit floating-point operands using the encoded immediate as the second operand, with the greater-than predicate, and writes a per-lane mask (0xffff for true, zero for false) to the scalar destination. The comparison does not modify either source.	compute-buffer	floating-point-value	IK32VJ8RD8PJ2	IK32@INST_LO[31:0];VJ8@INST_HI[7:0];RD8@INST_HI[15:8];PJ2@INST_HI[17:16]	00000000	04900000	00000000	8ffc0000	00000000	0ffc0000	ffffffff	0003ffff	00000000	00000000	00000000	70000000	v_cmp_imm_gt_f16 p0, s0, v0, 0x00000000
lg200	v_cmp_imm_gt_f32	5	vop-imm	vector-alu	Compares the two 32-bit floating-point operands using the encoded immediate as the second operand, with the greater-than predicate, and writes a per-lane mask (0xffff for true, zero for false) to the scalar destination. The comparison does not modify either source.	compute-buffer	floating-point-value	IK32VJ8RD8PJ2	IK32@INST_LO[31:0];VJ8@INST_HI[7:0];RD8@INST_HI[15:8];PJ2@INST_HI[17:16]	00000000	04100000	00000000	8ffc0000	00000000	0ffc0000	ffffffff	0003ffff	00000000	00000000	00000000	70000000	v_cmp_imm_gt_f32 p0, s0, v0, 0x00000000
lg200	v_cmp_imm_gt_i16	5	vop-imm	vector-alu	Compares the two signed 16-bit integer operands using the encoded immediate as the second operand, with the greater-than predicate, and writes a per-lane mask (0xffff for true, zero for false) to the scalar destination. The comparison does not modify either source.	compute-buffer	integer-value	IK32VJ8RD8PJ2	IK32@INST_LO[31:0];VJ8@INST_HI[7:0];RD8@INST_HI[15:8];PJ2@INST_HI[17:16]	00000000	04d00000	00000000	8ffc0000	00000000	0ffc0000	ffffffff	0003ffff	00000000	00000000	00000000	70000000	v_cmp_imm_gt_i16 p0, s0, v0, 0x00000000
lg200	v_cmp_imm_gt_i32	5	vop-imm	vector-alu	Compares the two signed 32-bit integer operands using the encoded immediate as the second operand, with the greater-than predicate, and writes a per-lane mask (0xffff for true, zero for false) to the scalar destination. The comparison does not modify either source.	compute-buffer	integer-value	IK32VJ8RD8PJ2	IK32@INST_LO[31:0];VJ8@INST_HI[7:0];RD8@INST_HI[15:8];PJ2@INST_HI[17:16]	00000000	04500000	00000000	8ffc0000	00000000	0ffc0000	ffffffff	0003ffff	00000000	00000000	00000000	70000000	v_cmp_imm_gt_i32 p0, s0, v0, 0x00000000
lg200	v_cmp_imm_gt_u16	5	vop-imm	vector-alu	Compares the two unsigned 16-bit integer operands using the encoded immediate as the second operand, with the greater-than predicate, and writes a per-lane mask (0xffff for true, zero for false) to the scalar destination. The comparison does not modify either source.	compute-buffer	integer-value	IK32VJ8RD8PJ2	IK32@INST_LO[31:0];VJ8@INST_HI[7:0];RD8@INST_HI[15:8];PJ2@INST_HI[17:16]	00000000	04f00000	00000000	8ffc0000	00000000	0ffc0000	ffffffff	0003ffff	00000000	00000000	00000000	70000000	v_cmp_imm_gt_u16 p0, s0, v0, 0x00000000
lg200	v_cmp_imm_gt_u32	5	vop-imm	vector-alu	Compares the two unsigned 32-bit integer operands using the encoded immediate as the second operand, with the greater-than predicate, and writes a per-lane mask (0xffff for true, zero for false) to the scalar destination. The comparison does not modify either source.	compute-buffer	integer-value	IK32VJ8RD8PJ2	IK32@INST_LO[31:0];VJ8@INST_HI[7:0];RD8@INST_HI[15:8];PJ2@INST_HI[17:16]	00000000	04700000	00000000	8ffc0000	00000000	0ffc0000	ffffffff	0003ffff	00000000	00000000	00000000	70000000	v_cmp_imm_gt_u32 p0, s0, v0, 0x00000000
lg200	v_cmp_imm_le_f16	5	vop-imm	vector-alu	Compares the two 16-bit floating-point operands using the encoded immediate as the second operand, with the less-than-or-equal predicate, and writes a per-lane mask (0xffff for true, zero for false) to the scalar destination. The comparison does not modify either source.	compute-buffer	floating-point-value	IK32VJ8RD8PJ2	IK32@INST_LO[31:0];VJ8@INST_HI[7:0];RD8@INST_HI[15:8];PJ2@INST_HI[17:16]	00000000	048c0000	00000000	8ffc0000	00000000	0ffc0000	ffffffff	0003ffff	00000000	00000000	00000000	70000000	v_cmp_imm_le_f16 p0, s0, v0, 0x00000000
lg200	v_cmp_imm_le_f32	5	vop-imm	vector-alu	Compares the two 32-bit floating-point operands using the encoded immediate as the second operand, with the less-than-or-equal predicate, and writes a per-lane mask (0xffff for true, zero for false) to the scalar destination. The comparison does not modify either source.	compute-buffer	floating-point-value	IK32VJ8RD8PJ2	IK32@INST_LO[31:0];VJ8@INST_HI[7:0];RD8@INST_HI[15:8];PJ2@INST_HI[17:16]	00000000	040c0000	00000000	8ffc0000	00000000	0ffc0000	ffffffff	0003ffff	00000000	00000000	00000000	70000000	v_cmp_imm_le_f32 p0, s0, v0, 0x00000000
lg200	v_cmp_imm_le_i16	5	vop-imm	vector-alu	Compares the two signed 16-bit integer operands using the encoded immediate as the second operand, with the less-than-or-equal predicate, and writes a per-lane mask (0xffff for true, zero for false) to the scalar destination. The comparison does not modify either source.	compute-buffer	integer-value	IK32VJ8RD8PJ2	IK32@INST_LO[31:0];VJ8@INST_HI[7:0];RD8@INST_HI[15:8];PJ2@INST_HI[17:16]	00000000	04cc0000	00000000	8ffc0000	00000000	0ffc0000	ffffffff	0003ffff	00000000	00000000	00000000	70000000	v_cmp_imm_le_i16 p0, s0, v0, 0x00000000
lg200	v_cmp_imm_le_i32	5	vop-imm	vector-alu	Compares the two signed 32-bit integer operands using the encoded immediate as the second operand, with the less-than-or-equal predicate, and writes a per-lane mask (0xffff for true, zero for false) to the scalar destination. The comparison does not modify either source.	compute-buffer	integer-value	IK32VJ8RD8PJ2	IK32@INST_LO[31:0];VJ8@INST_HI[7:0];RD8@INST_HI[15:8];PJ2@INST_HI[17:16]	00000000	044c0000	00000000	8ffc0000	00000000	0ffc0000	ffffffff	0003ffff	00000000	00000000	00000000	70000000	v_cmp_imm_le_i32 p0, s0, v0, 0x00000000
lg200	v_cmp_imm_le_u16	5	vop-imm	vector-alu	Compares the two unsigned 16-bit integer operands using the encoded immediate as the second operand, with the less-than-or-equal predicate, and writes a per-lane mask (0xffff for true, zero for false) to the scalar destination. The comparison does not modify either source.	compute-buffer	integer-value	IK32VJ8RD8PJ2	IK32@INST_LO[31:0];VJ8@INST_HI[7:0];RD8@INST_HI[15:8];PJ2@INST_HI[17:16]	00000000	04ec0000	00000000	8ffc0000	00000000	0ffc0000	ffffffff	0003ffff	00000000	00000000	00000000	70000000	v_cmp_imm_le_u16 p0, s0, v0, 0x00000000
lg200	v_cmp_imm_le_u32	5	vop-imm	vector-alu	Compares the two unsigned 32-bit integer operands using the encoded immediate as the second operand, with the less-than-or-equal predicate, and writes a per-lane mask (0xffff for true, zero for false) to the scalar destination. The comparison does not modify either source.	compute-buffer	integer-value	IK32VJ8RD8PJ2	IK32@INST_LO[31:0];VJ8@INST_HI[7:0];RD8@INST_HI[15:8];PJ2@INST_HI[17:16]	00000000	046c0000	00000000	8ffc0000	00000000	0ffc0000	ffffffff	0003ffff	00000000	00000000	00000000	70000000	v_cmp_imm_le_u32 p0, s0, v0, 0x00000000
lg200	v_cmp_imm_lg_f16	5	vop-imm	vector-alu	Compares the two 16-bit floating-point operands using the encoded immediate as the second operand, with the less-than-or-greater-than (ordered inequality) predicate, and writes a per-lane mask (0xffff for true, zero for false) to the scalar destination. The comparison does not modify either source.	compute-buffer	floating-point-value	IK32VJ8RD8PJ2	IK32@INST_LO[31:0];VJ8@INST_HI[7:0];RD8@INST_HI[15:8];PJ2@INST_HI[17:16]	00000000	04940000	00000000	8ffc0000	00000000	0ffc0000	ffffffff	0003ffff	00000000	00000000	00000000	70000000	v_cmp_imm_lg_f16 p0, s0, v0, 0x00000000
lg200	v_cmp_imm_lg_f32	5	vop-imm	vector-alu	Compares the two 32-bit floating-point operands using the encoded immediate as the second operand, with the less-than-or-greater-than (ordered inequality) predicate, and writes a per-lane mask (0xffff for true, zero for false) to the scalar destination. The comparison does not modify either source.	compute-buffer	floating-point-value	IK32VJ8RD8PJ2	IK32@INST_LO[31:0];VJ8@INST_HI[7:0];RD8@INST_HI[15:8];PJ2@INST_HI[17:16]	00000000	04140000	00000000	8ffc0000	00000000	0ffc0000	ffffffff	0003ffff	00000000	00000000	00000000	70000000	v_cmp_imm_lg_f32 p0, s0, v0, 0x00000000
lg200	v_cmp_imm_lg_i16	5	vop-imm	vector-alu	Compares the two signed 16-bit integer operands using the encoded immediate as the second operand, with the less-than-or-greater-than (ordered inequality) predicate, and writes a per-lane mask (0xffff for true, zero for false) to the scalar destination. The comparison does not modify either source.	compute-buffer	integer-value	IK32VJ8RD8PJ2	IK32@INST_LO[31:0];VJ8@INST_HI[7:0];RD8@INST_HI[15:8];PJ2@INST_HI[17:16]	00000000	04d40000	00000000	8ffc0000	00000000	0ffc0000	ffffffff	0003ffff	00000000	00000000	00000000	70000000	v_cmp_imm_lg_i16 p0, s0, v0, 0x00000000
lg200	v_cmp_imm_lg_i32	5	vop-imm	vector-alu	Compares the two signed 32-bit integer operands using the encoded immediate as the second operand, with the less-than-or-greater-than (ordered inequality) predicate, and writes a per-lane mask (0xffff for true, zero for false) to the scalar destination. The comparison does not modify either source.	compute-buffer	integer-value	IK32VJ8RD8PJ2	IK32@INST_LO[31:0];VJ8@INST_HI[7:0];RD8@INST_HI[15:8];PJ2@INST_HI[17:16]	00000000	04540000	00000000	8ffc0000	00000000	0ffc0000	ffffffff	0003ffff	00000000	00000000	00000000	70000000	v_cmp_imm_lg_i32 p0, s0, v0, 0x00000000
lg200	v_cmp_imm_lg_u16	5	vop-imm	vector-alu	Compares the two unsigned 16-bit integer operands using the encoded immediate as the second operand, with the less-than-or-greater-than (ordered inequality) predicate, and writes a per-lane mask (0xffff for true, zero for false) to the scalar destination. The comparison does not modify either source.	compute-buffer	integer-value	IK32VJ8RD8PJ2	IK32@INST_LO[31:0];VJ8@INST_HI[7:0];RD8@INST_HI[15:8];PJ2@INST_HI[17:16]	00000000	04f40000	00000000	8ffc0000	00000000	0ffc0000	ffffffff	0003ffff	00000000	00000000	00000000	70000000	v_cmp_imm_lg_u16 p0, s0, v0, 0x00000000
lg200	v_cmp_imm_lg_u32	5	vop-imm	vector-alu	Compares the two unsigned 32-bit integer operands using the encoded immediate as the second operand, with the less-than-or-greater-than (ordered inequality) predicate, and writes a per-lane mask (0xffff for true, zero for false) to the scalar destination. The comparison does not modify either source.	compute-buffer	integer-value	IK32VJ8RD8PJ2	IK32@INST_LO[31:0];VJ8@INST_HI[7:0];RD8@INST_HI[15:8];PJ2@INST_HI[17:16]	00000000	04740000	00000000	8ffc0000	00000000	0ffc0000	ffffffff	0003ffff	00000000	00000000	00000000	70000000	v_cmp_imm_lg_u32 p0, s0, v0, 0x00000000
lg200	v_cmp_imm_lt_f16	5	vop-imm	vector-alu	Compares the two 16-bit floating-point operands using the encoded immediate as the second operand, with the less-than predicate, and writes a per-lane mask (0xffff for true, zero for false) to the scalar destination. The comparison does not modify either source.	compute-buffer	floating-point-value	IK32VJ8RD8PJ2	IK32@INST_LO[31:0];VJ8@INST_HI[7:0];RD8@INST_HI[15:8];PJ2@INST_HI[17:16]	00000000	04840000	00000000	8ffc0000	00000000	0ffc0000	ffffffff	0003ffff	00000000	00000000	00000000	70000000	v_cmp_imm_lt_f16 p0, s0, v0, 0x00000000
lg200	v_cmp_imm_lt_f32	5	vop-imm	vector-alu	Compares the two 32-bit floating-point operands using the encoded immediate as the second operand, with the less-than predicate, and writes a per-lane mask (0xffff for true, zero for false) to the scalar destination. The comparison does not modify either source.	compute-buffer	floating-point-value	IK32VJ8RD8PJ2	IK32@INST_LO[31:0];VJ8@INST_HI[7:0];RD8@INST_HI[15:8];PJ2@INST_HI[17:16]	00000000	04040000	00000000	8ffc0000	00000000	0ffc0000	ffffffff	0003ffff	00000000	00000000	00000000	70000000	v_cmp_imm_lt_f32 p0, s0, v0, 0x00000000
lg200	v_cmp_imm_lt_i16	5	vop-imm	vector-alu	Compares the two signed 16-bit integer operands using the encoded immediate as the second operand, with the less-than predicate, and writes a per-lane mask (0xffff for true, zero for false) to the scalar destination. The comparison does not modify either source.	compute-buffer	integer-value	IK32VJ8RD8PJ2	IK32@INST_LO[31:0];VJ8@INST_HI[7:0];RD8@INST_HI[15:8];PJ2@INST_HI[17:16]	00000000	04c40000	00000000	8ffc0000	00000000	0ffc0000	ffffffff	0003ffff	00000000	00000000	00000000	70000000	v_cmp_imm_lt_i16 p0, s0, v0, 0x00000000
lg200	v_cmp_imm_lt_i32	5	vop-imm	vector-alu	Compares the two signed 32-bit integer operands using the encoded immediate as the second operand, with the less-than predicate, and writes a per-lane mask (0xffff for true, zero for false) to the scalar destination. The comparison does not modify either source.	compute-buffer	integer-value	IK32VJ8RD8PJ2	IK32@INST_LO[31:0];VJ8@INST_HI[7:0];RD8@INST_HI[15:8];PJ2@INST_HI[17:16]	00000000	04440000	00000000	8ffc0000	00000000	0ffc0000	ffffffff	0003ffff	00000000	00000000	00000000	70000000	v_cmp_imm_lt_i32 p0, s0, v0, 0x00000000
lg200	v_cmp_imm_lt_u16	5	vop-imm	vector-alu	Compares the two unsigned 16-bit integer operands using the encoded immediate as the second operand, with the less-than predicate, and writes a per-lane mask (0xffff for true, zero for false) to the scalar destination. The comparison does not modify either source.	compute-buffer	integer-value	IK32VJ8RD8PJ2	IK32@INST_LO[31:0];VJ8@INST_HI[7:0];RD8@INST_HI[15:8];PJ2@INST_HI[17:16]	00000000	04e40000	00000000	8ffc0000	00000000	0ffc0000	ffffffff	0003ffff	00000000	00000000	00000000	70000000	v_cmp_imm_lt_u16 p0, s0, v0, 0x00000000
lg200	v_cmp_imm_lt_u32	5	vop-imm	vector-alu	Compares the two unsigned 32-bit integer operands using the encoded immediate as the second operand, with the less-than predicate, and writes a per-lane mask (0xffff for true, zero for false) to the scalar destination. The comparison does not modify either source.	compute-buffer	integer-value	IK32VJ8RD8PJ2	IK32@INST_LO[31:0];VJ8@INST_HI[7:0];RD8@INST_HI[15:8];PJ2@INST_HI[17:16]	00000000	04640000	00000000	8ffc0000	00000000	0ffc0000	ffffffff	0003ffff	00000000	00000000	00000000	70000000	v_cmp_imm_lt_u32 p0, s0, v0, 0x00000000
lg200	v_cmp_imm_neq_f16	5	vop-imm	vector-alu	Compares the two 16-bit floating-point operands using the encoded immediate as the second operand, with the inequality predicate, and writes a per-lane mask (0xffff for true, zero for false) to the scalar destination. The comparison does not modify either source.	compute-buffer	floating-point-value	IK32VJ8RD8PJ2	IK32@INST_LO[31:0];VJ8@INST_HI[7:0];RD8@INST_HI[15:8];PJ2@INST_HI[17:16]	00000000	04b40000	00000000	8ffc0000	00000000	0ffc0000	ffffffff	0003ffff	00000000	00000000	00000000	70000000	v_cmp_imm_neq_f16 p0, s0, v0, 0x00000000
lg200	v_cmp_imm_neq_f32	5	vop-imm	vector-alu	Compares the two 32-bit floating-point operands using the encoded immediate as the second operand, with the inequality predicate, and writes a per-lane mask (0xffff for true, zero for false) to the scalar destination. The comparison does not modify either source.	compute-buffer	floating-point-value	IK32VJ8RD8PJ2	IK32@INST_LO[31:0];VJ8@INST_HI[7:0];RD8@INST_HI[15:8];PJ2@INST_HI[17:16]	00000000	04340000	00000000	8ffc0000	00000000	0ffc0000	ffffffff	0003ffff	00000000	00000000	00000000	70000000	v_cmp_imm_neq_f32 p0, s0, v0, 0x00000000
lg200	v_cmp_imm_nge_f16	5	vop-imm	vector-alu	Compares the two 16-bit floating-point operands using the encoded immediate as the second operand, with the not greater than or equal predicate, and writes a per-lane mask (0xffff for true, zero for false) to the scalar destination. The comparison does not modify either source.	compute-buffer	floating-point-value	IK32VJ8RD8PJ2	IK32@INST_LO[31:0];VJ8@INST_HI[7:0];RD8@INST_HI[15:8];PJ2@INST_HI[17:16]	00000000	04a40000	00000000	8ffc0000	00000000	0ffc0000	ffffffff	0003ffff	00000000	00000000	00000000	70000000	v_cmp_imm_nge_f16 p0, s0, v0, 0x00000000
lg200	v_cmp_imm_nge_f32	5	vop-imm	vector-alu	Compares the two 32-bit floating-point operands using the encoded immediate as the second operand, with the not greater than or equal predicate, and writes a per-lane mask (0xffff for true, zero for false) to the scalar destination. The comparison does not modify either source.	compute-buffer	floating-point-value	IK32VJ8RD8PJ2	IK32@INST_LO[31:0];VJ8@INST_HI[7:0];RD8@INST_HI[15:8];PJ2@INST_HI[17:16]	00000000	04240000	00000000	8ffc0000	00000000	0ffc0000	ffffffff	0003ffff	00000000	00000000	00000000	70000000	v_cmp_imm_nge_f32 p0, s0, v0, 0x00000000
lg200	v_cmp_imm_ngt_f16	5	vop-imm	vector-alu	Compares the two 16-bit floating-point operands using the encoded immediate as the second operand, with the not-greater-than predicate, and writes a per-lane mask (0xffff for true, zero for false) to the scalar destination. The comparison does not modify either source.	compute-buffer	floating-point-value	IK32VJ8RD8PJ2	IK32@INST_LO[31:0];VJ8@INST_HI[7:0];RD8@INST_HI[15:8];PJ2@INST_HI[17:16]	00000000	04ac0000	00000000	8ffc0000	00000000	0ffc0000	ffffffff	0003ffff	00000000	00000000	00000000	70000000	v_cmp_imm_ngt_f16 p0, s0, v0, 0x00000000
lg200	v_cmp_imm_ngt_f32	5	vop-imm	vector-alu	Compares the two 32-bit floating-point operands using the encoded immediate as the second operand, with the not-greater-than predicate, and writes a per-lane mask (0xffff for true, zero for false) to the scalar destination. The comparison does not modify either source.	compute-buffer	floating-point-value	IK32VJ8RD8PJ2	IK32@INST_LO[31:0];VJ8@INST_HI[7:0];RD8@INST_HI[15:8];PJ2@INST_HI[17:16]	00000000	042c0000	00000000	8ffc0000	00000000	0ffc0000	ffffffff	0003ffff	00000000	00000000	00000000	70000000	v_cmp_imm_ngt_f32 p0, s0, v0, 0x00000000
lg200	v_cmp_imm_nle_f16	5	vop-imm	vector-alu	Compares the two 16-bit floating-point operands using the encoded immediate as the second operand, with the not less than or equal predicate, and writes a per-lane mask (0xffff for true, zero for false) to the scalar destination. The comparison does not modify either source.	compute-buffer	floating-point-value	IK32VJ8RD8PJ2	IK32@INST_LO[31:0];VJ8@INST_HI[7:0];RD8@INST_HI[15:8];PJ2@INST_HI[17:16]	00000000	04b00000	00000000	8ffc0000	00000000	0ffc0000	ffffffff	0003ffff	00000000	00000000	00000000	70000000	v_cmp_imm_nle_f16 p0, s0, v0, 0x00000000
lg200	v_cmp_imm_nle_f32	5	vop-imm	vector-alu	Compares the two 32-bit floating-point operands using the encoded immediate as the second operand, with the not less than or equal predicate, and writes a per-lane mask (0xffff for true, zero for false) to the scalar destination. The comparison does not modify either source.	compute-buffer	floating-point-value	IK32VJ8RD8PJ2	IK32@INST_LO[31:0];VJ8@INST_HI[7:0];RD8@INST_HI[15:8];PJ2@INST_HI[17:16]	00000000	04300000	00000000	8ffc0000	00000000	0ffc0000	ffffffff	0003ffff	00000000	00000000	00000000	70000000	v_cmp_imm_nle_f32 p0, s0, v0, 0x00000000
lg200	v_cmp_imm_nlg_f16	5	vop-imm	vector-alu	Compares the two 16-bit floating-point operands using the encoded immediate as the second operand, with the not less than or greater than predicate, and writes a per-lane mask (0xffff for true, zero for false) to the scalar destination. The comparison does not modify either source.	compute-buffer	floating-point-value	IK32VJ8RD8PJ2	IK32@INST_LO[31:0];VJ8@INST_HI[7:0];RD8@INST_HI[15:8];PJ2@INST_HI[17:16]	00000000	04a80000	00000000	8ffc0000	00000000	0ffc0000	ffffffff	0003ffff	00000000	00000000	00000000	70000000	v_cmp_imm_nlg_f16 p0, s0, v0, 0x00000000
lg200	v_cmp_imm_nlg_f32	5	vop-imm	vector-alu	Compares the two 32-bit floating-point operands using the encoded immediate as the second operand, with the not less than or greater than predicate, and writes a per-lane mask (0xffff for true, zero for false) to the scalar destination. The comparison does not modify either source.	compute-buffer	floating-point-value	IK32VJ8RD8PJ2	IK32@INST_LO[31:0];VJ8@INST_HI[7:0];RD8@INST_HI[15:8];PJ2@INST_HI[17:16]	00000000	04280000	00000000	8ffc0000	00000000	0ffc0000	ffffffff	0003ffff	00000000	00000000	00000000	70000000	v_cmp_imm_nlg_f32 p0, s0, v0, 0x00000000
lg200	v_cmp_imm_nlt_f16	5	vop-imm	vector-alu	Compares the two 16-bit floating-point operands using the encoded immediate as the second operand, with the not-less-than predicate, and writes a per-lane mask (0xffff for true, zero for false) to the scalar destination. The comparison does not modify either source.	compute-buffer	floating-point-value	IK32VJ8RD8PJ2	IK32@INST_LO[31:0];VJ8@INST_HI[7:0];RD8@INST_HI[15:8];PJ2@INST_HI[17:16]	00000000	04b80000	00000000	8ffc0000	00000000	0ffc0000	ffffffff	0003ffff	00000000	00000000	00000000	70000000	v_cmp_imm_nlt_f16 p0, s0, v0, 0x00000000
lg200	v_cmp_imm_nlt_f32	5	vop-imm	vector-alu	Compares the two 32-bit floating-point operands using the encoded immediate as the second operand, with the not-less-than predicate, and writes a per-lane mask (0xffff for true, zero for false) to the scalar destination. The comparison does not modify either source.	compute-buffer	floating-point-value	IK32VJ8RD8PJ2	IK32@INST_LO[31:0];VJ8@INST_HI[7:0];RD8@INST_HI[15:8];PJ2@INST_HI[17:16]	00000000	04380000	00000000	8ffc0000	00000000	0ffc0000	ffffffff	0003ffff	00000000	00000000	00000000	70000000	v_cmp_imm_nlt_f32 p0, s0, v0, 0x00000000
lg200	v_cmp_imm_o_f16	5	vop-imm	vector-alu	Compares the two 16-bit floating-point operands using the encoded immediate as the second operand, with the ordered predicate, and writes a per-lane mask (0xffff for true, zero for false) to the scalar destination. The comparison does not modify either source.	compute-buffer	floating-point-value	IK32VJ8RD8PJ2	IK32@INST_LO[31:0];VJ8@INST_HI[7:0];RD8@INST_HI[15:8];PJ2@INST_HI[17:16]	00000000	049c0000	00000000	8ffc0000	00000000	0ffc0000	ffffffff	0003ffff	00000000	00000000	00000000	70000000	v_cmp_imm_o_f16 p0, s0, v0, 0x00000000
lg200	v_cmp_imm_o_f32	5	vop-imm	vector-alu	Compares the two 32-bit floating-point operands using the encoded immediate as the second operand, with the ordered predicate, and writes a per-lane mask (0xffff for true, zero for false) to the scalar destination. The comparison does not modify either source.	compute-buffer	floating-point-value	IK32VJ8RD8PJ2	IK32@INST_LO[31:0];VJ8@INST_HI[7:0];RD8@INST_HI[15:8];PJ2@INST_HI[17:16]	00000000	041c0000	00000000	8ffc0000	00000000	0ffc0000	ffffffff	0003ffff	00000000	00000000	00000000	70000000	v_cmp_imm_o_f32 p0, s0, v0, 0x00000000
lg200	v_cmp_imm_tru_f16	5	vop-imm	vector-alu	Compares the two 16-bit floating-point operands using the encoded immediate as the second operand, with the always true predicate, and writes a per-lane mask (0xffff for true, zero for false) to the scalar destination. The comparison does not modify either source.	compute-buffer	floating-point-value	IK32VJ8RD8PJ2	IK32@INST_LO[31:0];VJ8@INST_HI[7:0];RD8@INST_HI[15:8];PJ2@INST_HI[17:16]	00000000	04bc0000	00000000	8ffc0000	00000000	0ffc0000	ffffffff	0003ffff	00000000	00000000	00000000	70000000	v_cmp_imm_tru_f16 p0, s0, v0, 0x00000000
lg200	v_cmp_imm_tru_f32	5	vop-imm	vector-alu	Compares the two 32-bit floating-point operands using the encoded immediate as the second operand, with the always true predicate, and writes a per-lane mask (0xffff for true, zero for false) to the scalar destination. The comparison does not modify either source.	compute-buffer	floating-point-value	IK32VJ8RD8PJ2	IK32@INST_LO[31:0];VJ8@INST_HI[7:0];RD8@INST_HI[15:8];PJ2@INST_HI[17:16]	00000000	043c0000	00000000	8ffc0000	00000000	0ffc0000	ffffffff	0003ffff	00000000	00000000	00000000	70000000	v_cmp_imm_tru_f32 p0, s0, v0, 0x00000000
lg200	v_cmp_imm_tru_i16	5	vop-imm	vector-alu	Compares the two signed 16-bit integer operands using the encoded immediate as the second operand, with the always true predicate, and writes a per-lane mask (0xffff for true, zero for false) to the scalar destination. The comparison does not modify either source.	compute-buffer	integer-value	IK32VJ8RD8PJ2	IK32@INST_LO[31:0];VJ8@INST_HI[7:0];RD8@INST_HI[15:8];PJ2@INST_HI[17:16]	00000000	04dc0000	00000000	8ffc0000	00000000	0ffc0000	ffffffff	0003ffff	00000000	00000000	00000000	70000000	v_cmp_imm_tru_i16 p0, s0, v0, 0x00000000
lg200	v_cmp_imm_tru_i32	5	vop-imm	vector-alu	Compares the two signed 32-bit integer operands using the encoded immediate as the second operand, with the always true predicate, and writes a per-lane mask (0xffff for true, zero for false) to the scalar destination. The comparison does not modify either source.	compute-buffer	integer-value	IK32VJ8RD8PJ2	IK32@INST_LO[31:0];VJ8@INST_HI[7:0];RD8@INST_HI[15:8];PJ2@INST_HI[17:16]	00000000	045c0000	00000000	8ffc0000	00000000	0ffc0000	ffffffff	0003ffff	00000000	00000000	00000000	70000000	v_cmp_imm_tru_i32 p0, s0, v0, 0x00000000
lg200	v_cmp_imm_tru_u16	5	vop-imm	vector-alu	Compares the two unsigned 16-bit integer operands using the encoded immediate as the second operand, with the always true predicate, and writes a per-lane mask (0xffff for true, zero for false) to the scalar destination. The comparison does not modify either source.	compute-buffer	integer-value	IK32VJ8RD8PJ2	IK32@INST_LO[31:0];VJ8@INST_HI[7:0];RD8@INST_HI[15:8];PJ2@INST_HI[17:16]	00000000	04fc0000	00000000	8ffc0000	00000000	0ffc0000	ffffffff	0003ffff	00000000	00000000	00000000	70000000	v_cmp_imm_tru_u16 p0, s0, v0, 0x00000000
lg200	v_cmp_imm_tru_u32	5	vop-imm	vector-alu	Compares the two unsigned 32-bit integer operands using the encoded immediate as the second operand, with the always true predicate, and writes a per-lane mask (0xffff for true, zero for false) to the scalar destination. The comparison does not modify either source.	compute-buffer	integer-value	IK32VJ8RD8PJ2	IK32@INST_LO[31:0];VJ8@INST_HI[7:0];RD8@INST_HI[15:8];PJ2@INST_HI[17:16]	00000000	047c0000	00000000	8ffc0000	00000000	0ffc0000	ffffffff	0003ffff	00000000	00000000	00000000	70000000	v_cmp_imm_tru_u32 p0, s0, v0, 0x00000000
lg200	v_cmp_imm_u_f16	5	vop-imm	vector-alu	Compares the two 16-bit floating-point operands using the encoded immediate as the second operand, with the unordered predicate, and writes a per-lane mask (0xffff for true, zero for false) to the scalar destination. The comparison does not modify either source.	compute-buffer	floating-point-value	IK32VJ8RD8PJ2	IK32@INST_LO[31:0];VJ8@INST_HI[7:0];RD8@INST_HI[15:8];PJ2@INST_HI[17:16]	00000000	04a00000	00000000	8ffc0000	00000000	0ffc0000	ffffffff	0003ffff	00000000	00000000	00000000	70000000	v_cmp_imm_u_f16 p0, s0, v0, 0x00000000
lg200	v_cmp_imm_u_f32	5	vop-imm	vector-alu	Compares the two 32-bit floating-point operands using the encoded immediate as the second operand, with the unordered predicate, and writes a per-lane mask (0xffff for true, zero for false) to the scalar destination. The comparison does not modify either source.	compute-buffer	floating-point-value	IK32VJ8RD8PJ2	IK32@INST_LO[31:0];VJ8@INST_HI[7:0];RD8@INST_HI[15:8];PJ2@INST_HI[17:16]	00000000	04200000	00000000	8ffc0000	00000000	0ffc0000	ffffffff	0003ffff	00000000	00000000	00000000	70000000	v_cmp_imm_u_f32 p0, s0, v0, 0x00000000
lg200	v_cmp_le_f16	4	vop	vector-alu	Compares the two 16-bit floating-point operands with the less-than-or-equal predicate, and writes a per-lane mask (0xffff for true, zero for false) to the scalar destination. The comparison does not modify either source.	compute-buffer	floating-point-value	GJ11GK11RD8M.mod2M.clmp1PJ2	GJ11@INST_LO[7:0]+INST_HI[2:0];GK11@INST_LO[15:8]+INST_HI[5:3];RD8@INST_LO[31:24];M.mod2@INST_HI[10:9];M.clmp1@INST_HI[11];PJ2@INST_HI[13:12]	00000000	1048c000	00000000	ffffc000	00000000	0fffc000	ff00ffff	00003e3f	00ff0000	000001c0	00000000	00000000	v_cmp_le_f16 p0, s0, zero, v0
lg200	v_cmp_le_f32	4	vop	vector-alu	Compares the two 32-bit floating-point operands with the less-than-or-equal predicate, and writes a per-lane mask (0xffff for true, zero for false) to the scalar destination. The comparison does not modify either source.	compute-buffer	floating-point-value	GJ11GK11RD8M.mod2M.clmp1PJ2	GJ11@INST_LO[7:0]+INST_HI[2:0];GK11@INST_LO[15:8]+INST_HI[5:3];RD8@INST_LO[31:24];M.mod2@INST_HI[10:9];M.clmp1@INST_HI[11];PJ2@INST_HI[13:12]	00000000	1040c000	00000000	ffffc000	00000000	0fffc000	ff00ffff	00003e3f	00ff0000	000001c0	00000000	00000000	v_cmp_le_f32 p0, s0, zero, v0
lg200	v_cmp_le_f64	4	vop	vector-alu	Compares the two 64-bit floating-point operands with the less-than-or-equal predicate, and writes a per-lane mask (0xffff for true, zero for false) to the scalar destination. The comparison does not modify either source.	compute-buffer	floating-point-value	GJ11GK11x2RD8M.mod2M.clmp1PJ2	GJ11@INST_LO[7:0]+INST_HI[2:0];GK11x2@INST_LO[15:8]+INST_HI[5:3];RD8@INST_LO[31:24];M.mod2@INST_HI[10:9];M.clmp1@INST_HI[11];PJ2@INST_HI[13:12]	00000000	1050c000	00000000	ffffc000	00000000	0fffc000	ff00ffff	00003e3f	00ff0000	000001c0	00000000	00000000	v_cmp_le_f64 p0, s0, zero, v0-v1
lg200	v_cmp_le_i16	4	vop	vector-alu	Compares the two signed 16-bit integer operands with the less-than-or-equal predicate, and writes a per-lane mask (0xffff for true, zero for false) to the scalar destination. The comparison does not modify either source.	compute-buffer	integer-value	GJ11GK11RD8M.mod2M.clmp1PJ2	GJ11@INST_LO[7:0]+INST_HI[2:0];GK11@INST_LO[15:8]+INST_HI[5:3];RD8@INST_LO[31:24];M.mod2@INST_HI[10:9];M.clmp1@INST_HI[11];PJ2@INST_HI[13:12]	00000000	104cc000	00000000	ffffc000	00000000	0fffc000	ff00ffff	00003e3f	00ff0000	000001c0	00000000	00000000	v_cmp_le_i16 p0, s0, zero, v0
lg200	v_cmp_le_i32	4	vop	vector-alu	Compares the two signed 32-bit integer operands with the less-than-or-equal predicate, and writes a per-lane mask (0xffff for true, zero for false) to the scalar destination. The comparison does not modify either source.	compute-buffer	integer-value	GJ11GK11RD8M.mod2M.clmp1PJ2	GJ11@INST_LO[7:0]+INST_HI[2:0];GK11@INST_LO[15:8]+INST_HI[5:3];RD8@INST_LO[31:24];M.mod2@INST_HI[10:9];M.clmp1@INST_HI[11];PJ2@INST_HI[13:12]	00000000	1044c000	00000000	ffffc000	00000000	0fffc000	ff00ffff	00003e3f	00ff0000	000001c0	00000000	00000000	v_cmp_le_i32 p0, s0, zero, v0
lg200	v_cmp_le_i64	4	vop	vector-alu	Compares the two signed 64-bit integer operands with the less-than-or-equal predicate, and writes a per-lane mask (0xffff for true, zero for false) to the scalar destination. The comparison does not modify either source.	compute-buffer	integer-value	GJ11GK11x2RD8M.mod2M.clmp1PJ2	GJ11@INST_LO[7:0]+INST_HI[2:0];GK11x2@INST_LO[15:8]+INST_HI[5:3];RD8@INST_LO[31:24];M.mod2@INST_HI[10:9];M.clmp1@INST_HI[11];PJ2@INST_HI[13:12]	00000000	1054c000	00000000	ffffc000	00000000	0fffc000	ff00ffff	00003e3f	00ff0000	000001c0	00000000	00000000	v_cmp_le_i64 p0, s0, zero, v0-v1
lg200	v_cmp_le_u16	4	vop	vector-alu	Compares the two unsigned 16-bit integer operands with the less-than-or-equal predicate, and writes a per-lane mask (0xffff for true, zero for false) to the scalar destination. The comparison does not modify either source.	compute-buffer	integer-value	GJ11GK11RD8M.mod2M.clmp1PJ2	GJ11@INST_LO[7:0]+INST_HI[2:0];GK11@INST_LO[15:8]+INST_HI[5:3];RD8@INST_LO[31:24];M.mod2@INST_HI[10:9];M.clmp1@INST_HI[11];PJ2@INST_HI[13:12]	00000000	104ec000	00000000	ffffc000	00000000	0fffc000	ff00ffff	00003e3f	00ff0000	000001c0	00000000	00000000	v_cmp_le_u16 p0, s0, zero, v0
lg200	v_cmp_le_u32	4	vop	vector-alu	Compares the two unsigned 32-bit integer operands with the less-than-or-equal predicate, and writes a per-lane mask (0xffff for true, zero for false) to the scalar destination. The comparison does not modify either source.	compute-buffer	integer-value	GJ11GK11RD8M.mod2M.clmp1PJ2	GJ11@INST_LO[7:0]+INST_HI[2:0];GK11@INST_LO[15:8]+INST_HI[5:3];RD8@INST_LO[31:24];M.mod2@INST_HI[10:9];M.clmp1@INST_HI[11];PJ2@INST_HI[13:12]	00000000	1046c000	00000000	ffffc000	00000000	0fffc000	ff00ffff	00003e3f	00ff0000	000001c0	00000000	00000000	v_cmp_le_u32 p0, s0, zero, v0
lg200	v_cmp_le_u64	4	vop	vector-alu	Compares the two unsigned 64-bit integer operands with the less-than-or-equal predicate, and writes a per-lane mask (0xffff for true, zero for false) to the scalar destination. The comparison does not modify either source.	compute-buffer	integer-value	GJ11GK11x2RD8M.mod2M.clmp1PJ2	GJ11@INST_LO[7:0]+INST_HI[2:0];GK11x2@INST_LO[15:8]+INST_HI[5:3];RD8@INST_LO[31:24];M.mod2@INST_HI[10:9];M.clmp1@INST_HI[11];PJ2@INST_HI[13:12]	00000000	1056c000	00000000	ffffc000	00000000	0fffc000	ff00ffff	00003e3f	00ff0000	000001c0	00000000	00000000	v_cmp_le_u64 p0, s0, zero, v0-v1
lg200	v_cmp_lg_f16	4	vop	vector-alu	Compares the two 16-bit floating-point operands with the less-than-or-greater-than (ordered inequality) predicate, and writes a per-lane mask (0xffff for true, zero for false) to the scalar destination. The comparison does not modify either source.	compute-buffer	floating-point-value	GJ11GK11RD8M.mod2M.clmp1PJ2	GJ11@INST_LO[7:0]+INST_HI[2:0];GK11@INST_LO[15:8]+INST_HI[5:3];RD8@INST_LO[31:24];M.mod2@INST_HI[10:9];M.clmp1@INST_HI[11];PJ2@INST_HI[13:12]	00000000	10494000	00000000	ffffc000	00000000	0fffc000	ff00ffff	00003e3f	00ff0000	000001c0	00000000	00000000	v_cmp_lg_f16 p0, s0, zero, v0
lg200	v_cmp_lg_f32	4	vop	vector-alu	Compares the two 32-bit floating-point operands with the less-than-or-greater-than (ordered inequality) predicate, and writes a per-lane mask (0xffff for true, zero for false) to the scalar destination. The comparison does not modify either source.	compute-buffer	floating-point-value	GJ11GK11RD8M.mod2M.clmp1PJ2	GJ11@INST_LO[7:0]+INST_HI[2:0];GK11@INST_LO[15:8]+INST_HI[5:3];RD8@INST_LO[31:24];M.mod2@INST_HI[10:9];M.clmp1@INST_HI[11];PJ2@INST_HI[13:12]	00000000	10414000	00000000	ffffc000	00000000	0fffc000	ff00ffff	00003e3f	00ff0000	000001c0	00000000	00000000	v_cmp_lg_f32 p0, s0, zero, v0
lg200	v_cmp_lg_f64	4	vop	vector-alu	Compares the two 64-bit floating-point operands with the less-than-or-greater-than (ordered inequality) predicate, and writes a per-lane mask (0xffff for true, zero for false) to the scalar destination. The comparison does not modify either source.	compute-buffer	floating-point-value	GJ11GK11x2RD8M.mod2M.clmp1PJ2	GJ11@INST_LO[7:0]+INST_HI[2:0];GK11x2@INST_LO[15:8]+INST_HI[5:3];RD8@INST_LO[31:24];M.mod2@INST_HI[10:9];M.clmp1@INST_HI[11];PJ2@INST_HI[13:12]	00000000	10514000	00000000	ffffc000	00000000	0fffc000	ff00ffff	00003e3f	00ff0000	000001c0	00000000	00000000	v_cmp_lg_f64 p0, s0, zero, v0-v1
lg200	v_cmp_lg_i16	4	vop	vector-alu	Compares the two signed 16-bit integer operands with the less-than-or-greater-than (ordered inequality) predicate, and writes a per-lane mask (0xffff for true, zero for false) to the scalar destination. The comparison does not modify either source.	compute-buffer	integer-value	GJ11GK11RD8M.mod2M.clmp1PJ2	GJ11@INST_LO[7:0]+INST_HI[2:0];GK11@INST_LO[15:8]+INST_HI[5:3];RD8@INST_LO[31:24];M.mod2@INST_HI[10:9];M.clmp1@INST_HI[11];PJ2@INST_HI[13:12]	00000000	104d4000	00000000	ffffc000	00000000	0fffc000	ff00ffff	00003e3f	00ff0000	000001c0	00000000	00000000	v_cmp_lg_i16 p0, s0, zero, v0
lg200	v_cmp_lg_i32	4	vop	vector-alu	Compares the two signed 32-bit integer operands with the less-than-or-greater-than (ordered inequality) predicate, and writes a per-lane mask (0xffff for true, zero for false) to the scalar destination. The comparison does not modify either source.	compute-buffer	integer-value	GJ11GK11RD8M.mod2M.clmp1PJ2	GJ11@INST_LO[7:0]+INST_HI[2:0];GK11@INST_LO[15:8]+INST_HI[5:3];RD8@INST_LO[31:24];M.mod2@INST_HI[10:9];M.clmp1@INST_HI[11];PJ2@INST_HI[13:12]	00000000	10454000	00000000	ffffc000	00000000	0fffc000	ff00ffff	00003e3f	00ff0000	000001c0	00000000	00000000	v_cmp_lg_i32 p0, s0, zero, v0
lg200	v_cmp_lg_i64	4	vop	vector-alu	Compares the two signed 64-bit integer operands with the less-than-or-greater-than (ordered inequality) predicate, and writes a per-lane mask (0xffff for true, zero for false) to the scalar destination. The comparison does not modify either source.	compute-buffer	integer-value	GJ11GK11x2RD8M.mod2M.clmp1PJ2	GJ11@INST_LO[7:0]+INST_HI[2:0];GK11x2@INST_LO[15:8]+INST_HI[5:3];RD8@INST_LO[31:24];M.mod2@INST_HI[10:9];M.clmp1@INST_HI[11];PJ2@INST_HI[13:12]	00000000	10554000	00000000	ffffc000	00000000	0fffc000	ff00ffff	00003e3f	00ff0000	000001c0	00000000	00000000	v_cmp_lg_i64 p0, s0, zero, v0-v1
lg200	v_cmp_lg_u16	4	vop	vector-alu	Compares the two unsigned 16-bit integer operands with the less-than-or-greater-than (ordered inequality) predicate, and writes a per-lane mask (0xffff for true, zero for false) to the scalar destination. The comparison does not modify either source.	compute-buffer	integer-value	GJ11GK11RD8M.mod2M.clmp1PJ2	GJ11@INST_LO[7:0]+INST_HI[2:0];GK11@INST_LO[15:8]+INST_HI[5:3];RD8@INST_LO[31:24];M.mod2@INST_HI[10:9];M.clmp1@INST_HI[11];PJ2@INST_HI[13:12]	00000000	104f4000	00000000	ffffc000	00000000	0fffc000	ff00ffff	00003e3f	00ff0000	000001c0	00000000	00000000	v_cmp_lg_u16 p0, s0, zero, v0
lg200	v_cmp_lg_u32	4	vop	vector-alu	Compares the two unsigned 32-bit integer operands with the less-than-or-greater-than (ordered inequality) predicate, and writes a per-lane mask (0xffff for true, zero for false) to the scalar destination. The comparison does not modify either source.	compute-buffer	integer-value	GJ11GK11RD8M.mod2M.clmp1PJ2	GJ11@INST_LO[7:0]+INST_HI[2:0];GK11@INST_LO[15:8]+INST_HI[5:3];RD8@INST_LO[31:24];M.mod2@INST_HI[10:9];M.clmp1@INST_HI[11];PJ2@INST_HI[13:12]	00000000	10474000	00000000	ffffc000	00000000	0fffc000	ff00ffff	00003e3f	00ff0000	000001c0	00000000	00000000	v_cmp_lg_u32 p0, s0, zero, v0
lg200	v_cmp_lg_u64	4	vop	vector-alu	Compares the two unsigned 64-bit integer operands with the less-than-or-greater-than (ordered inequality) predicate, and writes a per-lane mask (0xffff for true, zero for false) to the scalar destination. The comparison does not modify either source.	compute-buffer	integer-value	GJ11GK11x2RD8M.mod2M.clmp1PJ2	GJ11@INST_LO[7:0]+INST_HI[2:0];GK11x2@INST_LO[15:8]+INST_HI[5:3];RD8@INST_LO[31:24];M.mod2@INST_HI[10:9];M.clmp1@INST_HI[11];PJ2@INST_HI[13:12]	00000000	10574000	00000000	ffffc000	00000000	0fffc000	ff00ffff	00003e3f	00ff0000	000001c0	00000000	00000000	v_cmp_lg_u64 p0, s0, zero, v0-v1
lg200	v_cmp_lt_f16	4	vop	vector-alu	Compares the two 16-bit floating-point operands with the less-than predicate, and writes a per-lane mask (0xffff for true, zero for false) to the scalar destination. The comparison does not modify either source.	compute-buffer	floating-point-value	GJ11GK11RD8M.mod2M.clmp1PJ2	GJ11@INST_LO[7:0]+INST_HI[2:0];GK11@INST_LO[15:8]+INST_HI[5:3];RD8@INST_LO[31:24];M.mod2@INST_HI[10:9];M.clmp1@INST_HI[11];PJ2@INST_HI[13:12]	00000000	10484000	00000000	ffffc000	00000000	0fffc000	ff00ffff	00003e3f	00ff0000	000001c0	00000000	00000000	v_cmp_lt_f16 p0, s0, zero, v0
lg200	v_cmp_lt_f32	4	vop	vector-alu	Compares the two 32-bit floating-point operands with the less-than predicate, and writes a per-lane mask (0xffff for true, zero for false) to the scalar destination. The comparison does not modify either source.	compute-buffer	floating-point-value	GJ11GK11RD8M.mod2M.clmp1PJ2	GJ11@INST_LO[7:0]+INST_HI[2:0];GK11@INST_LO[15:8]+INST_HI[5:3];RD8@INST_LO[31:24];M.mod2@INST_HI[10:9];M.clmp1@INST_HI[11];PJ2@INST_HI[13:12]	00000000	10404000	00000000	ffffc000	00000000	0fffc000	ff00ffff	00003e3f	00ff0000	000001c0	00000000	00000000	v_cmp_lt_f32 p0, s0, zero, v0
lg200	v_cmp_lt_f64	4	vop	vector-alu	Compares the two 64-bit floating-point operands with the less-than predicate, and writes a per-lane mask (0xffff for true, zero for false) to the scalar destination. The comparison does not modify either source.	compute-buffer	floating-point-value	GJ11GK11x2RD8M.mod2M.clmp1PJ2	GJ11@INST_LO[7:0]+INST_HI[2:0];GK11x2@INST_LO[15:8]+INST_HI[5:3];RD8@INST_LO[31:24];M.mod2@INST_HI[10:9];M.clmp1@INST_HI[11];PJ2@INST_HI[13:12]	00000000	10504000	00000000	ffffc000	00000000	0fffc000	ff00ffff	00003e3f	00ff0000	000001c0	00000000	00000000	v_cmp_lt_f64 p0, s0, zero, v0-v1
lg200	v_cmp_lt_i16	4	vop	vector-alu	Compares the two signed 16-bit integer operands with the less-than predicate, and writes a per-lane mask (0xffff for true, zero for false) to the scalar destination. The comparison does not modify either source.	compute-buffer	integer-value	GJ11GK11RD8M.mod2M.clmp1PJ2	GJ11@INST_LO[7:0]+INST_HI[2:0];GK11@INST_LO[15:8]+INST_HI[5:3];RD8@INST_LO[31:24];M.mod2@INST_HI[10:9];M.clmp1@INST_HI[11];PJ2@INST_HI[13:12]	00000000	104c4000	00000000	ffffc000	00000000	0fffc000	ff00ffff	00003e3f	00ff0000	000001c0	00000000	00000000	v_cmp_lt_i16 p0, s0, zero, v0
lg200	v_cmp_lt_i32	4	vop	vector-alu	Compares the two signed 32-bit integer operands with the less-than predicate, and writes a per-lane mask (0xffff for true, zero for false) to the scalar destination. The comparison does not modify either source.	compute-buffer	integer-value	GJ11GK11RD8M.mod2M.clmp1PJ2	GJ11@INST_LO[7:0]+INST_HI[2:0];GK11@INST_LO[15:8]+INST_HI[5:3];RD8@INST_LO[31:24];M.mod2@INST_HI[10:9];M.clmp1@INST_HI[11];PJ2@INST_HI[13:12]	00000000	10444000	00000000	ffffc000	00000000	0fffc000	ff00ffff	00003e3f	00ff0000	000001c0	00000000	00000000	v_cmp_lt_i32 p0, s0, zero, v0
lg200	v_cmp_lt_i64	4	vop	vector-alu	Compares the two signed 64-bit integer operands with the less-than predicate, and writes a per-lane mask (0xffff for true, zero for false) to the scalar destination. The comparison does not modify either source.	compute-buffer	integer-value	GJ11GK11x2RD8M.mod2M.clmp1PJ2	GJ11@INST_LO[7:0]+INST_HI[2:0];GK11x2@INST_LO[15:8]+INST_HI[5:3];RD8@INST_LO[31:24];M.mod2@INST_HI[10:9];M.clmp1@INST_HI[11];PJ2@INST_HI[13:12]	00000000	10544000	00000000	ffffc000	00000000	0fffc000	ff00ffff	00003e3f	00ff0000	000001c0	00000000	00000000	v_cmp_lt_i64 p0, s0, zero, v0-v1
lg200	v_cmp_lt_u16	4	vop	vector-alu	Compares the two unsigned 16-bit integer operands with the less-than predicate, and writes a per-lane mask (0xffff for true, zero for false) to the scalar destination. The comparison does not modify either source.	compute-buffer	integer-value	GJ11GK11RD8M.mod2M.clmp1PJ2	GJ11@INST_LO[7:0]+INST_HI[2:0];GK11@INST_LO[15:8]+INST_HI[5:3];RD8@INST_LO[31:24];M.mod2@INST_HI[10:9];M.clmp1@INST_HI[11];PJ2@INST_HI[13:12]	00000000	104e4000	00000000	ffffc000	00000000	0fffc000	ff00ffff	00003e3f	00ff0000	000001c0	00000000	00000000	v_cmp_lt_u16 p0, s0, zero, v0
lg200	v_cmp_lt_u32	4	vop	vector-alu	Compares the two unsigned 32-bit integer operands with the less-than predicate, and writes a per-lane mask (0xffff for true, zero for false) to the scalar destination. The comparison does not modify either source.	compute-buffer	integer-value	GJ11GK11RD8M.mod2M.clmp1PJ2	GJ11@INST_LO[7:0]+INST_HI[2:0];GK11@INST_LO[15:8]+INST_HI[5:3];RD8@INST_LO[31:24];M.mod2@INST_HI[10:9];M.clmp1@INST_HI[11];PJ2@INST_HI[13:12]	00000000	10464000	00000000	ffffc000	00000000	0fffc000	ff00ffff	00003e3f	00ff0000	000001c0	00000000	00000000	v_cmp_lt_u32 p0, s0, zero, v0
lg200	v_cmp_lt_u64	4	vop	vector-alu	Compares the two unsigned 64-bit integer operands with the less-than predicate, and writes a per-lane mask (0xffff for true, zero for false) to the scalar destination. The comparison does not modify either source.	compute-buffer	integer-value	GJ11GK11x2RD8M.mod2M.clmp1PJ2	GJ11@INST_LO[7:0]+INST_HI[2:0];GK11x2@INST_LO[15:8]+INST_HI[5:3];RD8@INST_LO[31:24];M.mod2@INST_HI[10:9];M.clmp1@INST_HI[11];PJ2@INST_HI[13:12]	00000000	10564000	00000000	ffffc000	00000000	0fffc000	ff00ffff	00003e3f	00ff0000	000001c0	00000000	00000000	v_cmp_lt_u64 p0, s0, zero, v0-v1
lg200	v_cmp_neq_f16	4	vop	vector-alu	Compares the two 16-bit floating-point operands with the inequality predicate, and writes a per-lane mask (0xffff for true, zero for false) to the scalar destination. The comparison does not modify either source.	compute-buffer	floating-point-value	GJ11GK11RD8M.mod2M.clmp1PJ2	GJ11@INST_LO[7:0]+INST_HI[2:0];GK11@INST_LO[15:8]+INST_HI[5:3];RD8@INST_LO[31:24];M.mod2@INST_HI[10:9];M.clmp1@INST_HI[11];PJ2@INST_HI[13:12]	00000000	104b4000	00000000	ffffc000	00000000	0fffc000	ff00ffff	00003e3f	00ff0000	000001c0	00000000	00000000	v_cmp_neq_f16 p0, s0, zero, v0
lg200	v_cmp_neq_f32	4	vop	vector-alu	Compares the two 32-bit floating-point operands with the inequality predicate, and writes a per-lane mask (0xffff for true, zero for false) to the scalar destination. The comparison does not modify either source.	compute-buffer	floating-point-value	GJ11GK11RD8M.mod2M.clmp1PJ2	GJ11@INST_LO[7:0]+INST_HI[2:0];GK11@INST_LO[15:8]+INST_HI[5:3];RD8@INST_LO[31:24];M.mod2@INST_HI[10:9];M.clmp1@INST_HI[11];PJ2@INST_HI[13:12]	00000000	10434000	00000000	ffffc000	00000000	0fffc000	ff00ffff	00003e3f	00ff0000	000001c0	00000000	00000000	v_cmp_neq_f32 p0, s0, zero, v0
lg200	v_cmp_neq_f64	4	vop	vector-alu	Compares the two 64-bit floating-point operands with the inequality predicate, and writes a per-lane mask (0xffff for true, zero for false) to the scalar destination. The comparison does not modify either source.	compute-buffer	floating-point-value	GJ11GK11x2RD8M.mod2M.clmp1PJ2	GJ11@INST_LO[7:0]+INST_HI[2:0];GK11x2@INST_LO[15:8]+INST_HI[5:3];RD8@INST_LO[31:24];M.mod2@INST_HI[10:9];M.clmp1@INST_HI[11];PJ2@INST_HI[13:12]	00000000	10534000	00000000	ffffc000	00000000	0fffc000	ff00ffff	00003e3f	00ff0000	000001c0	00000000	00000000	v_cmp_neq_f64 p0, s0, zero, v0-v1
lg200	v_cmp_nge_f16	4	vop	vector-alu	Compares the two 16-bit floating-point operands with the not greater than or equal predicate, and writes a per-lane mask (0xffff for true, zero for false) to the scalar destination. The comparison does not modify either source.	compute-buffer	floating-point-value	GJ11GK11RD8M.mod2M.clmp1PJ2	GJ11@INST_LO[7:0]+INST_HI[2:0];GK11@INST_LO[15:8]+INST_HI[5:3];RD8@INST_LO[31:24];M.mod2@INST_HI[10:9];M.clmp1@INST_HI[11];PJ2@INST_HI[13:12]	00000000	104a4000	00000000	ffffc000	00000000	0fffc000	ff00ffff	00003e3f	00ff0000	000001c0	00000000	00000000	v_cmp_nge_f16 p0, s0, zero, v0
lg200	v_cmp_nge_f32	4	vop	vector-alu	Compares the two 32-bit floating-point operands with the not greater than or equal predicate, and writes a per-lane mask (0xffff for true, zero for false) to the scalar destination. The comparison does not modify either source.	compute-buffer	floating-point-value	GJ11GK11RD8M.mod2M.clmp1PJ2	GJ11@INST_LO[7:0]+INST_HI[2:0];GK11@INST_LO[15:8]+INST_HI[5:3];RD8@INST_LO[31:24];M.mod2@INST_HI[10:9];M.clmp1@INST_HI[11];PJ2@INST_HI[13:12]	00000000	10424000	00000000	ffffc000	00000000	0fffc000	ff00ffff	00003e3f	00ff0000	000001c0	00000000	00000000	v_cmp_nge_f32 p0, s0, zero, v0
lg200	v_cmp_nge_f64	4	vop	vector-alu	Compares the two 64-bit floating-point operands with the not greater than or equal predicate, and writes a per-lane mask (0xffff for true, zero for false) to the scalar destination. The comparison does not modify either source.	compute-buffer	floating-point-value	GJ11GK11x2RD8M.mod2M.clmp1PJ2	GJ11@INST_LO[7:0]+INST_HI[2:0];GK11x2@INST_LO[15:8]+INST_HI[5:3];RD8@INST_LO[31:24];M.mod2@INST_HI[10:9];M.clmp1@INST_HI[11];PJ2@INST_HI[13:12]	00000000	10524000	00000000	ffffc000	00000000	0fffc000	ff00ffff	00003e3f	00ff0000	000001c0	00000000	00000000	v_cmp_nge_f64 p0, s0, zero, v0-v1
lg200	v_cmp_ngt_f16	4	vop	vector-alu	Compares the two 16-bit floating-point operands with the not-greater-than predicate, and writes a per-lane mask (0xffff for true, zero for false) to the scalar destination. The comparison does not modify either source.	compute-buffer	floating-point-value	GJ11GK11RD8M.mod2M.clmp1PJ2	GJ11@INST_LO[7:0]+INST_HI[2:0];GK11@INST_LO[15:8]+INST_HI[5:3];RD8@INST_LO[31:24];M.mod2@INST_HI[10:9];M.clmp1@INST_HI[11];PJ2@INST_HI[13:12]	00000000	104ac000	00000000	ffffc000	00000000	0fffc000	ff00ffff	00003e3f	00ff0000	000001c0	00000000	00000000	v_cmp_ngt_f16 p0, s0, zero, v0
lg200	v_cmp_ngt_f32	4	vop	vector-alu	Compares the two 32-bit floating-point operands with the not-greater-than predicate, and writes a per-lane mask (0xffff for true, zero for false) to the scalar destination. The comparison does not modify either source.	compute-buffer	floating-point-value	GJ11GK11RD8M.mod2M.clmp1PJ2	GJ11@INST_LO[7:0]+INST_HI[2:0];GK11@INST_LO[15:8]+INST_HI[5:3];RD8@INST_LO[31:24];M.mod2@INST_HI[10:9];M.clmp1@INST_HI[11];PJ2@INST_HI[13:12]	00000000	1042c000	00000000	ffffc000	00000000	0fffc000	ff00ffff	00003e3f	00ff0000	000001c0	00000000	00000000	v_cmp_ngt_f32 p0, s0, zero, v0
lg200	v_cmp_ngt_f64	4	vop	vector-alu	Compares the two 64-bit floating-point operands with the not-greater-than predicate, and writes a per-lane mask (0xffff for true, zero for false) to the scalar destination. The comparison does not modify either source.	compute-buffer	floating-point-value	GJ11GK11x2RD8M.mod2M.clmp1PJ2	GJ11@INST_LO[7:0]+INST_HI[2:0];GK11x2@INST_LO[15:8]+INST_HI[5:3];RD8@INST_LO[31:24];M.mod2@INST_HI[10:9];M.clmp1@INST_HI[11];PJ2@INST_HI[13:12]	00000000	1052c000	00000000	ffffc000	00000000	0fffc000	ff00ffff	00003e3f	00ff0000	000001c0	00000000	00000000	v_cmp_ngt_f64 p0, s0, zero, v0-v1
lg200	v_cmp_nle_f16	4	vop	vector-alu	Compares the two 16-bit floating-point operands with the not less than or equal predicate, and writes a per-lane mask (0xffff for true, zero for false) to the scalar destination. The comparison does not modify either source.	compute-buffer	floating-point-value	GJ11GK11RD8M.mod2M.clmp1PJ2	GJ11@INST_LO[7:0]+INST_HI[2:0];GK11@INST_LO[15:8]+INST_HI[5:3];RD8@INST_LO[31:24];M.mod2@INST_HI[10:9];M.clmp1@INST_HI[11];PJ2@INST_HI[13:12]	00000000	104b0000	00000000	ffffc000	00000000	0fffc000	ff00ffff	00003e3f	00ff0000	000001c0	00000000	00000000	v_cmp_nle_f16 p0, s0, zero, v0
lg200	v_cmp_nle_f32	4	vop	vector-alu	Compares the two 32-bit floating-point operands with the not less than or equal predicate, and writes a per-lane mask (0xffff for true, zero for false) to the scalar destination. The comparison does not modify either source.	compute-buffer	floating-point-value	GJ11GK11RD8M.mod2M.clmp1PJ2	GJ11@INST_LO[7:0]+INST_HI[2:0];GK11@INST_LO[15:8]+INST_HI[5:3];RD8@INST_LO[31:24];M.mod2@INST_HI[10:9];M.clmp1@INST_HI[11];PJ2@INST_HI[13:12]	00000000	10430000	00000000	ffffc000	00000000	0fffc000	ff00ffff	00003e3f	00ff0000	000001c0	00000000	00000000	v_cmp_nle_f32 p0, s0, zero, v0
lg200	v_cmp_nle_f64	4	vop	vector-alu	Compares the two 64-bit floating-point operands with the not less than or equal predicate, and writes a per-lane mask (0xffff for true, zero for false) to the scalar destination. The comparison does not modify either source.	compute-buffer	floating-point-value	GJ11GK11x2RD8M.mod2M.clmp1PJ2	GJ11@INST_LO[7:0]+INST_HI[2:0];GK11x2@INST_LO[15:8]+INST_HI[5:3];RD8@INST_LO[31:24];M.mod2@INST_HI[10:9];M.clmp1@INST_HI[11];PJ2@INST_HI[13:12]	00000000	10530000	00000000	ffffc000	00000000	0fffc000	ff00ffff	00003e3f	00ff0000	000001c0	00000000	00000000	v_cmp_nle_f64 p0, s0, zero, v0-v1
lg200	v_cmp_nlg_f16	4	vop	vector-alu	Compares the two 16-bit floating-point operands with the not less than or greater than predicate, and writes a per-lane mask (0xffff for true, zero for false) to the scalar destination. The comparison does not modify either source.	compute-buffer	floating-point-value	GJ11GK11RD8M.mod2M.clmp1PJ2	GJ11@INST_LO[7:0]+INST_HI[2:0];GK11@INST_LO[15:8]+INST_HI[5:3];RD8@INST_LO[31:24];M.mod2@INST_HI[10:9];M.clmp1@INST_HI[11];PJ2@INST_HI[13:12]	00000000	104a8000	00000000	ffffc000	00000000	0fffc000	ff00ffff	00003e3f	00ff0000	000001c0	00000000	00000000	v_cmp_nlg_f16 p0, s0, zero, v0
lg200	v_cmp_nlg_f32	4	vop	vector-alu	Compares the two 32-bit floating-point operands with the not less than or greater than predicate, and writes a per-lane mask (0xffff for true, zero for false) to the scalar destination. The comparison does not modify either source.	compute-buffer	floating-point-value	GJ11GK11RD8M.mod2M.clmp1PJ2	GJ11@INST_LO[7:0]+INST_HI[2:0];GK11@INST_LO[15:8]+INST_HI[5:3];RD8@INST_LO[31:24];M.mod2@INST_HI[10:9];M.clmp1@INST_HI[11];PJ2@INST_HI[13:12]	00000000	10428000	00000000	ffffc000	00000000	0fffc000	ff00ffff	00003e3f	00ff0000	000001c0	00000000	00000000	v_cmp_nlg_f32 p0, s0, zero, v0
lg200	v_cmp_nlg_f64	4	vop	vector-alu	Compares the two 64-bit floating-point operands with the not less than or greater than predicate, and writes a per-lane mask (0xffff for true, zero for false) to the scalar destination. The comparison does not modify either source.	compute-buffer	floating-point-value	GJ11GK11x2RD8M.mod2M.clmp1PJ2	GJ11@INST_LO[7:0]+INST_HI[2:0];GK11x2@INST_LO[15:8]+INST_HI[5:3];RD8@INST_LO[31:24];M.mod2@INST_HI[10:9];M.clmp1@INST_HI[11];PJ2@INST_HI[13:12]	00000000	10528000	00000000	ffffc000	00000000	0fffc000	ff00ffff	00003e3f	00ff0000	000001c0	00000000	00000000	v_cmp_nlg_f64 p0, s0, zero, v0-v1
lg200	v_cmp_nlt_f16	4	vop	vector-alu	Compares the two 16-bit floating-point operands with the not-less-than predicate, and writes a per-lane mask (0xffff for true, zero for false) to the scalar destination. The comparison does not modify either source.	compute-buffer	floating-point-value	GJ11GK11RD8M.mod2M.clmp1PJ2	GJ11@INST_LO[7:0]+INST_HI[2:0];GK11@INST_LO[15:8]+INST_HI[5:3];RD8@INST_LO[31:24];M.mod2@INST_HI[10:9];M.clmp1@INST_HI[11];PJ2@INST_HI[13:12]	00000000	104b8000	00000000	ffffc000	00000000	0fffc000	ff00ffff	00003e3f	00ff0000	000001c0	00000000	00000000	v_cmp_nlt_f16 p0, s0, zero, v0
lg200	v_cmp_nlt_f32	4	vop	vector-alu	Compares the two 32-bit floating-point operands with the not-less-than predicate, and writes a per-lane mask (0xffff for true, zero for false) to the scalar destination. The comparison does not modify either source.	compute-buffer	floating-point-value	GJ11GK11RD8M.mod2M.clmp1PJ2	GJ11@INST_LO[7:0]+INST_HI[2:0];GK11@INST_LO[15:8]+INST_HI[5:3];RD8@INST_LO[31:24];M.mod2@INST_HI[10:9];M.clmp1@INST_HI[11];PJ2@INST_HI[13:12]	00000000	10438000	00000000	ffffc000	00000000	0fffc000	ff00ffff	00003e3f	00ff0000	000001c0	00000000	00000000	v_cmp_nlt_f32 p0, s0, zero, v0
lg200	v_cmp_nlt_f64	4	vop	vector-alu	Compares the two 64-bit floating-point operands with the not-less-than predicate, and writes a per-lane mask (0xffff for true, zero for false) to the scalar destination. The comparison does not modify either source.	compute-buffer	floating-point-value	GJ11GK11x2RD8M.mod2M.clmp1PJ2	GJ11@INST_LO[7:0]+INST_HI[2:0];GK11x2@INST_LO[15:8]+INST_HI[5:3];RD8@INST_LO[31:24];M.mod2@INST_HI[10:9];M.clmp1@INST_HI[11];PJ2@INST_HI[13:12]	00000000	10538000	00000000	ffffc000	00000000	0fffc000	ff00ffff	00003e3f	00ff0000	000001c0	00000000	00000000	v_cmp_nlt_f64 p0, s0, zero, v0-v1
lg200	v_cmp_o_f16	4	vop	vector-alu	Compares the two 16-bit floating-point operands with the ordered predicate, and writes a per-lane mask (0xffff for true, zero for false) to the scalar destination. The comparison does not modify either source.	compute-buffer	floating-point-value	GJ11GK11RD8M.mod2M.clmp1PJ2	GJ11@INST_LO[7:0]+INST_HI[2:0];GK11@INST_LO[15:8]+INST_HI[5:3];RD8@INST_LO[31:24];M.mod2@INST_HI[10:9];M.clmp1@INST_HI[11];PJ2@INST_HI[13:12]	00000000	1049c000	00000000	ffffc000	00000000	0fffc000	ff00ffff	00003e3f	00ff0000	000001c0	00000000	00000000	v_cmp_o_f16 p0, s0, zero, v0
lg200	v_cmp_o_f32	4	vop	vector-alu	Compares the two 32-bit floating-point operands with the ordered predicate, and writes a per-lane mask (0xffff for true, zero for false) to the scalar destination. The comparison does not modify either source.	compute-buffer	floating-point-value	GJ11GK11RD8M.mod2M.clmp1PJ2	GJ11@INST_LO[7:0]+INST_HI[2:0];GK11@INST_LO[15:8]+INST_HI[5:3];RD8@INST_LO[31:24];M.mod2@INST_HI[10:9];M.clmp1@INST_HI[11];PJ2@INST_HI[13:12]	00000000	1041c000	00000000	ffffc000	00000000	0fffc000	ff00ffff	00003e3f	00ff0000	000001c0	00000000	00000000	v_cmp_o_f32 p0, s0, zero, v0
lg200	v_cmp_o_f64	4	vop	vector-alu	Compares the two 64-bit floating-point operands with the ordered predicate, and writes a per-lane mask (0xffff for true, zero for false) to the scalar destination. The comparison does not modify either source.	compute-buffer	floating-point-value	GJ11GK11x2RD8M.mod2M.clmp1PJ2	GJ11@INST_LO[7:0]+INST_HI[2:0];GK11x2@INST_LO[15:8]+INST_HI[5:3];RD8@INST_LO[31:24];M.mod2@INST_HI[10:9];M.clmp1@INST_HI[11];PJ2@INST_HI[13:12]	00000000	1051c000	00000000	ffffc000	00000000	0fffc000	ff00ffff	00003e3f	00ff0000	000001c0	00000000	00000000	v_cmp_o_f64 p0, s0, zero, v0-v1
lg200	v_cmp_tru_f16	4	vop	vector-alu	Compares the two 16-bit floating-point operands with the always true predicate, and writes a per-lane mask (0xffff for true, zero for false) to the scalar destination. The comparison does not modify either source.	compute-buffer	floating-point-value	GJ11GK11RD8M.mod2M.clmp1PJ2	GJ11@INST_LO[7:0]+INST_HI[2:0];GK11@INST_LO[15:8]+INST_HI[5:3];RD8@INST_LO[31:24];M.mod2@INST_HI[10:9];M.clmp1@INST_HI[11];PJ2@INST_HI[13:12]	00000000	104bc000	00000000	ffffc000	00000000	0fffc000	ff00ffff	00003e3f	00ff0000	000001c0	00000000	00000000	v_cmp_tru_f16 p0, s0, zero, v0
lg200	v_cmp_tru_f32	4	vop	vector-alu	Compares the two 32-bit floating-point operands with the always true predicate, and writes a per-lane mask (0xffff for true, zero for false) to the scalar destination. The comparison does not modify either source.	compute-buffer	floating-point-value	GJ11GK11RD8M.mod2M.clmp1PJ2	GJ11@INST_LO[7:0]+INST_HI[2:0];GK11@INST_LO[15:8]+INST_HI[5:3];RD8@INST_LO[31:24];M.mod2@INST_HI[10:9];M.clmp1@INST_HI[11];PJ2@INST_HI[13:12]	00000000	1043c000	00000000	ffffc000	00000000	0fffc000	ff00ffff	00003e3f	00ff0000	000001c0	00000000	00000000	v_cmp_tru_f32 p0, s0, zero, v0
lg200	v_cmp_tru_f64	4	vop	vector-alu	Compares the two 64-bit floating-point operands with the always true predicate, and writes a per-lane mask (0xffff for true, zero for false) to the scalar destination. The comparison does not modify either source.	compute-buffer	floating-point-value	GJ11GK11x2RD8M.mod2M.clmp1PJ2	GJ11@INST_LO[7:0]+INST_HI[2:0];GK11x2@INST_LO[15:8]+INST_HI[5:3];RD8@INST_LO[31:24];M.mod2@INST_HI[10:9];M.clmp1@INST_HI[11];PJ2@INST_HI[13:12]	00000000	1053c000	00000000	ffffc000	00000000	0fffc000	ff00ffff	00003e3f	00ff0000	000001c0	00000000	00000000	v_cmp_tru_f64 p0, s0, zero, v0-v1
lg200	v_cmp_tru_i16	4	vop	vector-alu	Compares the two signed 16-bit integer operands with the always true predicate, and writes a per-lane mask (0xffff for true, zero for false) to the scalar destination. The comparison does not modify either source.	compute-buffer	integer-value	GJ11GK11RD8M.mod2M.clmp1PJ2	GJ11@INST_LO[7:0]+INST_HI[2:0];GK11@INST_LO[15:8]+INST_HI[5:3];RD8@INST_LO[31:24];M.mod2@INST_HI[10:9];M.clmp1@INST_HI[11];PJ2@INST_HI[13:12]	00000000	104dc000	00000000	ffffc000	00000000	0fffc000	ff00ffff	00003e3f	00ff0000	000001c0	00000000	00000000	v_cmp_tru_i16 p0, s0, zero, v0
lg200	v_cmp_tru_i32	4	vop	vector-alu	Compares the two signed 32-bit integer operands with the always true predicate, and writes a per-lane mask (0xffff for true, zero for false) to the scalar destination. The comparison does not modify either source.	compute-buffer	integer-value	GJ11GK11RD8M.mod2M.clmp1PJ2	GJ11@INST_LO[7:0]+INST_HI[2:0];GK11@INST_LO[15:8]+INST_HI[5:3];RD8@INST_LO[31:24];M.mod2@INST_HI[10:9];M.clmp1@INST_HI[11];PJ2@INST_HI[13:12]	00000000	1045c000	00000000	ffffc000	00000000	0fffc000	ff00ffff	00003e3f	00ff0000	000001c0	00000000	00000000	v_cmp_tru_i32 p0, s0, zero, v0
lg200	v_cmp_tru_i64	4	vop	vector-alu	Compares the two signed 64-bit integer operands with the always true predicate, and writes a per-lane mask (0xffff for true, zero for false) to the scalar destination. The comparison does not modify either source.	compute-buffer	integer-value	GJ11GK11x2RD8M.mod2M.clmp1PJ2	GJ11@INST_LO[7:0]+INST_HI[2:0];GK11x2@INST_LO[15:8]+INST_HI[5:3];RD8@INST_LO[31:24];M.mod2@INST_HI[10:9];M.clmp1@INST_HI[11];PJ2@INST_HI[13:12]	00000000	1055c000	00000000	ffffc000	00000000	0fffc000	ff00ffff	00003e3f	00ff0000	000001c0	00000000	00000000	v_cmp_tru_i64 p0, s0, zero, v0-v1
lg200	v_cmp_tru_u16	4	vop	vector-alu	Compares the two unsigned 16-bit integer operands with the always true predicate, and writes a per-lane mask (0xffff for true, zero for false) to the scalar destination. The comparison does not modify either source.	compute-buffer	integer-value	GJ11GK11RD8M.mod2M.clmp1PJ2	GJ11@INST_LO[7:0]+INST_HI[2:0];GK11@INST_LO[15:8]+INST_HI[5:3];RD8@INST_LO[31:24];M.mod2@INST_HI[10:9];M.clmp1@INST_HI[11];PJ2@INST_HI[13:12]	00000000	104fc000	00000000	ffffc000	00000000	0fffc000	ff00ffff	00003e3f	00ff0000	000001c0	00000000	00000000	v_cmp_tru_u16 p0, s0, zero, v0
lg200	v_cmp_tru_u32	4	vop	vector-alu	Compares the two unsigned 32-bit integer operands with the always true predicate, and writes a per-lane mask (0xffff for true, zero for false) to the scalar destination. The comparison does not modify either source.	compute-buffer	integer-value	GJ11GK11RD8M.mod2M.clmp1PJ2	GJ11@INST_LO[7:0]+INST_HI[2:0];GK11@INST_LO[15:8]+INST_HI[5:3];RD8@INST_LO[31:24];M.mod2@INST_HI[10:9];M.clmp1@INST_HI[11];PJ2@INST_HI[13:12]	00000000	1047c000	00000000	ffffc000	00000000	0fffc000	ff00ffff	00003e3f	00ff0000	000001c0	00000000	00000000	v_cmp_tru_u32 p0, s0, zero, v0
lg200	v_cmp_tru_u64	4	vop	vector-alu	Compares the two unsigned 64-bit integer operands with the always true predicate, and writes a per-lane mask (0xffff for true, zero for false) to the scalar destination. The comparison does not modify either source.	compute-buffer	integer-value	GJ11GK11x2RD8M.mod2M.clmp1PJ2	GJ11@INST_LO[7:0]+INST_HI[2:0];GK11x2@INST_LO[15:8]+INST_HI[5:3];RD8@INST_LO[31:24];M.mod2@INST_HI[10:9];M.clmp1@INST_HI[11];PJ2@INST_HI[13:12]	00000000	1057c000	00000000	ffffc000	00000000	0fffc000	ff00ffff	00003e3f	00ff0000	000001c0	00000000	00000000	v_cmp_tru_u64 p0, s0, zero, v0-v1
lg200	v_cmp_u_f16	4	vop	vector-alu	Compares the two 16-bit floating-point operands with the unordered predicate, and writes a per-lane mask (0xffff for true, zero for false) to the scalar destination. The comparison does not modify either source.	compute-buffer	floating-point-value	GJ11GK11RD8M.mod2M.clmp1PJ2	GJ11@INST_LO[7:0]+INST_HI[2:0];GK11@INST_LO[15:8]+INST_HI[5:3];RD8@INST_LO[31:24];M.mod2@INST_HI[10:9];M.clmp1@INST_HI[11];PJ2@INST_HI[13:12]	00000000	104a0000	00000000	ffffc000	00000000	0fffc000	ff00ffff	00003e3f	00ff0000	000001c0	00000000	00000000	v_cmp_u_f16 p0, s0, zero, v0
lg200	v_cmp_u_f32	4	vop	vector-alu	Compares the two 32-bit floating-point operands with the unordered predicate, and writes a per-lane mask (0xffff for true, zero for false) to the scalar destination. The comparison does not modify either source.	compute-buffer	floating-point-value	GJ11GK11RD8M.mod2M.clmp1PJ2	GJ11@INST_LO[7:0]+INST_HI[2:0];GK11@INST_LO[15:8]+INST_HI[5:3];RD8@INST_LO[31:24];M.mod2@INST_HI[10:9];M.clmp1@INST_HI[11];PJ2@INST_HI[13:12]	00000000	10420000	00000000	ffffc000	00000000	0fffc000	ff00ffff	00003e3f	00ff0000	000001c0	00000000	00000000	v_cmp_u_f32 p0, s0, zero, v0
lg200	v_cmp_u_f64	4	vop	vector-alu	Compares the two 64-bit floating-point operands with the unordered predicate, and writes a per-lane mask (0xffff for true, zero for false) to the scalar destination. The comparison does not modify either source.	compute-buffer	floating-point-value	GJ11GK11x2RD8M.mod2M.clmp1PJ2	GJ11@INST_LO[7:0]+INST_HI[2:0];GK11x2@INST_LO[15:8]+INST_HI[5:3];RD8@INST_LO[31:24];M.mod2@INST_HI[10:9];M.clmp1@INST_HI[11];PJ2@INST_HI[13:12]	00000000	10520000	00000000	ffffc000	00000000	0fffc000	ff00ffff	00003e3f	00ff0000	000001c0	00000000	00000000	v_cmp_u_f64 p0, s0, zero, v0-v1
lg200	v_cmpclass_f16	4	vop	vector-alu	Tests the 16-bit floating-point value source against the encoded floating-point class mask and writes the per-lane Boolean mask to the scalar destination. The source is not modified.	compute-buffer	floating-point-value	GJ11GK11RD8M.mod2M.clmp1PJ2	GJ11@INST_LO[7:0]+INST_HI[2:0];GK11@INST_LO[15:8]+INST_HI[5:3];RD8@INST_LO[31:24];M.mod2@INST_HI[10:9];M.clmp1@INST_HI[11];PJ2@INST_HI[13:12]	00000000	100f4000	00000000	ffffc000	00000000	0fffc000	ff00ffff	00003e3f	00ff0000	000001c0	00000000	00000000	v_cmpclass_f16 p0, s0, zero, v0
lg200	v_cmpclass_f32	4	vop	vector-alu	Tests the 32-bit floating-point value source against the encoded floating-point class mask and writes the per-lane Boolean mask to the scalar destination. The source is not modified.	compute-buffer	floating-point-value	GJ11GK11RD8M.mod2M.clmp1PJ2	GJ11@INST_LO[7:0]+INST_HI[2:0];GK11@INST_LO[15:8]+INST_HI[5:3];RD8@INST_LO[31:24];M.mod2@INST_HI[10:9];M.clmp1@INST_HI[11];PJ2@INST_HI[13:12]	00000000	100fc000	00000000	ffffc000	00000000	0fffc000	ff00ffff	00003e3f	00ff0000	000001c0	00000000	00000000	v_cmpclass_f32 p0, s0, zero, v0
lg200	v_cmpclass_f64	4	vop	vector-alu	Tests the 64-bit floating-point value source against the encoded floating-point class mask and writes the per-lane Boolean mask to the scalar destination. The source is not modified.	compute-buffer	floating-point-value	GJ11GK11RD8M.mod2M.clmp1PJ2	GJ11@INST_LO[7:0]+INST_HI[2:0];GK11@INST_LO[15:8]+INST_HI[5:3];RD8@INST_LO[31:24];M.mod2@INST_HI[10:9];M.clmp1@INST_HI[11];PJ2@INST_HI[13:12]	00000000	100f8000	00000000	ffffc000	00000000	0fffc000	ff00ffff	00003e3f	00ff0000	000001c0	00000000	00000000	v_cmpclass_f64 p0, s0, zero, v0
lg200	v_copysign_f32	4	vop	vector-alu	Combines the magnitude of the first source with the sign of the second source and writes the result to the vector destination. The predicate gates the lane write.	compute-buffer	floating-point-value	GJ11GK11VD8M.mod2M.clmp1PJ2	GJ11@INST_LO[7:0]+INST_HI[2:0];GK11@INST_LO[15:8]+INST_HI[5:3];VD8@INST_LO[31:24];M.mod2@INST_HI[10:9];M.clmp1@INST_HI[11];PJ2@INST_HI[13:12]	00000000	10100000	00000000	ffffc000	00000000	0fffc000	ff00ffff	00003e3f	00ff0000	000001c0	00000000	00000000	v_copysign_f32 p0, v0, zero, v0
lg200	v_copysign_imm_f32	5	vop-imm	vector-alu	Combines the magnitude of the first source with the sign of the second source and writes the result to the vector destination. The encoded immediate supplies the final arithmetic or logical source operand. The predicate gates the lane write.	compute-buffer	floating-point-value	IK32VJ8VD8PJ2	IK32@INST_LO[31:0];VJ8@INST_HI[7:0];VD8@INST_HI[15:8];PJ2@INST_HI[17:16]	00000000	00780000	00000000	affc0000	00000000	0ffc0000	ffffffff	0003ffff	00000000	00000000	00000000	50000000	v_copysign_imm_f32 p0, v0, v0, 0x00000000
lg200	v_cos_f32	4	vop	vector-alu	Computes the cosine of the 32-bit floating-point source and writes the result to the vector destination. The predicate gates the lane write.	compute-buffer	floating-point-value	GJ11VD8M.mod2M.clmp1PJ2	GJ11@INST_LO[7:0]+INST_HI[2:0];VD8@INST_LO[31:24];M.mod2@INST_HI[10:9];M.clmp1@INST_HI[11];PJ2@INST_HI[13:12]	00000000	10134000	00000000	ffffc000	00000000	0fffc000	ff0000ff	00003e07	00ffff00	000001f8	00000000	00000000	v_cos_f32 p0, v0, zero
lg200	v_cto_u32	4	vop	vector-alu	Counts trailing one bits in the unsigned 32-bit integer source and writes the result to the vector destination. The predicate gates the lane write.	compute-buffer	integer-value	GJ11VD8M.mod2M.clmp1PJ2	GJ11@INST_LO[7:0]+INST_HI[2:0];VD8@INST_LO[31:24];M.mod2@INST_HI[10:9];M.clmp1@INST_HI[11];PJ2@INST_HI[13:12]	00000000	100c4000	00000000	ffffc000	00000000	0fffc000	ff0000ff	00003e07	00ffff00	000001f8	00000000	00000000	v_cto_u32 p0, v0, zero
lg200	v_ctz_u32	4	vop	vector-alu	Counts trailing zero bits in the unsigned 32-bit integer source and writes the result to the vector destination. The predicate gates the lane write.	compute-buffer	integer-value	GJ11VD8M.mod2M.clmp1PJ2	GJ11@INST_LO[7:0]+INST_HI[2:0];VD8@INST_LO[31:24];M.mod2@INST_HI[10:9];M.clmp1@INST_HI[11];PJ2@INST_HI[13:12]	00000000	100c8000	00000000	ffffc000	00000000	0fffc000	ff0000ff	00003e07	00ffff00	000001f8	00000000	00000000	v_ctz_u32 p0, v0, zero
lg200	v_cubeface_f32	4	vop	vector-alu	Selects the cube-map face associated with the three-dimensional direction and writes the result to the vector destination. The predicate gates the lane write.	compute-buffer	floating-point-value	GJ11GK11GA11VD8M.mod2M.clmp1PJ2	GJ11@INST_LO[7:0]+INST_HI[2:0];GK11@INST_LO[15:8]+INST_HI[5:3];GA11@INST_LO[23:16]+INST_HI[8:6];VD8@INST_LO[31:24];M.mod2@INST_HI[10:9];M.clmp1@INST_HI[11];PJ2@INST_HI[13:12]	00000000	10178000	00000000	ffffc000	00000000	0fffc000	ffffffff	00003fff	00000000	00000000	00000000	00000000	v_cubeface_f32 p0, v0, zero, v0, s0
lg200	v_cubema_f32	4	vop	vector-alu	Computes the signed major-axis term for cube-map coordinate selection and writes the result to the vector destination. The predicate gates the lane write.	compute-buffer	floating-point-value	GJ11GK11GA11VD8M.mod2M.clmp1PJ2	GJ11@INST_LO[7:0]+INST_HI[2:0];GK11@INST_LO[15:8]+INST_HI[5:3];GA11@INST_LO[23:16]+INST_HI[8:6];VD8@INST_LO[31:24];M.mod2@INST_HI[10:9];M.clmp1@INST_HI[11];PJ2@INST_HI[13:12]	00000000	1017c000	00000000	ffffc000	00000000	0fffc000	ffffffff	00003fff	00000000	00000000	00000000	00000000	v_cubema_f32 p0, v0, zero, v0, s0
lg200	v_cubes_f32	4	vop	vector-alu	Computes the cube-map S coordinate from the direction vector and writes the result to the vector destination. The predicate gates the lane write.	compute-buffer	floating-point-value	GJ11GK11GA11VD8M.mod2M.clmp1PJ2	GJ11@INST_LO[7:0]+INST_HI[2:0];GK11@INST_LO[15:8]+INST_HI[5:3];GA11@INST_LO[23:16]+INST_HI[8:6];VD8@INST_LO[31:24];M.mod2@INST_HI[10:9];M.clmp1@INST_HI[11];PJ2@INST_HI[13:12]	00000000	10180000	00000000	ffffc000	00000000	0fffc000	ffffffff	00003fff	00000000	00000000	00000000	00000000	v_cubes_f32 p0, v0, zero, v0, s0
lg200	v_cubet_f32	4	vop	vector-alu	Computes the cube-map T coordinate from the direction vector and writes the result to the vector destination. The predicate gates the lane write.	compute-buffer	floating-point-value	GJ11GK11GA11VD8M.mod2M.clmp1PJ2	GJ11@INST_LO[7:0]+INST_HI[2:0];GK11@INST_LO[15:8]+INST_HI[5:3];GA11@INST_LO[23:16]+INST_HI[8:6];VD8@INST_LO[31:24];M.mod2@INST_HI[10:9];M.clmp1@INST_HI[11];PJ2@INST_HI[13:12]	00000000	10184000	00000000	ffffc000	00000000	0fffc000	ffffffff	00003fff	00000000	00000000	00000000	00000000	v_cubet_f32 p0, v0, zero, v0, s0
lg200	v_dp4a_i8_i8_i32	4	vop	vector-alu	Computes the dot product of four packed signed 8-bit integer and signed 8-bit integer elements, adds the signed 32-bit integer accumulator, and writes the low 32-bit result to the vector destination for each active lane.	compute-buffer	integer-value	GJ11GK11VD8M.mod2M.clmp1PJ2	GJ11@INST_LO[7:0]+INST_HI[2:0];GK11@INST_LO[15:8]+INST_HI[5:3];VD8@INST_LO[31:24];M.mod2@INST_HI[10:9];M.clmp1@INST_HI[11];PJ2@INST_HI[13:12]	00000000	1038c000	00000000	ffffc000	00000000	0fffc000	ff00ffff	00003e3f	00ff0000	000001c0	00000000	00000000	v_dp4a_i8_i8_i32 p0, v0, zero, v0
lg200	v_dp4a_i8_u8_i32	4	vop	vector-alu	Computes the dot product of four packed signed 8-bit integer and unsigned 8-bit integer elements, adds the signed 32-bit integer accumulator, and writes the low 32-bit result to the vector destination for each active lane.	compute-buffer	integer-value	GJ11GK11VD8M.mod2M.clmp1PJ2	GJ11@INST_LO[7:0]+INST_HI[2:0];GK11@INST_LO[15:8]+INST_HI[5:3];VD8@INST_LO[31:24];M.mod2@INST_HI[10:9];M.clmp1@INST_HI[11];PJ2@INST_HI[13:12]	00000000	10388000	00000000	ffffc000	00000000	0fffc000	ff00ffff	00003e3f	00ff0000	000001c0	00000000	00000000	v_dp4a_i8_u8_i32 p0, v0, zero, v0
lg200	v_dp4a_u8_i8_i32	4	vop	vector-alu	Computes the dot product of four packed unsigned 8-bit integer and signed 8-bit integer elements, adds the signed 32-bit integer accumulator, and writes the low 32-bit result to the vector destination for each active lane.	compute-buffer	integer-value	GJ11GK11VD8M.mod2M.clmp1PJ2	GJ11@INST_LO[7:0]+INST_HI[2:0];GK11@INST_LO[15:8]+INST_HI[5:3];VD8@INST_LO[31:24];M.mod2@INST_HI[10:9];M.clmp1@INST_HI[11];PJ2@INST_HI[13:12]	00000000	10384000	00000000	ffffc000	00000000	0fffc000	ff00ffff	00003e3f	00ff0000	000001c0	00000000	00000000	v_dp4a_u8_i8_i32 p0, v0, zero, v0
lg200	v_dp4a_u8_u8_i32	4	vop	vector-alu	Computes the dot product of four packed unsigned 8-bit integer and unsigned 8-bit integer elements, adds the signed 32-bit integer accumulator, and writes the low 32-bit result to the vector destination for each active lane.	compute-buffer	integer-value	GJ11GK11VD8M.mod2M.clmp1PJ2	GJ11@INST_LO[7:0]+INST_HI[2:0];GK11@INST_LO[15:8]+INST_HI[5:3];VD8@INST_LO[31:24];M.mod2@INST_HI[10:9];M.clmp1@INST_HI[11];PJ2@INST_HI[13:12]	00000000	10380000	00000000	ffffc000	00000000	0fffc000	ff00ffff	00003e3f	00ff0000	000001c0	00000000	00000000	v_dp4a_u8_u8_i32 p0, v0, zero, v0
lg200	v_emit2	4	vop	vector-alu	Emits geometry-stream vertex 2 from the current GS output state for each active lane. Primitive topology, stream selection, and completion are defined by the geometry-stage SIO ABI.	compute-buffer	graphics-sio	GK11GA11VJ8M.mod2M.clmp1PJ2	GK11@INST_LO[7:0]+INST_HI[2:0];GA11@INST_LO[15:8]+INST_HI[5:3];VJ8@INST_LO[31:24];M.mod2@INST_HI[10:9];M.clmp1@INST_HI[11];PJ2@INST_HI[13:12]	00000000	10198000	00000000	ffffc000	00000000	0fffc000	ff00ffff	00003e3f	00ff0000	000001c0	00000000	00000000	v_emit2 p0, v0, zero, v0
lg200	v_emit3	4	vop	vector-alu	Emits geometry-stream vertex 3 from the current GS output state for each active lane. Primitive topology, stream selection, and completion are defined by the geometry-stage SIO ABI.	compute-buffer	graphics-sio	GK11GA11VJ8M.mod2M.clmp1PJ2	GK11@INST_LO[7:0]+INST_HI[2:0];GA11@INST_LO[15:8]+INST_HI[5:3];VJ8@INST_LO[31:24];M.mod2@INST_HI[10:9];M.clmp1@INST_HI[11];PJ2@INST_HI[13:12]	00000000	10194000	00000000	ffffc000	00000000	0fffc000	ff00ffff	00003e3f	00ff0000	000001c0	00000000	00000000	v_emit3 p0, v0, zero, v0
lg200	v_exp2_f32	4	vop	vector-alu	Computes two raised to the 32-bit floating-point source value and writes the result to the vector destination. The predicate gates the lane write.	compute-buffer	floating-point-value	GJ11VD8M.mod2M.clmp1PJ2	GJ11@INST_LO[7:0]+INST_HI[2:0];VD8@INST_LO[31:24];M.mod2@INST_HI[10:9];M.clmp1@INST_HI[11];PJ2@INST_HI[13:12]	00000000	1013c000	00000000	ffffc000	00000000	0fffc000	ff0000ff	00003e07	00ffff00	000001f8	00000000	00000000	v_exp2_f32 p0, v0, zero
lg200	v_fcvt_f16_f32	4	vop	vector-alu	Converts the 32-bit floating-point value source to a 16-bit floating-point value and writes the result to the vector destination. Rounding and exceptional values follow the instruction floating-point policy.	compute-buffer	floating-point-value	GJ11VD8M.mod2M.clmp1PJ2	GJ11@INST_LO[7:0]+INST_HI[2:0];VD8@INST_LO[31:24];M.mod2@INST_HI[10:9];M.clmp1@INST_HI[11];PJ2@INST_HI[13:12]	00000000	10240000	00000000	ffffc000	00000000	0fffc000	ff0000ff	00003e07	00ffff00	000001f8	00000000	00000000	v_fcvt_f16_f32 p0, v0, zero
lg200	v_fcvt_f16_i16	4	vop	vector-alu	Converts the signed 16-bit integer source to a 16-bit floating-point value and writes the result to the vector destination. Rounding and exceptional values follow the instruction floating-point policy.	compute-buffer	floating-point-value	GJ11VD8M.mod2M.clmp1PJ2	GJ11@INST_LO[7:0]+INST_HI[2:0];VD8@INST_LO[31:24];M.mod2@INST_HI[10:9];M.clmp1@INST_HI[11];PJ2@INST_HI[13:12]	00000000	1022c000	00000000	ffffc000	00000000	0fffc000	ff0000ff	00003e07	00ffff00	000001f8	00000000	00000000	v_fcvt_f16_i16 p0, v0, zero
lg200	v_fcvt_f16_u16	4	vop	vector-alu	Converts the unsigned 16-bit integer source to a 16-bit floating-point value and writes the result to the vector destination. Rounding and exceptional values follow the instruction floating-point policy.	compute-buffer	floating-point-value	GJ11VD8M.mod2M.clmp1PJ2	GJ11@INST_LO[7:0]+INST_HI[2:0];VD8@INST_LO[31:24];M.mod2@INST_HI[10:9];M.clmp1@INST_HI[11];PJ2@INST_HI[13:12]	00000000	10230000	00000000	ffffc000	00000000	0fffc000	ff0000ff	00003e07	00ffff00	000001f8	00000000	00000000	v_fcvt_f16_u16 p0, v0, zero
lg200	v_fcvt_f32_f16	4	vop	vector-alu	Converts the 16-bit floating-point value source to a 32-bit floating-point value and writes the result to the vector destination. Rounding and exceptional values follow the instruction floating-point policy.	compute-buffer	floating-point-value	GJ11VD8M.mod2M.clmp1PJ2	GJ11@INST_LO[7:0]+INST_HI[2:0];VD8@INST_LO[31:24];M.mod2@INST_HI[10:9];M.clmp1@INST_HI[11];PJ2@INST_HI[13:12]	00000000	1023c000	00000000	ffffc000	00000000	0fffc000	ff0000ff	00003e07	00ffff00	000001f8	00000000	00000000	v_fcvt_f32_f16 p0, v0, zero
lg200	v_fcvt_f32_f64	4	vop	vector-alu	Converts the 64-bit floating-point value source to a 32-bit floating-point value and writes the result to the vector destination. Rounding and exceptional values follow the instruction floating-point policy.	compute-buffer	floating-point-value	GJ11VD8M.mod2M.clmp1PJ2	GJ11@INST_LO[7:0]+INST_HI[2:0];VD8@INST_LO[31:24];M.mod2@INST_HI[10:9];M.clmp1@INST_HI[11];PJ2@INST_HI[13:12]	00000000	10254000	00000000	ffffc000	00000000	0fffc000	ff0000ff	00003e07	00ffff00	000001f8	00000000	00000000	v_fcvt_f32_f64 p0, v0, zero
lg200	v_fcvt_f32_i32	4	vop	vector-alu	Converts the signed 32-bit integer source to a 32-bit floating-point value and writes the result to the vector destination. Rounding and exceptional values follow the instruction floating-point policy.	compute-buffer	floating-point-value	GJ11VD8M.mod2M.clmp1PJ2	GJ11@INST_LO[7:0]+INST_HI[2:0];VD8@INST_LO[31:24];M.mod2@INST_HI[10:9];M.clmp1@INST_HI[11];PJ2@INST_HI[13:12]	00000000	10200000	00000000	ffffc000	00000000	0fffc000	ff0000ff	00003e07	00ffff00	000001f8	00000000	00000000	v_fcvt_f32_i32 p0, v0, zero
lg200	v_fcvt_f32_u32	4	vop	vector-alu	Converts the unsigned 32-bit integer source to a 32-bit floating-point value and writes the result to the vector destination. Rounding and exceptional values follow the instruction floating-point policy.	compute-buffer	floating-point-value	GJ11VD8M.mod2M.clmp1PJ2	GJ11@INST_LO[7:0]+INST_HI[2:0];VD8@INST_LO[31:24];M.mod2@INST_HI[10:9];M.clmp1@INST_HI[11];PJ2@INST_HI[13:12]	00000000	10204000	00000000	ffffc000	00000000	0fffc000	ff0000ff	00003e07	00ffff00	000001f8	00000000	00000000	v_fcvt_f32_u32 p0, v0, zero
lg200	v_fcvt_f32_u80	4	vop	vector-alu	Converts byte 0 of the 32-bit source as an unsigned 8-bit integer to 32-bit floating point and writes the result to the vector destination. Rounding and exceptional values follow the instruction floating-point policy.	compute-buffer	floating-point-value	GJ11VD8M.mod2M.clmp1PJ2	GJ11@INST_LO[7:0]+INST_HI[2:0];VD8@INST_LO[31:24];M.mod2@INST_HI[10:9];M.clmp1@INST_HI[11];PJ2@INST_HI[13:12]	00000000	10210000	00000000	ffffc000	00000000	0fffc000	ff0000ff	00003e07	00ffff00	000001f8	00000000	00000000	v_fcvt_f32_u80 p0, v0, zero
lg200	v_fcvt_f32_u81	4	vop	vector-alu	Converts byte 1 of the 32-bit source as an unsigned 8-bit integer to 32-bit floating point and writes the result to the vector destination. Rounding and exceptional values follow the instruction floating-point policy.	compute-buffer	floating-point-value	GJ11VD8M.mod2M.clmp1PJ2	GJ11@INST_LO[7:0]+INST_HI[2:0];VD8@INST_LO[31:24];M.mod2@INST_HI[10:9];M.clmp1@INST_HI[11];PJ2@INST_HI[13:12]	00000000	10214000	00000000	ffffc000	00000000	0fffc000	ff0000ff	00003e07	00ffff00	000001f8	00000000	00000000	v_fcvt_f32_u81 p0, v0, zero
lg200	v_fcvt_f32_u82	4	vop	vector-alu	Converts byte 2 of the 32-bit source as an unsigned 8-bit integer to 32-bit floating point and writes the result to the vector destination. Rounding and exceptional values follow the instruction floating-point policy.	compute-buffer	floating-point-value	GJ11VD8M.mod2M.clmp1PJ2	GJ11@INST_LO[7:0]+INST_HI[2:0];VD8@INST_LO[31:24];M.mod2@INST_HI[10:9];M.clmp1@INST_HI[11];PJ2@INST_HI[13:12]	00000000	10218000	00000000	ffffc000	00000000	0fffc000	ff0000ff	00003e07	00ffff00	000001f8	00000000	00000000	v_fcvt_f32_u82 p0, v0, zero
lg200	v_fcvt_f32_u83	4	vop	vector-alu	Converts byte 3 of the 32-bit source as an unsigned 8-bit integer to 32-bit floating point and writes the result to the vector destination. Rounding and exceptional values follow the instruction floating-point policy.	compute-buffer	floating-point-value	GJ11VD8M.mod2M.clmp1PJ2	GJ11@INST_LO[7:0]+INST_HI[2:0];VD8@INST_LO[31:24];M.mod2@INST_HI[10:9];M.clmp1@INST_HI[11];PJ2@INST_HI[13:12]	00000000	1021c000	00000000	ffffc000	00000000	0fffc000	ff0000ff	00003e07	00ffff00	000001f8	00000000	00000000	v_fcvt_f32_u83 p0, v0, zero
lg200	v_fcvt_f32off_i4	4	vop	vector-alu	Sign-extends the low 4 bits of the source, scales by 2^-4 (the format offset), converts to 32-bit floating point and writes the result to the vector destination. [HW-verified 2026-08-25] the upper 28 bits are ignored. Rounding and exceptional values follow the instruction floating-point policy.	compute-buffer	floating-point-value	GJ11VD8M.mod2M.clmp1PJ2	GJ11@INST_LO[7:0]+INST_HI[2:0];VD8@INST_LO[31:24];M.mod2@INST_HI[10:9];M.clmp1@INST_HI[11];PJ2@INST_HI[13:12]	00000000	10228000	00000000	ffffc000	00000000	0fffc000	ff0000ff	00003e07	00ffff00	000001f8	00000000	00000000	v_fcvt_f32off_i4 p0, v0, zero
lg200	v_fcvt_f64_f32	4	vop	vector-alu	Converts the 32-bit floating-point value source to a 64-bit floating-point value and writes the result to the vector destination. Rounding and exceptional values follow the instruction floating-point policy.	compute-buffer	floating-point-value	GJ11VD8x2M.mod2M.clmp1PJ2	GJ11@INST_LO[7:0]+INST_HI[2:0];VD8x2@INST_LO[31:24];M.mod2@INST_HI[10:9];M.clmp1@INST_HI[11];PJ2@INST_HI[13:12]	00000000	10258000	00000000	ffffc000	00000000	0fffc000	ff0000ff	00003e07	00ffff00	000001f8	00000000	00000000	v_fcvt_f64_f32 p0, v0-v1, zero
lg200	v_fcvt_f64_i32	4	vop	vector-alu	Converts the signed 32-bit integer source to a 64-bit floating-point value and writes the result to the vector destination. Rounding and exceptional values follow the instruction floating-point policy.	compute-buffer	floating-point-value	GJ11VD8x2M.mod2M.clmp1PJ2	GJ11@INST_LO[7:0]+INST_HI[2:0];VD8x2@INST_LO[31:24];M.mod2@INST_HI[10:9];M.clmp1@INST_HI[11];PJ2@INST_HI[13:12]	00000000	10244000	00000000	ffffc000	00000000	0fffc000	ff0000ff	00003e07	00ffff00	000001f8	00000000	00000000	v_fcvt_f64_i32 p0, v0-v1, zero
lg200	v_fcvt_f64_u32	4	vop	vector-alu	Converts the unsigned 32-bit integer source to a 64-bit floating-point value and writes the result to the vector destination. Rounding and exceptional values follow the instruction floating-point policy.	compute-buffer	floating-point-value	GJ11VD8x2M.mod2M.clmp1PJ2	GJ11@INST_LO[7:0]+INST_HI[2:0];VD8x2@INST_LO[31:24];M.mod2@INST_HI[10:9];M.clmp1@INST_HI[11];PJ2@INST_HI[13:12]	00000000	10248000	00000000	ffffc000	00000000	0fffc000	ff0000ff	00003e07	00ffff00	000001f8	00000000	00000000	v_fcvt_f64_u32 p0, v0-v1, zero
lg200	v_fcvt_i16_f16	4	vop	vector-alu	Converts the 16-bit floating-point value source to a signed 16-bit integer and writes the result to the vector destination. Rounding and exceptional values follow the instruction floating-point policy.	compute-buffer	floating-point-value	GJ11VD8M.mod2M.clmp1PJ2	GJ11@INST_LO[7:0]+INST_HI[2:0];VD8@INST_LO[31:24];M.mod2@INST_HI[10:9];M.clmp1@INST_HI[11];PJ2@INST_HI[13:12]	00000000	10238000	00000000	ffffc000	00000000	0fffc000	ff0000ff	00003e07	00ffff00	000001f8	00000000	00000000	v_fcvt_i16_f16 p0, v0, zero
lg200	v_fcvt_i32_f32	4	vop	vector-alu	Converts the 32-bit floating-point value source to a signed 32-bit integer and writes the result to the vector destination. Rounding and exceptional values follow the instruction floating-point policy.	compute-buffer	floating-point-value	GJ11VD8M.mod2M.clmp1PJ2	GJ11@INST_LO[7:0]+INST_HI[2:0];VD8@INST_LO[31:24];M.mod2@INST_HI[10:9];M.clmp1@INST_HI[11];PJ2@INST_HI[13:12]	00000000	1020c000	00000000	ffffc000	00000000	0fffc000	ff0000ff	00003e07	00ffff00	000001f8	00000000	00000000	v_fcvt_i32_f32 p0, v0, zero
lg200	v_fcvt_i32_f64	4	vop	vector-alu	Converts the 64-bit floating-point value source to a signed 32-bit integer and writes the result to the vector destination. Rounding and exceptional values follow the instruction floating-point policy.	compute-buffer	floating-point-value	GJ11VD8M.mod2M.clmp1PJ2	GJ11@INST_LO[7:0]+INST_HI[2:0];VD8@INST_LO[31:24];M.mod2@INST_HI[10:9];M.clmp1@INST_HI[11];PJ2@INST_HI[13:12]	00000000	1024c000	00000000	ffffc000	00000000	0fffc000	ff0000ff	00003e07	00ffff00	000001f8	00000000	00000000	v_fcvt_i32_f64 p0, v0, zero
lg200	v_fcvt_i32flr_f32	4	vop	vector-alu	Converts the 32-bit floating-point source to signed 32-bit integer with floor rounding and writes the result to the vector destination. Rounding and exceptional values follow the instruction floating-point policy.	compute-buffer	floating-point-value	GJ11VD8M.mod2M.clmp1PJ2	GJ11@INST_LO[7:0]+INST_HI[2:0];VD8@INST_LO[31:24];M.mod2@INST_HI[10:9];M.clmp1@INST_HI[11];PJ2@INST_HI[13:12]	00000000	10224000	00000000	ffffc000	00000000	0fffc000	ff0000ff	00003e07	00ffff00	000001f8	00000000	00000000	v_fcvt_i32flr_f32 p0, v0, zero
lg200	v_fcvt_i32rpi_f32	4	vop	vector-alu	Converts the 32-bit floating-point source to signed 32-bit integer with round-toward-positive-infinity and writes the result to the vector destination. Rounding and exceptional values follow the instruction floating-point policy.	compute-buffer	floating-point-value	GJ11VD8M.mod2M.clmp1PJ2	GJ11@INST_LO[7:0]+INST_HI[2:0];VD8@INST_LO[31:24];M.mod2@INST_HI[10:9];M.clmp1@INST_HI[11];PJ2@INST_HI[13:12]	00000000	10220000	00000000	ffffc000	00000000	0fffc000	ff0000ff	00003e07	00ffff00	000001f8	00000000	00000000	v_fcvt_i32rpi_f32 p0, v0, zero
lg200	v_fcvt_u16_f16	4	vop	vector-alu	Converts the 16-bit floating-point value source to an unsigned 16-bit integer and writes the result to the vector destination. Rounding and exceptional values follow the instruction floating-point policy.	compute-buffer	floating-point-value	GJ11VD8M.mod2M.clmp1PJ2	GJ11@INST_LO[7:0]+INST_HI[2:0];VD8@INST_LO[31:24];M.mod2@INST_HI[10:9];M.clmp1@INST_HI[11];PJ2@INST_HI[13:12]	00000000	10234000	00000000	ffffc000	00000000	0fffc000	ff0000ff	00003e07	00ffff00	000001f8	00000000	00000000	v_fcvt_u16_f16 p0, v0, zero
lg200	v_fcvt_u32_f32	4	vop	vector-alu	Converts the 32-bit floating-point value source to an unsigned 32-bit integer and writes the result to the vector destination. Rounding and exceptional values follow the instruction floating-point policy.	compute-buffer	floating-point-value	GJ11VD8M.mod2M.clmp1PJ2	GJ11@INST_LO[7:0]+INST_HI[2:0];VD8@INST_LO[31:24];M.mod2@INST_HI[10:9];M.clmp1@INST_HI[11];PJ2@INST_HI[13:12]	00000000	10208000	00000000	ffffc000	00000000	0fffc000	ff0000ff	00003e07	00ffff00	000001f8	00000000	00000000	v_fcvt_u32_f32 p0, v0, zero
lg200	v_fcvt_u32_f64	4	vop	vector-alu	Converts the 64-bit floating-point value source to an unsigned 32-bit integer and writes the result to the vector destination. Rounding and exceptional values follow the instruction floating-point policy.	compute-buffer	floating-point-value	GJ11VD8M.mod2M.clmp1PJ2	GJ11@INST_LO[7:0]+INST_HI[2:0];VD8@INST_LO[31:24];M.mod2@INST_HI[10:9];M.clmp1@INST_HI[11];PJ2@INST_HI[13:12]	00000000	10250000	00000000	ffffc000	00000000	0fffc000	ff0000ff	00003e07	00ffff00	000001f8	00000000	00000000	v_fcvt_u32_f64 p0, v0, zero
lg200	v_firstv2s_b32	4	vop	vector-alu	Selects the first active lane, copies its 32-bit vector source value to the scalar destination, and leaves inactive lanes without a scalar write.	compute-buffer	execution-environment	GJ11RD8M.mod2M.clmp1PJ2	GJ11@INST_LO[7:0]+INST_HI[2:0];RD8@INST_LO[31:24];M.mod2@INST_HI[10:9];M.clmp1@INST_HI[11];PJ2@INST_HI[13:12]	00000000	100ec000	00000000	ffffc000	00000000	0fffc000	ff0000ff	00003e07	00ffff00	000001f8	00000000	00000000	v_firstv2s_b32 p0, s0, zero
lg200	v_floor_f32	4	vop	vector-alu	Rounds the 32-bit floating-point source toward negative infinity to an integral value and writes the result to the vector destination. The predicate gates the lane write.	compute-buffer	floating-point-value	GJ11VD8M.mod2M.clmp1PJ2	GJ11@INST_LO[7:0]+INST_HI[2:0];VD8@INST_LO[31:24];M.mod2@INST_HI[10:9];M.clmp1@INST_HI[11];PJ2@INST_HI[13:12]	00000000	10160000	00000000	ffffc000	00000000	0fffc000	ff0000ff	00003e07	00ffff00	000001f8	00000000	00000000	v_floor_f32 p0, v0, zero
lg200	v_floor_f64	4	vop	vector-alu	Rounds the 64-bit floating-point source toward negative infinity to an integral value and writes the result to the vector destination. The predicate gates the lane write.	compute-buffer	floating-point-value	GJ11VD8x2M.mod2M.clmp1PJ2	GJ11@INST_LO[7:0]+INST_HI[2:0];VD8x2@INST_LO[31:24];M.mod2@INST_HI[10:9];M.clmp1@INST_HI[11];PJ2@INST_HI[13:12]	00000000	10630000	00000000	ffffc000	00000000	0fffc000	ff0000ff	00003e07	00ffff00	000001f8	00000000	00000000	v_floor_f64 p0, v0-v1, zero
lg200	v_fma_f32	4	vop	vector-alu	Computes a fused multiply-add of the three sources with one final rounding and writes the result to the vector destination. The predicate gates the lane write.	compute-buffer	floating-point-value	GJ11GK11GA11VD8M.mod2M.clmp1PJ2	GJ11@INST_LO[7:0]+INST_HI[2:0];GK11@INST_LO[15:8]+INST_HI[5:3];GA11@INST_LO[23:16]+INST_HI[8:6];VD8@INST_LO[31:24];M.mod2@INST_HI[10:9];M.clmp1@INST_HI[11];PJ2@INST_HI[13:12]	00000000	10188000	00000000	ffffc000	00000000	0fffc000	ffffffff	00003fff	00000000	00000000	00000000	00000000	v_fma_f32 p0, v0, zero, v0, s0
lg200	v_fma_f64	4	vop	vector-alu	Computes a fused multiply-add of the three sources with one final rounding and writes the result to the vector destination. The predicate gates the lane write.	compute-buffer	floating-point-value	GJ11GK11x2GA11x2VD8x2M.mod2M.clmp1PJ2	GJ11@INST_LO[7:0]+INST_HI[2:0];GK11x2@INST_LO[15:8]+INST_HI[5:3];GA11x2@INST_LO[23:16]+INST_HI[8:6];VD8x2@INST_LO[31:24];M.mod2@INST_HI[10:9];M.clmp1@INST_HI[11];PJ2@INST_HI[13:12]	00000000	10608000	00000000	ffffc000	00000000	0fffc000	ffffffff	00003fff	00000000	00000000	00000000	00000000	v_fma_f64 p0, v0-v1, zero, v0-v1, s0-s1
lg200	v_fma_legacy_f32	4	vop	vector-alu	Computes the legacy fused multiply-add form of the three sources and writes the result to the vector destination. The predicate gates the lane write.	compute-buffer	floating-point-value	GJ11GK11GA11VD8M.mod2M.clmp1PJ2	GJ11@INST_LO[7:0]+INST_HI[2:0];GK11@INST_LO[15:8]+INST_HI[5:3];GA11@INST_LO[23:16]+INST_HI[8:6];VD8@INST_LO[31:24];M.mod2@INST_HI[10:9];M.clmp1@INST_HI[11];PJ2@INST_HI[13:12]	00000000	10174000	00000000	ffffc000	00000000	0fffc000	ffffffff	00003fff	00000000	00000000	00000000	00000000	v_fma_legacy_f32 p0, v0, zero, v0, s0
lg200	v_fract_f32	4	vop	vector-alu	Computes the fractional part of the 32-bit floating-point source as source minus floor(source) and writes the result to the vector destination. The predicate gates the lane write.	compute-buffer	floating-point-value	GJ11VD8M.mod2M.clmp1PJ2	GJ11@INST_LO[7:0]+INST_HI[2:0];VD8@INST_LO[31:24];M.mod2@INST_HI[10:9];M.clmp1@INST_HI[11];PJ2@INST_HI[13:12]	00000000	1015c000	00000000	ffffc000	00000000	0fffc000	ff0000ff	00003e07	00ffff00	000001f8	00000000	00000000	v_fract_f32 p0, v0, zero
lg200	v_fract_f64	4	vop	vector-alu	Computes the fractional part of the 64-bit floating-point source as source minus floor(source) and writes the result to the vector destination. The predicate gates the lane write.	compute-buffer	floating-point-value	GJ11VD8x2M.mod2M.clmp1PJ2	GJ11@INST_LO[7:0]+INST_HI[2:0];VD8x2@INST_LO[31:24];M.mod2@INST_HI[10:9];M.clmp1@INST_HI[11];PJ2@INST_HI[13:12]	00000000	1062c000	00000000	ffffc000	00000000	0fffc000	ff0000ff	00003e07	00ffff00	000001f8	00000000	00000000	v_fract_f64 p0, v0-v1, zero
lg200	v_frexp_exp_i32_f32	4	vop	vector-alu	Extracts the unbiased exponent from the 32-bit floating-point value source and writes it as a signed 32-bit integer to the vector destination for each active lane.	compute-buffer	floating-point-value	GJ11VD8M.mod2M.clmp1PJ2	GJ11@INST_LO[7:0]+INST_HI[2:0];VD8@INST_LO[31:24];M.mod2@INST_HI[10:9];M.clmp1@INST_HI[11];PJ2@INST_HI[13:12]	00000000	1014c000	00000000	ffffc000	00000000	0fffc000	ff0000ff	00003e07	00ffff00	000001f8	00000000	00000000	v_frexp_exp_i32_f32 p0, v0, zero
lg200	v_frexp_exp_i32_f64	4	vop	vector-alu	Extracts the unbiased exponent from the 64-bit floating-point value source and writes it as a signed 32-bit integer to the vector destination for each active lane.	compute-buffer	floating-point-value	GJ11VD8M.mod2M.clmp1PJ2	GJ11@INST_LO[7:0]+INST_HI[2:0];VD8@INST_LO[31:24];M.mod2@INST_HI[10:9];M.clmp1@INST_HI[11];PJ2@INST_HI[13:12]	00000000	10618000	00000000	ffffc000	00000000	0fffc000	ff0000ff	00003e07	00ffff00	000001f8	00000000	00000000	v_frexp_exp_i32_f64 p0, v0, zero
lg200	v_frexp_mant_f32	4	vop	vector-alu	Extracts the normalized mantissa from the 32-bit floating-point value source and writes it to the vector destination for each active lane.	compute-buffer	floating-point-value	GJ11VD8M.mod2M.clmp1PJ2	GJ11@INST_LO[7:0]+INST_HI[2:0];VD8@INST_LO[31:24];M.mod2@INST_HI[10:9];M.clmp1@INST_HI[11];PJ2@INST_HI[13:12]	00000000	10148000	00000000	ffffc000	00000000	0fffc000	ff0000ff	00003e07	00ffff00	000001f8	00000000	00000000	v_frexp_mant_f32 p0, v0, zero
lg200	v_frexp_mant_f64	4	vop	vector-alu	Extracts the normalized mantissa from the 64-bit floating-point value source and writes it to the vector destination for each active lane.	compute-buffer	floating-point-value	GJ11VD8x2M.mod2M.clmp1PJ2	GJ11@INST_LO[7:0]+INST_HI[2:0];VD8x2@INST_LO[31:24];M.mod2@INST_HI[10:9];M.clmp1@INST_HI[11];PJ2@INST_HI[13:12]	00000000	1061c000	00000000	ffffc000	00000000	0fffc000	ff0000ff	00003e07	00ffff00	000001f8	00000000	00000000	v_frexp_mant_f64 p0, v0-v1, zero
lg200	v_ineg_i32	4	vop	vector-alu	Computes the two's-complement negation of the signed 32-bit integer source and writes the result to the vector destination. The predicate gates the lane write.	compute-buffer	integer-value	GJ11VD8M.mod2M.clmp1PJ2	GJ11@INST_LO[7:0]+INST_HI[2:0];VD8@INST_LO[31:24];M.mod2@INST_HI[10:9];M.clmp1@INST_HI[11];PJ2@INST_HI[13:12]	00000000	10024000	00000000	ffffc000	00000000	0fffc000	ff0000ff	00003e07	00ffff00	000001f8	00000000	00000000	v_ineg_i32 p0, v0, zero
lg200	v_interp_1_f32	4	vop	interpolation	Performs the first 32-bit floating-point interpolation phase for an active fragment lane and writes the intermediate value to the vector destination. Barycentric coefficients and varying storage are supplied by the fragment-stage ABI.	graphics-vs-ps	graphics-sio	GJ11GK11VD8M.mod2M.clmp1PJ2	GJ11@INST_LO[7:0]+INST_HI[2:0];GK11@INST_LO[15:8]+INST_HI[5:3];VD8@INST_LO[31:24];M.mod2@INST_HI[10:9];M.clmp1@INST_HI[11];PJ2@INST_HI[13:12]	00000000	10154000	00000000	ffffc000	00000000	0fffc000	ff00ffff	00003e3f	00ff0000	000001c0	00000000	00000000	v_interp_1_f32 p0, v0, zero, v0
lg200	v_interp_2_f32	4	vop	interpolation	Completes the second 32-bit floating-point interpolation phase for an active fragment lane and writes the interpolated varying to the vector destination. The intermediate and barycentric state are supplied by the fragment-stage ABI.	graphics-vs-ps	graphics-sio	GJ11GK11VD8M.mod2M.clmp1PJ2	GJ11@INST_LO[7:0]+INST_HI[2:0];GK11@INST_LO[15:8]+INST_HI[5:3];VD8@INST_LO[31:24];M.mod2@INST_HI[10:9];M.clmp1@INST_HI[11];PJ2@INST_HI[13:12]	00000000	10158000	00000000	ffffc000	00000000	0fffc000	ff00ffff	00003e3f	00ff0000	000001c0	00000000	00000000	v_interp_2_f32 p0, v0, zero, v0
lg200	v_interp_mov_b32	4	vop	interpolation	Copies the selected 32-bit interpolation payload value to the active fragment lane's vector destination. Varying slot selection and payload layout are supplied by the fragment-stage ABI.	graphics-vs-ps	graphics-sio	GJ11GK11VD8M.mod2M.clmp1PJ2	GJ11@INST_LO[7:0]+INST_HI[2:0];GK11@INST_LO[15:8]+INST_HI[5:3];VD8@INST_LO[31:24];M.mod2@INST_HI[10:9];M.clmp1@INST_HI[11];PJ2@INST_HI[13:12]	00000000	1018c000	00000000	ffffc000	00000000	0fffc000	ff00ffff	00003e3f	00ff0000	000001c0	00000000	00000000	v_interp_mov_b32 p0, v0, zero, v0
lg200	v_ldexp_f32	4	vop	vector-alu	Scales the floating-point significand by two raised to the integer exponent and writes the result to the vector destination. The predicate gates the lane write.	compute-buffer	floating-point-value	GJ11GK11VD8M.mod2M.clmp1PJ2	GJ11@INST_LO[7:0]+INST_HI[2:0];GK11@INST_LO[15:8]+INST_HI[5:3];VD8@INST_LO[31:24];M.mod2@INST_HI[10:9];M.clmp1@INST_HI[11];PJ2@INST_HI[13:12]	00000000	10144000	00000000	ffffc000	00000000	0fffc000	ff00ffff	00003e3f	00ff0000	000001c0	00000000	00000000	v_ldexp_f32 p0, v0, zero, v0
lg200	v_ldexp_f64	4	vop	vector-alu	Scales the floating-point significand by two raised to the integer exponent and writes the result to the vector destination. The predicate gates the lane write.	compute-buffer	floating-point-value	GJ11GK11VD8x2M.mod2M.clmp1PJ2	GJ11@INST_LO[7:0]+INST_HI[2:0];GK11@INST_LO[15:8]+INST_HI[5:3];VD8x2@INST_LO[31:24];M.mod2@INST_HI[10:9];M.clmp1@INST_HI[11];PJ2@INST_HI[13:12]	00000000	10614000	00000000	ffffc000	00000000	0fffc000	ff00ffff	00003e3f	00ff0000	000001c0	00000000	00000000	v_ldexp_f64 p0, v0-v1, zero, v0
lg200	v_ldexp_imm_f32	5	vop-imm	vector-alu	Scales the floating-point significand by two raised to the integer exponent and writes the result to the vector destination. The encoded immediate supplies the final arithmetic or logical source operand. The predicate gates the lane write.	compute-buffer	floating-point-value	IK32VJ8VD8PJ2	IK32@INST_LO[31:0];VJ8@INST_HI[7:0];VD8@INST_HI[15:8];PJ2@INST_HI[17:16]	00000000	009c0000	00000000	affc0000	00000000	0ffc0000	ffffffff	0003ffff	00000000	00000000	00000000	50000000	v_ldexp_imm_f32 p0, v0, v0, 0x00000000
lg200	v_log2_f32	4	vop	vector-alu	Computes the base-two logarithm of the 32-bit floating-point source and writes the result to the vector destination. The predicate gates the lane write.	compute-buffer	floating-point-value	GJ11VD8M.mod2M.clmp1PJ2	GJ11@INST_LO[7:0]+INST_HI[2:0];VD8@INST_LO[31:24];M.mod2@INST_HI[10:9];M.clmp1@INST_HI[11];PJ2@INST_HI[13:12]	00000000	10138000	00000000	ffffc000	00000000	0fffc000	ff0000ff	00003e07	00ffff00	000001f8	00000000	00000000	v_log2_f32 p0, v0, zero
lg200	v_mac_f32	4	vop	vector-alu	Multiplies the two 32-bit floating-point sources and adds the current destination accumulator and writes the result to the vector destination. The predicate gates the lane write.	compute-buffer	floating-point-value	GJ11GK11VD8M.mod2M.clmp1PJ2	GJ11@INST_LO[7:0]+INST_HI[2:0];GK11@INST_LO[15:8]+INST_HI[5:3];VD8@INST_LO[31:24];M.mod2@INST_HI[10:9];M.clmp1@INST_HI[11];PJ2@INST_HI[13:12]	00000000	10114000	00000000	ffffc000	00000000	0fffc000	ff00ffff	00003e3f	00ff0000	000001c0	00000000	00000000	v_mac_f32 p0, v0, zero, v0
lg200	v_mac_imm_f32	5	vop-imm	vector-alu	Multiplies the two 32-bit floating-point sources and adds the current destination accumulator and writes the result to the vector destination. The encoded immediate supplies the final arithmetic or logical source operand. The predicate gates the lane write.	compute-buffer	floating-point-value	IK32VJ8VD8PJ2	IK32@INST_LO[31:0];VJ8@INST_HI[7:0];VD8@INST_HI[15:8];PJ2@INST_HI[17:16]	00000000	008c0000	00000000	affc0000	00000000	0ffc0000	ffffffff	0003ffff	00000000	00000000	00000000	50000000	v_mac_imm_f32 p0, v0, v0, 0x00000000
lg200	v_mad24_i32	4	vop	vector-alu	Multiplies the low 24-bit signed 32-bit integer source values and adds the third source and writes the result to the vector destination. The predicate gates the lane write.	compute-buffer	integer-value	GJ11GK11GA11VD8M.mod2M.clmp1PJ2	GJ11@INST_LO[7:0]+INST_HI[2:0];GK11@INST_LO[15:8]+INST_HI[5:3];GA11@INST_LO[23:16]+INST_HI[8:6];VD8@INST_LO[31:24];M.mod2@INST_HI[10:9];M.clmp1@INST_HI[11];PJ2@INST_HI[13:12]	00000000	1006c000	00000000	ffffc000	00000000	0fffc000	ffffffff	00003fff	00000000	00000000	00000000	00000000	v_mad24_i32 p0, v0, zero, v0, s0
lg200	v_mad24_u32	4	vop	vector-alu	Multiplies the low 24-bit unsigned 32-bit integer source values and adds the third source and writes the result to the vector destination. The predicate gates the lane write.	compute-buffer	integer-value	GJ11GK11GA11VD8M.mod2M.clmp1PJ2	GJ11@INST_LO[7:0]+INST_HI[2:0];GK11@INST_LO[15:8]+INST_HI[5:3];GA11@INST_LO[23:16]+INST_HI[8:6];VD8@INST_LO[31:24];M.mod2@INST_HI[10:9];M.clmp1@INST_HI[11];PJ2@INST_HI[13:12]	00000000	10068000	00000000	ffffc000	00000000	0fffc000	ffffffff	00003fff	00000000	00000000	00000000	00000000	v_mad24_u32 p0, v0, zero, v0, s0
lg200	v_mad_i32	4	vop	vector-alu	Multiplies the first two integer sources and adds the third source and writes the result to the vector destination. The predicate gates the lane write.	compute-buffer	integer-value	GJ11GK11GA11VD8M.mod2M.clmp1PJ2	GJ11@INST_LO[7:0]+INST_HI[2:0];GK11@INST_LO[15:8]+INST_HI[5:3];GA11@INST_LO[23:16]+INST_HI[8:6];VD8@INST_LO[31:24];M.mod2@INST_HI[10:9];M.clmp1@INST_HI[11];PJ2@INST_HI[13:12]	00000000	10074000	00000000	ffffc000	00000000	0fffc000	ffffffff	00003fff	00000000	00000000	00000000	00000000	v_mad_i32 p0, v0, zero, v0, s0
lg200	v_mad_u32	4	vop	vector-alu	Multiplies the first two integer sources and adds the third source and writes the result to the vector destination. The predicate gates the lane write.	compute-buffer	integer-value	GJ11GK11GA11VD8M.mod2M.clmp1PJ2	GJ11@INST_LO[7:0]+INST_HI[2:0];GK11@INST_LO[15:8]+INST_HI[5:3];GA11@INST_LO[23:16]+INST_HI[8:6];VD8@INST_LO[31:24];M.mod2@INST_HI[10:9];M.clmp1@INST_HI[11];PJ2@INST_HI[13:12]	00000000	10070000	00000000	ffffc000	00000000	0fffc000	ffffffff	00003fff	00000000	00000000	00000000	00000000	v_mad_u32 p0, v0, zero, v0, s0
lg200	v_max3_f32	4	vop	vector-alu	Selects the greatest of the three sources and writes the result to the vector destination. The predicate gates the lane write.	compute-buffer	floating-point-value	GJ11GK11GA11VD8M.mod2M.clmp1PJ2	GJ11@INST_LO[7:0]+INST_HI[2:0];GK11@INST_LO[15:8]+INST_HI[5:3];GA11@INST_LO[23:16]+INST_HI[8:6];VD8@INST_LO[31:24];M.mod2@INST_HI[10:9];M.clmp1@INST_HI[11];PJ2@INST_HI[13:12]	00000000	1028c000	00000000	ffffc000	00000000	0fffc000	ffffffff	00003fff	00000000	00000000	00000000	00000000	v_max3_f32 p0, v0, zero, v0, s0
lg200	v_max3_i32	4	vop	vector-alu	Selects the greatest of the three sources and writes the result to the vector destination. The predicate gates the lane write.	compute-buffer	integer-value	GJ11GK11GA11VD8M.mod2M.clmp1PJ2	GJ11@INST_LO[7:0]+INST_HI[2:0];GK11@INST_LO[15:8]+INST_HI[5:3];GA11@INST_LO[23:16]+INST_HI[8:6];VD8@INST_LO[31:24];M.mod2@INST_HI[10:9];M.clmp1@INST_HI[11];PJ2@INST_HI[13:12]	00000000	10290000	00000000	ffffc000	00000000	0fffc000	ffffffff	00003fff	00000000	00000000	00000000	00000000	v_max3_i32 p0, v0, zero, v0, s0
lg200	v_max3_u32	4	vop	vector-alu	Selects the greatest of the three sources and writes the result to the vector destination. The predicate gates the lane write.	compute-buffer	integer-value	GJ11GK11GA11VD8M.mod2M.clmp1PJ2	GJ11@INST_LO[7:0]+INST_HI[2:0];GK11@INST_LO[15:8]+INST_HI[5:3];GA11@INST_LO[23:16]+INST_HI[8:6];VD8@INST_LO[31:24];M.mod2@INST_HI[10:9];M.clmp1@INST_HI[11];PJ2@INST_HI[13:12]	00000000	10294000	00000000	ffffc000	00000000	0fffc000	ffffffff	00003fff	00000000	00000000	00000000	00000000	v_max3_u32 p0, v0, zero, v0, s0
lg200	v_max_f32	4	vop	vector-alu	Selects the greater of the two 32-bit floating-point sources and writes the result to the vector destination. The predicate gates the lane write.	compute-buffer	floating-point-value	GJ11GK11VD8M.mod2M.clmp1PJ2	GJ11@INST_LO[7:0]+INST_HI[2:0];GK11@INST_LO[15:8]+INST_HI[5:3];VD8@INST_LO[31:24];M.mod2@INST_HI[10:9];M.clmp1@INST_HI[11];PJ2@INST_HI[13:12]	00000000	10120000	00000000	ffffc000	00000000	0fffc000	ff00ffff	00003e3f	00ff0000	000001c0	00000000	00000000	v_max_f32 p0, v0, zero, v0
lg200	v_max_f64	4	vop	vector-alu	Selects the greater of the two 64-bit floating-point sources and writes the result to the vector destination. The predicate gates the lane write.	compute-buffer	floating-point-value	GJ11GK11x2VD8x2M.mod2M.clmp1PJ2	GJ11@INST_LO[7:0]+INST_HI[2:0];GK11x2@INST_LO[15:8]+INST_HI[5:3];VD8x2@INST_LO[31:24];M.mod2@INST_HI[10:9];M.clmp1@INST_HI[11];PJ2@INST_HI[13:12]	00000000	10610000	00000000	ffffc000	00000000	0fffc000	ff00ffff	00003e3f	00ff0000	000001c0	00000000	00000000	v_max_f64 p0, v0-v1, zero, v0-v1
lg200	v_max_i32	4	vop	vector-alu	Selects the greater of the two signed 32-bit integer sources and writes the result to the vector destination. The predicate gates the lane write.	compute-buffer	integer-value	GJ11GK11VD8M.mod2M.clmp1PJ2	GJ11@INST_LO[7:0]+INST_HI[2:0];GK11@INST_LO[15:8]+INST_HI[5:3];VD8@INST_LO[31:24];M.mod2@INST_HI[10:9];M.clmp1@INST_HI[11];PJ2@INST_HI[13:12]	00000000	10054000	00000000	ffffc000	00000000	0fffc000	ff00ffff	00003e3f	00ff0000	000001c0	00000000	00000000	v_max_i32 p0, v0, zero, v0
lg200	v_max_imm_f32	5	vop-imm	vector-alu	Selects the greater of the two 32-bit floating-point sources and writes the result to the vector destination. The encoded immediate supplies the final arithmetic or logical source operand. The predicate gates the lane write.	compute-buffer	floating-point-value	IK32VJ8VD8PJ2	IK32@INST_LO[31:0];VJ8@INST_HI[7:0];VD8@INST_HI[15:8];PJ2@INST_HI[17:16]	00000000	00940000	00000000	affc0000	00000000	0ffc0000	ffffffff	0003ffff	00000000	00000000	00000000	50000000	v_max_imm_f32 p0, v0, v0, 0x00000000
lg200	v_max_imm_i32	5	vop-imm	vector-alu	Selects the greater of the two signed 32-bit integer sources and writes the result to the vector destination. The encoded immediate supplies the final arithmetic or logical source operand. The predicate gates the lane write.	compute-buffer	integer-value	IK32VJ8VD8PJ2	IK32@INST_LO[31:0];VJ8@INST_HI[7:0];VD8@INST_HI[15:8];PJ2@INST_HI[17:16]	00000000	50400000	00000000	fffc0000	00000000	0ffc0000	ffffffff	0003ffff	00000000	00000000	00000000	00000000	v_max_imm_i32 p0, v0, v0, 0x00000000
lg200	v_max_imm_u32	5	vop-imm	vector-alu	Selects the greater of the two unsigned 32-bit integer sources and writes the result to the vector destination. The encoded immediate supplies the final arithmetic or logical source operand. The predicate gates the lane write.	compute-buffer	integer-value	IK32VJ8VD8PJ2	IK32@INST_LO[31:0];VJ8@INST_HI[7:0];VD8@INST_HI[15:8];PJ2@INST_HI[17:16]	00000000	103c0000	00000000	bffc0000	00000000	0ffc0000	ffffffff	0003ffff	00000000	00000000	00000000	40000000	v_max_imm_u32 p0, v0, v0, 0x00000000
lg200	v_max_u32	4	vop	vector-alu	Selects the greater of the two unsigned 32-bit integer sources and writes the result to the vector destination. The predicate gates the lane write.	compute-buffer	integer-value	GJ11GK11VD8M.mod2M.clmp1PJ2	GJ11@INST_LO[7:0]+INST_HI[2:0];GK11@INST_LO[15:8]+INST_HI[5:3];VD8@INST_LO[31:24];M.mod2@INST_HI[10:9];M.clmp1@INST_HI[11];PJ2@INST_HI[13:12]	00000000	10050000	00000000	ffffc000	00000000	0fffc000	ff00ffff	00003e3f	00ff0000	000001c0	00000000	00000000	v_max_u32 p0, v0, zero, v0
lg200	v_mbcnt_u32	4	vop	vector-alu	Adds the population count selected by the lane mask to the accumulator source and writes the result to the vector destination. The predicate gates the lane write.	compute-buffer	integer-value	GJ11GK11VD8M.mod2M.clmp1PJ2	GJ11@INST_LO[7:0]+INST_HI[2:0];GK11@INST_LO[15:8]+INST_HI[5:3];VD8@INST_LO[31:24];M.mod2@INST_HI[10:9];M.clmp1@INST_HI[11];PJ2@INST_HI[13:12]	00000000	1019c000	00000000	ffffc000	00000000	0fffc000	ff00ffff	00003e3f	00ff0000	000001c0	00000000	00000000	v_mbcnt_u32 p0, v0, zero, v0
lg200	v_med3_f32	4	vop	vector-alu	Selects the median of the three sources and writes the result to the vector destination. The predicate gates the lane write.	compute-buffer	floating-point-value	GJ11GK11GA11VD8M.mod2M.clmp1PJ2	GJ11@INST_LO[7:0]+INST_HI[2:0];GK11@INST_LO[15:8]+INST_HI[5:3];GA11@INST_LO[23:16]+INST_HI[8:6];VD8@INST_LO[31:24];M.mod2@INST_HI[10:9];M.clmp1@INST_HI[11];PJ2@INST_HI[13:12]	00000000	10298000	00000000	ffffc000	00000000	0fffc000	ffffffff	00003fff	00000000	00000000	00000000	00000000	v_med3_f32 p0, v0, zero, v0, s0
lg200	v_med3_i32	4	vop	vector-alu	Selects the median of the three sources and writes the result to the vector destination. The predicate gates the lane write.	compute-buffer	integer-value	GJ11GK11GA11VD8M.mod2M.clmp1PJ2	GJ11@INST_LO[7:0]+INST_HI[2:0];GK11@INST_LO[15:8]+INST_HI[5:3];GA11@INST_LO[23:16]+INST_HI[8:6];VD8@INST_LO[31:24];M.mod2@INST_HI[10:9];M.clmp1@INST_HI[11];PJ2@INST_HI[13:12]	00000000	1029c000	00000000	ffffc000	00000000	0fffc000	ffffffff	00003fff	00000000	00000000	00000000	00000000	v_med3_i32 p0, v0, zero, v0, s0
lg200	v_med3_u32	4	vop	vector-alu	Selects the median of the three sources and writes the result to the vector destination. The predicate gates the lane write.	compute-buffer	integer-value	GJ11GK11GA11VD8M.mod2M.clmp1PJ2	GJ11@INST_LO[7:0]+INST_HI[2:0];GK11@INST_LO[15:8]+INST_HI[5:3];GA11@INST_LO[23:16]+INST_HI[8:6];VD8@INST_LO[31:24];M.mod2@INST_HI[10:9];M.clmp1@INST_HI[11];PJ2@INST_HI[13:12]	00000000	102a0000	00000000	ffffc000	00000000	0fffc000	ffffffff	00003fff	00000000	00000000	00000000	00000000	v_med3_u32 p0, v0, zero, v0, s0
lg200	v_min3_f32	4	vop	vector-alu	Selects the least of the three sources and writes the result to the vector destination. The predicate gates the lane write.	compute-buffer	floating-point-value	GJ11GK11GA11VD8M.mod2M.clmp1PJ2	GJ11@INST_LO[7:0]+INST_HI[2:0];GK11@INST_LO[15:8]+INST_HI[5:3];GA11@INST_LO[23:16]+INST_HI[8:6];VD8@INST_LO[31:24];M.mod2@INST_HI[10:9];M.clmp1@INST_HI[11];PJ2@INST_HI[13:12]	00000000	10280000	00000000	ffffc000	00000000	0fffc000	ffffffff	00003fff	00000000	00000000	00000000	00000000	v_min3_f32 p0, v0, zero, v0, s0
lg200	v_min3_i32	4	vop	vector-alu	Selects the least of the three sources and writes the result to the vector destination. The predicate gates the lane write.	compute-buffer	integer-value	GJ11GK11GA11VD8M.mod2M.clmp1PJ2	GJ11@INST_LO[7:0]+INST_HI[2:0];GK11@INST_LO[15:8]+INST_HI[5:3];GA11@INST_LO[23:16]+INST_HI[8:6];VD8@INST_LO[31:24];M.mod2@INST_HI[10:9];M.clmp1@INST_HI[11];PJ2@INST_HI[13:12]	00000000	10284000	00000000	ffffc000	00000000	0fffc000	ffffffff	00003fff	00000000	00000000	00000000	00000000	v_min3_i32 p0, v0, zero, v0, s0
lg200	v_min3_u32	4	vop	vector-alu	Selects the least of the three sources and writes the result to the vector destination. The predicate gates the lane write.	compute-buffer	integer-value	GJ11GK11GA11VD8M.mod2M.clmp1PJ2	GJ11@INST_LO[7:0]+INST_HI[2:0];GK11@INST_LO[15:8]+INST_HI[5:3];GA11@INST_LO[23:16]+INST_HI[8:6];VD8@INST_LO[31:24];M.mod2@INST_HI[10:9];M.clmp1@INST_HI[11];PJ2@INST_HI[13:12]	00000000	10288000	00000000	ffffc000	00000000	0fffc000	ffffffff	00003fff	00000000	00000000	00000000	00000000	v_min3_u32 p0, v0, zero, v0, s0
lg200	v_min_f32	4	vop	vector-alu	Selects the lesser of the two 32-bit floating-point sources and writes the result to the vector destination. The predicate gates the lane write.	compute-buffer	floating-point-value	GJ11GK11VD8M.mod2M.clmp1PJ2	GJ11@INST_LO[7:0]+INST_HI[2:0];GK11@INST_LO[15:8]+INST_HI[5:3];VD8@INST_LO[31:24];M.mod2@INST_HI[10:9];M.clmp1@INST_HI[11];PJ2@INST_HI[13:12]	00000000	1011c000	00000000	ffffc000	00000000	0fffc000	ff00ffff	00003e3f	00ff0000	000001c0	00000000	00000000	v_min_f32 p0, v0, zero, v0
lg200	v_min_f64	4	vop	vector-alu	Selects the lesser of the two 64-bit floating-point sources and writes the result to the vector destination. The predicate gates the lane write.	compute-buffer	floating-point-value	GJ11GK11x2VD8x2M.mod2M.clmp1PJ2	GJ11@INST_LO[7:0]+INST_HI[2:0];GK11x2@INST_LO[15:8]+INST_HI[5:3];VD8x2@INST_LO[31:24];M.mod2@INST_HI[10:9];M.clmp1@INST_HI[11];PJ2@INST_HI[13:12]	00000000	1060c000	00000000	ffffc000	00000000	0fffc000	ff00ffff	00003e3f	00ff0000	000001c0	00000000	00000000	v_min_f64 p0, v0-v1, zero, v0-v1
lg200	v_min_i32	4	vop	vector-alu	Selects the lesser of the two signed 32-bit integer sources and writes the result to the vector destination. The predicate gates the lane write.	compute-buffer	integer-value	GJ11GK11VD8M.mod2M.clmp1PJ2	GJ11@INST_LO[7:0]+INST_HI[2:0];GK11@INST_LO[15:8]+INST_HI[5:3];VD8@INST_LO[31:24];M.mod2@INST_HI[10:9];M.clmp1@INST_HI[11];PJ2@INST_HI[13:12]	00000000	1004c000	00000000	ffffc000	00000000	0fffc000	ff00ffff	00003e3f	00ff0000	000001c0	00000000	00000000	v_min_i32 p0, v0, zero, v0
lg200	v_min_imm_f32	5	vop-imm	vector-alu	Selects the lesser of the two 32-bit floating-point sources and writes the result to the vector destination. The encoded immediate supplies the final arithmetic or logical source operand. The predicate gates the lane write.	compute-buffer	floating-point-value	IK32VJ8VD8PJ2	IK32@INST_LO[31:0];VJ8@INST_HI[7:0];VD8@INST_HI[15:8];PJ2@INST_HI[17:16]	00000000	00900000	00000000	affc0000	00000000	0ffc0000	ffffffff	0003ffff	00000000	00000000	00000000	50000000	v_min_imm_f32 p0, v0, v0, 0x00000000
lg200	v_min_imm_i32	5	vop-imm	vector-alu	Selects the lesser of the two signed 32-bit integer sources and writes the result to the vector destination. The encoded immediate supplies the final arithmetic or logical source operand. The predicate gates the lane write.	compute-buffer	integer-value	IK32VJ8VD8PJ2	IK32@INST_LO[31:0];VJ8@INST_HI[7:0];VD8@INST_HI[15:8];PJ2@INST_HI[17:16]	00000000	50380000	00000000	fffc0000	00000000	0ffc0000	ffffffff	0003ffff	00000000	00000000	00000000	00000000	v_min_imm_i32 p0, v0, v0, 0x00000000
lg200	v_min_imm_u32	5	vop-imm	vector-alu	Selects the lesser of the two unsigned 32-bit integer sources and writes the result to the vector destination. The encoded immediate supplies the final arithmetic or logical source operand. The predicate gates the lane write.	compute-buffer	integer-value	IK32VJ8VD8PJ2	IK32@INST_LO[31:0];VJ8@INST_HI[7:0];VD8@INST_HI[15:8];PJ2@INST_HI[17:16]	00000000	10340000	00000000	bffc0000	00000000	0ffc0000	ffffffff	0003ffff	00000000	00000000	00000000	40000000	v_min_imm_u32 p0, v0, v0, 0x00000000
lg200	v_min_u32	4	vop	vector-alu	Selects the lesser of the two unsigned 32-bit integer sources and writes the result to the vector destination. The predicate gates the lane write.	compute-buffer	integer-value	GJ11GK11VD8M.mod2M.clmp1PJ2	GJ11@INST_LO[7:0]+INST_HI[2:0];GK11@INST_LO[15:8]+INST_HI[5:3];VD8@INST_LO[31:24];M.mod2@INST_HI[10:9];M.clmp1@INST_HI[11];PJ2@INST_HI[13:12]	00000000	10048000	00000000	ffffc000	00000000	0fffc000	ff00ffff	00003e3f	00ff0000	000001c0	00000000	00000000	v_min_u32 p0, v0, zero, v0
lg200	v_mma_323216_i8_i8_i32	4	vop	vector-alu	Performs the 323216 packed matrix multiply-accumulate using signed 8-bit integer and signed 8-bit integer elements with a signed 32-bit integer accumulator. The matrix fragment layout follows the vector matrix ABI.	compute-buffer	integer-value	GJ11GK11GA11VD8M.mod2M.clmp1PJ2	GJ11@INST_LO[7:0]+INST_HI[2:0];GK11@INST_LO[15:8]+INST_HI[5:3];GA11@INST_LO[23:16]+INST_HI[8:6];VD8@INST_LO[31:24];M.mod2@INST_HI[10:9];M.clmp1@INST_HI[11];PJ2@INST_HI[13:12]	00000000	1031c000	00000000	ffffc000	00000000	0fffc000	ffffffff	00003fff	00000000	00000000	00000000	00000000	v_mma_323216_i8_i8_i32 p0, v0, zero, v0, s0
lg200	v_mma_323216_i8_u8_i32	4	vop	vector-alu	Performs the 323216 packed matrix multiply-accumulate using signed 8-bit integer and unsigned 8-bit integer elements with a signed 32-bit integer accumulator. The matrix fragment layout follows the vector matrix ABI.	compute-buffer	integer-value	GJ11GK11GA11VD8M.mod2M.clmp1PJ2	GJ11@INST_LO[7:0]+INST_HI[2:0];GK11@INST_LO[15:8]+INST_HI[5:3];GA11@INST_LO[23:16]+INST_HI[8:6];VD8@INST_LO[31:24];M.mod2@INST_HI[10:9];M.clmp1@INST_HI[11];PJ2@INST_HI[13:12]	00000000	10318000	00000000	ffffc000	00000000	0fffc000	ffffffff	00003fff	00000000	00000000	00000000	00000000	v_mma_323216_i8_u8_i32 p0, v0, zero, v0, s0
lg200	v_mma_323216_u8_i8_i32	4	vop	vector-alu	Performs the 323216 packed matrix multiply-accumulate using unsigned 8-bit integer and signed 8-bit integer elements with a signed 32-bit integer accumulator. The matrix fragment layout follows the vector matrix ABI.	compute-buffer	integer-value	GJ11GK11GA11VD8M.mod2M.clmp1PJ2	GJ11@INST_LO[7:0]+INST_HI[2:0];GK11@INST_LO[15:8]+INST_HI[5:3];GA11@INST_LO[23:16]+INST_HI[8:6];VD8@INST_LO[31:24];M.mod2@INST_HI[10:9];M.clmp1@INST_HI[11];PJ2@INST_HI[13:12]	00000000	10314000	00000000	ffffc000	00000000	0fffc000	ffffffff	00003fff	00000000	00000000	00000000	00000000	v_mma_323216_u8_i8_i32 p0, v0, zero, v0, s0
lg200	v_mma_323216_u8_u8_i32	4	vop	vector-alu	Performs the 323216 packed matrix multiply-accumulate using unsigned 8-bit integer and unsigned 8-bit integer elements with a signed 32-bit integer accumulator. The matrix fragment layout follows the vector matrix ABI.	compute-buffer	integer-value	GJ11GK11GA11VD8M.mod2M.clmp1PJ2	GJ11@INST_LO[7:0]+INST_HI[2:0];GK11@INST_LO[15:8]+INST_HI[5:3];GA11@INST_LO[23:16]+INST_HI[8:6];VD8@INST_LO[31:24];M.mod2@INST_HI[10:9];M.clmp1@INST_HI[11];PJ2@INST_HI[13:12]	00000000	10310000	00000000	ffffc000	00000000	0fffc000	ffffffff	00003fff	00000000	00000000	00000000	00000000	v_mma_323216_u8_u8_i32 p0, v0, zero, v0, s0
lg200	v_mma_8816_i8_i8_i32	4	vop	vector-alu	Performs the 8816 packed matrix multiply-accumulate using signed 8-bit integer and signed 8-bit integer elements with a signed 32-bit integer accumulator. The matrix fragment layout follows the vector matrix ABI.	compute-buffer	integer-value	GJ11GK11GA11VD8M.mod2M.clmp1PJ2	GJ11@INST_LO[7:0]+INST_HI[2:0];GK11@INST_LO[15:8]+INST_HI[5:3];GA11@INST_LO[23:16]+INST_HI[8:6];VD8@INST_LO[31:24];M.mod2@INST_HI[10:9];M.clmp1@INST_HI[11];PJ2@INST_HI[13:12]	00000000	1030c000	00000000	ffffc000	00000000	0fffc000	ffffffff	00003fff	00000000	00000000	00000000	00000000	v_mma_8816_i8_i8_i32 p0, v0, zero, v0, s0
lg200	v_mma_8816_i8_u8_i32	4	vop	vector-alu	Performs the 8816 packed matrix multiply-accumulate using signed 8-bit integer and unsigned 8-bit integer elements with a signed 32-bit integer accumulator. The matrix fragment layout follows the vector matrix ABI.	compute-buffer	integer-value	GJ11GK11GA11VD8M.mod2M.clmp1PJ2	GJ11@INST_LO[7:0]+INST_HI[2:0];GK11@INST_LO[15:8]+INST_HI[5:3];GA11@INST_LO[23:16]+INST_HI[8:6];VD8@INST_LO[31:24];M.mod2@INST_HI[10:9];M.clmp1@INST_HI[11];PJ2@INST_HI[13:12]	00000000	10308000	00000000	ffffc000	00000000	0fffc000	ffffffff	00003fff	00000000	00000000	00000000	00000000	v_mma_8816_i8_u8_i32 p0, v0, zero, v0, s0
lg200	v_mma_8816_u8_i8_i32	4	vop	vector-alu	Performs the 8816 packed matrix multiply-accumulate using unsigned 8-bit integer and signed 8-bit integer elements with a signed 32-bit integer accumulator. The matrix fragment layout follows the vector matrix ABI.	compute-buffer	integer-value	GJ11GK11GA11VD8M.mod2M.clmp1PJ2	GJ11@INST_LO[7:0]+INST_HI[2:0];GK11@INST_LO[15:8]+INST_HI[5:3];GA11@INST_LO[23:16]+INST_HI[8:6];VD8@INST_LO[31:24];M.mod2@INST_HI[10:9];M.clmp1@INST_HI[11];PJ2@INST_HI[13:12]	00000000	10304000	00000000	ffffc000	00000000	0fffc000	ffffffff	00003fff	00000000	00000000	00000000	00000000	v_mma_8816_u8_i8_i32 p0, v0, zero, v0, s0
lg200	v_mma_8816_u8_u8_i32	4	vop	vector-alu	Performs the 8816 packed matrix multiply-accumulate using unsigned 8-bit integer and unsigned 8-bit integer elements with a signed 32-bit integer accumulator. The matrix fragment layout follows the vector matrix ABI.	compute-buffer	integer-value	GJ11GK11GA11VD8M.mod2M.clmp1PJ2	GJ11@INST_LO[7:0]+INST_HI[2:0];GK11@INST_LO[15:8]+INST_HI[5:3];GA11@INST_LO[23:16]+INST_HI[8:6];VD8@INST_LO[31:24];M.mod2@INST_HI[10:9];M.clmp1@INST_HI[11];PJ2@INST_HI[13:12]	00000000	10300000	00000000	ffffc000	00000000	0fffc000	ffffffff	00003fff	00000000	00000000	00000000	00000000	v_mma_8816_u8_u8_i32 p0, v0, zero, v0, s0
lg200	v_mov_b32	4	vop	vector-alu	Copies the 32-bit source value and writes the result to the vector destination. The predicate gates the lane write.	compute-buffer	integer-value	GJ11VD8M.mod2M.clmp1PJ2	GJ11@INST_LO[7:0]+INST_HI[2:0];VD8@INST_LO[31:24];M.mod2@INST_HI[10:9];M.clmp1@INST_HI[11];PJ2@INST_HI[13:12]	00000000	10098000	00000000	ffffc000	00000000	0fffc000	ff0000ff	00003e07	00ffff00	000001f8	00000000	00000000	v_mov_b32 p0, v0, zero
lg200	v_mov_imm_b32	5	vop-imm	vector-alu	Copies the 32-bit source value and writes the result to the vector destination. The encoded immediate supplies the final arithmetic or logical source operand. The predicate gates the lane write.	compute-buffer	integer-value	IJ32VD8PJ2	IJ32@INST_LO[31:0];VD8@INST_HI[15:8];PJ2@INST_HI[17:16]	00000000	00680000	00000000	affc0000	00000000	0ffc0000	ffffffff	0003ff00	00000000	000000ff	00000000	50000000	v_mov_imm_b32 p0, v0, 0x00000000
lg200	v_movindex_b32	4	vop	vector-alu	Selects a 32-bit source value using the execution-environment index state and writes the result to the vector destination. The predicate gates the lane write.	compute-buffer	execution-environment	GJ11GK11GA11VD8M.mod2M.clmp1PJ2	GJ11@INST_LO[7:0]+INST_HI[2:0];GK11@INST_LO[15:8]+INST_HI[5:3];GA11@INST_LO[23:16]+INST_HI[8:6];VD8@INST_LO[31:24];M.mod2@INST_HI[10:9];M.clmp1@INST_HI[11];PJ2@INST_HI[13:12]	00000000	1009c000	00000000	ffffc000	00000000	0fffc000	ffffffff	00003fff	00000000	00000000	00000000	00000000	v_movindex_b32 p0, v0, zero, v0, s0
lg200	v_mul24_hi_i32	4	vop	vector-alu	Multiplies the low 24 bits of the two signed 32-bit integer sources and writes the high result bits to the vector destination. The predicate gates the lane write.	compute-buffer	integer-value	GJ11GK11VD8M.mod2M.clmp1PJ2	GJ11@INST_LO[7:0]+INST_HI[2:0];GK11@INST_LO[15:8]+INST_HI[5:3];VD8@INST_LO[31:24];M.mod2@INST_HI[10:9];M.clmp1@INST_HI[11];PJ2@INST_HI[13:12]	00000000	10034000	00000000	ffffc000	00000000	0fffc000	ff00ffff	00003e3f	00ff0000	000001c0	00000000	00000000	v_mul24_hi_i32 p0, v0, zero, v0
lg200	v_mul24_hi_imm_i32	5	vop-imm	vector-alu	Multiplies the low 24 bits of the two signed 32-bit integer sources and writes the high result bits to the vector destination. The encoded immediate supplies the final arithmetic or logical source operand. The predicate gates the lane write.	compute-buffer	integer-value	IK32VJ8VD8PJ2	IK32@INST_LO[31:0];VJ8@INST_HI[7:0];VD8@INST_HI[15:8];PJ2@INST_HI[17:16]	00000000	50300000	00000000	fffc0000	00000000	0ffc0000	ffffffff	0003ffff	00000000	00000000	00000000	00000000	v_mul24_hi_imm_i32 p0, v0, v0, 0x00000000
lg200	v_mul24_hi_imm_u32	5	vop-imm	vector-alu	Multiplies the low 24 bits of the two unsigned 32-bit integer sources and writes the high result bits to the vector destination. The encoded immediate supplies the final arithmetic or logical source operand. The predicate gates the lane write.	compute-buffer	integer-value	IK32VJ8VD8PJ2	IK32@INST_LO[31:0];VJ8@INST_HI[7:0];VD8@INST_HI[15:8];PJ2@INST_HI[17:16]	00000000	102c0000	00000000	bffc0000	00000000	0ffc0000	ffffffff	0003ffff	00000000	00000000	00000000	40000000	v_mul24_hi_imm_u32 p0, v0, v0, 0x00000000
lg200	v_mul24_hi_u32	4	vop	vector-alu	Multiplies the low 24 bits of the two unsigned 32-bit integer sources and writes the high result bits to the vector destination. The predicate gates the lane write.	compute-buffer	integer-value	GJ11GK11VD8M.mod2M.clmp1PJ2	GJ11@INST_LO[7:0]+INST_HI[2:0];GK11@INST_LO[15:8]+INST_HI[5:3];VD8@INST_LO[31:24];M.mod2@INST_HI[10:9];M.clmp1@INST_HI[11];PJ2@INST_HI[13:12]	00000000	10030000	00000000	ffffc000	00000000	0fffc000	ff00ffff	00003e3f	00ff0000	000001c0	00000000	00000000	v_mul24_hi_u32 p0, v0, zero, v0
lg200	v_mul24_i32	4	vop	vector-alu	Multiplies the low 24 bits of the two signed 32-bit integer sources and writes the result to the vector destination. The predicate gates the lane write.	compute-buffer	integer-value	GJ11GK11VD8M.mod2M.clmp1PJ2	GJ11@INST_LO[7:0]+INST_HI[2:0];GK11@INST_LO[15:8]+INST_HI[5:3];VD8@INST_LO[31:24];M.mod2@INST_HI[10:9];M.clmp1@INST_HI[11];PJ2@INST_HI[13:12]	00000000	10020000	00000000	ffffc000	00000000	0fffc000	ff00ffff	00003e3f	00ff0000	000001c0	00000000	00000000	v_mul24_i32 p0, v0, zero, v0
lg200	v_mul24_imm_i32	5	vop-imm	vector-alu	Multiplies the low 24 bits of the two signed 32-bit integer sources and writes the result to the vector destination. The encoded immediate supplies the final arithmetic or logical source operand. The predicate gates the lane write.	compute-buffer	integer-value	IK32VJ8VD8PJ2	IK32@INST_LO[31:0];VJ8@INST_HI[7:0];VD8@INST_HI[15:8];PJ2@INST_HI[17:16]	00000000	50200000	00000000	fffc0000	00000000	0ffc0000	ffffffff	0003ffff	00000000	00000000	00000000	00000000	v_mul24_imm_i32 p0, v0, v0, 0x00000000
lg200	v_mul24_imm_u32	5	vop-imm	vector-alu	Multiplies the low 24 bits of the two unsigned 32-bit integer sources and writes the result to the vector destination. The encoded immediate supplies the final arithmetic or logical source operand. The predicate gates the lane write.	compute-buffer	integer-value	IK32VJ8VD8PJ2	IK32@INST_LO[31:0];VJ8@INST_HI[7:0];VD8@INST_HI[15:8];PJ2@INST_HI[17:16]	00000000	101c0000	00000000	bffc0000	00000000	0ffc0000	ffffffff	0003ffff	00000000	00000000	00000000	40000000	v_mul24_imm_u32 p0, v0, v0, 0x00000000
lg200	v_mul24_u32	4	vop	vector-alu	Multiplies the low 24 bits of the two unsigned 32-bit integer sources and writes the result to the vector destination. The predicate gates the lane write.	compute-buffer	integer-value	GJ11GK11VD8M.mod2M.clmp1PJ2	GJ11@INST_LO[7:0]+INST_HI[2:0];GK11@INST_LO[15:8]+INST_HI[5:3];VD8@INST_LO[31:24];M.mod2@INST_HI[10:9];M.clmp1@INST_HI[11];PJ2@INST_HI[13:12]	00000000	1001c000	00000000	ffffc000	00000000	0fffc000	ff00ffff	00003e3f	00ff0000	000001c0	00000000	00000000	v_mul24_u32 p0, v0, zero, v0
lg200	v_mul_f32	4	vop	vector-alu	Multiplies the two 32-bit floating-point sources and writes the result to the vector destination. The predicate gates the lane write.	compute-buffer	floating-point-value	GJ11GK11VD8M.mod2M.clmp1PJ2	GJ11@INST_LO[7:0]+INST_HI[2:0];GK11@INST_LO[15:8]+INST_HI[5:3];VD8@INST_LO[31:24];M.mod2@INST_HI[10:9];M.clmp1@INST_HI[11];PJ2@INST_HI[13:12]	00000000	10110000	00000000	ffffc000	00000000	0fffc000	ff00ffff	00003e3f	00ff0000	000001c0	00000000	00000000	v_mul_f32 p0, v0, zero, v0
lg200	v_mul_f64	4	vop	vector-alu	Multiplies the two 64-bit floating-point sources and writes the result to the vector destination. The predicate gates the lane write.	compute-buffer	floating-point-value	GJ11GK11x2VD8x2M.mod2M.clmp1PJ2	GJ11@INST_LO[7:0]+INST_HI[2:0];GK11x2@INST_LO[15:8]+INST_HI[5:3];VD8x2@INST_LO[31:24];M.mod2@INST_HI[10:9];M.clmp1@INST_HI[11];PJ2@INST_HI[13:12]	00000000	10604000	00000000	ffffc000	00000000	0fffc000	ff00ffff	00003e3f	00ff0000	000001c0	00000000	00000000	v_mul_f64 p0, v0-v1, zero, v0-v1
lg200	v_mul_hi_i32	4	vop	vector-alu	Multiplies the two signed 32-bit integer sources and writes the high half of the full product to the vector destination. The predicate gates the lane write.	compute-buffer	integer-value	GJ11GK11VD8M.mod2M.clmp1PJ2	GJ11@INST_LO[7:0]+INST_HI[2:0];GK11@INST_LO[15:8]+INST_HI[5:3];VD8@INST_LO[31:24];M.mod2@INST_HI[10:9];M.clmp1@INST_HI[11];PJ2@INST_HI[13:12]	00000000	1002c000	00000000	ffffc000	00000000	0fffc000	ff00ffff	00003e3f	00ff0000	000001c0	00000000	00000000	v_mul_hi_i32 p0, v0, zero, v0
lg200	v_mul_hi_imm_i32	5	vop-imm	vector-alu	Multiplies the two signed 32-bit integer sources and writes the high half of the full product to the vector destination. The encoded immediate supplies the final arithmetic or logical source operand. The predicate gates the lane write.	compute-buffer	integer-value	IK32VJ8VD8PJ2	IK32@INST_LO[31:0];VJ8@INST_HI[7:0];VD8@INST_HI[15:8];PJ2@INST_HI[17:16]	00000000	50280000	00000000	fffc0000	00000000	0ffc0000	ffffffff	0003ffff	00000000	00000000	00000000	00000000	v_mul_hi_imm_i32 p0, v0, v0, 0x00000000
lg200	v_mul_hi_imm_u32	5	vop-imm	vector-alu	Multiplies the two unsigned 32-bit integer sources and writes the high half of the full product to the vector destination. The encoded immediate supplies the final arithmetic or logical source operand. The predicate gates the lane write.	compute-buffer	integer-value	IK32VJ8VD8PJ2	IK32@INST_LO[31:0];VJ8@INST_HI[7:0];VD8@INST_HI[15:8];PJ2@INST_HI[17:16]	00000000	50240000	00000000	fffc0000	00000000	0ffc0000	ffffffff	0003ffff	00000000	00000000	00000000	00000000	v_mul_hi_imm_u32 p0, v0, v0, 0x00000000
lg200	v_mul_hi_u32	4	vop	vector-alu	Multiplies the two unsigned 32-bit integer sources and writes the high half of the full product to the vector destination. The predicate gates the lane write.	compute-buffer	integer-value	GJ11GK11VD8M.mod2M.clmp1PJ2	GJ11@INST_LO[7:0]+INST_HI[2:0];GK11@INST_LO[15:8]+INST_HI[5:3];VD8@INST_LO[31:24];M.mod2@INST_HI[10:9];M.clmp1@INST_HI[11];PJ2@INST_HI[13:12]	00000000	10028000	00000000	ffffc000	00000000	0fffc000	ff00ffff	00003e3f	00ff0000	000001c0	00000000	00000000	v_mul_hi_u32 p0, v0, zero, v0
lg200	v_mul_i32	4	vop	vector-alu	Multiplies the two signed 32-bit integer sources and writes the low result bits to the vector destination. The predicate gates the lane write.	compute-buffer	integer-value	GJ11GK11VD8M.mod2M.clmp1PJ2	GJ11@INST_LO[7:0]+INST_HI[2:0];GK11@INST_LO[15:8]+INST_HI[5:3];VD8@INST_LO[31:24];M.mod2@INST_HI[10:9];M.clmp1@INST_HI[11];PJ2@INST_HI[13:12]	00000000	10018000	00000000	ffffc000	00000000	0fffc000	ff00ffff	00003e3f	00ff0000	000001c0	00000000	00000000	v_mul_i32 p0, v0, zero, v0
lg200	v_mul_imm_f32	5	vop-imm	vector-alu	Multiplies the two 32-bit floating-point sources and writes the result to the vector destination. The encoded immediate supplies the final arithmetic or logical source operand. The predicate gates the lane write.	compute-buffer	floating-point-value	IK32VJ8VD8PJ2	IK32@INST_LO[31:0];VJ8@INST_HI[7:0];VD8@INST_HI[15:8];PJ2@INST_HI[17:16]	00000000	00880000	00000000	affc0000	00000000	0ffc0000	ffffffff	0003ffff	00000000	00000000	00000000	50000000	v_mul_imm_f32 p0, v0, v0, 0x00000000
lg200	v_mul_imm_i32	5	vop-imm	vector-alu	Multiplies the two signed 32-bit integer sources and writes the low result bits to the vector destination. The encoded immediate supplies the final arithmetic or logical source operand. The predicate gates the lane write.	compute-buffer	integer-value	IK32VJ8VD8PJ2	IK32@INST_LO[31:0];VJ8@INST_HI[7:0];VD8@INST_HI[15:8];PJ2@INST_HI[17:16]	00000000	50180000	00000000	fffc0000	00000000	0ffc0000	ffffffff	0003ffff	00000000	00000000	00000000	00000000	v_mul_imm_i32 p0, v0, v0, 0x00000000
lg200	v_mul_imm_u32	5	vop-imm	vector-alu	Multiplies the two unsigned 32-bit integer sources and writes the low result bits to the vector destination. The encoded immediate supplies the final arithmetic or logical source operand. The predicate gates the lane write.	compute-buffer	integer-value	IK32VJ8VD8PJ2	IK32@INST_LO[31:0];VJ8@INST_HI[7:0];VD8@INST_HI[15:8];PJ2@INST_HI[17:16]	00000000	10140000	00000000	bffc0000	00000000	0ffc0000	ffffffff	0003ffff	00000000	00000000	00000000	40000000	v_mul_imm_u32 p0, v0, v0, 0x00000000
lg200	v_mul_legacy_f32	4	vop	vector-alu	Multiplies the two floating-point sources using the legacy zero and NaN rules and writes the result to the vector destination. The predicate gates the lane write.	compute-buffer	floating-point-value	GJ11GK11VD8M.mod2M.clmp1PJ2	GJ11@INST_LO[7:0]+INST_HI[2:0];GK11@INST_LO[15:8]+INST_HI[5:3];VD8@INST_LO[31:24];M.mod2@INST_HI[10:9];M.clmp1@INST_HI[11];PJ2@INST_HI[13:12]	00000000	10150000	00000000	ffffc000	00000000	0fffc000	ff00ffff	00003e3f	00ff0000	000001c0	00000000	00000000	v_mul_legacy_f32 p0, v0, zero, v0
lg200	v_mul_legacy_imm_f32	5	vop-imm	vector-alu	Multiplies the two floating-point sources using the legacy zero and NaN rules and writes the result to the vector destination. The encoded immediate supplies the final arithmetic or logical source operand. The predicate gates the lane write.	compute-buffer	floating-point-value	IK32VJ8VD8PJ2	IK32@INST_LO[31:0];VJ8@INST_HI[7:0];VD8@INST_HI[15:8];PJ2@INST_HI[17:16]	00000000	00a00000	00000000	8ffc0000	00000000	0ffc0000	ffffffff	0003ffff	00000000	00000000	00000000	70000000	v_mul_legacy_imm_f32 p0, v0, v0, 0x00000000
lg200	v_mul_u32	4	vop	vector-alu	Multiplies the two unsigned 32-bit integer sources and writes the low result bits to the vector destination. The predicate gates the lane write.	compute-buffer	integer-value	GJ11GK11VD8M.mod2M.clmp1PJ2	GJ11@INST_LO[7:0]+INST_HI[2:0];GK11@INST_LO[15:8]+INST_HI[5:3];VD8@INST_LO[31:24];M.mod2@INST_HI[10:9];M.clmp1@INST_HI[11];PJ2@INST_HI[13:12]	00000000	10014000	00000000	ffffc000	00000000	0fffc000	ff00ffff	00003e3f	00ff0000	000001c0	00000000	00000000	v_mul_u32 p0, v0, zero, v0
lg200	v_not_b32	4	vop	vector-alu	Computes the bitwise complement of the 32-bit source and writes the result to the vector destination. The predicate gates the lane write.	compute-buffer	integer-value	GJ11VD8M.mod2M.clmp1PJ2	GJ11@INST_LO[7:0]+INST_HI[2:0];VD8@INST_LO[31:24];M.mod2@INST_HI[10:9];M.clmp1@INST_HI[11];PJ2@INST_HI[13:12]	00000000	10094000	00000000	ffffc000	00000000	0fffc000	ff0000ff	00003e07	00ffff00	000001f8	00000000	00000000	v_not_b32 p0, v0, zero
lg200	v_or_b32	4	vop	vector-alu	Computes the bitwise OR of the two 32-bit sources and writes the result to the vector destination. The predicate gates the lane write.	compute-buffer	integer-value	GJ11GK11VD8M.mod2M.clmp1PJ2	GJ11@INST_LO[7:0]+INST_HI[2:0];GK11@INST_LO[15:8]+INST_HI[5:3];VD8@INST_LO[31:24];M.mod2@INST_HI[10:9];M.clmp1@INST_HI[11];PJ2@INST_HI[13:12]	00000000	1007c000	00000000	ffffc000	00000000	0fffc000	ff00ffff	00003e3f	00ff0000	000001c0	00000000	00000000	v_or_b32 p0, v0, zero, v0
lg200	v_or_imm_b32	5	vop-imm	vector-alu	Computes the bitwise OR of the two 32-bit sources and writes the result to the vector destination. The encoded immediate supplies the final arithmetic or logical source operand. The predicate gates the lane write.	compute-buffer	integer-value	IK32VJ8VD8PJ2	IK32@INST_LO[31:0];VJ8@INST_HI[7:0];VD8@INST_HI[15:8];PJ2@INST_HI[17:16]	00000000	40500000	00000000	effc0000	00000000	0ffc0000	ffffffff	0003ffff	00000000	00000000	00000000	10000000	v_or_imm_b32 p0, v0, v0, 0x00000000
lg200	v_pack_f16rtz_f32	4	vop	vector-alu	Packs source values from 32-bit floating-point value representation into f16rtz fields in the 32-bit vector destination. Component placement follows the operand order; conversion uses the named normalization or rounding mode.	compute-buffer	floating-point-value	GJ11GK11VD8M.mod2M.clmp1PJ2	GJ11@INST_LO[7:0]+INST_HI[2:0];GK11@INST_LO[15:8]+INST_HI[5:3];VD8@INST_LO[31:24];M.mod2@INST_HI[10:9];M.clmp1@INST_HI[11];PJ2@INST_HI[13:12]	00000000	101a8000	00000000	ffffc000	00000000	0fffc000	ff00ffff	00003e3f	00ff0000	000001c0	00000000	00000000	v_pack_f16rtz_f32 p0, v0, zero, v0
lg200	v_pack_i16_i32	4	vop	vector-alu	Packs source values from signed 32-bit integer representation into signed 16-bit integer fields in the 32-bit vector destination. Component placement follows the operand order; conversion uses the named normalization or rounding mode.	compute-buffer	integer-value	GJ11GK11VD8M.mod2M.clmp1PJ2	GJ11@INST_LO[7:0]+INST_HI[2:0];GK11@INST_LO[15:8]+INST_HI[5:3];VD8@INST_LO[31:24];M.mod2@INST_HI[10:9];M.clmp1@INST_HI[11];PJ2@INST_HI[13:12]	00000000	101ac000	00000000	ffffc000	00000000	0fffc000	ff00ffff	00003e3f	00ff0000	000001c0	00000000	00000000	v_pack_i16_i32 p0, v0, zero, v0
lg200	v_pack_i8_i32	4	vop	vector-alu	Packs the signed 32-bit source into a signed 8-bit field: the third source selects the byte position (byte = 8 * (src1 mod 4)) and the full source value is saturated to [-128, 127] into that byte; the other three bytes of the destination pass through. The predicate gates the lane write.	compute-buffer	integer-value	GJ11GK11GA11VD8M.mod2M.clmp1PJ2	GJ11@INST_LO[7:0]+INST_HI[2:0];GK11@INST_LO[15:8]+INST_HI[5:3];GA11@INST_LO[23:16]+INST_HI[8:6];VD8@INST_LO[31:24];M.mod2@INST_HI[10:9];M.clmp1@INST_HI[11];PJ2@INST_HI[13:12]	00000000	101b8000	00000000	ffffc000	00000000	0fffc000	ffffffff	00003fff	00000000	00000000	00000000	00000000	v_pack_i8_i32 p0, v0, zero, v0, s0
lg200	v_pack_imm_f16rtz_f32	5	vop-imm	vector-alu	Packs source values from 32-bit floating-point value representation into f16rtz fields in the 32-bit vector destination. Component placement follows the operand order; conversion uses the named normalization or rounding mode.	compute-buffer	floating-point-value	IK32VJ8VD8PJ2	IK32@INST_LO[31:0];VJ8@INST_HI[7:0];VD8@INST_HI[15:8];PJ2@INST_HI[17:16]	00000000	01080000	00000000	8ffc0000	00000000	0ffc0000	ffffffff	0003ffff	00000000	00000000	00000000	70000000	v_pack_imm_f16rtz_f32 p0, v0, v0, 0x00000000
lg200	v_pack_imm_i16_i32	5	vop-imm	vector-alu	Packs source values from signed 32-bit integer representation into signed 16-bit integer fields in the 32-bit vector destination. Component placement follows the operand order; conversion uses the named normalization or rounding mode.	compute-buffer	integer-value	IK32VJ8VD8PJ2	IK32@INST_LO[31:0];VJ8@INST_HI[7:0];VD8@INST_HI[15:8];PJ2@INST_HI[17:16]	00000000	010c0000	00000000	8ffc0000	00000000	0ffc0000	ffffffff	0003ffff	00000000	00000000	00000000	70000000	v_pack_imm_i16_i32 p0, v0, v0, 0x00000000
lg200	v_pack_imm_snorm16_f32	5	vop-imm	vector-alu	Packs source values from 32-bit floating-point value representation into signed normalized 16-bit value fields in the 32-bit vector destination. Component placement follows the operand order; conversion uses the named normalization or rounding mode.	compute-buffer	floating-point-value	IK32VJ8VD8PJ2	IK32@INST_LO[31:0];VJ8@INST_HI[7:0];VD8@INST_HI[15:8];PJ2@INST_HI[17:16]	00000000	01000000	00000000	8ffc0000	00000000	0ffc0000	ffffffff	0003ffff	00000000	00000000	00000000	70000000	v_pack_imm_snorm16_f32 p0, v0, v0, 0x00000000
lg200	v_pack_imm_u16_u32	5	vop-imm	vector-alu	Packs source values from unsigned 32-bit integer representation into unsigned 16-bit integer fields in the 32-bit vector destination. Component placement follows the operand order; conversion uses the named normalization or rounding mode.	compute-buffer	integer-value	IK32VJ8VD8PJ2	IK32@INST_LO[31:0];VJ8@INST_HI[7:0];VD8@INST_HI[15:8];PJ2@INST_HI[17:16]	00000000	01100000	00000000	8ffc0000	00000000	0ffc0000	ffffffff	0003ffff	00000000	00000000	00000000	70000000	v_pack_imm_u16_u32 p0, v0, v0, 0x00000000
lg200	v_pack_imm_unorm16_f32	5	vop-imm	vector-alu	Packs source values from 32-bit floating-point value representation into unsigned normalized 16-bit value fields in the 32-bit vector destination. Component placement follows the operand order; conversion uses the named normalization or rounding mode.	compute-buffer	floating-point-value	IK32VJ8VD8PJ2	IK32@INST_LO[31:0];VJ8@INST_HI[7:0];VD8@INST_HI[15:8];PJ2@INST_HI[17:16]	00000000	01040000	00000000	8ffc0000	00000000	0ffc0000	ffffffff	0003ffff	00000000	00000000	00000000	70000000	v_pack_imm_unorm16_f32 p0, v0, v0, 0x00000000
lg200	v_pack_snorm16_f32	4	vop	vector-alu	Packs source values from 32-bit floating-point value representation into signed normalized 16-bit value fields in the 32-bit vector destination. Component placement follows the operand order; conversion uses the named normalization or rounding mode.	compute-buffer	floating-point-value	GJ11GK11VD8M.mod2M.clmp1PJ2	GJ11@INST_LO[7:0]+INST_HI[2:0];GK11@INST_LO[15:8]+INST_HI[5:3];VD8@INST_LO[31:24];M.mod2@INST_HI[10:9];M.clmp1@INST_HI[11];PJ2@INST_HI[13:12]	00000000	101a0000	00000000	ffffc000	00000000	0fffc000	ff00ffff	00003e3f	00ff0000	000001c0	00000000	00000000	v_pack_snorm16_f32 p0, v0, zero, v0
lg200	v_pack_u16_u32	4	vop	vector-alu	Packs source values from unsigned 32-bit integer representation into unsigned 16-bit integer fields in the 32-bit vector destination. Component placement follows the operand order; conversion uses the named normalization or rounding mode.	compute-buffer	integer-value	GJ11GK11VD8M.mod2M.clmp1PJ2	GJ11@INST_LO[7:0]+INST_HI[2:0];GK11@INST_LO[15:8]+INST_HI[5:3];VD8@INST_LO[31:24];M.mod2@INST_HI[10:9];M.clmp1@INST_HI[11];PJ2@INST_HI[13:12]	00000000	101b0000	00000000	ffffc000	00000000	0fffc000	ff00ffff	00003e3f	00ff0000	000001c0	00000000	00000000	v_pack_u16_u32 p0, v0, zero, v0
lg200	v_pack_u8_f32	4	vop	vector-alu	Packs source values from 32-bit floating-point value representation into unsigned 8-bit integer fields in the 32-bit vector destination. Component placement follows the operand order; conversion uses the named normalization or rounding mode.	compute-buffer	floating-point-value	GJ11GK11GA11VD8M.mod2M.clmp1PJ2	GJ11@INST_LO[7:0]+INST_HI[2:0];GK11@INST_LO[15:8]+INST_HI[5:3];GA11@INST_LO[23:16]+INST_HI[8:6];VD8@INST_LO[31:24];M.mod2@INST_HI[10:9];M.clmp1@INST_HI[11];PJ2@INST_HI[13:12]	00000000	101b4000	00000000	ffffc000	00000000	0fffc000	ffffffff	00003fff	00000000	00000000	00000000	00000000	v_pack_u8_f32 p0, v0, zero, v0, s0
lg200	v_pack_u8_u32	4	vop	vector-alu	Packs the unsigned 32-bit source into an unsigned 8-bit field: the third source selects the byte position (byte = 8 * (src1 mod 4)) and min(src0, 0xff) is written into that byte; the other three bytes of the destination pass through. The predicate gates the lane write.	compute-buffer	integer-value	GJ11GK11GA11VD8M.mod2M.clmp1PJ2	GJ11@INST_LO[7:0]+INST_HI[2:0];GK11@INST_LO[15:8]+INST_HI[5:3];GA11@INST_LO[23:16]+INST_HI[8:6];VD8@INST_LO[31:24];M.mod2@INST_HI[10:9];M.clmp1@INST_HI[11];PJ2@INST_HI[13:12]	00000000	101bc000	00000000	ffffc000	00000000	0fffc000	ffffffff	00003fff	00000000	00000000	00000000	00000000	v_pack_u8_u32 p0, v0, zero, v0, s0
lg200	v_pack_unorm16_f32	4	vop	vector-alu	Packs source values from 32-bit floating-point value representation into unsigned normalized 16-bit value fields in the 32-bit vector destination. Component placement follows the operand order; conversion uses the named normalization or rounding mode.	compute-buffer	floating-point-value	GJ11GK11VD8M.mod2M.clmp1PJ2	GJ11@INST_LO[7:0]+INST_HI[2:0];GK11@INST_LO[15:8]+INST_HI[5:3];VD8@INST_LO[31:24];M.mod2@INST_HI[10:9];M.clmp1@INST_HI[11];PJ2@INST_HI[13:12]	00000000	101a4000	00000000	ffffc000	00000000	0fffc000	ff00ffff	00003e3f	00ff0000	000001c0	00000000	00000000	v_pack_unorm16_f32 p0, v0, zero, v0
lg200	v_perm_sm_b32	8	shared-memory	vector-alu	Permutes source bytes using the workgroup shared-memory permutation state and writes the result to the vector destination. The predicate gates the lane write.	compute-buffer	integer-value	VK8VJ8VD8PJ2	VK8@INST_LO[7:0];VJ8@INST_LO[23:16];VD8@INST_LO[31:24];PJ2@INST_HI[17:16]	00000000	20b80000	00000000	fffc0000	00000000	07fc0000	ffff00ff	00030000	0000ff00	0000ffff	00000000	00000000	v_perm_sm_b32 p0, v0, v0, v0
lg200	v_rcp_f32	4	vop	vector-alu	Computes the reciprocal of the 32-bit floating-point source and writes the result to the vector destination. The predicate gates the lane write.	compute-buffer	floating-point-value	GJ11VD8M.mod2M.clmp1PJ2	GJ11@INST_LO[7:0]+INST_HI[2:0];VD8@INST_LO[31:24];M.mod2@INST_HI[10:9];M.clmp1@INST_HI[11];PJ2@INST_HI[13:12]	00000000	10124000	00000000	ffffc000	00000000	0fffc000	ff0000ff	00003e07	00ffff00	000001f8	00000000	00000000	v_rcp_f32 p0, v0, zero
lg200	v_rcp_f64	4	vop	vector-alu	Computes the reciprocal of the 64-bit floating-point source and writes the result to the vector destination. The predicate gates the lane write.	compute-buffer	floating-point-value	GJ11VD8x2M.mod2M.clmp1PJ2	GJ11@INST_LO[7:0]+INST_HI[2:0];VD8x2@INST_LO[31:24];M.mod2@INST_HI[10:9];M.clmp1@INST_HI[11];PJ2@INST_HI[13:12]	00000000	10620000	00000000	ffffc000	00000000	0fffc000	ff0000ff	00003e07	00ffff00	000001f8	00000000	00000000	v_rcp_f64 p0, v0-v1, zero
lg200	v_rndne_f32	4	vop	vector-alu	Rounds the 32-bit floating-point source to the nearest integral value with ties to even and writes the result to the vector destination. The predicate gates the lane write.	compute-buffer	floating-point-value	GJ11VD8M.mod2M.clmp1PJ2	GJ11@INST_LO[7:0]+INST_HI[2:0];VD8@INST_LO[31:24];M.mod2@INST_HI[10:9];M.clmp1@INST_HI[11];PJ2@INST_HI[13:12]	00000000	10168000	00000000	ffffc000	00000000	0fffc000	ff0000ff	00003e07	00ffff00	000001f8	00000000	00000000	v_rndne_f32 p0, v0, zero
lg200	v_rndne_f64	4	vop	vector-alu	Rounds the 64-bit floating-point source to the nearest integral value with ties to even and writes the result to the vector destination. The predicate gates the lane write.	compute-buffer	floating-point-value	GJ11VD8x2M.mod2M.clmp1PJ2	GJ11@INST_LO[7:0]+INST_HI[2:0];VD8x2@INST_LO[31:24];M.mod2@INST_HI[10:9];M.clmp1@INST_HI[11];PJ2@INST_HI[13:12]	00000000	10638000	00000000	ffffc000	00000000	0fffc000	ff0000ff	00003e07	00ffff00	000001f8	00000000	00000000	v_rndne_f64 p0, v0-v1, zero
lg200	v_rotr_b32	4	vop	vector-alu	Rotates the 32-bit source right by the masked shift count and writes the result to the vector destination. The predicate gates the lane write.	compute-buffer	integer-value	GJ11GK11VD8M.mod2M.clmp1PJ2	GJ11@INST_LO[7:0]+INST_HI[2:0];GK11@INST_LO[15:8]+INST_HI[5:3];VD8@INST_LO[31:24];M.mod2@INST_HI[10:9];M.clmp1@INST_HI[11];PJ2@INST_HI[13:12]	00000000	10090000	00000000	ffffc000	00000000	0fffc000	ff00ffff	00003e3f	00ff0000	000001c0	00000000	00000000	v_rotr_b32 p0, v0, zero, v0
lg200	v_rotrrev_imm_b32	5	vop-imm	vector-alu	Rotates the second source right by the first-source shift count and writes the result to the vector destination. The encoded immediate supplies the final arithmetic or logical source operand. The predicate gates the lane write.	compute-buffer	integer-value	IK32VJ8VD8PJ2	IK32@INST_LO[31:0];VJ8@INST_HI[7:0];VD8@INST_HI[15:8];PJ2@INST_HI[17:16]	00000000	40640000	00000000	effc0000	00000000	0ffc0000	ffffffff	0003ffff	00000000	00000000	00000000	10000000	v_rotrrev_imm_b32 p0, v0, v0, 0x00000000
lg200	v_rsq_f32	4	vop	vector-alu	Computes the reciprocal square root of the 32-bit floating-point source and writes the result to the vector destination. The predicate gates the lane write.	compute-buffer	floating-point-value	GJ11VD8M.mod2M.clmp1PJ2	GJ11@INST_LO[7:0]+INST_HI[2:0];VD8@INST_LO[31:24];M.mod2@INST_HI[10:9];M.clmp1@INST_HI[11];PJ2@INST_HI[13:12]	00000000	1012c000	00000000	ffffc000	00000000	0fffc000	ff0000ff	00003e07	00ffff00	000001f8	00000000	00000000	v_rsq_f32 p0, v0, zero
lg200	v_rsq_f64	4	vop	vector-alu	Computes the reciprocal square root of the 64-bit floating-point source and writes the result to the vector destination. The predicate gates the lane write.	compute-buffer	floating-point-value	GJ11VD8x2M.mod2M.clmp1PJ2	GJ11@INST_LO[7:0]+INST_HI[2:0];VD8x2@INST_LO[31:24];M.mod2@INST_HI[10:9];M.clmp1@INST_HI[11];PJ2@INST_HI[13:12]	00000000	10624000	00000000	ffffc000	00000000	0fffc000	ff0000ff	00003e07	00ffff00	000001f8	00000000	00000000	v_rsq_f64 p0, v0-v1, zero
lg200	v_s2v_b32	4	vop	vector-alu	Broadcasts the selected 32-bit scalar source value to the vector destination of each active lane.	compute-buffer	integer-value	GJ11GK11VD8M.mod2M.clmp1PJ2	GJ11@INST_LO[7:0]+INST_HI[2:0];GK11@INST_LO[15:8]+INST_HI[5:3];VD8@INST_LO[31:24];M.mod2@INST_HI[10:9];M.clmp1@INST_HI[11];PJ2@INST_HI[13:12]	00000000	100e4000	00000000	ffffc000	00000000	0fffc000	ff00ffff	00003e3f	00ff0000	000001c0	00000000	00000000	v_s2v_b32 p0, v0, zero, v0
lg200	v_select_b32	4	vop	vector-alu	Selects one of two data sources according to the condition source and writes the result to the vector destination. The predicate gates the lane write.	compute-buffer	integer-value	GJ11GK11GA11VD8M.mod2M.clmp1PJ2	GJ11@INST_LO[7:0]+INST_HI[2:0];GK11@INST_LO[15:8]+INST_HI[5:3];GA11@INST_LO[23:16]+INST_HI[8:6];VD8@INST_LO[31:24];M.mod2@INST_HI[10:9];M.clmp1@INST_HI[11];PJ2@INST_HI[13:12]	00000000	100e0000	00000000	ffffc000	00000000	0fffc000	ffffffff	00003fff	00000000	00000000	00000000	00000000	v_select_b32 p0, v0, zero, v0, s0
lg200	v_sext_i32_i16	4	vop	vector-alu	Sign-extends the signed 16-bit integer source to a signed 32-bit integer and writes the result to the vector destination. The predicate gates the lane write.	compute-buffer	integer-value	GJ11VD8M.mod2M.clmp1PJ2	GJ11@INST_LO[7:0]+INST_HI[2:0];VD8@INST_LO[31:24];M.mod2@INST_HI[10:9];M.clmp1@INST_HI[11];PJ2@INST_HI[13:12]	00000000	10064000	00000000	ffffc000	00000000	0fffc000	ff0000ff	00003e07	00ffff00	000001f8	00000000	00000000	v_sext_i32_i16 p0, v0, zero
lg200	v_sext_i32_i8	4	vop	vector-alu	Sign-extends the signed 8-bit integer source to a signed 32-bit integer and writes the result to the vector destination. The predicate gates the lane write.	compute-buffer	integer-value	GJ11VD8M.mod2M.clmp1PJ2	GJ11@INST_LO[7:0]+INST_HI[2:0];VD8@INST_LO[31:24];M.mod2@INST_HI[10:9];M.clmp1@INST_HI[11];PJ2@INST_HI[13:12]	00000000	10060000	00000000	ffffc000	00000000	0fffc000	ff0000ff	00003e07	00ffff00	000001f8	00000000	00000000	v_sext_i32_i8 p0, v0, zero
lg200	v_sin_f32	4	vop	vector-alu	Computes the sine of the 32-bit floating-point source and writes the result to the vector destination. The predicate gates the lane write.	compute-buffer	floating-point-value	GJ11VD8M.mod2M.clmp1PJ2	GJ11@INST_LO[7:0]+INST_HI[2:0];VD8@INST_LO[31:24];M.mod2@INST_HI[10:9];M.clmp1@INST_HI[11];PJ2@INST_HI[13:12]	00000000	10130000	00000000	ffffc000	00000000	0fffc000	ff0000ff	00003e07	00ffff00	000001f8	00000000	00000000	v_sin_f32 p0, v0, zero
lg200	v_sll_b32	4	vop	vector-alu	Shifts the 32-bit source left by the masked shift count and writes the result to the vector destination. The predicate gates the lane write.	compute-buffer	integer-value	GJ11GK11VD8M.mod2M.clmp1PJ2	GJ11@INST_LO[7:0]+INST_HI[2:0];GK11@INST_LO[15:8]+INST_HI[5:3];VD8@INST_LO[31:24];M.mod2@INST_HI[10:9];M.clmp1@INST_HI[11];PJ2@INST_HI[13:12]	00000000	10084000	00000000	ffffc000	00000000	0fffc000	ff00ffff	00003e3f	00ff0000	000001c0	00000000	00000000	v_sll_b32 p0, v0, zero, v0
lg200	v_sll_b64	4	vop	vector-alu	Shifts the 64-bit source left by the masked shift count and writes the result to the vector destination. The predicate gates the lane write.	compute-buffer	integer-value	GJ11GK11VD8x2M.mod2M.clmp1PJ2	GJ11@INST_LO[7:0]+INST_HI[2:0];GK11@INST_LO[15:8]+INST_HI[5:3];VD8x2@INST_LO[31:24];M.mod2@INST_HI[10:9];M.clmp1@INST_HI[11];PJ2@INST_HI[13:12]	00000000	10640000	00000000	ffffc000	00000000	0fffc000	ff00ffff	00003e3f	00ff0000	000001c0	00000000	00000000	v_sll_b64 p0, v0-v1, zero, v0
lg200	v_sllrev_imm_b32	5	vop-imm	vector-alu	Shifts the second source left by the first-source shift count and writes the result to the vector destination. The encoded immediate supplies the final arithmetic or logical source operand. The predicate gates the lane write.	compute-buffer	integer-value	IK32VJ8VD8PJ2	IK32@INST_LO[31:0];VJ8@INST_HI[7:0];VD8@INST_HI[15:8];PJ2@INST_HI[17:16]	00000000	00580000	00000000	affc0000	00000000	0ffc0000	ffffffff	0003ffff	00000000	00000000	00000000	50000000	v_sllrev_imm_b32 p0, v0, v0, 0x00000000
lg200	v_sqrt_f32	4	vop	vector-alu	Computes the square root of the 32-bit floating-point source and writes the result to the vector destination. The predicate gates the lane write.	compute-buffer	floating-point-value	GJ11VD8M.mod2M.clmp1PJ2	GJ11@INST_LO[7:0]+INST_HI[2:0];VD8@INST_LO[31:24];M.mod2@INST_HI[10:9];M.clmp1@INST_HI[11];PJ2@INST_HI[13:12]	00000000	10128000	00000000	ffffc000	00000000	0fffc000	ff0000ff	00003e07	00ffff00	000001f8	00000000	00000000	v_sqrt_f32 p0, v0, zero
lg200	v_sqrt_f64	4	vop	vector-alu	Computes the square root of the 64-bit floating-point source and writes the result to the vector destination. The predicate gates the lane write.	compute-buffer	floating-point-value	GJ11VD8x2M.mod2M.clmp1PJ2	GJ11@INST_LO[7:0]+INST_HI[2:0];VD8x2@INST_LO[31:24];M.mod2@INST_HI[10:9];M.clmp1@INST_HI[11];PJ2@INST_HI[13:12]	00000000	10628000	00000000	ffffc000	00000000	0fffc000	ff0000ff	00003e07	00ffff00	000001f8	00000000	00000000	v_sqrt_f64 p0, v0-v1, zero
lg200	v_sra_b32	4	vop	vector-alu	Arithmetically shifts the signed source right by the masked shift count and writes the result to the vector destination. The predicate gates the lane write.	compute-buffer	integer-value	GJ11GK11VD8M.mod2M.clmp1PJ2	GJ11@INST_LO[7:0]+INST_HI[2:0];GK11@INST_LO[15:8]+INST_HI[5:3];VD8@INST_LO[31:24];M.mod2@INST_HI[10:9];M.clmp1@INST_HI[11];PJ2@INST_HI[13:12]	00000000	1008c000	00000000	ffffc000	00000000	0fffc000	ff00ffff	00003e3f	00ff0000	000001c0	00000000	00000000	v_sra_b32 p0, v0, zero, v0
lg200	v_sra_b64	4	vop	vector-alu	Arithmetically shifts the signed source right by the masked shift count and writes the result to the vector destination. The predicate gates the lane write.	compute-buffer	integer-value	GJ11GK11VD8x2M.mod2M.clmp1PJ2	GJ11@INST_LO[7:0]+INST_HI[2:0];GK11@INST_LO[15:8]+INST_HI[5:3];VD8x2@INST_LO[31:24];M.mod2@INST_HI[10:9];M.clmp1@INST_HI[11];PJ2@INST_HI[13:12]	00000000	10648000	00000000	ffffc000	00000000	0fffc000	ff00ffff	00003e3f	00ff0000	000001c0	00000000	00000000	v_sra_b64 p0, v0-v1, zero, v0
lg200	v_srarev_imm_b32	5	vop-imm	vector-alu	Arithmetically shifts the signed second source right by the first-source shift count and writes the result to the vector destination. The encoded immediate supplies the final arithmetic or logical source operand. The predicate gates the lane write.	compute-buffer	integer-value	IK32VJ8VD8PJ2	IK32@INST_LO[31:0];VJ8@INST_HI[7:0];VD8@INST_HI[15:8];PJ2@INST_HI[17:16]	00000000	40600000	00000000	effc0000	00000000	0ffc0000	ffffffff	0003ffff	00000000	00000000	00000000	10000000	v_srarev_imm_b32 p0, v0, v0, 0x00000000
lg200	v_srl_b32	4	vop	vector-alu	Logically shifts the 32-bit source right by the masked shift count and writes the result to the vector destination. The predicate gates the lane write.	compute-buffer	integer-value	GJ11GK11VD8M.mod2M.clmp1PJ2	GJ11@INST_LO[7:0]+INST_HI[2:0];GK11@INST_LO[15:8]+INST_HI[5:3];VD8@INST_LO[31:24];M.mod2@INST_HI[10:9];M.clmp1@INST_HI[11];PJ2@INST_HI[13:12]	00000000	10088000	00000000	ffffc000	00000000	0fffc000	ff00ffff	00003e3f	00ff0000	000001c0	00000000	00000000	v_srl_b32 p0, v0, zero, v0
lg200	v_srl_b64	4	vop	vector-alu	Logically shifts the 64-bit source right by the masked shift count and writes the result to the vector destination. The predicate gates the lane write.	compute-buffer	integer-value	GJ11GK11VD8x2M.mod2M.clmp1PJ2	GJ11@INST_LO[7:0]+INST_HI[2:0];GK11@INST_LO[15:8]+INST_HI[5:3];VD8x2@INST_LO[31:24];M.mod2@INST_HI[10:9];M.clmp1@INST_HI[11];PJ2@INST_HI[13:12]	00000000	10644000	00000000	ffffc000	00000000	0fffc000	ff00ffff	00003e3f	00ff0000	000001c0	00000000	00000000	v_srl_b64 p0, v0-v1, zero, v0
lg200	v_srlrev_imm_b32	5	vop-imm	vector-alu	Logically shifts the second source right by the first-source shift count and writes the result to the vector destination. The encoded immediate supplies the final arithmetic or logical source operand. The predicate gates the lane write.	compute-buffer	integer-value	IK32VJ8VD8PJ2	IK32@INST_LO[31:0];VJ8@INST_HI[7:0];VD8@INST_HI[15:8];PJ2@INST_HI[17:16]	00000000	005c0000	00000000	affc0000	00000000	0ffc0000	ffffffff	0003ffff	00000000	00000000	00000000	50000000	v_srlrev_imm_b32 p0, v0, v0, 0x00000000
lg200	v_sub_f32	4	vop	vector-alu	Subtracts the second source from the first source and writes the result to the vector destination. The predicate gates the lane write.	compute-buffer	floating-point-value	GJ11GK11VD8M.mod2M.clmp1PJ2	GJ11@INST_LO[7:0]+INST_HI[2:0];GK11@INST_LO[15:8]+INST_HI[5:3];VD8@INST_LO[31:24];M.mod2@INST_HI[10:9];M.clmp1@INST_HI[11];PJ2@INST_HI[13:12]	00000000	10108000	00000000	ffffc000	00000000	0fffc000	ff00ffff	00003e3f	00ff0000	000001c0	00000000	00000000	v_sub_f32 p0, v0, zero, v0
lg200	v_sub_i32	4	vop	vector-alu	Subtracts the second source from the first source and writes the result to the vector destination. The predicate gates the lane write.	compute-buffer	integer-value	GJ11GK11RD8VD8M.mod2M.clmp1PJ2	GJ11@INST_LO[7:0]+INST_HI[2:0];GK11@INST_LO[15:8]+INST_HI[5:3];RD8@INST_LO[23:16];VD8@INST_LO[31:24];M.mod2@INST_HI[10:9];M.clmp1@INST_HI[11];PJ2@INST_HI[13:12]	00000000	1000c000	00000000	ffffc000	00000000	0fffc000	ffffffff	00003e3f	00000000	000001c0	00000000	00000000	v_sub_i32 p0, v0, zero, v0, vcc(s0)
lg200	v_sub_imm_f32	5	vop-imm	vector-alu	Subtracts the second source from the first source and writes the result to the vector destination. The encoded immediate supplies the final arithmetic or logical source operand. The predicate gates the lane write.	compute-buffer	floating-point-value	IK32VJ8VD8PJ2	IK32@INST_LO[31:0];VJ8@INST_HI[7:0];VD8@INST_HI[15:8];PJ2@INST_HI[17:16]	00000000	00800000	00000000	affc0000	00000000	0ffc0000	ffffffff	0003ffff	00000000	00000000	00000000	50000000	v_sub_imm_f32 p0, v0, v0, 0x00000000
lg200	v_sub_imm_i32	5	vop-imm	vector-alu	Subtracts the second source from the first source and writes the result to the vector destination. The encoded immediate supplies the final arithmetic or logical source operand. The predicate gates the lane write.	compute-buffer	integer-value	IK32VJ8VD8PJ2	IK32@INST_LO[31:0];VJ8@INST_HI[7:0];VD8@INST_HI[15:8];PJ2@INST_HI[17:16]	00000000	500c0000	00000000	fffc0000	00000000	0ffc0000	ffffffff	0003ffff	00000000	00000000	00000000	00000000	v_sub_imm_i32 p0, v0, v0, 0x00000000
lg200	v_sub_imm_u32	5	vop-imm	vector-alu	Subtracts the second source from the first source and writes the result to the vector destination. The encoded immediate supplies the final arithmetic or logical source operand. The predicate gates the lane write.	compute-buffer	integer-value	IK32VJ8VD8PJ2	IK32@INST_LO[31:0];VJ8@INST_HI[7:0];VD8@INST_HI[15:8];PJ2@INST_HI[17:16]	00000000	50080000	00000000	fffc0000	00000000	0ffc0000	ffffffff	0003ffff	00000000	00000000	00000000	00000000	v_sub_imm_u32 p0, v0, v0, 0x00000000
lg200	v_sub_u32	4	vop	vector-alu	Subtracts the second source from the first source and writes the result to the vector destination. The predicate gates the lane write.	compute-buffer	integer-value	GJ11GK11RD8VD8M.mod2M.clmp1PJ2	GJ11@INST_LO[7:0]+INST_HI[2:0];GK11@INST_LO[15:8]+INST_HI[5:3];RD8@INST_LO[23:16];VD8@INST_LO[31:24];M.mod2@INST_HI[10:9];M.clmp1@INST_HI[11];PJ2@INST_HI[13:12]	00000000	10008000	00000000	ffffc000	00000000	0fffc000	ffffffff	00003e3f	00000000	000001c0	00000000	00000000	v_sub_u32 p0, v0, zero, v0, vcc(s0)
lg200	v_subb_u32	4	vop	vector-alu	Subtracts the second source from the first source under the VCC borrow-in state and writes the result to the vector destination. [HW-verified 2026-08-25] the borrow operand gates on its low 30 bits: 0 -> plain difference, 0x3fffffff -> difference - 1, any other value -> difference | (difference - 1) (next-Mersenne rounding). The predicate gates the lane write.	compute-buffer	integer-value	GJ11GK11RD8VD8M.mod2M.clmp1PJ2	GJ11@INST_LO[7:0]+INST_HI[2:0];GK11@INST_LO[15:8]+INST_HI[5:3];RD8@INST_LO[23:16];VD8@INST_LO[31:24];M.mod2@INST_HI[10:9];M.clmp1@INST_HI[11];PJ2@INST_HI[13:12]	00000000	1003c000	00000000	ffffc000	00000000	0fffc000	ffffffff	00003e3f	00000000	000001c0	00000000	00000000	v_subb_u32 p0, v0, zero, v0, vcc(s0)
lg200	v_subbrev_u32	4	vop	vector-alu	Subtracts the first source from the second source under the VCC borrow-in state and writes the result to the vector destination. [HW-verified 2026-08-25] the borrow operand gates on its low 30 bits: 0 -> plain difference, 0x3fffffff -> difference - 1, any other value -> difference | (difference - 1) (next-Mersenne rounding). The predicate gates the lane write.	compute-buffer	integer-value	GJ11GK11RD8VD8M.mod2M.clmp1PJ2	GJ11@INST_LO[7:0]+INST_HI[2:0];GK11@INST_LO[15:8]+INST_HI[5:3];RD8@INST_LO[23:16];VD8@INST_LO[31:24];M.mod2@INST_HI[10:9];M.clmp1@INST_HI[11];PJ2@INST_HI[13:12]	00000000	10040000	00000000	ffffc000	00000000	0fffc000	ffffffff	00003e3f	00000000	000001c0	00000000	00000000	v_subbrev_u32 p0, v0, zero, v0, vcc(s0)
lg200	v_subrev_f32	4	vop	vector-alu	Subtracts the first source from the second source and writes the result to the vector destination. The predicate gates the lane write.	compute-buffer	floating-point-value	GJ11GK11VD8M.mod2M.clmp1PJ2	GJ11@INST_LO[7:0]+INST_HI[2:0];GK11@INST_LO[15:8]+INST_HI[5:3];VD8@INST_LO[31:24];M.mod2@INST_HI[10:9];M.clmp1@INST_HI[11];PJ2@INST_HI[13:12]	00000000	1010c000	00000000	ffffc000	00000000	0fffc000	ff00ffff	00003e3f	00ff0000	000001c0	00000000	00000000	v_subrev_f32 p0, v0, zero, v0
lg200	v_subrev_imm_f32	5	vop-imm	vector-alu	Subtracts the first source from the second source and writes the result to the vector destination. The encoded immediate supplies the final arithmetic or logical source operand. The predicate gates the lane write.	compute-buffer	floating-point-value	IK32VJ8VD8PJ2	IK32@INST_LO[31:0];VJ8@INST_HI[7:0];VD8@INST_HI[15:8];PJ2@INST_HI[17:16]	00000000	00840000	00000000	affc0000	00000000	0ffc0000	ffffffff	0003ffff	00000000	00000000	00000000	50000000	v_subrev_imm_f32 p0, v0, v0, 0x00000000
lg200	v_subrev_imm_u32	5	vop-imm	vector-alu	Subtracts the first source from the second source and writes the result to the vector destination. The encoded immediate supplies the final arithmetic or logical source operand. The predicate gates the lane write.	compute-buffer	integer-value	IK32VJ8VD8PJ2	IK32@INST_LO[31:0];VJ8@INST_HI[7:0];VD8@INST_HI[15:8];PJ2@INST_HI[17:16]	00000000	50100000	00000000	fffc0000	00000000	0ffc0000	ffffffff	0003ffff	00000000	00000000	00000000	00000000	v_subrev_imm_u32 p0, v0, v0, 0x00000000
lg200	v_subrev_u32	4	vop	vector-alu	Subtracts the first source from the second source and writes the result to the vector destination. The predicate gates the lane write.	compute-buffer	integer-value	GJ11GK11RD8VD8M.mod2M.clmp1PJ2	GJ11@INST_LO[7:0]+INST_HI[2:0];GK11@INST_LO[15:8]+INST_HI[5:3];RD8@INST_LO[23:16];VD8@INST_LO[31:24];M.mod2@INST_HI[10:9];M.clmp1@INST_HI[11];PJ2@INST_HI[13:12]	00000000	10010000	00000000	ffffc000	00000000	0fffc000	ffffffff	00003e3f	00000000	000001c0	00000000	00000000	v_subrev_u32 p0, v0, zero, v0, vcc(s0)
lg200	v_threadid_u32	4	vop	vector-alu	Writes the active lane's unsigned 32-bit thread identifier to the vector destination. Thread numbering is defined by the dispatch or graphics-stage ABI.	compute-buffer	execution-environment	VD8M.mod2M.clmp1PJ2	VD8@INST_LO[31:24];M.mod2@INST_HI[10:9];M.clmp1@INST_HI[11];PJ2@INST_HI[13:12]	00000000	100f0000	00000000	ffffc000	00000000	0fffc000	ff000000	00003e00	00ffffff	000001ff	00000000	00000000	v_threadid_u32 p0, v0
lg200	v_trunc_f32	4	vop	vector-alu	Rounds the 32-bit floating-point source toward zero to an integral value and writes the result to the vector destination. The predicate gates the lane write.	compute-buffer	floating-point-value	GJ11VD8M.mod2M.clmp1PJ2	GJ11@INST_LO[7:0]+INST_HI[2:0];VD8@INST_LO[31:24];M.mod2@INST_HI[10:9];M.clmp1@INST_HI[11];PJ2@INST_HI[13:12]	00000000	1016c000	00000000	ffffc000	00000000	0fffc000	ff0000ff	00003e07	00ffff00	000001f8	00000000	00000000	v_trunc_f32 p0, v0, zero
lg200	v_trunc_f64	4	vop	vector-alu	Rounds the 64-bit floating-point source toward zero to an integral value and writes the result to the vector destination. The predicate gates the lane write.	compute-buffer	floating-point-value	GJ11VD8x2M.mod2M.clmp1PJ2	GJ11@INST_LO[7:0]+INST_HI[2:0];VD8x2@INST_LO[31:24];M.mod2@INST_HI[10:9];M.clmp1@INST_HI[11];PJ2@INST_HI[13:12]	00000000	1063c000	00000000	ffffc000	00000000	0fffc000	ff0000ff	00003e07	00ffff00	000001f8	00000000	00000000	v_trunc_f64 p0, v0-v1, zero
lg200	v_v2s_b32	4	vop	vector-alu	Copies the selected active lane's 32-bit vector source value to the scalar destination according to the vector-to-scalar selection operand.	compute-buffer	execution-environment	GJ11GK11RD8M.mod2M.clmp1PJ2	GJ11@INST_LO[7:0]+INST_HI[2:0];GK11@INST_LO[15:8]+INST_HI[5:3];RD8@INST_LO[31:24];M.mod2@INST_HI[10:9];M.clmp1@INST_HI[11];PJ2@INST_HI[13:12]	00000000	100e8000	00000000	ffffc000	00000000	0fffc000	ff00ffff	00003e3f	00ff0000	000001c0	00000000	00000000	v_v2s_b32 p0, s0, zero, v0
lg200	v_xnor_b32	4	vop	vector-alu	Computes the complement of the bitwise XOR of the two 32-bit sources and writes the result to the vector destination. The predicate gates the lane write.	compute-buffer	integer-value	GJ11GK11VD8M.mod2M.clmp1PJ2	GJ11@INST_LO[7:0]+INST_HI[2:0];GK11@INST_LO[15:8]+INST_HI[5:3];VD8@INST_LO[31:24];M.mod2@INST_HI[10:9];M.clmp1@INST_HI[11];PJ2@INST_HI[13:12]	00000000	100a0000	00000000	ffffc000	00000000	0fffc000	ff00ffff	00003e3f	00ff0000	000001c0	00000000	00000000	v_xnor_b32 p0, v0, zero, v0
lg200	v_xnor_imm_b32	5	vop-imm	vector-alu	Computes the complement of the bitwise XOR of the two 32-bit sources and writes the result to the vector destination. The encoded immediate supplies the final arithmetic or logical source operand. The predicate gates the lane write.	compute-buffer	integer-value	IK32VJ8VD8PJ2	IK32@INST_LO[31:0];VJ8@INST_HI[7:0];VD8@INST_HI[15:8];PJ2@INST_HI[17:16]	00000000	006c0000	00000000	affc0000	00000000	0ffc0000	ffffffff	0003ffff	00000000	00000000	00000000	50000000	v_xnor_imm_b32 p0, v0, v0, 0x00000000
lg200	v_xor_b32	4	vop	vector-alu	Computes the bitwise XOR of the two 32-bit sources and writes the result to the vector destination. The predicate gates the lane write.	compute-buffer	integer-value	GJ11GK11VD8M.mod2M.clmp1PJ2	GJ11@INST_LO[7:0]+INST_HI[2:0];GK11@INST_LO[15:8]+INST_HI[5:3];VD8@INST_LO[31:24];M.mod2@INST_HI[10:9];M.clmp1@INST_HI[11];PJ2@INST_HI[13:12]	00000000	10080000	00000000	ffffc000	00000000	0fffc000	ff00ffff	00003e3f	00ff0000	000001c0	00000000	00000000	v_xor_b32 p0, v0, zero, v0
lg200	v_xor_imm_b32	5	vop-imm	vector-alu	Computes the bitwise XOR of the two 32-bit sources and writes the result to the vector destination. The encoded immediate supplies the final arithmetic or logical source operand. The predicate gates the lane write.	compute-buffer	integer-value	IK32VJ8VD8PJ2	IK32@INST_LO[31:0];VJ8@INST_HI[7:0];VD8@INST_HI[15:8];PJ2@INST_HI[17:16]	00000000	40540000	00000000	effc0000	00000000	0ffc0000	ffffffff	0003ffff	00000000	00000000	00000000	10000000	v_xor_imm_b32 p0, v0, v0, 0x00000000
