s_abs_i32		0x0	0x00000000
s_abs_i32		0x1	0x00000001
s_abs_i32		0x7fffffff	0x7fffffff
s_abs_i32		0x80000000	0x80000000
s_abs_i32		0xfffffffe	0x00000002
s_abs_i32		0xffffffff	0x00000001
s_absdiff_i32		0x0 0x0	0x00000000
s_absdiff_i32		0x0 0x1	0x00000001
s_absdiff_i32		0x0 0x7fffffff	0x7fffffff
s_absdiff_i32		0x0 0x80000000	0x80000000
s_absdiff_i32		0x0 0xfffffffe	0x00000002
s_absdiff_i32		0x0 0xffffffff	0x00000001
s_absdiff_i32		0x1 0x0	0x00000001
s_absdiff_i32		0x1 0x1	0x00000000
s_absdiff_i32		0x1 0x7fffffff	0x7ffffffe
s_absdiff_i32		0x1 0x80000000	0x7fffffff
s_absdiff_i32		0x1 0xfffffffe	0x00000003
s_absdiff_i32		0x1 0xffffffff	0x00000002
s_absdiff_i32		0x7fffffff 0x0	0x7fffffff
s_absdiff_i32		0x7fffffff 0x1	0x7ffffffe
s_absdiff_i32		0x7fffffff 0x7fffffff	0x00000000
s_absdiff_i32		0x7fffffff 0x80000000	0x00000001
s_absdiff_i32		0x7fffffff 0xfffffffe	0x7fffffff
s_absdiff_i32		0x7fffffff 0xffffffff	0x80000000
s_absdiff_i32		0x80000000 0x0	0x80000000
s_absdiff_i32		0x80000000 0x1	0x7fffffff
s_absdiff_i32		0x80000000 0x7fffffff	0x00000001
s_absdiff_i32		0x80000000 0x80000000	0x00000000
s_absdiff_i32		0x80000000 0xfffffffe	0x7ffffffe
s_absdiff_i32		0x80000000 0xffffffff	0x7fffffff
s_absdiff_i32		0xfffffffe 0x0	0x00000002
s_absdiff_i32		0xfffffffe 0x1	0x00000003
s_absdiff_i32		0xfffffffe 0x7fffffff	0x7fffffff
s_absdiff_i32		0xfffffffe 0x80000000	0x7ffffffe
s_absdiff_i32		0xfffffffe 0xfffffffe	0x00000000
s_absdiff_i32		0xfffffffe 0xffffffff	0x00000001
s_absdiff_i32		0xffffffff 0x0	0x00000001
s_absdiff_i32		0xffffffff 0x1	0x00000002
s_absdiff_i32		0xffffffff 0x7fffffff	0x80000000
s_absdiff_i32		0xffffffff 0x80000000	0x7fffffff
s_absdiff_i32		0xffffffff 0xfffffffe	0x00000001
s_absdiff_i32		0xffffffff 0xffffffff	0x00000000
s_absdiff_u32		0x0 0x0	0x00000000
s_absdiff_u32		0x0 0x1	0x00000001
s_absdiff_u32		0x0 0x7fffffff	0x7fffffff
s_absdiff_u32		0x0 0x80000000	0x80000000
s_absdiff_u32		0x0 0xfffffffe	0xfffffffe
s_absdiff_u32		0x0 0xffffffff	0xffffffff
s_absdiff_u32		0x1 0x0	0x00000001
s_absdiff_u32		0x1 0x1	0x00000000
s_absdiff_u32		0x1 0x7fffffff	0x7ffffffe
s_absdiff_u32		0x1 0x80000000	0x7fffffff
s_absdiff_u32		0x1 0xfffffffe	0xfffffffd
s_absdiff_u32		0x1 0xffffffff	0xfffffffe
s_absdiff_u32		0x7fffffff 0x0	0x7fffffff
s_absdiff_u32		0x7fffffff 0x1	0x7ffffffe
s_absdiff_u32		0x7fffffff 0x7fffffff	0x00000000
s_absdiff_u32		0x7fffffff 0x80000000	0x00000001
s_absdiff_u32		0x7fffffff 0xfffffffe	0x7fffffff
s_absdiff_u32		0x7fffffff 0xffffffff	0x80000000
s_absdiff_u32		0x80000000 0x0	0x80000000
s_absdiff_u32		0x80000000 0x1	0x7fffffff
s_absdiff_u32		0x80000000 0x7fffffff	0x00000001
s_absdiff_u32		0x80000000 0x80000000	0x00000000
s_absdiff_u32		0x80000000 0xfffffffe	0x7ffffffe
s_absdiff_u32		0x80000000 0xffffffff	0x7fffffff
s_absdiff_u32		0xfffffffe 0x0	0xfffffffe
s_absdiff_u32		0xfffffffe 0x1	0xfffffffd
s_absdiff_u32		0xfffffffe 0x7fffffff	0x7fffffff
s_absdiff_u32		0xfffffffe 0x80000000	0x7ffffffe
s_absdiff_u32		0xfffffffe 0xfffffffe	0x00000000
s_absdiff_u32		0xfffffffe 0xffffffff	0x00000001
s_absdiff_u32		0xffffffff 0x0	0xffffffff
s_absdiff_u32		0xffffffff 0x1	0xfffffffe
s_absdiff_u32		0xffffffff 0x7fffffff	0x80000000
s_absdiff_u32		0xffffffff 0x80000000	0x7fffffff
s_absdiff_u32		0xffffffff 0xfffffffe	0x00000001
s_absdiff_u32		0xffffffff 0xffffffff	0x00000000
s_add_i32		0x0 0x0	0x00000000
s_add_i32		0x0 0x1	0x00000001
s_add_i32		0x0 0x7fffffff	0x7fffffff
s_add_i32		0x0 0x80000000	0x80000000
s_add_i32		0x0 0xfffffffe	0xfffffffe
s_add_i32		0x0 0xffffffff	0xffffffff
s_add_i32		0x1 0x0	0x00000001
s_add_i32		0x1 0x1	0x00000002
s_add_i32		0x1 0x7fffffff	0x80000000
s_add_i32		0x1 0x80000000	0x80000001
s_add_i32		0x1 0xfffffffe	0xffffffff
s_add_i32		0x1 0xffffffff	0x00000000
s_add_i32		0x7fffffff 0x0	0x7fffffff
s_add_i32		0x7fffffff 0x1	0x80000000
s_add_i32		0x7fffffff 0x7fffffff	0xfffffffe
s_add_i32		0x7fffffff 0x80000000	0xffffffff
s_add_i32		0x7fffffff 0xfffffffe	0x7ffffffd
s_add_i32		0x7fffffff 0xffffffff	0x7ffffffe
s_add_i32		0x80000000 0x0	0x80000000
s_add_i32		0x80000000 0x1	0x80000001
s_add_i32		0x80000000 0x7fffffff	0xffffffff
s_add_i32		0x80000000 0x80000000	0x00000000
s_add_i32		0x80000000 0xfffffffe	0x7ffffffe
s_add_i32		0x80000000 0xffffffff	0x7fffffff
s_add_i32		0xfffffffe 0x0	0xfffffffe
s_add_i32		0xfffffffe 0x1	0xffffffff
s_add_i32		0xfffffffe 0x7fffffff	0x7ffffffd
s_add_i32		0xfffffffe 0x80000000	0x7ffffffe
s_add_i32		0xfffffffe 0xfffffffe	0xfffffffc
s_add_i32		0xfffffffe 0xffffffff	0xfffffffd
s_add_i32		0xffffffff 0x0	0xffffffff
s_add_i32		0xffffffff 0x1	0x00000000
s_add_i32		0xffffffff 0x7fffffff	0x7ffffffe
s_add_i32		0xffffffff 0x80000000	0x7fffffff
s_add_i32		0xffffffff 0xfffffffe	0xfffffffd
s_add_i32		0xffffffff 0xffffffff	0xfffffffe
s_add_u32		0x0 0x0	0x00000000
s_add_u32		0x0 0x1	0x00000001
s_add_u32		0x0 0x7fffffff	0x7fffffff
s_add_u32		0x0 0x80000000	0x80000000
s_add_u32		0x0 0xfffffffe	0xfffffffe
s_add_u32		0x0 0xffffffff	0xffffffff
s_add_u32		0x1 0x0	0x00000001
s_add_u32		0x1 0x1	0x00000002
s_add_u32		0x1 0x7fffffff	0x80000000
s_add_u32		0x1 0x80000000	0x80000001
s_add_u32		0x1 0xfffffffe	0xffffffff
s_add_u32		0x1 0xffffffff	0x00000000
s_add_u32		0x7fffffff 0x0	0x7fffffff
s_add_u32		0x7fffffff 0x1	0x80000000
s_add_u32		0x7fffffff 0x7fffffff	0xfffffffe
s_add_u32		0x7fffffff 0x80000000	0xffffffff
s_add_u32		0x7fffffff 0xfffffffe	0x7ffffffd
s_add_u32		0x7fffffff 0xffffffff	0x7ffffffe
s_add_u32		0x80000000 0x0	0x80000000
s_add_u32		0x80000000 0x1	0x80000001
s_add_u32		0x80000000 0x7fffffff	0xffffffff
s_add_u32		0x80000000 0x80000000	0x00000000
s_add_u32		0x80000000 0xfffffffe	0x7ffffffe
s_add_u32		0x80000000 0xffffffff	0x7fffffff
s_add_u32		0xfffffffe 0x0	0xfffffffe
s_add_u32		0xfffffffe 0x1	0xffffffff
s_add_u32		0xfffffffe 0x7fffffff	0x7ffffffd
s_add_u32		0xfffffffe 0x80000000	0x7ffffffe
s_add_u32		0xfffffffe 0xfffffffe	0xfffffffc
s_add_u32		0xfffffffe 0xffffffff	0xfffffffd
s_add_u32		0xffffffff 0x0	0xffffffff
s_add_u32		0xffffffff 0x1	0x00000000
s_add_u32		0xffffffff 0x7fffffff	0x7ffffffe
s_add_u32		0xffffffff 0x80000000	0x7fffffff
s_add_u32		0xffffffff 0xfffffffe	0xfffffffd
s_add_u32		0xffffffff 0xffffffff	0xfffffffe
s_addc_u32		0x0 0x0 0x0	0x00000000
s_addc_u32		0x0 0x1 0x0	0x00000001
s_addc_u32		0x0 0x0 0x0	0x00000000
s_addc_u32		0x0 0x1 0x0	0x00000001
s_addc_u32		0x0 0x1 0x1	0x00000002
s_addc_u32		0x0 0x0 0x1	0x00000001
s_addc_u32		0x0 0x7fffffff 0x0	0x7fffffff
s_addc_u32		0x0 0x1 0x7fffffff	0x00000002
s_addc_u32		0x0 0x0 0x7fffffff	0x00000001
s_addc_u32		0x0 0x80000000 0x0	0x80000000
s_addc_u32		0x0 0x1 0x80000000	0x00000002
s_addc_u32		0x0 0x0 0x80000000	0x00000001
s_addc_u32		0x0 0xfffffffe 0x0	0xfffffffe
s_addc_u32		0x0 0x1 0xfffffffe	0x00000002
s_addc_u32		0x0 0x0 0xfffffffe	0x00000001
s_addc_u32		0x0 0xffffffff 0x0	0xffffffff
s_addc_u32		0x0 0x1 0xffffffff	0x00000002
s_addc_u32		0x0 0x0 0xffffffff	0x00000001
s_addc_u32		0x1 0x0 0x0	0x00000001
s_addc_u32		0x1 0x1 0x0	0x00000002
s_addc_u32		0x0 0x1 0x0	0x00000001
s_addc_u32		0x1 0x1 0x0	0x00000002
s_addc_u32		0x1 0x1 0x1	0x00000003
s_addc_u32		0x0 0x1 0x1	0x00000002
s_addc_u32		0x1 0x7fffffff 0x0	0x80000000
s_addc_u32		0x1 0x1 0x7fffffff	0x00000003
s_addc_u32		0x0 0x1 0x7fffffff	0x00000002
s_addc_u32		0x1 0x80000000 0x0	0x80000001
s_addc_u32		0x1 0x1 0x80000000	0x00000003
s_addc_u32		0x0 0x1 0x80000000	0x00000002
s_addc_u32		0x1 0xfffffffe 0x0	0xffffffff
s_addc_u32		0x1 0x1 0xfffffffe	0x00000003
s_addc_u32		0x0 0x1 0xfffffffe	0x00000002
s_addc_u32		0x1 0xffffffff 0x0	0x00000000
s_addc_u32		0x1 0x1 0xffffffff	0x00000003
s_addc_u32		0x0 0x1 0xffffffff	0x00000002
s_addc_u32		0x7fffffff 0x0 0x0	0x7fffffff
s_addc_u32		0x7fffffff 0x1 0x0	0x80000000
s_addc_u32		0x0 0x7fffffff 0x0	0x7fffffff
s_addc_u32		0x7fffffff 0x1 0x0	0x80000000
s_addc_u32		0x7fffffff 0x1 0x1	0x80000001
s_addc_u32		0x0 0x7fffffff 0x1	0x80000000
s_addc_u32		0x7fffffff 0x7fffffff 0x0	0xfffffffe
s_addc_u32		0x7fffffff 0x1 0x7fffffff	0x80000001
s_addc_u32		0x0 0x7fffffff 0x7fffffff	0x80000000
s_addc_u32		0x7fffffff 0x80000000 0x0	0xffffffff
s_addc_u32		0x7fffffff 0x1 0x80000000	0x80000001
s_addc_u32		0x0 0x7fffffff 0x80000000	0x80000000
s_addc_u32		0x7fffffff 0xfffffffe 0x0	0x7ffffffd
s_addc_u32		0x7fffffff 0x1 0xfffffffe	0x80000001
s_addc_u32		0x0 0x7fffffff 0xfffffffe	0x80000000
s_addc_u32		0x7fffffff 0xffffffff 0x0	0x7ffffffe
s_addc_u32		0x7fffffff 0x1 0xffffffff	0x80000001
s_addc_u32		0x0 0x7fffffff 0xffffffff	0x80000000
s_addc_u32		0x80000000 0x0 0x0	0x80000000
s_addc_u32		0x80000000 0x1 0x0	0x80000001
s_addc_u32		0x0 0x80000000 0x0	0x80000000
s_addc_u32		0x80000000 0x1 0x0	0x80000001
s_addc_u32		0x80000000 0x1 0x1	0x80000002
s_addc_u32		0x0 0x80000000 0x1	0x80000001
s_addc_u32		0x80000000 0x7fffffff 0x0	0xffffffff
s_addc_u32		0x80000000 0x1 0x7fffffff	0x80000002
s_addc_u32		0x0 0x80000000 0x7fffffff	0x80000001
s_addc_u32		0x80000000 0x80000000 0x0	0x00000000
s_addc_u32		0x80000000 0x1 0x80000000	0x80000002
s_addc_u32		0x0 0x80000000 0x80000000	0x80000001
s_addc_u32		0x80000000 0xfffffffe 0x0	0x7ffffffe
s_addc_u32		0x80000000 0x1 0xfffffffe	0x80000002
s_addc_u32		0x0 0x80000000 0xfffffffe	0x80000001
s_addc_u32		0x80000000 0xffffffff 0x0	0x7fffffff
s_addc_u32		0x80000000 0x1 0xffffffff	0x80000002
s_addc_u32		0x0 0x80000000 0xffffffff	0x80000001
s_addc_u32		0xfffffffe 0x0 0x0	0xfffffffe
s_addc_u32		0xfffffffe 0x1 0x0	0xffffffff
s_addc_u32		0x0 0xfffffffe 0x0	0xfffffffe
s_addc_u32		0xfffffffe 0x1 0x0	0xffffffff
s_addc_u32		0xfffffffe 0x1 0x1	0x00000000
s_addc_u32		0x0 0xfffffffe 0x1	0xffffffff
s_addc_u32		0xfffffffe 0x7fffffff 0x0	0x7ffffffd
s_addc_u32		0xfffffffe 0x1 0x7fffffff	0x00000000
s_addc_u32		0x0 0xfffffffe 0x7fffffff	0xffffffff
s_addc_u32		0xfffffffe 0x80000000 0x0	0x7ffffffe
s_addc_u32		0xfffffffe 0x1 0x80000000	0x00000000
s_addc_u32		0x0 0xfffffffe 0x80000000	0xffffffff
s_addc_u32		0xfffffffe 0xfffffffe 0x0	0xfffffffc
s_addc_u32		0xfffffffe 0x1 0xfffffffe	0x00000000
s_addc_u32		0x0 0xfffffffe 0xfffffffe	0xffffffff
s_addc_u32		0xfffffffe 0xffffffff 0x0	0xfffffffd
s_addc_u32		0xfffffffe 0x1 0xffffffff	0x00000000
s_addc_u32		0x0 0xfffffffe 0xffffffff	0xffffffff
s_addc_u32		0xffffffff 0x0 0x0	0xffffffff
s_addc_u32		0xffffffff 0x1 0x0	0x00000000
s_addc_u32		0x0 0xffffffff 0x0	0xffffffff
s_addc_u32		0xffffffff 0x1 0x0	0x00000000
s_addc_u32		0xffffffff 0x1 0x1	0x00000001
s_addc_u32		0x0 0xffffffff 0x1	0x00000000
s_addc_u32		0xffffffff 0x7fffffff 0x0	0x7ffffffe
s_addc_u32		0xffffffff 0x1 0x7fffffff	0x00000001
s_addc_u32		0x0 0xffffffff 0x7fffffff	0x00000000
s_addc_u32		0xffffffff 0x80000000 0x0	0x7fffffff
s_addc_u32		0xffffffff 0x1 0x80000000	0x00000001
s_addc_u32		0x0 0xffffffff 0x80000000	0x00000000
s_addc_u32		0xffffffff 0xfffffffe 0x0	0xfffffffd
s_addc_u32		0xffffffff 0x1 0xfffffffe	0x00000001
s_addc_u32		0x0 0xffffffff 0xfffffffe	0x00000000
s_addc_u32		0xffffffff 0xffffffff 0x0	0xfffffffe
s_addc_u32		0xffffffff 0x1 0xffffffff	0x00000001
s_addc_u32		0x0 0xffffffff 0xffffffff	0x00000000
s_addc_u32		0x0 0x0 0x0	0x00000000
s_addc_u32		0x1 0x1 0x1	0x00000003
s_addc_u32		0x7fffffff 0x7fffffff 0x7fffffff	0xffffffff
s_addc_u32		0x80000000 0x80000000 0x80000000	0x00000001
s_addc_u32		0xfffffffe 0xfffffffe 0xfffffffe	0xfffffffd
s_addc_u32		0xffffffff 0xffffffff 0xffffffff	0xffffffff
s_and_b32		0x0 0x0	0x00000000
s_and_b32		0x0 0x1	0x00000000
s_and_b32		0x0 0x7fffffff	0x00000000
s_and_b32		0x0 0x80000000	0x00000000
s_and_b32		0x0 0xfffffffe	0x00000000
s_and_b32		0x0 0xffffffff	0x00000000
s_and_b32		0x1 0x0	0x00000000
s_and_b32		0x1 0x1	0x00000001
s_and_b32		0x1 0x7fffffff	0x00000001
s_and_b32		0x1 0x80000000	0x00000000
s_and_b32		0x1 0xfffffffe	0x00000000
s_and_b32		0x1 0xffffffff	0x00000001
s_and_b32		0x7fffffff 0x0	0x00000000
s_and_b32		0x7fffffff 0x1	0x00000001
s_and_b32		0x7fffffff 0x7fffffff	0x7fffffff
s_and_b32		0x7fffffff 0x80000000	0x00000000
s_and_b32		0x7fffffff 0xfffffffe	0x7ffffffe
s_and_b32		0x7fffffff 0xffffffff	0x7fffffff
s_and_b32		0x80000000 0x0	0x00000000
s_and_b32		0x80000000 0x1	0x00000000
s_and_b32		0x80000000 0x7fffffff	0x00000000
s_and_b32		0x80000000 0x80000000	0x80000000
s_and_b32		0x80000000 0xfffffffe	0x80000000
s_and_b32		0x80000000 0xffffffff	0x80000000
s_and_b32		0xfffffffe 0x0	0x00000000
s_and_b32		0xfffffffe 0x1	0x00000000
s_and_b32		0xfffffffe 0x7fffffff	0x7ffffffe
s_and_b32		0xfffffffe 0x80000000	0x80000000
s_and_b32		0xfffffffe 0xfffffffe	0xfffffffe
s_and_b32		0xfffffffe 0xffffffff	0xfffffffe
s_and_b32		0xffffffff 0x0	0x00000000
s_and_b32		0xffffffff 0x1	0x00000001
s_and_b32		0xffffffff 0x7fffffff	0x7fffffff
s_and_b32		0xffffffff 0x80000000	0x80000000
s_and_b32		0xffffffff 0xfffffffe	0xfffffffe
s_and_b32		0xffffffff 0xffffffff	0xffffffff
s_andn1_b32		0x0 0x0	0x00000000
s_andn1_b32		0x0 0x1	0x00000001
s_andn1_b32		0x0 0x7fffffff	0x7fffffff
s_andn1_b32		0x0 0x80000000	0x80000000
s_andn1_b32		0x0 0xfffffffe	0xfffffffe
s_andn1_b32		0x0 0xffffffff	0xffffffff
s_andn1_b32		0x1 0x0	0x00000000
s_andn1_b32		0x1 0x1	0x00000000
s_andn1_b32		0x1 0x7fffffff	0x7ffffffe
s_andn1_b32		0x1 0x80000000	0x80000000
s_andn1_b32		0x1 0xfffffffe	0xfffffffe
s_andn1_b32		0x1 0xffffffff	0xfffffffe
s_andn1_b32		0x7fffffff 0x0	0x00000000
s_andn1_b32		0x7fffffff 0x1	0x00000000
s_andn1_b32		0x7fffffff 0x7fffffff	0x00000000
s_andn1_b32		0x7fffffff 0x80000000	0x80000000
s_andn1_b32		0x7fffffff 0xfffffffe	0x80000000
s_andn1_b32		0x7fffffff 0xffffffff	0x80000000
s_andn1_b32		0x80000000 0x0	0x00000000
s_andn1_b32		0x80000000 0x1	0x00000001
s_andn1_b32		0x80000000 0x7fffffff	0x7fffffff
s_andn1_b32		0x80000000 0x80000000	0x00000000
s_andn1_b32		0x80000000 0xfffffffe	0x7ffffffe
s_andn1_b32		0x80000000 0xffffffff	0x7fffffff
s_andn1_b32		0xfffffffe 0x0	0x00000000
s_andn1_b32		0xfffffffe 0x1	0x00000001
s_andn1_b32		0xfffffffe 0x7fffffff	0x00000001
s_andn1_b32		0xfffffffe 0x80000000	0x00000000
s_andn1_b32		0xfffffffe 0xfffffffe	0x00000000
s_andn1_b32		0xfffffffe 0xffffffff	0x00000001
s_andn1_b32		0xffffffff 0x0	0x00000000
s_andn1_b32		0xffffffff 0x1	0x00000000
s_andn1_b32		0xffffffff 0x7fffffff	0x00000000
s_andn1_b32		0xffffffff 0x80000000	0x00000000
s_andn1_b32		0xffffffff 0xfffffffe	0x00000000
s_andn1_b32		0xffffffff 0xffffffff	0x00000000
s_andn2_b32		0x0 0x0	0x00000000
s_andn2_b32		0x0 0x1	0x00000000
s_andn2_b32		0x0 0x7fffffff	0x00000000
s_andn2_b32		0x0 0x80000000	0x00000000
s_andn2_b32		0x0 0xfffffffe	0x00000000
s_andn2_b32		0x0 0xffffffff	0x00000000
s_andn2_b32		0x1 0x0	0x00000001
s_andn2_b32		0x1 0x1	0x00000000
s_andn2_b32		0x1 0x7fffffff	0x00000000
s_andn2_b32		0x1 0x80000000	0x00000001
s_andn2_b32		0x1 0xfffffffe	0x00000001
s_andn2_b32		0x1 0xffffffff	0x00000000
s_andn2_b32		0x7fffffff 0x0	0x7fffffff
s_andn2_b32		0x7fffffff 0x1	0x7ffffffe
s_andn2_b32		0x7fffffff 0x7fffffff	0x00000000
s_andn2_b32		0x7fffffff 0x80000000	0x7fffffff
s_andn2_b32		0x7fffffff 0xfffffffe	0x00000001
s_andn2_b32		0x7fffffff 0xffffffff	0x00000000
s_andn2_b32		0x80000000 0x0	0x80000000
s_andn2_b32		0x80000000 0x1	0x80000000
s_andn2_b32		0x80000000 0x7fffffff	0x80000000
s_andn2_b32		0x80000000 0x80000000	0x00000000
s_andn2_b32		0x80000000 0xfffffffe	0x00000000
s_andn2_b32		0x80000000 0xffffffff	0x00000000
s_andn2_b32		0xfffffffe 0x0	0xfffffffe
s_andn2_b32		0xfffffffe 0x1	0xfffffffe
s_andn2_b32		0xfffffffe 0x7fffffff	0x80000000
s_andn2_b32		0xfffffffe 0x80000000	0x7ffffffe
s_andn2_b32		0xfffffffe 0xfffffffe	0x00000000
s_andn2_b32		0xfffffffe 0xffffffff	0x00000000
s_andn2_b32		0xffffffff 0x0	0xffffffff
s_andn2_b32		0xffffffff 0x1	0xfffffffe
s_andn2_b32		0xffffffff 0x7fffffff	0x80000000
s_andn2_b32		0xffffffff 0x80000000	0x7fffffff
s_andn2_b32		0xffffffff 0xfffffffe	0x00000001
s_andn2_b32		0xffffffff 0xffffffff	0x00000000
s_bcnt_0_b32		0x0	0x00000020
s_bcnt_0_b32		0x1	0x0000001f
s_bcnt_0_b32		0x7fffffff	0x00000001
s_bcnt_0_b32		0x80000000	0x0000001f
s_bcnt_0_b32		0xfffffffe	0x00000001
s_bcnt_0_b32		0xffffffff	0x00000000
s_bcnt_1_b32		0x0	0x00000000
s_bcnt_1_b32		0x1	0x00000001
s_bcnt_1_b32		0x7fffffff	0x0000001f
s_bcnt_1_b32		0x80000000	0x00000001
s_bcnt_1_b32		0xfffffffe	0x0000001f
s_bcnt_1_b32		0xffffffff	0x00000020
s_bfe_i32		0x0 0x0 0x0	0x00000000
s_bfe_i32		0x0 0x1 0x0	0x00000000
s_bfe_i32		0x0 0x0 0x0	0x00000000
s_bfe_i32		0x0 0x1 0x0	0x00000000
s_bfe_i32		0x0 0x1 0x1	0x00000000
s_bfe_i32		0x0 0x0 0x1	0x00000000
s_bfe_i32		0x0 0x7fffffff 0x0	0x00000000
s_bfe_i32		0x0 0x1 0x7fffffff	0x00000000
s_bfe_i32		0x0 0x0 0x7fffffff	0x00000000
s_bfe_i32		0x0 0x80000000 0x0	0x00000000
s_bfe_i32		0x0 0x1 0x80000000	0x00000000
s_bfe_i32		0x0 0x0 0x80000000	0x00000000
s_bfe_i32		0x0 0xfffffffe 0x0	0x00000000
s_bfe_i32		0x0 0x1 0xfffffffe	0x00000000
s_bfe_i32		0x0 0x0 0xfffffffe	0x00000000
s_bfe_i32		0x0 0xffffffff 0x0	0x00000000
s_bfe_i32		0x0 0x1 0xffffffff	0x00000000
s_bfe_i32		0x0 0x0 0xffffffff	0x00000000
s_bfe_i32		0x1 0x0 0x0	0x00000000
s_bfe_i32		0x1 0x1 0x0	0x00000000
s_bfe_i32		0x0 0x1 0x0	0x00000000
s_bfe_i32		0x1 0x1 0x0	0x00000000
s_bfe_i32		0x1 0x1 0x1	0x00000000
s_bfe_i32		0x0 0x1 0x1	0x00000000
s_bfe_i32		0x1 0x7fffffff 0x0	0x00000000
s_bfe_i32		0x1 0x1 0x7fffffff	0x00000000
s_bfe_i32		0x0 0x1 0x7fffffff	0x00000000
s_bfe_i32		0x1 0x80000000 0x0	0x00000000
s_bfe_i32		0x1 0x1 0x80000000	0x00000000
s_bfe_i32		0x0 0x1 0x80000000	0x00000000
s_bfe_i32		0x1 0xfffffffe 0x0	0x00000000
s_bfe_i32		0x1 0x1 0xfffffffe	0x00000000
s_bfe_i32		0x0 0x1 0xfffffffe	0x00000000
s_bfe_i32		0x1 0xffffffff 0x0	0x00000000
s_bfe_i32		0x1 0x1 0xffffffff	0x00000000
s_bfe_i32		0x0 0x1 0xffffffff	0x00000000
s_bfe_i32		0x7fffffff 0x0 0x0	0x00000000
s_bfe_i32		0x7fffffff 0x1 0x0	0x00000000
s_bfe_i32		0x0 0x7fffffff 0x0	0x00000000
s_bfe_i32		0x7fffffff 0x1 0x0	0x00000000
s_bfe_i32		0x7fffffff 0x1 0x1	0xffffffff
s_bfe_i32		0x0 0x7fffffff 0x1	0x00000000
s_bfe_i32		0x7fffffff 0x7fffffff 0x0	0x00000000
s_bfe_i32		0x7fffffff 0x1 0x7fffffff	0x3fffffff
s_bfe_i32		0x0 0x7fffffff 0x7fffffff	0x00000000
s_bfe_i32		0x7fffffff 0x80000000 0x0	0x00000000
s_bfe_i32		0x7fffffff 0x1 0x80000000	0x00000000
s_bfe_i32		0x0 0x7fffffff 0x80000000	0x00000000
s_bfe_i32		0x7fffffff 0xfffffffe 0x0	0x00000000
s_bfe_i32		0x7fffffff 0x1 0xfffffffe	0xffffffff
s_bfe_i32		0x0 0x7fffffff 0xfffffffe	0x00000000
s_bfe_i32		0x7fffffff 0xffffffff 0x0	0x00000000
s_bfe_i32		0x7fffffff 0x1 0xffffffff	0x3fffffff
s_bfe_i32		0x0 0x7fffffff 0xffffffff	0x00000000
s_bfe_i32		0x80000000 0x0 0x0	0x00000000
s_bfe_i32		0x80000000 0x1 0x0	0x00000000
s_bfe_i32		0x0 0x80000000 0x0	0x00000000
s_bfe_i32		0x80000000 0x1 0x0	0x00000000
s_bfe_i32		0x80000000 0x1 0x1	0x00000000
s_bfe_i32		0x0 0x80000000 0x1	0x00000000
s_bfe_i32		0x80000000 0x7fffffff 0x0	0x00000000
s_bfe_i32		0x80000000 0x1 0x7fffffff	0xc0000000
s_bfe_i32		0x0 0x80000000 0x7fffffff	0x00000000
s_bfe_i32		0x80000000 0x80000000 0x0	0x00000000
s_bfe_i32		0x80000000 0x1 0x80000000	0x00000000
s_bfe_i32		0x0 0x80000000 0x80000000	0x00000000
s_bfe_i32		0x80000000 0xfffffffe 0x0	0x00000000
s_bfe_i32		0x80000000 0x1 0xfffffffe	0x00000000
s_bfe_i32		0x0 0x80000000 0xfffffffe	0x00000000
s_bfe_i32		0x80000000 0xffffffff 0x0	0x00000000
s_bfe_i32		0x80000000 0x1 0xffffffff	0xc0000000
s_bfe_i32		0x0 0x80000000 0xffffffff	0x00000000
s_bfe_i32		0xfffffffe 0x0 0x0	0x00000000
s_bfe_i32		0xfffffffe 0x1 0x0	0x00000000
s_bfe_i32		0x0 0xfffffffe 0x0	0x00000000
s_bfe_i32		0xfffffffe 0x1 0x0	0x00000000
s_bfe_i32		0xfffffffe 0x1 0x1	0xffffffff
s_bfe_i32		0x0 0xfffffffe 0x1	0x00000000
s_bfe_i32		0xfffffffe 0x7fffffff 0x0	0x00000000
s_bfe_i32		0xfffffffe 0x1 0x7fffffff	0xffffffff
s_bfe_i32		0x0 0xfffffffe 0x7fffffff	0x00000000
s_bfe_i32		0xfffffffe 0x80000000 0x0	0x00000000
s_bfe_i32		0xfffffffe 0x1 0x80000000	0x00000000
s_bfe_i32		0x0 0xfffffffe 0x80000000	0x00000000
s_bfe_i32		0xfffffffe 0xfffffffe 0x0	0x00000000
s_bfe_i32		0xfffffffe 0x1 0xfffffffe	0xffffffff
s_bfe_i32		0x0 0xfffffffe 0xfffffffe	0x00000000
s_bfe_i32		0xfffffffe 0xffffffff 0x0	0x00000000
s_bfe_i32		0xfffffffe 0x1 0xffffffff	0xffffffff
s_bfe_i32		0x0 0xfffffffe 0xffffffff	0x00000000
s_bfe_i32		0xffffffff 0x0 0x0	0x00000000
s_bfe_i32		0xffffffff 0x1 0x0	0x00000000
s_bfe_i32		0x0 0xffffffff 0x0	0x00000000
s_bfe_i32		0xffffffff 0x1 0x0	0x00000000
s_bfe_i32		0xffffffff 0x1 0x1	0xffffffff
s_bfe_i32		0x0 0xffffffff 0x1	0x00000000
s_bfe_i32		0xffffffff 0x7fffffff 0x0	0x00000000
s_bfe_i32		0xffffffff 0x1 0x7fffffff	0xffffffff
s_bfe_i32		0x0 0xffffffff 0x7fffffff	0x00000000
s_bfe_i32		0xffffffff 0x80000000 0x0	0x00000000
s_bfe_i32		0xffffffff 0x1 0x80000000	0x00000000
s_bfe_i32		0x0 0xffffffff 0x80000000	0x00000000
s_bfe_i32		0xffffffff 0xfffffffe 0x0	0x00000000
s_bfe_i32		0xffffffff 0x1 0xfffffffe	0xffffffff
s_bfe_i32		0x0 0xffffffff 0xfffffffe	0x00000000
s_bfe_i32		0xffffffff 0xffffffff 0x0	0x00000000
s_bfe_i32		0xffffffff 0x1 0xffffffff	0xffffffff
s_bfe_i32		0x0 0xffffffff 0xffffffff	0x00000000
s_bfe_i32		0x0 0x0 0x0	0x00000000
s_bfe_i32		0x1 0x1 0x1	0x00000000
s_bfe_i32		0x7fffffff 0x7fffffff 0x7fffffff	0x00000000
s_bfe_i32		0x80000000 0x80000000 0x80000000	0x00000000
s_bfe_i32		0xfffffffe 0xfffffffe 0xfffffffe	0xffffffff
s_bfe_i32		0xffffffff 0xffffffff 0xffffffff	0xffffffff
s_bfe_u32		0x0 0x0 0x0	0x00000000
s_bfe_u32		0x0 0x1 0x0	0x00000000
s_bfe_u32		0x0 0x0 0x0	0x00000000
s_bfe_u32		0x0 0x1 0x0	0x00000000
s_bfe_u32		0x0 0x1 0x1	0x00000000
s_bfe_u32		0x0 0x0 0x1	0x00000000
s_bfe_u32		0x0 0x7fffffff 0x0	0x00000000
s_bfe_u32		0x0 0x1 0x7fffffff	0x00000000
s_bfe_u32		0x0 0x0 0x7fffffff	0x00000000
s_bfe_u32		0x0 0x80000000 0x0	0x00000000
s_bfe_u32		0x0 0x1 0x80000000	0x00000000
s_bfe_u32		0x0 0x0 0x80000000	0x00000000
s_bfe_u32		0x0 0xfffffffe 0x0	0x00000000
s_bfe_u32		0x0 0x1 0xfffffffe	0x00000000
s_bfe_u32		0x0 0x0 0xfffffffe	0x00000000
s_bfe_u32		0x0 0xffffffff 0x0	0x00000000
s_bfe_u32		0x0 0x1 0xffffffff	0x00000000
s_bfe_u32		0x0 0x0 0xffffffff	0x00000000
s_bfe_u32		0x1 0x0 0x0	0x00000000
s_bfe_u32		0x1 0x1 0x0	0x00000000
s_bfe_u32		0x0 0x1 0x0	0x00000000
s_bfe_u32		0x1 0x1 0x0	0x00000000
s_bfe_u32		0x1 0x1 0x1	0x00000000
s_bfe_u32		0x0 0x1 0x1	0x00000000
s_bfe_u32		0x1 0x7fffffff 0x0	0x00000000
s_bfe_u32		0x1 0x1 0x7fffffff	0x00000000
s_bfe_u32		0x0 0x1 0x7fffffff	0x00000000
s_bfe_u32		0x1 0x80000000 0x0	0x00000000
s_bfe_u32		0x1 0x1 0x80000000	0x00000000
s_bfe_u32		0x0 0x1 0x80000000	0x00000000
s_bfe_u32		0x1 0xfffffffe 0x0	0x00000000
s_bfe_u32		0x1 0x1 0xfffffffe	0x00000000
s_bfe_u32		0x0 0x1 0xfffffffe	0x00000000
s_bfe_u32		0x1 0xffffffff 0x0	0x00000000
s_bfe_u32		0x1 0x1 0xffffffff	0x00000000
s_bfe_u32		0x0 0x1 0xffffffff	0x00000000
s_bfe_u32		0x7fffffff 0x0 0x0	0x00000000
s_bfe_u32		0x7fffffff 0x1 0x0	0x00000000
s_bfe_u32		0x0 0x7fffffff 0x0	0x00000000
s_bfe_u32		0x7fffffff 0x1 0x0	0x00000000
s_bfe_u32		0x7fffffff 0x1 0x1	0x00000001
s_bfe_u32		0x0 0x7fffffff 0x1	0x00000000
s_bfe_u32		0x7fffffff 0x7fffffff 0x0	0x00000000
s_bfe_u32		0x7fffffff 0x1 0x7fffffff	0x3fffffff
s_bfe_u32		0x0 0x7fffffff 0x7fffffff	0x00000000
s_bfe_u32		0x7fffffff 0x80000000 0x0	0x00000000
s_bfe_u32		0x7fffffff 0x1 0x80000000	0x00000000
s_bfe_u32		0x0 0x7fffffff 0x80000000	0x00000000
s_bfe_u32		0x7fffffff 0xfffffffe 0x0	0x00000000
s_bfe_u32		0x7fffffff 0x1 0xfffffffe	0x3fffffff
s_bfe_u32		0x0 0x7fffffff 0xfffffffe	0x00000000
s_bfe_u32		0x7fffffff 0xffffffff 0x0	0x00000000
s_bfe_u32		0x7fffffff 0x1 0xffffffff	0x3fffffff
s_bfe_u32		0x0 0x7fffffff 0xffffffff	0x00000000
s_bfe_u32		0x80000000 0x0 0x0	0x00000000
s_bfe_u32		0x80000000 0x1 0x0	0x00000000
s_bfe_u32		0x0 0x80000000 0x0	0x00000000
s_bfe_u32		0x80000000 0x1 0x0	0x00000000
s_bfe_u32		0x80000000 0x1 0x1	0x00000000
s_bfe_u32		0x0 0x80000000 0x1	0x00000000
s_bfe_u32		0x80000000 0x7fffffff 0x0	0x00000000
s_bfe_u32		0x80000000 0x1 0x7fffffff	0x40000000
s_bfe_u32		0x0 0x80000000 0x7fffffff	0x00000000
s_bfe_u32		0x80000000 0x80000000 0x0	0x00000000
s_bfe_u32		0x80000000 0x1 0x80000000	0x00000000
s_bfe_u32		0x0 0x80000000 0x80000000	0x00000000
s_bfe_u32		0x80000000 0xfffffffe 0x0	0x00000000
s_bfe_u32		0x80000000 0x1 0xfffffffe	0x00000000
s_bfe_u32		0x0 0x80000000 0xfffffffe	0x00000000
s_bfe_u32		0x80000000 0xffffffff 0x0	0x00000000
s_bfe_u32		0x80000000 0x1 0xffffffff	0x40000000
s_bfe_u32		0x0 0x80000000 0xffffffff	0x00000000
s_bfe_u32		0xfffffffe 0x0 0x0	0x00000000
s_bfe_u32		0xfffffffe 0x1 0x0	0x00000000
s_bfe_u32		0x0 0xfffffffe 0x0	0x00000000
s_bfe_u32		0xfffffffe 0x1 0x0	0x00000000
s_bfe_u32		0xfffffffe 0x1 0x1	0x00000001
s_bfe_u32		0x0 0xfffffffe 0x1	0x00000000
s_bfe_u32		0xfffffffe 0x7fffffff 0x0	0x00000000
s_bfe_u32		0xfffffffe 0x1 0x7fffffff	0x7fffffff
s_bfe_u32		0x0 0xfffffffe 0x7fffffff	0x00000000
s_bfe_u32		0xfffffffe 0x80000000 0x0	0x00000000
s_bfe_u32		0xfffffffe 0x1 0x80000000	0x00000000
s_bfe_u32		0x0 0xfffffffe 0x80000000	0x00000000
s_bfe_u32		0xfffffffe 0xfffffffe 0x0	0x00000000
s_bfe_u32		0xfffffffe 0x1 0xfffffffe	0x3fffffff
s_bfe_u32		0x0 0xfffffffe 0xfffffffe	0x00000000
s_bfe_u32		0xfffffffe 0xffffffff 0x0	0x00000000
s_bfe_u32		0xfffffffe 0x1 0xffffffff	0x7fffffff
s_bfe_u32		0x0 0xfffffffe 0xffffffff	0x00000000
s_bfe_u32		0xffffffff 0x0 0x0	0x00000000
s_bfe_u32		0xffffffff 0x1 0x0	0x00000000
s_bfe_u32		0x0 0xffffffff 0x0	0x00000000
s_bfe_u32		0xffffffff 0x1 0x0	0x00000000
s_bfe_u32		0xffffffff 0x1 0x1	0x00000001
s_bfe_u32		0x0 0xffffffff 0x1	0x00000000
s_bfe_u32		0xffffffff 0x7fffffff 0x0	0x00000000
s_bfe_u32		0xffffffff 0x1 0x7fffffff	0x7fffffff
s_bfe_u32		0x0 0xffffffff 0x7fffffff	0x00000000
s_bfe_u32		0xffffffff 0x80000000 0x0	0x00000000
s_bfe_u32		0xffffffff 0x1 0x80000000	0x00000000
s_bfe_u32		0x0 0xffffffff 0x80000000	0x00000000
s_bfe_u32		0xffffffff 0xfffffffe 0x0	0x00000000
s_bfe_u32		0xffffffff 0x1 0xfffffffe	0x3fffffff
s_bfe_u32		0x0 0xffffffff 0xfffffffe	0x00000000
s_bfe_u32		0xffffffff 0xffffffff 0x0	0x00000000
s_bfe_u32		0xffffffff 0x1 0xffffffff	0x7fffffff
s_bfe_u32		0x0 0xffffffff 0xffffffff	0x00000000
s_bfe_u32		0x0 0x0 0x0	0x00000000
s_bfe_u32		0x1 0x1 0x1	0x00000000
s_bfe_u32		0x7fffffff 0x7fffffff 0x7fffffff	0x00000000
s_bfe_u32		0x80000000 0x80000000 0x80000000	0x00000000
s_bfe_u32		0xfffffffe 0xfffffffe 0xfffffffe	0x00000003
s_bfe_u32		0xffffffff 0xffffffff 0xffffffff	0x00000001
s_bfm_b32		0x0 0x0	0x00000000
s_bfm_b32		0x0 0x1	0x00000000
s_bfm_b32		0x0 0x7fffffff	0x00000000
s_bfm_b32		0x0 0x80000000	0x00000000
s_bfm_b32		0x0 0xfffffffe	0x00000000
s_bfm_b32		0x0 0xffffffff	0x00000000
s_bfm_b32		0x1 0x0	0x00000001
s_bfm_b32		0x1 0x1	0x00000002
s_bfm_b32		0x1 0x7fffffff	0x80000000
s_bfm_b32		0x1 0x80000000	0x00000001
s_bfm_b32		0x1 0xfffffffe	0x40000000
s_bfm_b32		0x1 0xffffffff	0x80000000
s_bfm_b32		0x7fffffff 0x0	0x7fffffff
s_bfm_b32		0x7fffffff 0x1	0xfffffffe
s_bfm_b32		0x7fffffff 0x7fffffff	0x80000000
s_bfm_b32		0x7fffffff 0x80000000	0x7fffffff
s_bfm_b32		0x7fffffff 0xfffffffe	0xc0000000
s_bfm_b32		0x7fffffff 0xffffffff	0x80000000
s_bfm_b32		0x80000000 0x0	0x00000000
s_bfm_b32		0x80000000 0x1	0x00000000
s_bfm_b32		0x80000000 0x7fffffff	0x00000000
s_bfm_b32		0x80000000 0x80000000	0x00000000
s_bfm_b32		0x80000000 0xfffffffe	0x00000000
s_bfm_b32		0x80000000 0xffffffff	0x00000000
s_bfm_b32		0xfffffffe 0x0	0x3fffffff
s_bfm_b32		0xfffffffe 0x1	0x7ffffffe
s_bfm_b32		0xfffffffe 0x7fffffff	0x80000000
s_bfm_b32		0xfffffffe 0x80000000	0x3fffffff
s_bfm_b32		0xfffffffe 0xfffffffe	0xc0000000
s_bfm_b32		0xfffffffe 0xffffffff	0x80000000
s_bfm_b32		0xffffffff 0x0	0x7fffffff
s_bfm_b32		0xffffffff 0x1	0xfffffffe
s_bfm_b32		0xffffffff 0x7fffffff	0x80000000
s_bfm_b32		0xffffffff 0x80000000	0x7fffffff
s_bfm_b32		0xffffffff 0xfffffffe	0xc0000000
s_bfm_b32		0xffffffff 0xffffffff	0x80000000
s_bfrev_b32		0x0	0x00000000
s_bfrev_b32		0x1	0x80000000
s_bfrev_b32		0x7fffffff	0xfffffffe
s_bfrev_b32		0x80000000	0x00000001
s_bfrev_b32		0xfffffffe	0x7fffffff
s_bfrev_b32		0xffffffff	0xffffffff
s_bitcmp0_b32		0x0 0x0	0x0000ffff
s_bitcmp0_b32		0x0 0x1	0x0000ffff
s_bitcmp0_b32		0x0 0x7fffffff	0x0000ffff
s_bitcmp0_b32		0x0 0x80000000	0x0000ffff
s_bitcmp0_b32		0x0 0xfffffffe	0x0000ffff
s_bitcmp0_b32		0x0 0xffffffff	0x0000ffff
s_bitcmp0_b32		0x1 0x0	0x00000000
s_bitcmp0_b32		0x1 0x1	0x0000ffff
s_bitcmp0_b32		0x1 0x7fffffff	0x0000ffff
s_bitcmp0_b32		0x1 0x80000000	0x00000000
s_bitcmp0_b32		0x1 0xfffffffe	0x0000ffff
s_bitcmp0_b32		0x1 0xffffffff	0x0000ffff
s_bitcmp0_b32		0x7fffffff 0x0	0x00000000
s_bitcmp0_b32		0x7fffffff 0x1	0x00000000
s_bitcmp0_b32		0x7fffffff 0x7fffffff	0x0000ffff
s_bitcmp0_b32		0x7fffffff 0x80000000	0x00000000
s_bitcmp0_b32		0x7fffffff 0xfffffffe	0x00000000
s_bitcmp0_b32		0x7fffffff 0xffffffff	0x0000ffff
s_bitcmp0_b32		0x80000000 0x0	0x0000ffff
s_bitcmp0_b32		0x80000000 0x1	0x0000ffff
s_bitcmp0_b32		0x80000000 0x7fffffff	0x00000000
s_bitcmp0_b32		0x80000000 0x80000000	0x0000ffff
s_bitcmp0_b32		0x80000000 0xfffffffe	0x0000ffff
s_bitcmp0_b32		0x80000000 0xffffffff	0x00000000
s_bitcmp0_b32		0xfffffffe 0x0	0x0000ffff
s_bitcmp0_b32		0xfffffffe 0x1	0x00000000
s_bitcmp0_b32		0xfffffffe 0x7fffffff	0x00000000
s_bitcmp0_b32		0xfffffffe 0x80000000	0x0000ffff
s_bitcmp0_b32		0xfffffffe 0xfffffffe	0x00000000
s_bitcmp0_b32		0xfffffffe 0xffffffff	0x00000000
s_bitcmp0_b32		0xffffffff 0x0	0x00000000
s_bitcmp0_b32		0xffffffff 0x1	0x00000000
s_bitcmp0_b32		0xffffffff 0x7fffffff	0x00000000
s_bitcmp0_b32		0xffffffff 0x80000000	0x00000000
s_bitcmp0_b32		0xffffffff 0xfffffffe	0x00000000
s_bitcmp0_b32		0xffffffff 0xffffffff	0x00000000
s_bitcmp1_b32		0x0 0x0	0x00000000
s_bitcmp1_b32		0x0 0x1	0x00000000
s_bitcmp1_b32		0x0 0x7fffffff	0x00000000
s_bitcmp1_b32		0x0 0x80000000	0x00000000
s_bitcmp1_b32		0x0 0xfffffffe	0x00000000
s_bitcmp1_b32		0x0 0xffffffff	0x00000000
s_bitcmp1_b32		0x1 0x0	0x0000ffff
s_bitcmp1_b32		0x1 0x1	0x00000000
s_bitcmp1_b32		0x1 0x7fffffff	0x00000000
s_bitcmp1_b32		0x1 0x80000000	0x0000ffff
s_bitcmp1_b32		0x1 0xfffffffe	0x00000000
s_bitcmp1_b32		0x1 0xffffffff	0x00000000
s_bitcmp1_b32		0x7fffffff 0x0	0x0000ffff
s_bitcmp1_b32		0x7fffffff 0x1	0x0000ffff
s_bitcmp1_b32		0x7fffffff 0x7fffffff	0x00000000
s_bitcmp1_b32		0x7fffffff 0x80000000	0x0000ffff
s_bitcmp1_b32		0x7fffffff 0xfffffffe	0x0000ffff
s_bitcmp1_b32		0x7fffffff 0xffffffff	0x00000000
s_bitcmp1_b32		0x80000000 0x0	0x00000000
s_bitcmp1_b32		0x80000000 0x1	0x00000000
s_bitcmp1_b32		0x80000000 0x7fffffff	0x0000ffff
s_bitcmp1_b32		0x80000000 0x80000000	0x00000000
s_bitcmp1_b32		0x80000000 0xfffffffe	0x00000000
s_bitcmp1_b32		0x80000000 0xffffffff	0x0000ffff
s_bitcmp1_b32		0xfffffffe 0x0	0x00000000
s_bitcmp1_b32		0xfffffffe 0x1	0x0000ffff
s_bitcmp1_b32		0xfffffffe 0x7fffffff	0x0000ffff
s_bitcmp1_b32		0xfffffffe 0x80000000	0x00000000
s_bitcmp1_b32		0xfffffffe 0xfffffffe	0x0000ffff
s_bitcmp1_b32		0xfffffffe 0xffffffff	0x0000ffff
s_bitcmp1_b32		0xffffffff 0x0	0x0000ffff
s_bitcmp1_b32		0xffffffff 0x1	0x0000ffff
s_bitcmp1_b32		0xffffffff 0x7fffffff	0x0000ffff
s_bitcmp1_b32		0xffffffff 0x80000000	0x0000ffff
s_bitcmp1_b32		0xffffffff 0xfffffffe	0x0000ffff
s_bitcmp1_b32		0xffffffff 0xffffffff	0x0000ffff
s_bitset0_b32		0x0 0x0	0x00000000
s_bitset0_b32		0x0 0x1	0x00000000
s_bitset0_b32		0x0 0x7fffffff	0x00000000
s_bitset0_b32		0x0 0x80000000	0x00000000
s_bitset0_b32		0x0 0xfffffffe	0x00000000
s_bitset0_b32		0x0 0xffffffff	0x00000000
s_bitset0_b32		0x1 0x0	0x00000000
s_bitset0_b32		0x1 0x1	0x00000001
s_bitset0_b32		0x1 0x7fffffff	0x00000001
s_bitset0_b32		0x1 0x80000000	0x00000000
s_bitset0_b32		0x1 0xfffffffe	0x00000001
s_bitset0_b32		0x1 0xffffffff	0x00000001
s_bitset0_b32		0x7fffffff 0x0	0x7ffffffe
s_bitset0_b32		0x7fffffff 0x1	0x7ffffffd
s_bitset0_b32		0x7fffffff 0x7fffffff	0x7fffffff
s_bitset0_b32		0x7fffffff 0x80000000	0x7ffffffe
s_bitset0_b32		0x7fffffff 0xfffffffe	0x3fffffff
s_bitset0_b32		0x7fffffff 0xffffffff	0x7fffffff
s_bitset0_b32		0x80000000 0x0	0x80000000
s_bitset0_b32		0x80000000 0x1	0x80000000
s_bitset0_b32		0x80000000 0x7fffffff	0x00000000
s_bitset0_b32		0x80000000 0x80000000	0x80000000
s_bitset0_b32		0x80000000 0xfffffffe	0x80000000
s_bitset0_b32		0x80000000 0xffffffff	0x00000000
s_bitset0_b32		0xfffffffe 0x0	0xfffffffe
s_bitset0_b32		0xfffffffe 0x1	0xfffffffc
s_bitset0_b32		0xfffffffe 0x7fffffff	0x7ffffffe
s_bitset0_b32		0xfffffffe 0x80000000	0xfffffffe
s_bitset0_b32		0xfffffffe 0xfffffffe	0xbffffffe
s_bitset0_b32		0xfffffffe 0xffffffff	0x7ffffffe
s_bitset0_b32		0xffffffff 0x0	0xfffffffe
s_bitset0_b32		0xffffffff 0x1	0xfffffffd
s_bitset0_b32		0xffffffff 0x7fffffff	0x7fffffff
s_bitset0_b32		0xffffffff 0x80000000	0xfffffffe
s_bitset0_b32		0xffffffff 0xfffffffe	0xbfffffff
s_bitset0_b32		0xffffffff 0xffffffff	0x7fffffff
s_bitset1_b32		0x0 0x0	0x00000001
s_bitset1_b32		0x0 0x1	0x00000002
s_bitset1_b32		0x0 0x7fffffff	0x80000000
s_bitset1_b32		0x0 0x80000000	0x00000001
s_bitset1_b32		0x0 0xfffffffe	0x40000000
s_bitset1_b32		0x0 0xffffffff	0x80000000
s_bitset1_b32		0x1 0x0	0x00000001
s_bitset1_b32		0x1 0x1	0x00000003
s_bitset1_b32		0x1 0x7fffffff	0x80000001
s_bitset1_b32		0x1 0x80000000	0x00000001
s_bitset1_b32		0x1 0xfffffffe	0x40000001
s_bitset1_b32		0x1 0xffffffff	0x80000001
s_bitset1_b32		0x7fffffff 0x0	0x7fffffff
s_bitset1_b32		0x7fffffff 0x1	0x7fffffff
s_bitset1_b32		0x7fffffff 0x7fffffff	0xffffffff
s_bitset1_b32		0x7fffffff 0x80000000	0x7fffffff
s_bitset1_b32		0x7fffffff 0xfffffffe	0x7fffffff
s_bitset1_b32		0x7fffffff 0xffffffff	0xffffffff
s_bitset1_b32		0x80000000 0x0	0x80000001
s_bitset1_b32		0x80000000 0x1	0x80000002
s_bitset1_b32		0x80000000 0x7fffffff	0x80000000
s_bitset1_b32		0x80000000 0x80000000	0x80000001
s_bitset1_b32		0x80000000 0xfffffffe	0xc0000000
s_bitset1_b32		0x80000000 0xffffffff	0x80000000
s_bitset1_b32		0xfffffffe 0x0	0xffffffff
s_bitset1_b32		0xfffffffe 0x1	0xfffffffe
s_bitset1_b32		0xfffffffe 0x7fffffff	0xfffffffe
s_bitset1_b32		0xfffffffe 0x80000000	0xffffffff
s_bitset1_b32		0xfffffffe 0xfffffffe	0xfffffffe
s_bitset1_b32		0xfffffffe 0xffffffff	0xfffffffe
s_bitset1_b32		0xffffffff 0x0	0xffffffff
s_bitset1_b32		0xffffffff 0x1	0xffffffff
s_bitset1_b32		0xffffffff 0x7fffffff	0xffffffff
s_bitset1_b32		0xffffffff 0x80000000	0xffffffff
s_bitset1_b32		0xffffffff 0xfffffffe	0xffffffff
s_bitset1_b32		0xffffffff 0xffffffff	0xffffffff
s_clb_b32		0x0	0x00000020
s_clb_b32		0x1	0x0000001f
s_clb_b32		0x7fffffff	0x00000001
s_clb_b32		0x80000000	0x00000001
s_clb_b32		0xfffffffe	0x0000001f
s_clb_b32		0xffffffff	0x00000020
s_clo_b32		0x0	0x00000000
s_clo_b32		0x1	0x00000000
s_clo_b32		0x7fffffff	0x00000000
s_clo_b32		0x80000000	0x00000001
s_clo_b32		0xfffffffe	0x0000001f
s_clo_b32		0xffffffff	0x00000020
s_clz_b32		0x0	0x00000020
s_clz_b32		0x1	0x0000001f
s_clz_b32		0x7fffffff	0x00000001
s_clz_b32		0x80000000	0x00000000
s_clz_b32		0xfffffffe	0x00000000
s_clz_b32		0xffffffff	0x00000000
s_cmp		0x0 0x0	0x0000ffff
s_cmp		0x0 0x1	0x00000000
s_cmp		0x0 0x7fffffff	0x00000000
s_cmp		0x0 0x80000000	0x00000000
s_cmp		0x0 0xfffffffe	0x00000000
s_cmp		0x0 0xffffffff	0x00000000
s_cmp		0x1 0x0	0x00000000
s_cmp		0x1 0x1	0x0000ffff
s_cmp		0x1 0x7fffffff	0x00000000
s_cmp		0x1 0x80000000	0x00000000
s_cmp		0x1 0xfffffffe	0x00000000
s_cmp		0x1 0xffffffff	0x00000000
s_cmp		0x7fffffff 0x0	0x00000000
s_cmp		0x7fffffff 0x1	0x00000000
s_cmp		0x7fffffff 0x7fffffff	0x0000ffff
s_cmp		0x7fffffff 0x80000000	0x00000000
s_cmp		0x7fffffff 0xfffffffe	0x00000000
s_cmp		0x7fffffff 0xffffffff	0x00000000
s_cmp		0x80000000 0x0	0x00000000
s_cmp		0x80000000 0x1	0x00000000
s_cmp		0x80000000 0x7fffffff	0x00000000
s_cmp		0x80000000 0x80000000	0x0000ffff
s_cmp		0x80000000 0xfffffffe	0x00000000
s_cmp		0x80000000 0xffffffff	0x00000000
s_cmp		0xfffffffe 0x0	0x00000000
s_cmp		0xfffffffe 0x1	0x00000000
s_cmp		0xfffffffe 0x7fffffff	0x00000000
s_cmp		0xfffffffe 0x80000000	0x00000000
s_cmp		0xfffffffe 0xfffffffe	0x0000ffff
s_cmp		0xfffffffe 0xffffffff	0x00000000
s_cmp		0xffffffff 0x0	0x00000000
s_cmp		0xffffffff 0x1	0x00000000
s_cmp		0xffffffff 0x7fffffff	0x00000000
s_cmp		0xffffffff 0x80000000	0x00000000
s_cmp		0xffffffff 0xfffffffe	0x00000000
s_cmp		0xffffffff 0xffffffff	0x0000ffff
s_cmp_eq_i32		0x0 0x0	0x0000ffff
s_cmp_eq_i32		0x0 0x1	0x00000000
s_cmp_eq_i32		0x0 0x7fffffff	0x00000000
s_cmp_eq_i32		0x0 0x80000000	0x00000000
s_cmp_eq_i32		0x0 0xfffffffe	0x00000000
s_cmp_eq_i32		0x0 0xffffffff	0x00000000
s_cmp_eq_i32		0x1 0x0	0x00000000
s_cmp_eq_i32		0x1 0x1	0x0000ffff
s_cmp_eq_i32		0x1 0x7fffffff	0x00000000
s_cmp_eq_i32		0x1 0x80000000	0x00000000
s_cmp_eq_i32		0x1 0xfffffffe	0x00000000
s_cmp_eq_i32		0x1 0xffffffff	0x00000000
s_cmp_eq_i32		0x7fffffff 0x0	0x00000000
s_cmp_eq_i32		0x7fffffff 0x1	0x00000000
s_cmp_eq_i32		0x7fffffff 0x7fffffff	0x0000ffff
s_cmp_eq_i32		0x7fffffff 0x80000000	0x00000000
s_cmp_eq_i32		0x7fffffff 0xfffffffe	0x00000000
s_cmp_eq_i32		0x7fffffff 0xffffffff	0x00000000
s_cmp_eq_i32		0x80000000 0x0	0x00000000
s_cmp_eq_i32		0x80000000 0x1	0x00000000
s_cmp_eq_i32		0x80000000 0x7fffffff	0x00000000
s_cmp_eq_i32		0x80000000 0x80000000	0x0000ffff
s_cmp_eq_i32		0x80000000 0xfffffffe	0x00000000
s_cmp_eq_i32		0x80000000 0xffffffff	0x00000000
s_cmp_eq_i32		0xfffffffe 0x0	0x00000000
s_cmp_eq_i32		0xfffffffe 0x1	0x00000000
s_cmp_eq_i32		0xfffffffe 0x7fffffff	0x00000000
s_cmp_eq_i32		0xfffffffe 0x80000000	0x00000000
s_cmp_eq_i32		0xfffffffe 0xfffffffe	0x0000ffff
s_cmp_eq_i32		0xfffffffe 0xffffffff	0x00000000
s_cmp_eq_i32		0xffffffff 0x0	0x00000000
s_cmp_eq_i32		0xffffffff 0x1	0x00000000
s_cmp_eq_i32		0xffffffff 0x7fffffff	0x00000000
s_cmp_eq_i32		0xffffffff 0x80000000	0x00000000
s_cmp_eq_i32		0xffffffff 0xfffffffe	0x00000000
s_cmp_eq_i32		0xffffffff 0xffffffff	0x0000ffff
s_cmp_eq_u32		0x0 0x0	0x0000ffff
s_cmp_eq_u32		0x0 0x1	0x00000000
s_cmp_eq_u32		0x0 0x7fffffff	0x00000000
s_cmp_eq_u32		0x0 0x80000000	0x00000000
s_cmp_eq_u32		0x0 0xfffffffe	0x00000000
s_cmp_eq_u32		0x0 0xffffffff	0x00000000
s_cmp_eq_u32		0x1 0x0	0x00000000
s_cmp_eq_u32		0x1 0x1	0x0000ffff
s_cmp_eq_u32		0x1 0x7fffffff	0x00000000
s_cmp_eq_u32		0x1 0x80000000	0x00000000
s_cmp_eq_u32		0x1 0xfffffffe	0x00000000
s_cmp_eq_u32		0x1 0xffffffff	0x00000000
s_cmp_eq_u32		0x7fffffff 0x0	0x00000000
s_cmp_eq_u32		0x7fffffff 0x1	0x00000000
s_cmp_eq_u32		0x7fffffff 0x7fffffff	0x0000ffff
s_cmp_eq_u32		0x7fffffff 0x80000000	0x00000000
s_cmp_eq_u32		0x7fffffff 0xfffffffe	0x00000000
s_cmp_eq_u32		0x7fffffff 0xffffffff	0x00000000
s_cmp_eq_u32		0x80000000 0x0	0x00000000
s_cmp_eq_u32		0x80000000 0x1	0x00000000
s_cmp_eq_u32		0x80000000 0x7fffffff	0x00000000
s_cmp_eq_u32		0x80000000 0x80000000	0x0000ffff
s_cmp_eq_u32		0x80000000 0xfffffffe	0x00000000
s_cmp_eq_u32		0x80000000 0xffffffff	0x00000000
s_cmp_eq_u32		0xfffffffe 0x0	0x00000000
s_cmp_eq_u32		0xfffffffe 0x1	0x00000000
s_cmp_eq_u32		0xfffffffe 0x7fffffff	0x00000000
s_cmp_eq_u32		0xfffffffe 0x80000000	0x00000000
s_cmp_eq_u32		0xfffffffe 0xfffffffe	0x0000ffff
s_cmp_eq_u32		0xfffffffe 0xffffffff	0x00000000
s_cmp_eq_u32		0xffffffff 0x0	0x00000000
s_cmp_eq_u32		0xffffffff 0x1	0x00000000
s_cmp_eq_u32		0xffffffff 0x7fffffff	0x00000000
s_cmp_eq_u32		0xffffffff 0x80000000	0x00000000
s_cmp_eq_u32		0xffffffff 0xfffffffe	0x00000000
s_cmp_eq_u32		0xffffffff 0xffffffff	0x0000ffff
s_cmp_ge_i32		0x0 0x0	0x0000ffff
s_cmp_ge_i32		0x0 0x1	0x00000000
s_cmp_ge_i32		0x0 0x7fffffff	0x00000000
s_cmp_ge_i32		0x0 0x80000000	0x0000ffff
s_cmp_ge_i32		0x0 0xfffffffe	0x0000ffff
s_cmp_ge_i32		0x0 0xffffffff	0x0000ffff
s_cmp_ge_i32		0x1 0x0	0x0000ffff
s_cmp_ge_i32		0x1 0x1	0x0000ffff
s_cmp_ge_i32		0x1 0x7fffffff	0x00000000
s_cmp_ge_i32		0x1 0x80000000	0x0000ffff
s_cmp_ge_i32		0x1 0xfffffffe	0x0000ffff
s_cmp_ge_i32		0x1 0xffffffff	0x0000ffff
s_cmp_ge_i32		0x7fffffff 0x0	0x0000ffff
s_cmp_ge_i32		0x7fffffff 0x1	0x0000ffff
s_cmp_ge_i32		0x7fffffff 0x7fffffff	0x0000ffff
s_cmp_ge_i32		0x7fffffff 0x80000000	0x0000ffff
s_cmp_ge_i32		0x7fffffff 0xfffffffe	0x0000ffff
s_cmp_ge_i32		0x7fffffff 0xffffffff	0x0000ffff
s_cmp_ge_i32		0x80000000 0x0	0x00000000
s_cmp_ge_i32		0x80000000 0x1	0x00000000
s_cmp_ge_i32		0x80000000 0x7fffffff	0x00000000
s_cmp_ge_i32		0x80000000 0x80000000	0x0000ffff
s_cmp_ge_i32		0x80000000 0xfffffffe	0x00000000
s_cmp_ge_i32		0x80000000 0xffffffff	0x00000000
s_cmp_ge_i32		0xfffffffe 0x0	0x00000000
s_cmp_ge_i32		0xfffffffe 0x1	0x00000000
s_cmp_ge_i32		0xfffffffe 0x7fffffff	0x00000000
s_cmp_ge_i32		0xfffffffe 0x80000000	0x0000ffff
s_cmp_ge_i32		0xfffffffe 0xfffffffe	0x0000ffff
s_cmp_ge_i32		0xfffffffe 0xffffffff	0x00000000
s_cmp_ge_i32		0xffffffff 0x0	0x00000000
s_cmp_ge_i32		0xffffffff 0x1	0x00000000
s_cmp_ge_i32		0xffffffff 0x7fffffff	0x00000000
s_cmp_ge_i32		0xffffffff 0x80000000	0x0000ffff
s_cmp_ge_i32		0xffffffff 0xfffffffe	0x0000ffff
s_cmp_ge_i32		0xffffffff 0xffffffff	0x0000ffff
s_cmp_ge_u32		0x0 0x0	0x0000ffff
s_cmp_ge_u32		0x0 0x1	0x00000000
s_cmp_ge_u32		0x0 0x7fffffff	0x00000000
s_cmp_ge_u32		0x0 0x80000000	0x00000000
s_cmp_ge_u32		0x0 0xfffffffe	0x00000000
s_cmp_ge_u32		0x0 0xffffffff	0x00000000
s_cmp_ge_u32		0x1 0x0	0x0000ffff
s_cmp_ge_u32		0x1 0x1	0x0000ffff
s_cmp_ge_u32		0x1 0x7fffffff	0x00000000
s_cmp_ge_u32		0x1 0x80000000	0x00000000
s_cmp_ge_u32		0x1 0xfffffffe	0x00000000
s_cmp_ge_u32		0x1 0xffffffff	0x00000000
s_cmp_ge_u32		0x7fffffff 0x0	0x0000ffff
s_cmp_ge_u32		0x7fffffff 0x1	0x0000ffff
s_cmp_ge_u32		0x7fffffff 0x7fffffff	0x0000ffff
s_cmp_ge_u32		0x7fffffff 0x80000000	0x00000000
s_cmp_ge_u32		0x7fffffff 0xfffffffe	0x00000000
s_cmp_ge_u32		0x7fffffff 0xffffffff	0x00000000
s_cmp_ge_u32		0x80000000 0x0	0x0000ffff
s_cmp_ge_u32		0x80000000 0x1	0x0000ffff
s_cmp_ge_u32		0x80000000 0x7fffffff	0x0000ffff
s_cmp_ge_u32		0x80000000 0x80000000	0x0000ffff
s_cmp_ge_u32		0x80000000 0xfffffffe	0x00000000
s_cmp_ge_u32		0x80000000 0xffffffff	0x00000000
s_cmp_ge_u32		0xfffffffe 0x0	0x0000ffff
s_cmp_ge_u32		0xfffffffe 0x1	0x0000ffff
s_cmp_ge_u32		0xfffffffe 0x7fffffff	0x0000ffff
s_cmp_ge_u32		0xfffffffe 0x80000000	0x0000ffff
s_cmp_ge_u32		0xfffffffe 0xfffffffe	0x0000ffff
s_cmp_ge_u32		0xfffffffe 0xffffffff	0x00000000
s_cmp_ge_u32		0xffffffff 0x0	0x0000ffff
s_cmp_ge_u32		0xffffffff 0x1	0x0000ffff
s_cmp_ge_u32		0xffffffff 0x7fffffff	0x0000ffff
s_cmp_ge_u32		0xffffffff 0x80000000	0x0000ffff
s_cmp_ge_u32		0xffffffff 0xfffffffe	0x0000ffff
s_cmp_ge_u32		0xffffffff 0xffffffff	0x0000ffff
s_cmp_gt_i32		0x0 0x0	0x00000000
s_cmp_gt_i32		0x0 0x1	0x00000000
s_cmp_gt_i32		0x0 0x7fffffff	0x00000000
s_cmp_gt_i32		0x0 0x80000000	0x0000ffff
s_cmp_gt_i32		0x0 0xfffffffe	0x0000ffff
s_cmp_gt_i32		0x0 0xffffffff	0x0000ffff
s_cmp_gt_i32		0x1 0x0	0x0000ffff
s_cmp_gt_i32		0x1 0x1	0x00000000
s_cmp_gt_i32		0x1 0x7fffffff	0x00000000
s_cmp_gt_i32		0x1 0x80000000	0x0000ffff
s_cmp_gt_i32		0x1 0xfffffffe	0x0000ffff
s_cmp_gt_i32		0x1 0xffffffff	0x0000ffff
s_cmp_gt_i32		0x7fffffff 0x0	0x0000ffff
s_cmp_gt_i32		0x7fffffff 0x1	0x0000ffff
s_cmp_gt_i32		0x7fffffff 0x7fffffff	0x00000000
s_cmp_gt_i32		0x7fffffff 0x80000000	0x0000ffff
s_cmp_gt_i32		0x7fffffff 0xfffffffe	0x0000ffff
s_cmp_gt_i32		0x7fffffff 0xffffffff	0x0000ffff
s_cmp_gt_i32		0x80000000 0x0	0x00000000
s_cmp_gt_i32		0x80000000 0x1	0x00000000
s_cmp_gt_i32		0x80000000 0x7fffffff	0x00000000
s_cmp_gt_i32		0x80000000 0x80000000	0x00000000
s_cmp_gt_i32		0x80000000 0xfffffffe	0x00000000
s_cmp_gt_i32		0x80000000 0xffffffff	0x00000000
s_cmp_gt_i32		0xfffffffe 0x0	0x00000000
s_cmp_gt_i32		0xfffffffe 0x1	0x00000000
s_cmp_gt_i32		0xfffffffe 0x7fffffff	0x00000000
s_cmp_gt_i32		0xfffffffe 0x80000000	0x0000ffff
s_cmp_gt_i32		0xfffffffe 0xfffffffe	0x00000000
s_cmp_gt_i32		0xfffffffe 0xffffffff	0x00000000
s_cmp_gt_i32		0xffffffff 0x0	0x00000000
s_cmp_gt_i32		0xffffffff 0x1	0x00000000
s_cmp_gt_i32		0xffffffff 0x7fffffff	0x00000000
s_cmp_gt_i32		0xffffffff 0x80000000	0x0000ffff
s_cmp_gt_i32		0xffffffff 0xfffffffe	0x0000ffff
s_cmp_gt_i32		0xffffffff 0xffffffff	0x00000000
s_cmp_gt_u32		0x0 0x0	0x00000000
s_cmp_gt_u32		0x0 0x1	0x00000000
s_cmp_gt_u32		0x0 0x7fffffff	0x00000000
s_cmp_gt_u32		0x0 0x80000000	0x00000000
s_cmp_gt_u32		0x0 0xfffffffe	0x00000000
s_cmp_gt_u32		0x0 0xffffffff	0x00000000
s_cmp_gt_u32		0x1 0x0	0x0000ffff
s_cmp_gt_u32		0x1 0x1	0x00000000
s_cmp_gt_u32		0x1 0x7fffffff	0x00000000
s_cmp_gt_u32		0x1 0x80000000	0x00000000
s_cmp_gt_u32		0x1 0xfffffffe	0x00000000
s_cmp_gt_u32		0x1 0xffffffff	0x00000000
s_cmp_gt_u32		0x7fffffff 0x0	0x0000ffff
s_cmp_gt_u32		0x7fffffff 0x1	0x0000ffff
s_cmp_gt_u32		0x7fffffff 0x7fffffff	0x00000000
s_cmp_gt_u32		0x7fffffff 0x80000000	0x00000000
s_cmp_gt_u32		0x7fffffff 0xfffffffe	0x00000000
s_cmp_gt_u32		0x7fffffff 0xffffffff	0x00000000
s_cmp_gt_u32		0x80000000 0x0	0x0000ffff
s_cmp_gt_u32		0x80000000 0x1	0x0000ffff
s_cmp_gt_u32		0x80000000 0x7fffffff	0x0000ffff
s_cmp_gt_u32		0x80000000 0x80000000	0x00000000
s_cmp_gt_u32		0x80000000 0xfffffffe	0x00000000
s_cmp_gt_u32		0x80000000 0xffffffff	0x00000000
s_cmp_gt_u32		0xfffffffe 0x0	0x0000ffff
s_cmp_gt_u32		0xfffffffe 0x1	0x0000ffff
s_cmp_gt_u32		0xfffffffe 0x7fffffff	0x0000ffff
s_cmp_gt_u32		0xfffffffe 0x80000000	0x0000ffff
s_cmp_gt_u32		0xfffffffe 0xfffffffe	0x00000000
s_cmp_gt_u32		0xfffffffe 0xffffffff	0x00000000
s_cmp_gt_u32		0xffffffff 0x0	0x0000ffff
s_cmp_gt_u32		0xffffffff 0x1	0x0000ffff
s_cmp_gt_u32		0xffffffff 0x7fffffff	0x0000ffff
s_cmp_gt_u32		0xffffffff 0x80000000	0x0000ffff
s_cmp_gt_u32		0xffffffff 0xfffffffe	0x0000ffff
s_cmp_gt_u32		0xffffffff 0xffffffff	0x00000000
s_cmp_le_i32		0x0 0x0	0x0000ffff
s_cmp_le_i32		0x0 0x1	0x0000ffff
s_cmp_le_i32		0x0 0x7fffffff	0x0000ffff
s_cmp_le_i32		0x0 0x80000000	0x00000000
s_cmp_le_i32		0x0 0xfffffffe	0x00000000
s_cmp_le_i32		0x0 0xffffffff	0x00000000
s_cmp_le_i32		0x1 0x0	0x00000000
s_cmp_le_i32		0x1 0x1	0x0000ffff
s_cmp_le_i32		0x1 0x7fffffff	0x0000ffff
s_cmp_le_i32		0x1 0x80000000	0x00000000
s_cmp_le_i32		0x1 0xfffffffe	0x00000000
s_cmp_le_i32		0x1 0xffffffff	0x00000000
s_cmp_le_i32		0x7fffffff 0x0	0x00000000
s_cmp_le_i32		0x7fffffff 0x1	0x00000000
s_cmp_le_i32		0x7fffffff 0x7fffffff	0x0000ffff
s_cmp_le_i32		0x7fffffff 0x80000000	0x00000000
s_cmp_le_i32		0x7fffffff 0xfffffffe	0x00000000
s_cmp_le_i32		0x7fffffff 0xffffffff	0x00000000
s_cmp_le_i32		0x80000000 0x0	0x0000ffff
s_cmp_le_i32		0x80000000 0x1	0x0000ffff
s_cmp_le_i32		0x80000000 0x7fffffff	0x0000ffff
s_cmp_le_i32		0x80000000 0x80000000	0x0000ffff
s_cmp_le_i32		0x80000000 0xfffffffe	0x0000ffff
s_cmp_le_i32		0x80000000 0xffffffff	0x0000ffff
s_cmp_le_i32		0xfffffffe 0x0	0x0000ffff
s_cmp_le_i32		0xfffffffe 0x1	0x0000ffff
s_cmp_le_i32		0xfffffffe 0x7fffffff	0x0000ffff
s_cmp_le_i32		0xfffffffe 0x80000000	0x00000000
s_cmp_le_i32		0xfffffffe 0xfffffffe	0x0000ffff
s_cmp_le_i32		0xfffffffe 0xffffffff	0x0000ffff
s_cmp_le_i32		0xffffffff 0x0	0x0000ffff
s_cmp_le_i32		0xffffffff 0x1	0x0000ffff
s_cmp_le_i32		0xffffffff 0x7fffffff	0x0000ffff
s_cmp_le_i32		0xffffffff 0x80000000	0x00000000
s_cmp_le_i32		0xffffffff 0xfffffffe	0x00000000
s_cmp_le_i32		0xffffffff 0xffffffff	0x0000ffff
s_cmp_le_u32		0x0 0x0	0x0000ffff
s_cmp_le_u32		0x0 0x1	0x0000ffff
s_cmp_le_u32		0x0 0x7fffffff	0x0000ffff
s_cmp_le_u32		0x0 0x80000000	0x0000ffff
s_cmp_le_u32		0x0 0xfffffffe	0x0000ffff
s_cmp_le_u32		0x0 0xffffffff	0x0000ffff
s_cmp_le_u32		0x1 0x0	0x00000000
s_cmp_le_u32		0x1 0x1	0x0000ffff
s_cmp_le_u32		0x1 0x7fffffff	0x0000ffff
s_cmp_le_u32		0x1 0x80000000	0x0000ffff
s_cmp_le_u32		0x1 0xfffffffe	0x0000ffff
s_cmp_le_u32		0x1 0xffffffff	0x0000ffff
s_cmp_le_u32		0x7fffffff 0x0	0x00000000
s_cmp_le_u32		0x7fffffff 0x1	0x00000000
s_cmp_le_u32		0x7fffffff 0x7fffffff	0x0000ffff
s_cmp_le_u32		0x7fffffff 0x80000000	0x0000ffff
s_cmp_le_u32		0x7fffffff 0xfffffffe	0x0000ffff
s_cmp_le_u32		0x7fffffff 0xffffffff	0x0000ffff
s_cmp_le_u32		0x80000000 0x0	0x00000000
s_cmp_le_u32		0x80000000 0x1	0x00000000
s_cmp_le_u32		0x80000000 0x7fffffff	0x00000000
s_cmp_le_u32		0x80000000 0x80000000	0x0000ffff
s_cmp_le_u32		0x80000000 0xfffffffe	0x0000ffff
s_cmp_le_u32		0x80000000 0xffffffff	0x0000ffff
s_cmp_le_u32		0xfffffffe 0x0	0x00000000
s_cmp_le_u32		0xfffffffe 0x1	0x00000000
s_cmp_le_u32		0xfffffffe 0x7fffffff	0x00000000
s_cmp_le_u32		0xfffffffe 0x80000000	0x00000000
s_cmp_le_u32		0xfffffffe 0xfffffffe	0x0000ffff
s_cmp_le_u32		0xfffffffe 0xffffffff	0x0000ffff
s_cmp_le_u32		0xffffffff 0x0	0x00000000
s_cmp_le_u32		0xffffffff 0x1	0x00000000
s_cmp_le_u32		0xffffffff 0x7fffffff	0x00000000
s_cmp_le_u32		0xffffffff 0x80000000	0x00000000
s_cmp_le_u32		0xffffffff 0xfffffffe	0x00000000
s_cmp_le_u32		0xffffffff 0xffffffff	0x0000ffff
s_cmp_lt_i32		0x0 0x0	0x00000000
s_cmp_lt_i32		0x0 0x1	0x0000ffff
s_cmp_lt_i32		0x0 0x7fffffff	0x0000ffff
s_cmp_lt_i32		0x0 0x80000000	0x00000000
s_cmp_lt_i32		0x0 0xfffffffe	0x00000000
s_cmp_lt_i32		0x0 0xffffffff	0x00000000
s_cmp_lt_i32		0x1 0x0	0x00000000
s_cmp_lt_i32		0x1 0x1	0x00000000
s_cmp_lt_i32		0x1 0x7fffffff	0x0000ffff
s_cmp_lt_i32		0x1 0x80000000	0x00000000
s_cmp_lt_i32		0x1 0xfffffffe	0x00000000
s_cmp_lt_i32		0x1 0xffffffff	0x00000000
s_cmp_lt_i32		0x7fffffff 0x0	0x00000000
s_cmp_lt_i32		0x7fffffff 0x1	0x00000000
s_cmp_lt_i32		0x7fffffff 0x7fffffff	0x00000000
s_cmp_lt_i32		0x7fffffff 0x80000000	0x00000000
s_cmp_lt_i32		0x7fffffff 0xfffffffe	0x00000000
s_cmp_lt_i32		0x7fffffff 0xffffffff	0x00000000
s_cmp_lt_i32		0x80000000 0x0	0x0000ffff
s_cmp_lt_i32		0x80000000 0x1	0x0000ffff
s_cmp_lt_i32		0x80000000 0x7fffffff	0x0000ffff
s_cmp_lt_i32		0x80000000 0x80000000	0x00000000
s_cmp_lt_i32		0x80000000 0xfffffffe	0x0000ffff
s_cmp_lt_i32		0x80000000 0xffffffff	0x0000ffff
s_cmp_lt_i32		0xfffffffe 0x0	0x0000ffff
s_cmp_lt_i32		0xfffffffe 0x1	0x0000ffff
s_cmp_lt_i32		0xfffffffe 0x7fffffff	0x0000ffff
s_cmp_lt_i32		0xfffffffe 0x80000000	0x00000000
s_cmp_lt_i32		0xfffffffe 0xfffffffe	0x00000000
s_cmp_lt_i32		0xfffffffe 0xffffffff	0x0000ffff
s_cmp_lt_i32		0xffffffff 0x0	0x0000ffff
s_cmp_lt_i32		0xffffffff 0x1	0x0000ffff
s_cmp_lt_i32		0xffffffff 0x7fffffff	0x0000ffff
s_cmp_lt_i32		0xffffffff 0x80000000	0x00000000
s_cmp_lt_i32		0xffffffff 0xfffffffe	0x00000000
s_cmp_lt_i32		0xffffffff 0xffffffff	0x00000000
s_cmp_lt_u32		0x0 0x0	0x00000000
s_cmp_lt_u32		0x0 0x1	0x0000ffff
s_cmp_lt_u32		0x0 0x7fffffff	0x0000ffff
s_cmp_lt_u32		0x0 0x80000000	0x0000ffff
s_cmp_lt_u32		0x0 0xfffffffe	0x0000ffff
s_cmp_lt_u32		0x0 0xffffffff	0x0000ffff
s_cmp_lt_u32		0x1 0x0	0x00000000
s_cmp_lt_u32		0x1 0x1	0x00000000
s_cmp_lt_u32		0x1 0x7fffffff	0x0000ffff
s_cmp_lt_u32		0x1 0x80000000	0x0000ffff
s_cmp_lt_u32		0x1 0xfffffffe	0x0000ffff
s_cmp_lt_u32		0x1 0xffffffff	0x0000ffff
s_cmp_lt_u32		0x7fffffff 0x0	0x00000000
s_cmp_lt_u32		0x7fffffff 0x1	0x00000000
s_cmp_lt_u32		0x7fffffff 0x7fffffff	0x00000000
s_cmp_lt_u32		0x7fffffff 0x80000000	0x0000ffff
s_cmp_lt_u32		0x7fffffff 0xfffffffe	0x0000ffff
s_cmp_lt_u32		0x7fffffff 0xffffffff	0x0000ffff
s_cmp_lt_u32		0x80000000 0x0	0x00000000
s_cmp_lt_u32		0x80000000 0x1	0x00000000
s_cmp_lt_u32		0x80000000 0x7fffffff	0x00000000
s_cmp_lt_u32		0x80000000 0x80000000	0x00000000
s_cmp_lt_u32		0x80000000 0xfffffffe	0x0000ffff
s_cmp_lt_u32		0x80000000 0xffffffff	0x0000ffff
s_cmp_lt_u32		0xfffffffe 0x0	0x00000000
s_cmp_lt_u32		0xfffffffe 0x1	0x00000000
s_cmp_lt_u32		0xfffffffe 0x7fffffff	0x00000000
s_cmp_lt_u32		0xfffffffe 0x80000000	0x00000000
s_cmp_lt_u32		0xfffffffe 0xfffffffe	0x00000000
s_cmp_lt_u32		0xfffffffe 0xffffffff	0x0000ffff
s_cmp_lt_u32		0xffffffff 0x0	0x00000000
s_cmp_lt_u32		0xffffffff 0x1	0x00000000
s_cmp_lt_u32		0xffffffff 0x7fffffff	0x00000000
s_cmp_lt_u32		0xffffffff 0x80000000	0x00000000
s_cmp_lt_u32		0xffffffff 0xfffffffe	0x00000000
s_cmp_lt_u32		0xffffffff 0xffffffff	0x00000000
s_cmp_ne_i32		0x0 0x0	0x00000000
s_cmp_ne_i32		0x0 0x1	0x0000ffff
s_cmp_ne_i32		0x0 0x7fffffff	0x0000ffff
s_cmp_ne_i32		0x0 0x80000000	0x0000ffff
s_cmp_ne_i32		0x0 0xfffffffe	0x0000ffff
s_cmp_ne_i32		0x0 0xffffffff	0x0000ffff
s_cmp_ne_i32		0x1 0x0	0x0000ffff
s_cmp_ne_i32		0x1 0x1	0x00000000
s_cmp_ne_i32		0x1 0x7fffffff	0x0000ffff
s_cmp_ne_i32		0x1 0x80000000	0x0000ffff
s_cmp_ne_i32		0x1 0xfffffffe	0x0000ffff
s_cmp_ne_i32		0x1 0xffffffff	0x0000ffff
s_cmp_ne_i32		0x7fffffff 0x0	0x0000ffff
s_cmp_ne_i32		0x7fffffff 0x1	0x0000ffff
s_cmp_ne_i32		0x7fffffff 0x7fffffff	0x00000000
s_cmp_ne_i32		0x7fffffff 0x80000000	0x0000ffff
s_cmp_ne_i32		0x7fffffff 0xfffffffe	0x0000ffff
s_cmp_ne_i32		0x7fffffff 0xffffffff	0x0000ffff
s_cmp_ne_i32		0x80000000 0x0	0x0000ffff
s_cmp_ne_i32		0x80000000 0x1	0x0000ffff
s_cmp_ne_i32		0x80000000 0x7fffffff	0x0000ffff
s_cmp_ne_i32		0x80000000 0x80000000	0x00000000
s_cmp_ne_i32		0x80000000 0xfffffffe	0x0000ffff
s_cmp_ne_i32		0x80000000 0xffffffff	0x0000ffff
s_cmp_ne_i32		0xfffffffe 0x0	0x0000ffff
s_cmp_ne_i32		0xfffffffe 0x1	0x0000ffff
s_cmp_ne_i32		0xfffffffe 0x7fffffff	0x0000ffff
s_cmp_ne_i32		0xfffffffe 0x80000000	0x0000ffff
s_cmp_ne_i32		0xfffffffe 0xfffffffe	0x00000000
s_cmp_ne_i32		0xfffffffe 0xffffffff	0x0000ffff
s_cmp_ne_i32		0xffffffff 0x0	0x0000ffff
s_cmp_ne_i32		0xffffffff 0x1	0x0000ffff
s_cmp_ne_i32		0xffffffff 0x7fffffff	0x0000ffff
s_cmp_ne_i32		0xffffffff 0x80000000	0x0000ffff
s_cmp_ne_i32		0xffffffff 0xfffffffe	0x0000ffff
s_cmp_ne_i32		0xffffffff 0xffffffff	0x00000000
s_cmp_ne_u32		0x0 0x0	0x00000000
s_cmp_ne_u32		0x0 0x1	0x0000ffff
s_cmp_ne_u32		0x0 0x7fffffff	0x0000ffff
s_cmp_ne_u32		0x0 0x80000000	0x0000ffff
s_cmp_ne_u32		0x0 0xfffffffe	0x0000ffff
s_cmp_ne_u32		0x0 0xffffffff	0x0000ffff
s_cmp_ne_u32		0x1 0x0	0x0000ffff
s_cmp_ne_u32		0x1 0x1	0x00000000
s_cmp_ne_u32		0x1 0x7fffffff	0x0000ffff
s_cmp_ne_u32		0x1 0x80000000	0x0000ffff
s_cmp_ne_u32		0x1 0xfffffffe	0x0000ffff
s_cmp_ne_u32		0x1 0xffffffff	0x0000ffff
s_cmp_ne_u32		0x7fffffff 0x0	0x0000ffff
s_cmp_ne_u32		0x7fffffff 0x1	0x0000ffff
s_cmp_ne_u32		0x7fffffff 0x7fffffff	0x00000000
s_cmp_ne_u32		0x7fffffff 0x80000000	0x0000ffff
s_cmp_ne_u32		0x7fffffff 0xfffffffe	0x0000ffff
s_cmp_ne_u32		0x7fffffff 0xffffffff	0x0000ffff
s_cmp_ne_u32		0x80000000 0x0	0x0000ffff
s_cmp_ne_u32		0x80000000 0x1	0x0000ffff
s_cmp_ne_u32		0x80000000 0x7fffffff	0x0000ffff
s_cmp_ne_u32		0x80000000 0x80000000	0x00000000
s_cmp_ne_u32		0x80000000 0xfffffffe	0x0000ffff
s_cmp_ne_u32		0x80000000 0xffffffff	0x0000ffff
s_cmp_ne_u32		0xfffffffe 0x0	0x0000ffff
s_cmp_ne_u32		0xfffffffe 0x1	0x0000ffff
s_cmp_ne_u32		0xfffffffe 0x7fffffff	0x0000ffff
s_cmp_ne_u32		0xfffffffe 0x80000000	0x0000ffff
s_cmp_ne_u32		0xfffffffe 0xfffffffe	0x00000000
s_cmp_ne_u32		0xfffffffe 0xffffffff	0x0000ffff
s_cmp_ne_u32		0xffffffff 0x0	0x0000ffff
s_cmp_ne_u32		0xffffffff 0x1	0x0000ffff
s_cmp_ne_u32		0xffffffff 0x7fffffff	0x0000ffff
s_cmp_ne_u32		0xffffffff 0x80000000	0x0000ffff
s_cmp_ne_u32		0xffffffff 0xfffffffe	0x0000ffff
s_cmp_ne_u32		0xffffffff 0xffffffff	0x00000000
s_cto_b32		0x0	0x00000000
s_cto_b32		0x1	0x00000001
s_cto_b32		0x7fffffff	0x0000001f
s_cto_b32		0x80000000	0x00000000
s_cto_b32		0xfffffffe	0x00000000
s_cto_b32		0xffffffff	0x00000020
s_ctz_b32		0x0	0x00000020
s_ctz_b32		0x1	0x00000000
s_ctz_b32		0x7fffffff	0x00000000
s_ctz_b32		0x80000000	0x0000001f
s_ctz_b32		0xfffffffe	0x00000001
s_ctz_b32		0xffffffff	0x00000000
s_ineg_i32		0x0	0x00000000
s_ineg_i32		0x1	0xffffffff
s_ineg_i32		0x7fffffff	0x80000001
s_ineg_i32		0x80000000	0x80000000
s_ineg_i32		0xfffffffe	0x00000002
s_ineg_i32		0xffffffff	0x00000001
s_max_i32		0x0 0x0	0x00000000
s_max_i32		0x0 0x1	0x00000001
s_max_i32		0x0 0x7fffffff	0x7fffffff
s_max_i32		0x0 0x80000000	0x00000000
s_max_i32		0x0 0xfffffffe	0x00000000
s_max_i32		0x0 0xffffffff	0x00000000
s_max_i32		0x1 0x0	0x00000001
s_max_i32		0x1 0x1	0x00000001
s_max_i32		0x1 0x7fffffff	0x7fffffff
s_max_i32		0x1 0x80000000	0x00000001
s_max_i32		0x1 0xfffffffe	0x00000001
s_max_i32		0x1 0xffffffff	0x00000001
s_max_i32		0x7fffffff 0x0	0x7fffffff
s_max_i32		0x7fffffff 0x1	0x7fffffff
s_max_i32		0x7fffffff 0x7fffffff	0x7fffffff
s_max_i32		0x7fffffff 0x80000000	0x7fffffff
s_max_i32		0x7fffffff 0xfffffffe	0x7fffffff
s_max_i32		0x7fffffff 0xffffffff	0x7fffffff
s_max_i32		0x80000000 0x0	0x00000000
s_max_i32		0x80000000 0x1	0x00000001
s_max_i32		0x80000000 0x7fffffff	0x7fffffff
s_max_i32		0x80000000 0x80000000	0x80000000
s_max_i32		0x80000000 0xfffffffe	0xfffffffe
s_max_i32		0x80000000 0xffffffff	0xffffffff
s_max_i32		0xfffffffe 0x0	0x00000000
s_max_i32		0xfffffffe 0x1	0x00000001
s_max_i32		0xfffffffe 0x7fffffff	0x7fffffff
s_max_i32		0xfffffffe 0x80000000	0xfffffffe
s_max_i32		0xfffffffe 0xfffffffe	0xfffffffe
s_max_i32		0xfffffffe 0xffffffff	0xffffffff
s_max_i32		0xffffffff 0x0	0x00000000
s_max_i32		0xffffffff 0x1	0x00000001
s_max_i32		0xffffffff 0x7fffffff	0x7fffffff
s_max_i32		0xffffffff 0x80000000	0xffffffff
s_max_i32		0xffffffff 0xfffffffe	0xffffffff
s_max_i32		0xffffffff 0xffffffff	0xffffffff
s_max_u32		0x0 0x0	0x00000000
s_max_u32		0x0 0x1	0x00000001
s_max_u32		0x0 0x7fffffff	0x7fffffff
s_max_u32		0x0 0x80000000	0x80000000
s_max_u32		0x0 0xfffffffe	0xfffffffe
s_max_u32		0x0 0xffffffff	0xffffffff
s_max_u32		0x1 0x0	0x00000001
s_max_u32		0x1 0x1	0x00000001
s_max_u32		0x1 0x7fffffff	0x7fffffff
s_max_u32		0x1 0x80000000	0x80000000
s_max_u32		0x1 0xfffffffe	0xfffffffe
s_max_u32		0x1 0xffffffff	0xffffffff
s_max_u32		0x7fffffff 0x0	0x7fffffff
s_max_u32		0x7fffffff 0x1	0x7fffffff
s_max_u32		0x7fffffff 0x7fffffff	0x7fffffff
s_max_u32		0x7fffffff 0x80000000	0x80000000
s_max_u32		0x7fffffff 0xfffffffe	0xfffffffe
s_max_u32		0x7fffffff 0xffffffff	0xffffffff
s_max_u32		0x80000000 0x0	0x80000000
s_max_u32		0x80000000 0x1	0x80000000
s_max_u32		0x80000000 0x7fffffff	0x80000000
s_max_u32		0x80000000 0x80000000	0x80000000
s_max_u32		0x80000000 0xfffffffe	0xfffffffe
s_max_u32		0x80000000 0xffffffff	0xffffffff
s_max_u32		0xfffffffe 0x0	0xfffffffe
s_max_u32		0xfffffffe 0x1	0xfffffffe
s_max_u32		0xfffffffe 0x7fffffff	0xfffffffe
s_max_u32		0xfffffffe 0x80000000	0xfffffffe
s_max_u32		0xfffffffe 0xfffffffe	0xfffffffe
s_max_u32		0xfffffffe 0xffffffff	0xffffffff
s_max_u32		0xffffffff 0x0	0xffffffff
s_max_u32		0xffffffff 0x1	0xffffffff
s_max_u32		0xffffffff 0x7fffffff	0xffffffff
s_max_u32		0xffffffff 0x80000000	0xffffffff
s_max_u32		0xffffffff 0xfffffffe	0xffffffff
s_max_u32		0xffffffff 0xffffffff	0xffffffff
s_min_i32		0x0 0x0	0x00000000
s_min_i32		0x0 0x1	0x00000000
s_min_i32		0x0 0x7fffffff	0x00000000
s_min_i32		0x0 0x80000000	0x80000000
s_min_i32		0x0 0xfffffffe	0xfffffffe
s_min_i32		0x0 0xffffffff	0xffffffff
s_min_i32		0x1 0x0	0x00000000
s_min_i32		0x1 0x1	0x00000001
s_min_i32		0x1 0x7fffffff	0x00000001
s_min_i32		0x1 0x80000000	0x80000000
s_min_i32		0x1 0xfffffffe	0xfffffffe
s_min_i32		0x1 0xffffffff	0xffffffff
s_min_i32		0x7fffffff 0x0	0x00000000
s_min_i32		0x7fffffff 0x1	0x00000001
s_min_i32		0x7fffffff 0x7fffffff	0x7fffffff
s_min_i32		0x7fffffff 0x80000000	0x80000000
s_min_i32		0x7fffffff 0xfffffffe	0xfffffffe
s_min_i32		0x7fffffff 0xffffffff	0xffffffff
s_min_i32		0x80000000 0x0	0x80000000
s_min_i32		0x80000000 0x1	0x80000000
s_min_i32		0x80000000 0x7fffffff	0x80000000
s_min_i32		0x80000000 0x80000000	0x80000000
s_min_i32		0x80000000 0xfffffffe	0x80000000
s_min_i32		0x80000000 0xffffffff	0x80000000
s_min_i32		0xfffffffe 0x0	0xfffffffe
s_min_i32		0xfffffffe 0x1	0xfffffffe
s_min_i32		0xfffffffe 0x7fffffff	0xfffffffe
s_min_i32		0xfffffffe 0x80000000	0x80000000
s_min_i32		0xfffffffe 0xfffffffe	0xfffffffe
s_min_i32		0xfffffffe 0xffffffff	0xfffffffe
s_min_i32		0xffffffff 0x0	0xffffffff
s_min_i32		0xffffffff 0x1	0xffffffff
s_min_i32		0xffffffff 0x7fffffff	0xffffffff
s_min_i32		0xffffffff 0x80000000	0x80000000
s_min_i32		0xffffffff 0xfffffffe	0xfffffffe
s_min_i32		0xffffffff 0xffffffff	0xffffffff
s_min_u32		0x0 0x0	0x00000000
s_min_u32		0x0 0x1	0x00000000
s_min_u32		0x0 0x7fffffff	0x00000000
s_min_u32		0x0 0x80000000	0x00000000
s_min_u32		0x0 0xfffffffe	0x00000000
s_min_u32		0x0 0xffffffff	0x00000000
s_min_u32		0x1 0x0	0x00000000
s_min_u32		0x1 0x1	0x00000001
s_min_u32		0x1 0x7fffffff	0x00000001
s_min_u32		0x1 0x80000000	0x00000001
s_min_u32		0x1 0xfffffffe	0x00000001
s_min_u32		0x1 0xffffffff	0x00000001
s_min_u32		0x7fffffff 0x0	0x00000000
s_min_u32		0x7fffffff 0x1	0x00000001
s_min_u32		0x7fffffff 0x7fffffff	0x7fffffff
s_min_u32		0x7fffffff 0x80000000	0x7fffffff
s_min_u32		0x7fffffff 0xfffffffe	0x7fffffff
s_min_u32		0x7fffffff 0xffffffff	0x7fffffff
s_min_u32		0x80000000 0x0	0x00000000
s_min_u32		0x80000000 0x1	0x00000001
s_min_u32		0x80000000 0x7fffffff	0x7fffffff
s_min_u32		0x80000000 0x80000000	0x80000000
s_min_u32		0x80000000 0xfffffffe	0x80000000
s_min_u32		0x80000000 0xffffffff	0x80000000
s_min_u32		0xfffffffe 0x0	0x00000000
s_min_u32		0xfffffffe 0x1	0x00000001
s_min_u32		0xfffffffe 0x7fffffff	0x7fffffff
s_min_u32		0xfffffffe 0x80000000	0x80000000
s_min_u32		0xfffffffe 0xfffffffe	0xfffffffe
s_min_u32		0xfffffffe 0xffffffff	0xfffffffe
s_min_u32		0xffffffff 0x0	0x00000000
s_min_u32		0xffffffff 0x1	0x00000001
s_min_u32		0xffffffff 0x7fffffff	0x7fffffff
s_min_u32		0xffffffff 0x80000000	0x80000000
s_min_u32		0xffffffff 0xfffffffe	0xfffffffe
s_min_u32		0xffffffff 0xffffffff	0xffffffff
s_mov_b32		0x0	0x00000000
s_mov_b32		0x1	0x00000001
s_mov_b32		0x7fffffff	0x7fffffff
s_mov_b32		0x80000000	0x80000000
s_mov_b32		0xfffffffe	0xfffffffe
s_mov_b32		0xffffffff	0xffffffff
s_mul_hi_i32		0x0 0x0	0x00000000
s_mul_hi_i32		0x0 0x1	0x00000000
s_mul_hi_i32		0x0 0x7fffffff	0x00000000
s_mul_hi_i32		0x0 0x80000000	0x00000000
s_mul_hi_i32		0x0 0xfffffffe	0x00000000
s_mul_hi_i32		0x0 0xffffffff	0x00000000
s_mul_hi_i32		0x1 0x0	0x00000000
s_mul_hi_i32		0x1 0x1	0x00000000
s_mul_hi_i32		0x1 0x7fffffff	0x00000000
s_mul_hi_i32		0x1 0x80000000	0xffffffff
s_mul_hi_i32		0x1 0xfffffffe	0xffffffff
s_mul_hi_i32		0x1 0xffffffff	0xffffffff
s_mul_hi_i32		0x7fffffff 0x0	0x00000000
s_mul_hi_i32		0x7fffffff 0x1	0x00000000
s_mul_hi_i32		0x7fffffff 0x7fffffff	0x3fffffff
s_mul_hi_i32		0x7fffffff 0x80000000	0xc0000000
s_mul_hi_i32		0x7fffffff 0xfffffffe	0xffffffff
s_mul_hi_i32		0x7fffffff 0xffffffff	0xffffffff
s_mul_hi_i32		0x80000000 0x0	0x00000000
s_mul_hi_i32		0x80000000 0x1	0xffffffff
s_mul_hi_i32		0x80000000 0x7fffffff	0xc0000000
s_mul_hi_i32		0x80000000 0x80000000	0x40000000
s_mul_hi_i32		0x80000000 0xfffffffe	0x00000001
s_mul_hi_i32		0x80000000 0xffffffff	0x00000000
s_mul_hi_i32		0xfffffffe 0x0	0x00000000
s_mul_hi_i32		0xfffffffe 0x1	0xffffffff
s_mul_hi_i32		0xfffffffe 0x7fffffff	0xffffffff
s_mul_hi_i32		0xfffffffe 0x80000000	0x00000001
s_mul_hi_i32		0xfffffffe 0xfffffffe	0x00000000
s_mul_hi_i32		0xfffffffe 0xffffffff	0x00000000
s_mul_hi_i32		0xffffffff 0x0	0x00000000
s_mul_hi_i32		0xffffffff 0x1	0xffffffff
s_mul_hi_i32		0xffffffff 0x7fffffff	0xffffffff
s_mul_hi_i32		0xffffffff 0x80000000	0x00000000
s_mul_hi_i32		0xffffffff 0xfffffffe	0x00000000
s_mul_hi_i32		0xffffffff 0xffffffff	0x00000000
s_mul_hi_u32		0x0 0x0	0x00000000
s_mul_hi_u32		0x0 0x1	0x00000000
s_mul_hi_u32		0x0 0x7fffffff	0x00000000
s_mul_hi_u32		0x0 0x80000000	0x00000000
s_mul_hi_u32		0x0 0xfffffffe	0x00000000
s_mul_hi_u32		0x0 0xffffffff	0x00000000
s_mul_hi_u32		0x1 0x0	0x00000000
s_mul_hi_u32		0x1 0x1	0x00000000
s_mul_hi_u32		0x1 0x7fffffff	0x00000000
s_mul_hi_u32		0x1 0x80000000	0x00000000
s_mul_hi_u32		0x1 0xfffffffe	0x00000000
s_mul_hi_u32		0x1 0xffffffff	0x00000000
s_mul_hi_u32		0x7fffffff 0x0	0x00000000
s_mul_hi_u32		0x7fffffff 0x1	0x00000000
s_mul_hi_u32		0x7fffffff 0x7fffffff	0x3fffffff
s_mul_hi_u32		0x7fffffff 0x80000000	0x3fffffff
s_mul_hi_u32		0x7fffffff 0xfffffffe	0x7ffffffe
s_mul_hi_u32		0x7fffffff 0xffffffff	0x7ffffffe
s_mul_hi_u32		0x80000000 0x0	0x00000000
s_mul_hi_u32		0x80000000 0x1	0x00000000
s_mul_hi_u32		0x80000000 0x7fffffff	0x3fffffff
s_mul_hi_u32		0x80000000 0x80000000	0x40000000
s_mul_hi_u32		0x80000000 0xfffffffe	0x7fffffff
s_mul_hi_u32		0x80000000 0xffffffff	0x7fffffff
s_mul_hi_u32		0xfffffffe 0x0	0x00000000
s_mul_hi_u32		0xfffffffe 0x1	0x00000000
s_mul_hi_u32		0xfffffffe 0x7fffffff	0x7ffffffe
s_mul_hi_u32		0xfffffffe 0x80000000	0x7fffffff
s_mul_hi_u32		0xfffffffe 0xfffffffe	0xfffffffc
s_mul_hi_u32		0xfffffffe 0xffffffff	0xfffffffd
s_mul_hi_u32		0xffffffff 0x0	0x00000000
s_mul_hi_u32		0xffffffff 0x1	0x00000000
s_mul_hi_u32		0xffffffff 0x7fffffff	0x7ffffffe
s_mul_hi_u32		0xffffffff 0x80000000	0x7fffffff
s_mul_hi_u32		0xffffffff 0xfffffffe	0xfffffffd
s_mul_hi_u32		0xffffffff 0xffffffff	0xfffffffe
s_mul_i32		0x0 0x0	0x00000000
s_mul_i32		0x0 0x1	0x00000000
s_mul_i32		0x0 0x7fffffff	0x00000000
s_mul_i32		0x0 0x80000000	0x00000000
s_mul_i32		0x0 0xfffffffe	0x00000000
s_mul_i32		0x0 0xffffffff	0x00000000
s_mul_i32		0x1 0x0	0x00000000
s_mul_i32		0x1 0x1	0x00000001
s_mul_i32		0x1 0x7fffffff	0x7fffffff
s_mul_i32		0x1 0x80000000	0x80000000
s_mul_i32		0x1 0xfffffffe	0xfffffffe
s_mul_i32		0x1 0xffffffff	0xffffffff
s_mul_i32		0x7fffffff 0x0	0x00000000
s_mul_i32		0x7fffffff 0x1	0x7fffffff
s_mul_i32		0x7fffffff 0x7fffffff	0x00000001
s_mul_i32		0x7fffffff 0x80000000	0x80000000
s_mul_i32		0x7fffffff 0xfffffffe	0x00000002
s_mul_i32		0x7fffffff 0xffffffff	0x80000001
s_mul_i32		0x80000000 0x0	0x00000000
s_mul_i32		0x80000000 0x1	0x80000000
s_mul_i32		0x80000000 0x7fffffff	0x80000000
s_mul_i32		0x80000000 0x80000000	0x00000000
s_mul_i32		0x80000000 0xfffffffe	0x00000000
s_mul_i32		0x80000000 0xffffffff	0x80000000
s_mul_i32		0xfffffffe 0x0	0x00000000
s_mul_i32		0xfffffffe 0x1	0xfffffffe
s_mul_i32		0xfffffffe 0x7fffffff	0x00000002
s_mul_i32		0xfffffffe 0x80000000	0x00000000
s_mul_i32		0xfffffffe 0xfffffffe	0x00000004
s_mul_i32		0xfffffffe 0xffffffff	0x00000002
s_mul_i32		0xffffffff 0x0	0x00000000
s_mul_i32		0xffffffff 0x1	0xffffffff
s_mul_i32		0xffffffff 0x7fffffff	0x80000001
s_mul_i32		0xffffffff 0x80000000	0x80000000
s_mul_i32		0xffffffff 0xfffffffe	0x00000002
s_mul_i32		0xffffffff 0xffffffff	0x00000001
s_mul_u32		0x0 0x0	0x00000000
s_mul_u32		0x0 0x1	0x00000000
s_mul_u32		0x0 0x7fffffff	0x00000000
s_mul_u32		0x0 0x80000000	0x00000000
s_mul_u32		0x0 0xfffffffe	0x00000000
s_mul_u32		0x0 0xffffffff	0x00000000
s_mul_u32		0x1 0x0	0x00000000
s_mul_u32		0x1 0x1	0x00000001
s_mul_u32		0x1 0x7fffffff	0x7fffffff
s_mul_u32		0x1 0x80000000	0x80000000
s_mul_u32		0x1 0xfffffffe	0xfffffffe
s_mul_u32		0x1 0xffffffff	0xffffffff
s_mul_u32		0x7fffffff 0x0	0x00000000
s_mul_u32		0x7fffffff 0x1	0x7fffffff
s_mul_u32		0x7fffffff 0x7fffffff	0x00000001
s_mul_u32		0x7fffffff 0x80000000	0x80000000
s_mul_u32		0x7fffffff 0xfffffffe	0x00000002
s_mul_u32		0x7fffffff 0xffffffff	0x80000001
s_mul_u32		0x80000000 0x0	0x00000000
s_mul_u32		0x80000000 0x1	0x80000000
s_mul_u32		0x80000000 0x7fffffff	0x80000000
s_mul_u32		0x80000000 0x80000000	0x00000000
s_mul_u32		0x80000000 0xfffffffe	0x00000000
s_mul_u32		0x80000000 0xffffffff	0x80000000
s_mul_u32		0xfffffffe 0x0	0x00000000
s_mul_u32		0xfffffffe 0x1	0xfffffffe
s_mul_u32		0xfffffffe 0x7fffffff	0x00000002
s_mul_u32		0xfffffffe 0x80000000	0x00000000
s_mul_u32		0xfffffffe 0xfffffffe	0x00000004
s_mul_u32		0xfffffffe 0xffffffff	0x00000002
s_mul_u32		0xffffffff 0x0	0x00000000
s_mul_u32		0xffffffff 0x1	0xffffffff
s_mul_u32		0xffffffff 0x7fffffff	0x80000001
s_mul_u32		0xffffffff 0x80000000	0x80000000
s_mul_u32		0xffffffff 0xfffffffe	0x00000002
s_mul_u32		0xffffffff 0xffffffff	0x00000001
s_nand_b32		0x0 0x0	0xffffffff
s_nand_b32		0x0 0x1	0xffffffff
s_nand_b32		0x0 0x7fffffff	0xffffffff
s_nand_b32		0x0 0x80000000	0xffffffff
s_nand_b32		0x0 0xfffffffe	0xffffffff
s_nand_b32		0x0 0xffffffff	0xffffffff
s_nand_b32		0x1 0x0	0xffffffff
s_nand_b32		0x1 0x1	0xfffffffe
s_nand_b32		0x1 0x7fffffff	0xfffffffe
s_nand_b32		0x1 0x80000000	0xffffffff
s_nand_b32		0x1 0xfffffffe	0xffffffff
s_nand_b32		0x1 0xffffffff	0xfffffffe
s_nand_b32		0x7fffffff 0x0	0xffffffff
s_nand_b32		0x7fffffff 0x1	0xfffffffe
s_nand_b32		0x7fffffff 0x7fffffff	0x80000000
s_nand_b32		0x7fffffff 0x80000000	0xffffffff
s_nand_b32		0x7fffffff 0xfffffffe	0x80000001
s_nand_b32		0x7fffffff 0xffffffff	0x80000000
s_nand_b32		0x80000000 0x0	0xffffffff
s_nand_b32		0x80000000 0x1	0xffffffff
s_nand_b32		0x80000000 0x7fffffff	0xffffffff
s_nand_b32		0x80000000 0x80000000	0x7fffffff
s_nand_b32		0x80000000 0xfffffffe	0x7fffffff
s_nand_b32		0x80000000 0xffffffff	0x7fffffff
s_nand_b32		0xfffffffe 0x0	0xffffffff
s_nand_b32		0xfffffffe 0x1	0xffffffff
s_nand_b32		0xfffffffe 0x7fffffff	0x80000001
s_nand_b32		0xfffffffe 0x80000000	0x7fffffff
s_nand_b32		0xfffffffe 0xfffffffe	0x00000001
s_nand_b32		0xfffffffe 0xffffffff	0x00000001
s_nand_b32		0xffffffff 0x0	0xffffffff
s_nand_b32		0xffffffff 0x1	0xfffffffe
s_nand_b32		0xffffffff 0x7fffffff	0x80000000
s_nand_b32		0xffffffff 0x80000000	0x7fffffff
s_nand_b32		0xffffffff 0xfffffffe	0x00000001
s_nand_b32		0xffffffff 0xffffffff	0x00000000
s_nor_b32		0x0 0x0	0xffffffff
s_nor_b32		0x0 0x1	0xfffffffe
s_nor_b32		0x0 0x7fffffff	0x80000000
s_nor_b32		0x0 0x80000000	0x7fffffff
s_nor_b32		0x0 0xfffffffe	0x00000001
s_nor_b32		0x0 0xffffffff	0x00000000
s_nor_b32		0x1 0x0	0xfffffffe
s_nor_b32		0x1 0x1	0xfffffffe
s_nor_b32		0x1 0x7fffffff	0x80000000
s_nor_b32		0x1 0x80000000	0x7ffffffe
s_nor_b32		0x1 0xfffffffe	0x00000000
s_nor_b32		0x1 0xffffffff	0x00000000
s_nor_b32		0x7fffffff 0x0	0x80000000
s_nor_b32		0x7fffffff 0x1	0x80000000
s_nor_b32		0x7fffffff 0x7fffffff	0x80000000
s_nor_b32		0x7fffffff 0x80000000	0x00000000
s_nor_b32		0x7fffffff 0xfffffffe	0x00000000
s_nor_b32		0x7fffffff 0xffffffff	0x00000000
s_nor_b32		0x80000000 0x0	0x7fffffff
s_nor_b32		0x80000000 0x1	0x7ffffffe
s_nor_b32		0x80000000 0x7fffffff	0x00000000
s_nor_b32		0x80000000 0x80000000	0x7fffffff
s_nor_b32		0x80000000 0xfffffffe	0x00000001
s_nor_b32		0x80000000 0xffffffff	0x00000000
s_nor_b32		0xfffffffe 0x0	0x00000001
s_nor_b32		0xfffffffe 0x1	0x00000000
s_nor_b32		0xfffffffe 0x7fffffff	0x00000000
s_nor_b32		0xfffffffe 0x80000000	0x00000001
s_nor_b32		0xfffffffe 0xfffffffe	0x00000001
s_nor_b32		0xfffffffe 0xffffffff	0x00000000
s_nor_b32		0xffffffff 0x0	0x00000000
s_nor_b32		0xffffffff 0x1	0x00000000
s_nor_b32		0xffffffff 0x7fffffff	0x00000000
s_nor_b32		0xffffffff 0x80000000	0x00000000
s_nor_b32		0xffffffff 0xfffffffe	0x00000000
s_nor_b32		0xffffffff 0xffffffff	0x00000000
s_not_b32		0x0	0xffffffff
s_not_b32		0x1	0xfffffffe
s_not_b32		0x7fffffff	0x80000000
s_not_b32		0x80000000	0x7fffffff
s_not_b32		0xfffffffe	0x00000001
s_not_b32		0xffffffff	0x00000000
s_or_b32		0x0 0x0	0x00000000
s_or_b32		0x0 0x1	0x00000001
s_or_b32		0x0 0x7fffffff	0x7fffffff
s_or_b32		0x0 0x80000000	0x80000000
s_or_b32		0x0 0xfffffffe	0xfffffffe
s_or_b32		0x0 0xffffffff	0xffffffff
s_or_b32		0x1 0x0	0x00000001
s_or_b32		0x1 0x1	0x00000001
s_or_b32		0x1 0x7fffffff	0x7fffffff
s_or_b32		0x1 0x80000000	0x80000001
s_or_b32		0x1 0xfffffffe	0xffffffff
s_or_b32		0x1 0xffffffff	0xffffffff
s_or_b32		0x7fffffff 0x0	0x7fffffff
s_or_b32		0x7fffffff 0x1	0x7fffffff
s_or_b32		0x7fffffff 0x7fffffff	0x7fffffff
s_or_b32		0x7fffffff 0x80000000	0xffffffff
s_or_b32		0x7fffffff 0xfffffffe	0xffffffff
s_or_b32		0x7fffffff 0xffffffff	0xffffffff
s_or_b32		0x80000000 0x0	0x80000000
s_or_b32		0x80000000 0x1	0x80000001
s_or_b32		0x80000000 0x7fffffff	0xffffffff
s_or_b32		0x80000000 0x80000000	0x80000000
s_or_b32		0x80000000 0xfffffffe	0xfffffffe
s_or_b32		0x80000000 0xffffffff	0xffffffff
s_or_b32		0xfffffffe 0x0	0xfffffffe
s_or_b32		0xfffffffe 0x1	0xffffffff
s_or_b32		0xfffffffe 0x7fffffff	0xffffffff
s_or_b32		0xfffffffe 0x80000000	0xfffffffe
s_or_b32		0xfffffffe 0xfffffffe	0xfffffffe
s_or_b32		0xfffffffe 0xffffffff	0xffffffff
s_or_b32		0xffffffff 0x0	0xffffffff
s_or_b32		0xffffffff 0x1	0xffffffff
s_or_b32		0xffffffff 0x7fffffff	0xffffffff
s_or_b32		0xffffffff 0x80000000	0xffffffff
s_or_b32		0xffffffff 0xfffffffe	0xffffffff
s_or_b32		0xffffffff 0xffffffff	0xffffffff
s_orn1_b32		0x0 0x0	0xffffffff
s_orn1_b32		0x0 0x1	0xffffffff
s_orn1_b32		0x0 0x7fffffff	0xffffffff
s_orn1_b32		0x0 0x80000000	0xffffffff
s_orn1_b32		0x0 0xfffffffe	0xffffffff
s_orn1_b32		0x0 0xffffffff	0xffffffff
s_orn1_b32		0x1 0x0	0xfffffffe
s_orn1_b32		0x1 0x1	0xffffffff
s_orn1_b32		0x1 0x7fffffff	0xffffffff
s_orn1_b32		0x1 0x80000000	0xfffffffe
s_orn1_b32		0x1 0xfffffffe	0xfffffffe
s_orn1_b32		0x1 0xffffffff	0xffffffff
s_orn1_b32		0x7fffffff 0x0	0x80000000
s_orn1_b32		0x7fffffff 0x1	0x80000001
s_orn1_b32		0x7fffffff 0x7fffffff	0xffffffff
s_orn1_b32		0x7fffffff 0x80000000	0x80000000
s_orn1_b32		0x7fffffff 0xfffffffe	0xfffffffe
s_orn1_b32		0x7fffffff 0xffffffff	0xffffffff
s_orn1_b32		0x80000000 0x0	0x7fffffff
s_orn1_b32		0x80000000 0x1	0x7fffffff
s_orn1_b32		0x80000000 0x7fffffff	0x7fffffff
s_orn1_b32		0x80000000 0x80000000	0xffffffff
s_orn1_b32		0x80000000 0xfffffffe	0xffffffff
s_orn1_b32		0x80000000 0xffffffff	0xffffffff
s_orn1_b32		0xfffffffe 0x0	0x00000001
s_orn1_b32		0xfffffffe 0x1	0x00000001
s_orn1_b32		0xfffffffe 0x7fffffff	0x7fffffff
s_orn1_b32		0xfffffffe 0x80000000	0x80000001
s_orn1_b32		0xfffffffe 0xfffffffe	0xffffffff
s_orn1_b32		0xfffffffe 0xffffffff	0xffffffff
s_orn1_b32		0xffffffff 0x0	0x00000000
s_orn1_b32		0xffffffff 0x1	0x00000001
s_orn1_b32		0xffffffff 0x7fffffff	0x7fffffff
s_orn1_b32		0xffffffff 0x80000000	0x80000000
s_orn1_b32		0xffffffff 0xfffffffe	0xfffffffe
s_orn1_b32		0xffffffff 0xffffffff	0xffffffff
s_orn2_b32		0x0 0x0	0xffffffff
s_orn2_b32		0x0 0x1	0xfffffffe
s_orn2_b32		0x0 0x7fffffff	0x80000000
s_orn2_b32		0x0 0x80000000	0x7fffffff
s_orn2_b32		0x0 0xfffffffe	0x00000001
s_orn2_b32		0x0 0xffffffff	0x00000000
s_orn2_b32		0x1 0x0	0xffffffff
s_orn2_b32		0x1 0x1	0xffffffff
s_orn2_b32		0x1 0x7fffffff	0x80000001
s_orn2_b32		0x1 0x80000000	0x7fffffff
s_orn2_b32		0x1 0xfffffffe	0x00000001
s_orn2_b32		0x1 0xffffffff	0x00000001
s_orn2_b32		0x7fffffff 0x0	0xffffffff
s_orn2_b32		0x7fffffff 0x1	0xffffffff
s_orn2_b32		0x7fffffff 0x7fffffff	0xffffffff
s_orn2_b32		0x7fffffff 0x80000000	0x7fffffff
s_orn2_b32		0x7fffffff 0xfffffffe	0x7fffffff
s_orn2_b32		0x7fffffff 0xffffffff	0x7fffffff
s_orn2_b32		0x80000000 0x0	0xffffffff
s_orn2_b32		0x80000000 0x1	0xfffffffe
s_orn2_b32		0x80000000 0x7fffffff	0x80000000
s_orn2_b32		0x80000000 0x80000000	0xffffffff
s_orn2_b32		0x80000000 0xfffffffe	0x80000001
s_orn2_b32		0x80000000 0xffffffff	0x80000000
s_orn2_b32		0xfffffffe 0x0	0xffffffff
s_orn2_b32		0xfffffffe 0x1	0xfffffffe
s_orn2_b32		0xfffffffe 0x7fffffff	0xfffffffe
s_orn2_b32		0xfffffffe 0x80000000	0xffffffff
s_orn2_b32		0xfffffffe 0xfffffffe	0xffffffff
s_orn2_b32		0xfffffffe 0xffffffff	0xfffffffe
s_orn2_b32		0xffffffff 0x0	0xffffffff
s_orn2_b32		0xffffffff 0x1	0xffffffff
s_orn2_b32		0xffffffff 0x7fffffff	0xffffffff
s_orn2_b32		0xffffffff 0x80000000	0xffffffff
s_orn2_b32		0xffffffff 0xfffffffe	0xffffffff
s_orn2_b32		0xffffffff 0xffffffff	0xffffffff
s_quadmask_b32		0x0	0x00000000
s_quadmask_b32		0x1	0x00000001
s_quadmask_b32		0x7fffffff	0x000000ff
s_quadmask_b32		0x80000000	0x00000080
s_quadmask_b32		0xfffffffe	0x000000ff
s_quadmask_b32		0xffffffff	0x000000ff
s_rotr_b32		0x0 0x0	0x00000000
s_rotr_b32		0x0 0x1	0x00000000
s_rotr_b32		0x0 0x7fffffff	0x00000000
s_rotr_b32		0x0 0x80000000	0x00000000
s_rotr_b32		0x0 0xfffffffe	0x00000000
s_rotr_b32		0x0 0xffffffff	0x00000000
s_rotr_b32		0x1 0x0	0x00000001
s_rotr_b32		0x1 0x1	0x80000000
s_rotr_b32		0x1 0x7fffffff	0x00000002
s_rotr_b32		0x1 0x80000000	0x00000001
s_rotr_b32		0x1 0xfffffffe	0x00000004
s_rotr_b32		0x1 0xffffffff	0x00000002
s_rotr_b32		0x7fffffff 0x0	0x7fffffff
s_rotr_b32		0x7fffffff 0x1	0xbfffffff
s_rotr_b32		0x7fffffff 0x7fffffff	0xfffffffe
s_rotr_b32		0x7fffffff 0x80000000	0x7fffffff
s_rotr_b32		0x7fffffff 0xfffffffe	0xfffffffd
s_rotr_b32		0x7fffffff 0xffffffff	0xfffffffe
s_rotr_b32		0x80000000 0x0	0x80000000
s_rotr_b32		0x80000000 0x1	0x40000000
s_rotr_b32		0x80000000 0x7fffffff	0x00000001
s_rotr_b32		0x80000000 0x80000000	0x80000000
s_rotr_b32		0x80000000 0xfffffffe	0x00000002
s_rotr_b32		0x80000000 0xffffffff	0x00000001
s_rotr_b32		0xfffffffe 0x0	0xfffffffe
s_rotr_b32		0xfffffffe 0x1	0x7fffffff
s_rotr_b32		0xfffffffe 0x7fffffff	0xfffffffd
s_rotr_b32		0xfffffffe 0x80000000	0xfffffffe
s_rotr_b32		0xfffffffe 0xfffffffe	0xfffffffb
s_rotr_b32		0xfffffffe 0xffffffff	0xfffffffd
s_rotr_b32		0xffffffff 0x0	0xffffffff
s_rotr_b32		0xffffffff 0x1	0xffffffff
s_rotr_b32		0xffffffff 0x7fffffff	0xffffffff
s_rotr_b32		0xffffffff 0x80000000	0xffffffff
s_rotr_b32		0xffffffff 0xfffffffe	0xffffffff
s_rotr_b32		0xffffffff 0xffffffff	0xffffffff
s_select_b32		0x0 0x0 0x0	0x00000000
s_select_b32		0x0 0x1 0x0	0x00000001
s_select_b32		0x0 0x0 0x0	0x00000000
s_select_b32		0x0 0x1 0x0	0x00000001
s_select_b32		0x0 0x1 0x1	0x00000000
s_select_b32		0x0 0x0 0x1	0x00000000
s_select_b32		0x0 0x7fffffff 0x0	0x7fffffff
s_select_b32		0x0 0x1 0x7fffffff	0x00000000
s_select_b32		0x0 0x0 0x7fffffff	0x00000000
s_select_b32		0x0 0x80000000 0x0	0x80000000
s_select_b32		0x0 0x1 0x80000000	0x00000000
s_select_b32		0x0 0x0 0x80000000	0x00000000
s_select_b32		0x0 0xfffffffe 0x0	0xfffffffe
s_select_b32		0x0 0x1 0xfffffffe	0x00000000
s_select_b32		0x0 0x0 0xfffffffe	0x00000000
s_select_b32		0x0 0xffffffff 0x0	0xffffffff
s_select_b32		0x0 0x1 0xffffffff	0x00000000
s_select_b32		0x0 0x0 0xffffffff	0x00000000
s_select_b32		0x1 0x0 0x0	0x00000000
s_select_b32		0x1 0x1 0x0	0x00000001
s_select_b32		0x0 0x1 0x0	0x00000001
s_select_b32		0x1 0x1 0x0	0x00000001
s_select_b32		0x1 0x1 0x1	0x00000001
s_select_b32		0x0 0x1 0x1	0x00000000
s_select_b32		0x1 0x7fffffff 0x0	0x7fffffff
s_select_b32		0x1 0x1 0x7fffffff	0x00000001
s_select_b32		0x0 0x1 0x7fffffff	0x00000000
s_select_b32		0x1 0x80000000 0x0	0x80000000
s_select_b32		0x1 0x1 0x80000000	0x00000001
s_select_b32		0x0 0x1 0x80000000	0x00000000
s_select_b32		0x1 0xfffffffe 0x0	0xfffffffe
s_select_b32		0x1 0x1 0xfffffffe	0x00000001
s_select_b32		0x0 0x1 0xfffffffe	0x00000000
s_select_b32		0x1 0xffffffff 0x0	0xffffffff
s_select_b32		0x1 0x1 0xffffffff	0x00000001
s_select_b32		0x0 0x1 0xffffffff	0x00000000
s_select_b32		0x7fffffff 0x0 0x0	0x00000000
s_select_b32		0x7fffffff 0x1 0x0	0x00000001
s_select_b32		0x0 0x7fffffff 0x0	0x7fffffff
s_select_b32		0x7fffffff 0x1 0x0	0x00000001
s_select_b32		0x7fffffff 0x1 0x1	0x7fffffff
s_select_b32		0x0 0x7fffffff 0x1	0x00000000
s_select_b32		0x7fffffff 0x7fffffff 0x0	0x7fffffff
s_select_b32		0x7fffffff 0x1 0x7fffffff	0x7fffffff
s_select_b32		0x0 0x7fffffff 0x7fffffff	0x00000000
s_select_b32		0x7fffffff 0x80000000 0x0	0x80000000
s_select_b32		0x7fffffff 0x1 0x80000000	0x7fffffff
s_select_b32		0x0 0x7fffffff 0x80000000	0x00000000
s_select_b32		0x7fffffff 0xfffffffe 0x0	0xfffffffe
s_select_b32		0x7fffffff 0x1 0xfffffffe	0x7fffffff
s_select_b32		0x0 0x7fffffff 0xfffffffe	0x00000000
s_select_b32		0x7fffffff 0xffffffff 0x0	0xffffffff
s_select_b32		0x7fffffff 0x1 0xffffffff	0x7fffffff
s_select_b32		0x0 0x7fffffff 0xffffffff	0x00000000
s_select_b32		0x80000000 0x0 0x0	0x00000000
s_select_b32		0x80000000 0x1 0x0	0x00000001
s_select_b32		0x0 0x80000000 0x0	0x80000000
s_select_b32		0x80000000 0x1 0x0	0x00000001
s_select_b32		0x80000000 0x1 0x1	0x80000000
s_select_b32		0x0 0x80000000 0x1	0x00000000
s_select_b32		0x80000000 0x7fffffff 0x0	0x7fffffff
s_select_b32		0x80000000 0x1 0x7fffffff	0x80000000
s_select_b32		0x0 0x80000000 0x7fffffff	0x00000000
s_select_b32		0x80000000 0x80000000 0x0	0x80000000
s_select_b32		0x80000000 0x1 0x80000000	0x80000000
s_select_b32		0x0 0x80000000 0x80000000	0x00000000
s_select_b32		0x80000000 0xfffffffe 0x0	0xfffffffe
s_select_b32		0x80000000 0x1 0xfffffffe	0x80000000
s_select_b32		0x0 0x80000000 0xfffffffe	0x00000000
s_select_b32		0x80000000 0xffffffff 0x0	0xffffffff
s_select_b32		0x80000000 0x1 0xffffffff	0x80000000
s_select_b32		0x0 0x80000000 0xffffffff	0x00000000
s_select_b32		0xfffffffe 0x0 0x0	0x00000000
s_select_b32		0xfffffffe 0x1 0x0	0x00000001
s_select_b32		0x0 0xfffffffe 0x0	0xfffffffe
s_select_b32		0xfffffffe 0x1 0x0	0x00000001
s_select_b32		0xfffffffe 0x1 0x1	0xfffffffe
s_select_b32		0x0 0xfffffffe 0x1	0x00000000
s_select_b32		0xfffffffe 0x7fffffff 0x0	0x7fffffff
s_select_b32		0xfffffffe 0x1 0x7fffffff	0xfffffffe
s_select_b32		0x0 0xfffffffe 0x7fffffff	0x00000000
s_select_b32		0xfffffffe 0x80000000 0x0	0x80000000
s_select_b32		0xfffffffe 0x1 0x80000000	0xfffffffe
s_select_b32		0x0 0xfffffffe 0x80000000	0x00000000
s_select_b32		0xfffffffe 0xfffffffe 0x0	0xfffffffe
s_select_b32		0xfffffffe 0x1 0xfffffffe	0xfffffffe
s_select_b32		0x0 0xfffffffe 0xfffffffe	0x00000000
s_select_b32		0xfffffffe 0xffffffff 0x0	0xffffffff
s_select_b32		0xfffffffe 0x1 0xffffffff	0xfffffffe
s_select_b32		0x0 0xfffffffe 0xffffffff	0x00000000
s_select_b32		0xffffffff 0x0 0x0	0x00000000
s_select_b32		0xffffffff 0x1 0x0	0x00000001
s_select_b32		0x0 0xffffffff 0x0	0xffffffff
s_select_b32		0xffffffff 0x1 0x0	0x00000001
s_select_b32		0xffffffff 0x1 0x1	0xffffffff
s_select_b32		0x0 0xffffffff 0x1	0x00000000
s_select_b32		0xffffffff 0x7fffffff 0x0	0x7fffffff
s_select_b32		0xffffffff 0x1 0x7fffffff	0xffffffff
s_select_b32		0x0 0xffffffff 0x7fffffff	0x00000000
s_select_b32		0xffffffff 0x80000000 0x0	0x80000000
s_select_b32		0xffffffff 0x1 0x80000000	0xffffffff
s_select_b32		0x0 0xffffffff 0x80000000	0x00000000
s_select_b32		0xffffffff 0xfffffffe 0x0	0xfffffffe
s_select_b32		0xffffffff 0x1 0xfffffffe	0xffffffff
s_select_b32		0x0 0xffffffff 0xfffffffe	0x00000000
s_select_b32		0xffffffff 0xffffffff 0x0	0xffffffff
s_select_b32		0xffffffff 0x1 0xffffffff	0xffffffff
s_select_b32		0x0 0xffffffff 0xffffffff	0x00000000
s_select_b32		0x0 0x0 0x0	0x00000000
s_select_b32		0x1 0x1 0x1	0x00000001
s_select_b32		0x7fffffff 0x7fffffff 0x7fffffff	0x7fffffff
s_select_b32		0x80000000 0x80000000 0x80000000	0x80000000
s_select_b32		0xfffffffe 0xfffffffe 0xfffffffe	0xfffffffe
s_select_b32		0xffffffff 0xffffffff 0xffffffff	0xffffffff
s_sext_i32_i16		0x0	0x00000000
s_sext_i32_i16		0x1	0x00000001
s_sext_i32_i16		0x7fffffff	0xffffffff
s_sext_i32_i16		0x80000000	0x00000000
s_sext_i32_i16		0xfffffffe	0xfffffffe
s_sext_i32_i16		0xffffffff	0xffffffff
s_sext_i32_i8		0x0	0x00000000
s_sext_i32_i8		0x1	0x00000001
s_sext_i32_i8		0x7fffffff	0xffffffff
s_sext_i32_i8		0x80000000	0x00000000
s_sext_i32_i8		0xfffffffe	0xfffffffe
s_sext_i32_i8		0xffffffff	0xffffffff
s_sll_b32		0x0 0x0	0x00000000
s_sll_b32		0x0 0x1	0x00000000
s_sll_b32		0x0 0x7fffffff	0x00000000
s_sll_b32		0x0 0x80000000	0x00000000
s_sll_b32		0x0 0xfffffffe	0x00000000
s_sll_b32		0x0 0xffffffff	0x00000000
s_sll_b32		0x1 0x0	0x00000001
s_sll_b32		0x1 0x1	0x00000002
s_sll_b32		0x1 0x7fffffff	0x80000000
s_sll_b32		0x1 0x80000000	0x00000001
s_sll_b32		0x1 0xfffffffe	0x40000000
s_sll_b32		0x1 0xffffffff	0x80000000
s_sll_b32		0x7fffffff 0x0	0x7fffffff
s_sll_b32		0x7fffffff 0x1	0xfffffffe
s_sll_b32		0x7fffffff 0x7fffffff	0x80000000
s_sll_b32		0x7fffffff 0x80000000	0x7fffffff
s_sll_b32		0x7fffffff 0xfffffffe	0xc0000000
s_sll_b32		0x7fffffff 0xffffffff	0x80000000
s_sll_b32		0x80000000 0x0	0x80000000
s_sll_b32		0x80000000 0x1	0x00000000
s_sll_b32		0x80000000 0x7fffffff	0x00000000
s_sll_b32		0x80000000 0x80000000	0x80000000
s_sll_b32		0x80000000 0xfffffffe	0x00000000
s_sll_b32		0x80000000 0xffffffff	0x00000000
s_sll_b32		0xfffffffe 0x0	0xfffffffe
s_sll_b32		0xfffffffe 0x1	0xfffffffc
s_sll_b32		0xfffffffe 0x7fffffff	0x00000000
s_sll_b32		0xfffffffe 0x80000000	0xfffffffe
s_sll_b32		0xfffffffe 0xfffffffe	0x80000000
s_sll_b32		0xfffffffe 0xffffffff	0x00000000
s_sll_b32		0xffffffff 0x0	0xffffffff
s_sll_b32		0xffffffff 0x1	0xfffffffe
s_sll_b32		0xffffffff 0x7fffffff	0x80000000
s_sll_b32		0xffffffff 0x80000000	0xffffffff
s_sll_b32		0xffffffff 0xfffffffe	0xc0000000
s_sll_b32		0xffffffff 0xffffffff	0x80000000
s_sra_b32		0x0 0x0	0x00000000
s_sra_b32		0x0 0x1	0x00000000
s_sra_b32		0x0 0x7fffffff	0x00000000
s_sra_b32		0x0 0x80000000	0x00000000
s_sra_b32		0x0 0xfffffffe	0x00000000
s_sra_b32		0x0 0xffffffff	0x00000000
s_sra_b32		0x1 0x0	0x00000001
s_sra_b32		0x1 0x1	0x00000000
s_sra_b32		0x1 0x7fffffff	0x00000000
s_sra_b32		0x1 0x80000000	0x00000001
s_sra_b32		0x1 0xfffffffe	0x00000000
s_sra_b32		0x1 0xffffffff	0x00000000
s_sra_b32		0x7fffffff 0x0	0x7fffffff
s_sra_b32		0x7fffffff 0x1	0x3fffffff
s_sra_b32		0x7fffffff 0x7fffffff	0x00000000
s_sra_b32		0x7fffffff 0x80000000	0x7fffffff
s_sra_b32		0x7fffffff 0xfffffffe	0x00000001
s_sra_b32		0x7fffffff 0xffffffff	0x00000000
s_sra_b32		0x80000000 0x0	0x80000000
s_sra_b32		0x80000000 0x1	0xc0000000
s_sra_b32		0x80000000 0x7fffffff	0xffffffff
s_sra_b32		0x80000000 0x80000000	0x80000000
s_sra_b32		0x80000000 0xfffffffe	0xfffffffe
s_sra_b32		0x80000000 0xffffffff	0xffffffff
s_sra_b32		0xfffffffe 0x0	0xfffffffe
s_sra_b32		0xfffffffe 0x1	0xffffffff
s_sra_b32		0xfffffffe 0x7fffffff	0xffffffff
s_sra_b32		0xfffffffe 0x80000000	0xfffffffe
s_sra_b32		0xfffffffe 0xfffffffe	0xffffffff
s_sra_b32		0xfffffffe 0xffffffff	0xffffffff
s_sra_b32		0xffffffff 0x0	0xffffffff
s_sra_b32		0xffffffff 0x1	0xffffffff
s_sra_b32		0xffffffff 0x7fffffff	0xffffffff
s_sra_b32		0xffffffff 0x80000000	0xffffffff
s_sra_b32		0xffffffff 0xfffffffe	0xffffffff
s_sra_b32		0xffffffff 0xffffffff	0xffffffff
s_srl_b32		0x0 0x0	0x00000000
s_srl_b32		0x0 0x1	0x00000000
s_srl_b32		0x0 0x7fffffff	0x00000000
s_srl_b32		0x0 0x80000000	0x00000000
s_srl_b32		0x0 0xfffffffe	0x00000000
s_srl_b32		0x0 0xffffffff	0x00000000
s_srl_b32		0x1 0x0	0x00000001
s_srl_b32		0x1 0x1	0x00000000
s_srl_b32		0x1 0x7fffffff	0x00000000
s_srl_b32		0x1 0x80000000	0x00000001
s_srl_b32		0x1 0xfffffffe	0x00000000
s_srl_b32		0x1 0xffffffff	0x00000000
s_srl_b32		0x7fffffff 0x0	0x7fffffff
s_srl_b32		0x7fffffff 0x1	0x3fffffff
s_srl_b32		0x7fffffff 0x7fffffff	0x00000000
s_srl_b32		0x7fffffff 0x80000000	0x7fffffff
s_srl_b32		0x7fffffff 0xfffffffe	0x00000001
s_srl_b32		0x7fffffff 0xffffffff	0x00000000
s_srl_b32		0x80000000 0x0	0x80000000
s_srl_b32		0x80000000 0x1	0x40000000
s_srl_b32		0x80000000 0x7fffffff	0x00000001
s_srl_b32		0x80000000 0x80000000	0x80000000
s_srl_b32		0x80000000 0xfffffffe	0x00000002
s_srl_b32		0x80000000 0xffffffff	0x00000001
s_srl_b32		0xfffffffe 0x0	0xfffffffe
s_srl_b32		0xfffffffe 0x1	0x7fffffff
s_srl_b32		0xfffffffe 0x7fffffff	0x00000001
s_srl_b32		0xfffffffe 0x80000000	0xfffffffe
s_srl_b32		0xfffffffe 0xfffffffe	0x00000003
s_srl_b32		0xfffffffe 0xffffffff	0x00000001
s_srl_b32		0xffffffff 0x0	0xffffffff
s_srl_b32		0xffffffff 0x1	0x7fffffff
s_srl_b32		0xffffffff 0x7fffffff	0x00000001
s_srl_b32		0xffffffff 0x80000000	0xffffffff
s_srl_b32		0xffffffff 0xfffffffe	0x00000003
s_srl_b32		0xffffffff 0xffffffff	0x00000001
s_sub_i32		0x0 0x0	0x00000000
s_sub_i32		0x0 0x1	0xffffffff
s_sub_i32		0x0 0x7fffffff	0x80000001
s_sub_i32		0x0 0x80000000	0x80000000
s_sub_i32		0x0 0xfffffffe	0x00000002
s_sub_i32		0x0 0xffffffff	0x00000001
s_sub_i32		0x1 0x0	0x00000001
s_sub_i32		0x1 0x1	0x00000000
s_sub_i32		0x1 0x7fffffff	0x80000002
s_sub_i32		0x1 0x80000000	0x80000001
s_sub_i32		0x1 0xfffffffe	0x00000003
s_sub_i32		0x1 0xffffffff	0x00000002
s_sub_i32		0x7fffffff 0x0	0x7fffffff
s_sub_i32		0x7fffffff 0x1	0x7ffffffe
s_sub_i32		0x7fffffff 0x7fffffff	0x00000000
s_sub_i32		0x7fffffff 0x80000000	0xffffffff
s_sub_i32		0x7fffffff 0xfffffffe	0x80000001
s_sub_i32		0x7fffffff 0xffffffff	0x80000000
s_sub_i32		0x80000000 0x0	0x80000000
s_sub_i32		0x80000000 0x1	0x7fffffff
s_sub_i32		0x80000000 0x7fffffff	0x00000001
s_sub_i32		0x80000000 0x80000000	0x00000000
s_sub_i32		0x80000000 0xfffffffe	0x80000002
s_sub_i32		0x80000000 0xffffffff	0x80000001
s_sub_i32		0xfffffffe 0x0	0xfffffffe
s_sub_i32		0xfffffffe 0x1	0xfffffffd
s_sub_i32		0xfffffffe 0x7fffffff	0x7fffffff
s_sub_i32		0xfffffffe 0x80000000	0x7ffffffe
s_sub_i32		0xfffffffe 0xfffffffe	0x00000000
s_sub_i32		0xfffffffe 0xffffffff	0xffffffff
s_sub_i32		0xffffffff 0x0	0xffffffff
s_sub_i32		0xffffffff 0x1	0xfffffffe
s_sub_i32		0xffffffff 0x7fffffff	0x80000000
s_sub_i32		0xffffffff 0x80000000	0x7fffffff
s_sub_i32		0xffffffff 0xfffffffe	0x00000001
s_sub_i32		0xffffffff 0xffffffff	0x00000000
s_sub_u32		0x0 0x0	0x00000000
s_sub_u32		0x0 0x1	0xffffffff
s_sub_u32		0x0 0x7fffffff	0x80000001
s_sub_u32		0x0 0x80000000	0x80000000
s_sub_u32		0x0 0xfffffffe	0x00000002
s_sub_u32		0x0 0xffffffff	0x00000001
s_sub_u32		0x1 0x0	0x00000001
s_sub_u32		0x1 0x1	0x00000000
s_sub_u32		0x1 0x7fffffff	0x80000002
s_sub_u32		0x1 0x80000000	0x80000001
s_sub_u32		0x1 0xfffffffe	0x00000003
s_sub_u32		0x1 0xffffffff	0x00000002
s_sub_u32		0x7fffffff 0x0	0x7fffffff
s_sub_u32		0x7fffffff 0x1	0x7ffffffe
s_sub_u32		0x7fffffff 0x7fffffff	0x00000000
s_sub_u32		0x7fffffff 0x80000000	0xffffffff
s_sub_u32		0x7fffffff 0xfffffffe	0x80000001
s_sub_u32		0x7fffffff 0xffffffff	0x80000000
s_sub_u32		0x80000000 0x0	0x80000000
s_sub_u32		0x80000000 0x1	0x7fffffff
s_sub_u32		0x80000000 0x7fffffff	0x00000001
s_sub_u32		0x80000000 0x80000000	0x00000000
s_sub_u32		0x80000000 0xfffffffe	0x80000002
s_sub_u32		0x80000000 0xffffffff	0x80000001
s_sub_u32		0xfffffffe 0x0	0xfffffffe
s_sub_u32		0xfffffffe 0x1	0xfffffffd
s_sub_u32		0xfffffffe 0x7fffffff	0x7fffffff
s_sub_u32		0xfffffffe 0x80000000	0x7ffffffe
s_sub_u32		0xfffffffe 0xfffffffe	0x00000000
s_sub_u32		0xfffffffe 0xffffffff	0xffffffff
s_sub_u32		0xffffffff 0x0	0xffffffff
s_sub_u32		0xffffffff 0x1	0xfffffffe
s_sub_u32		0xffffffff 0x7fffffff	0x80000000
s_sub_u32		0xffffffff 0x80000000	0x7fffffff
s_sub_u32		0xffffffff 0xfffffffe	0x00000001
s_sub_u32		0xffffffff 0xffffffff	0x00000000
s_subb_u32		0x0 0x0 0x0	0x00000000
s_subb_u32		0x0 0x1 0x0	0xffffffff
s_subb_u32		0x0 0x0 0x0	0x00000000
s_subb_u32		0x0 0x1 0x0	0xffffffff
s_subb_u32		0x0 0x1 0x1	0xfffffffe
s_subb_u32		0x0 0x0 0x1	0xffffffff
s_subb_u32		0x0 0x7fffffff 0x0	0x80000001
s_subb_u32		0x0 0x1 0x7fffffff	0xfffffffe
s_subb_u32		0x0 0x0 0x7fffffff	0xffffffff
s_subb_u32		0x0 0x80000000 0x0	0x80000000
s_subb_u32		0x0 0x1 0x80000000	0xfffffffe
s_subb_u32		0x0 0x0 0x80000000	0xffffffff
s_subb_u32		0x0 0xfffffffe 0x0	0x00000002
s_subb_u32		0x0 0x1 0xfffffffe	0xfffffffe
s_subb_u32		0x0 0x0 0xfffffffe	0xffffffff
s_subb_u32		0x0 0xffffffff 0x0	0x00000001
s_subb_u32		0x0 0x1 0xffffffff	0xfffffffe
s_subb_u32		0x0 0x0 0xffffffff	0xffffffff
s_subb_u32		0x1 0x0 0x0	0x00000001
s_subb_u32		0x1 0x1 0x0	0x00000000
s_subb_u32		0x0 0x1 0x0	0xffffffff
s_subb_u32		0x1 0x1 0x0	0x00000000
s_subb_u32		0x1 0x1 0x1	0xffffffff
s_subb_u32		0x0 0x1 0x1	0xfffffffe
s_subb_u32		0x1 0x7fffffff 0x0	0x80000002
s_subb_u32		0x1 0x1 0x7fffffff	0xffffffff
s_subb_u32		0x0 0x1 0x7fffffff	0xfffffffe
s_subb_u32		0x1 0x80000000 0x0	0x80000001
s_subb_u32		0x1 0x1 0x80000000	0xffffffff
s_subb_u32		0x0 0x1 0x80000000	0xfffffffe
s_subb_u32		0x1 0xfffffffe 0x0	0x00000003
s_subb_u32		0x1 0x1 0xfffffffe	0xffffffff
s_subb_u32		0x0 0x1 0xfffffffe	0xfffffffe
s_subb_u32		0x1 0xffffffff 0x0	0x00000002
s_subb_u32		0x1 0x1 0xffffffff	0xffffffff
s_subb_u32		0x0 0x1 0xffffffff	0xfffffffe
s_subb_u32		0x7fffffff 0x0 0x0	0x7fffffff
s_subb_u32		0x7fffffff 0x1 0x0	0x7ffffffe
s_subb_u32		0x0 0x7fffffff 0x0	0x80000001
s_subb_u32		0x7fffffff 0x1 0x0	0x7ffffffe
s_subb_u32		0x7fffffff 0x1 0x1	0x7ffffffd
s_subb_u32		0x0 0x7fffffff 0x1	0x80000000
s_subb_u32		0x7fffffff 0x7fffffff 0x0	0x00000000
s_subb_u32		0x7fffffff 0x1 0x7fffffff	0x7ffffffd
s_subb_u32		0x0 0x7fffffff 0x7fffffff	0x80000000
s_subb_u32		0x7fffffff 0x80000000 0x0	0xffffffff
s_subb_u32		0x7fffffff 0x1 0x80000000	0x7ffffffd
s_subb_u32		0x0 0x7fffffff 0x80000000	0x80000000
s_subb_u32		0x7fffffff 0xfffffffe 0x0	0x80000001
s_subb_u32		0x7fffffff 0x1 0xfffffffe	0x7ffffffd
s_subb_u32		0x0 0x7fffffff 0xfffffffe	0x80000000
s_subb_u32		0x7fffffff 0xffffffff 0x0	0x80000000
s_subb_u32		0x7fffffff 0x1 0xffffffff	0x7ffffffd
s_subb_u32		0x0 0x7fffffff 0xffffffff	0x80000000
s_subb_u32		0x80000000 0x0 0x0	0x80000000
s_subb_u32		0x80000000 0x1 0x0	0x7fffffff
s_subb_u32		0x0 0x80000000 0x0	0x80000000
s_subb_u32		0x80000000 0x1 0x0	0x7fffffff
s_subb_u32		0x80000000 0x1 0x1	0x7ffffffe
s_subb_u32		0x0 0x80000000 0x1	0x7fffffff
s_subb_u32		0x80000000 0x7fffffff 0x0	0x00000001
s_subb_u32		0x80000000 0x1 0x7fffffff	0x7ffffffe
s_subb_u32		0x0 0x80000000 0x7fffffff	0x7fffffff
s_subb_u32		0x80000000 0x80000000 0x0	0x00000000
s_subb_u32		0x80000000 0x1 0x80000000	0x7ffffffe
s_subb_u32		0x0 0x80000000 0x80000000	0x7fffffff
s_subb_u32		0x80000000 0xfffffffe 0x0	0x80000002
s_subb_u32		0x80000000 0x1 0xfffffffe	0x7ffffffe
s_subb_u32		0x0 0x80000000 0xfffffffe	0x7fffffff
s_subb_u32		0x80000000 0xffffffff 0x0	0x80000001
s_subb_u32		0x80000000 0x1 0xffffffff	0x7ffffffe
s_subb_u32		0x0 0x80000000 0xffffffff	0x7fffffff
s_subb_u32		0xfffffffe 0x0 0x0	0xfffffffe
s_subb_u32		0xfffffffe 0x1 0x0	0xfffffffd
s_subb_u32		0x0 0xfffffffe 0x0	0x00000002
s_subb_u32		0xfffffffe 0x1 0x0	0xfffffffd
s_subb_u32		0xfffffffe 0x1 0x1	0xfffffffc
s_subb_u32		0x0 0xfffffffe 0x1	0x00000001
s_subb_u32		0xfffffffe 0x7fffffff 0x0	0x7fffffff
s_subb_u32		0xfffffffe 0x1 0x7fffffff	0xfffffffc
s_subb_u32		0x0 0xfffffffe 0x7fffffff	0x00000001
s_subb_u32		0xfffffffe 0x80000000 0x0	0x7ffffffe
s_subb_u32		0xfffffffe 0x1 0x80000000	0xfffffffc
s_subb_u32		0x0 0xfffffffe 0x80000000	0x00000001
s_subb_u32		0xfffffffe 0xfffffffe 0x0	0x00000000
s_subb_u32		0xfffffffe 0x1 0xfffffffe	0xfffffffc
s_subb_u32		0x0 0xfffffffe 0xfffffffe	0x00000001
s_subb_u32		0xfffffffe 0xffffffff 0x0	0xffffffff
s_subb_u32		0xfffffffe 0x1 0xffffffff	0xfffffffc
s_subb_u32		0x0 0xfffffffe 0xffffffff	0x00000001
s_subb_u32		0xffffffff 0x0 0x0	0xffffffff
s_subb_u32		0xffffffff 0x1 0x0	0xfffffffe
s_subb_u32		0x0 0xffffffff 0x0	0x00000001
s_subb_u32		0xffffffff 0x1 0x0	0xfffffffe
s_subb_u32		0xffffffff 0x1 0x1	0xfffffffd
s_subb_u32		0x0 0xffffffff 0x1	0x00000000
s_subb_u32		0xffffffff 0x7fffffff 0x0	0x80000000
s_subb_u32		0xffffffff 0x1 0x7fffffff	0xfffffffd
s_subb_u32		0x0 0xffffffff 0x7fffffff	0x00000000
s_subb_u32		0xffffffff 0x80000000 0x0	0x7fffffff
s_subb_u32		0xffffffff 0x1 0x80000000	0xfffffffd
s_subb_u32		0x0 0xffffffff 0x80000000	0x00000000
s_subb_u32		0xffffffff 0xfffffffe 0x0	0x00000001
s_subb_u32		0xffffffff 0x1 0xfffffffe	0xfffffffd
s_subb_u32		0x0 0xffffffff 0xfffffffe	0x00000000
s_subb_u32		0xffffffff 0xffffffff 0x0	0x00000000
s_subb_u32		0xffffffff 0x1 0xffffffff	0xfffffffd
s_subb_u32		0x0 0xffffffff 0xffffffff	0x00000000
s_subb_u32		0x0 0x0 0x0	0x00000000
s_subb_u32		0x1 0x1 0x1	0xffffffff
s_subb_u32		0x7fffffff 0x7fffffff 0x7fffffff	0xffffffff
s_subb_u32		0x80000000 0x80000000 0x80000000	0xffffffff
s_subb_u32		0xfffffffe 0xfffffffe 0xfffffffe	0xffffffff
s_subb_u32		0xffffffff 0xffffffff 0xffffffff	0xffffffff
s_wqm_b32		0x0	0x00000000
s_wqm_b32		0x1	0x0000000f
s_wqm_b32		0x7fffffff	0xffffffff
s_wqm_b32		0x80000000	0xf0000000
s_wqm_b32		0xfffffffe	0xffffffff
s_wqm_b32		0xffffffff	0xffffffff
s_xnor_b32		0x0 0x0	0xffffffff
s_xnor_b32		0x0 0x1	0xfffffffe
s_xnor_b32		0x0 0x7fffffff	0x80000000
s_xnor_b32		0x0 0x80000000	0x7fffffff
s_xnor_b32		0x0 0xfffffffe	0x00000001
s_xnor_b32		0x0 0xffffffff	0x00000000
s_xnor_b32		0x1 0x0	0xfffffffe
s_xnor_b32		0x1 0x1	0xffffffff
s_xnor_b32		0x1 0x7fffffff	0x80000001
s_xnor_b32		0x1 0x80000000	0x7ffffffe
s_xnor_b32		0x1 0xfffffffe	0x00000000
s_xnor_b32		0x1 0xffffffff	0x00000001
s_xnor_b32		0x7fffffff 0x0	0x80000000
s_xnor_b32		0x7fffffff 0x1	0x80000001
s_xnor_b32		0x7fffffff 0x7fffffff	0xffffffff
s_xnor_b32		0x7fffffff 0x80000000	0x00000000
s_xnor_b32		0x7fffffff 0xfffffffe	0x7ffffffe
s_xnor_b32		0x7fffffff 0xffffffff	0x7fffffff
s_xnor_b32		0x80000000 0x0	0x7fffffff
s_xnor_b32		0x80000000 0x1	0x7ffffffe
s_xnor_b32		0x80000000 0x7fffffff	0x00000000
s_xnor_b32		0x80000000 0x80000000	0xffffffff
s_xnor_b32		0x80000000 0xfffffffe	0x80000001
s_xnor_b32		0x80000000 0xffffffff	0x80000000
s_xnor_b32		0xfffffffe 0x0	0x00000001
s_xnor_b32		0xfffffffe 0x1	0x00000000
s_xnor_b32		0xfffffffe 0x7fffffff	0x7ffffffe
s_xnor_b32		0xfffffffe 0x80000000	0x80000001
s_xnor_b32		0xfffffffe 0xfffffffe	0xffffffff
s_xnor_b32		0xfffffffe 0xffffffff	0xfffffffe
s_xnor_b32		0xffffffff 0x0	0x00000000
s_xnor_b32		0xffffffff 0x1	0x00000001
s_xnor_b32		0xffffffff 0x7fffffff	0x7fffffff
s_xnor_b32		0xffffffff 0x80000000	0x80000000
s_xnor_b32		0xffffffff 0xfffffffe	0xfffffffe
s_xnor_b32		0xffffffff 0xffffffff	0xffffffff
s_xor_b32		0x0 0x0	0x00000000
s_xor_b32		0x0 0x1	0x00000001
s_xor_b32		0x0 0x7fffffff	0x7fffffff
s_xor_b32		0x0 0x80000000	0x80000000
s_xor_b32		0x0 0xfffffffe	0xfffffffe
s_xor_b32		0x0 0xffffffff	0xffffffff
s_xor_b32		0x1 0x0	0x00000001
s_xor_b32		0x1 0x1	0x00000000
s_xor_b32		0x1 0x7fffffff	0x7ffffffe
s_xor_b32		0x1 0x80000000	0x80000001
s_xor_b32		0x1 0xfffffffe	0xffffffff
s_xor_b32		0x1 0xffffffff	0xfffffffe
s_xor_b32		0x7fffffff 0x0	0x7fffffff
s_xor_b32		0x7fffffff 0x1	0x7ffffffe
s_xor_b32		0x7fffffff 0x7fffffff	0x00000000
s_xor_b32		0x7fffffff 0x80000000	0xffffffff
s_xor_b32		0x7fffffff 0xfffffffe	0x80000001
s_xor_b32		0x7fffffff 0xffffffff	0x80000000
s_xor_b32		0x80000000 0x0	0x80000000
s_xor_b32		0x80000000 0x1	0x80000001
s_xor_b32		0x80000000 0x7fffffff	0xffffffff
s_xor_b32		0x80000000 0x80000000	0x00000000
s_xor_b32		0x80000000 0xfffffffe	0x7ffffffe
s_xor_b32		0x80000000 0xffffffff	0x7fffffff
s_xor_b32		0xfffffffe 0x0	0xfffffffe
s_xor_b32		0xfffffffe 0x1	0xffffffff
s_xor_b32		0xfffffffe 0x7fffffff	0x80000001
s_xor_b32		0xfffffffe 0x80000000	0x7ffffffe
s_xor_b32		0xfffffffe 0xfffffffe	0x00000000
s_xor_b32		0xfffffffe 0xffffffff	0x00000001
s_xor_b32		0xffffffff 0x0	0xffffffff
s_xor_b32		0xffffffff 0x1	0xfffffffe
s_xor_b32		0xffffffff 0x7fffffff	0x80000000
s_xor_b32		0xffffffff 0x80000000	0x7fffffff
s_xor_b32		0xffffffff 0xfffffffe	0x00000001
s_xor_b32		0xffffffff 0xffffffff	0x00000000
v_abs_f32		0x0	0x00000000
v_abs_f32		0x80000000	0x00000000
v_abs_f32		0x3f000000	0x3f000000
v_abs_f32		0x3f800000	0x3f800000
v_abs_f32		0xbf800000	0x3f800000
v_abs_f32		0x800000	0x00800000
v_abs_f32		0x7f7fffff	0x7f7fffff
v_abs_f32		0x7f800000	0x7f800000
v_abs_f32		0xff800000	0x7f800000
v_abs_f32		0x7fc00000	0x7fc00000
v_abs_i32		0x0	0x00000000
v_abs_i32		0x1	0x00000001
v_abs_i32		0x7fffffff	0x7fffffff
v_abs_i32		0x80000000	0x80000000
v_abs_i32		0xfffffffe	0x00000002
v_abs_i32		0xffffffff	0x00000001
v_absdiff_i32		0x0 0x0	0x00000000
v_absdiff_i32		0x0 0x1	0x00000001
v_absdiff_i32		0x0 0x7fffffff	0x7fffffff
v_absdiff_i32		0x0 0x80000000	0x80000000
v_absdiff_i32		0x0 0xfffffffe	0x00000002
v_absdiff_i32		0x0 0xffffffff	0x00000001
v_absdiff_i32		0x1 0x0	0x00000001
v_absdiff_i32		0x1 0x1	0x00000000
v_absdiff_i32		0x1 0x7fffffff	0x7ffffffe
v_absdiff_i32		0x1 0x80000000	0x7fffffff
v_absdiff_i32		0x1 0xfffffffe	0x00000003
v_absdiff_i32		0x1 0xffffffff	0x00000002
v_absdiff_i32		0x7fffffff 0x0	0x7fffffff
v_absdiff_i32		0x7fffffff 0x1	0x7ffffffe
v_absdiff_i32		0x7fffffff 0x7fffffff	0x00000000
v_absdiff_i32		0x7fffffff 0x80000000	0x00000001
v_absdiff_i32		0x7fffffff 0xfffffffe	0x7fffffff
v_absdiff_i32		0x7fffffff 0xffffffff	0x80000000
v_absdiff_i32		0x80000000 0x0	0x80000000
v_absdiff_i32		0x80000000 0x1	0x7fffffff
v_absdiff_i32		0x80000000 0x7fffffff	0x00000001
v_absdiff_i32		0x80000000 0x80000000	0x00000000
v_absdiff_i32		0x80000000 0xfffffffe	0x7ffffffe
v_absdiff_i32		0x80000000 0xffffffff	0x7fffffff
v_absdiff_i32		0xfffffffe 0x0	0x00000002
v_absdiff_i32		0xfffffffe 0x1	0x00000003
v_absdiff_i32		0xfffffffe 0x7fffffff	0x7fffffff
v_absdiff_i32		0xfffffffe 0x80000000	0x7ffffffe
v_absdiff_i32		0xfffffffe 0xfffffffe	0x00000000
v_absdiff_i32		0xfffffffe 0xffffffff	0x00000001
v_absdiff_i32		0xffffffff 0x0	0x00000001
v_absdiff_i32		0xffffffff 0x1	0x00000002
v_absdiff_i32		0xffffffff 0x7fffffff	0x80000000
v_absdiff_i32		0xffffffff 0x80000000	0x7fffffff
v_absdiff_i32		0xffffffff 0xfffffffe	0x00000001
v_absdiff_i32		0xffffffff 0xffffffff	0x00000000
v_absdiff_u32		0x0 0x0	0x00000000
v_absdiff_u32		0x0 0x1	0x00000001
v_absdiff_u32		0x0 0x7fffffff	0x7fffffff
v_absdiff_u32		0x0 0x80000000	0x80000000
v_absdiff_u32		0x0 0xfffffffe	0xfffffffe
v_absdiff_u32		0x0 0xffffffff	0xffffffff
v_absdiff_u32		0x1 0x0	0x00000001
v_absdiff_u32		0x1 0x1	0x00000000
v_absdiff_u32		0x1 0x7fffffff	0x7ffffffe
v_absdiff_u32		0x1 0x80000000	0x7fffffff
v_absdiff_u32		0x1 0xfffffffe	0xfffffffd
v_absdiff_u32		0x1 0xffffffff	0xfffffffe
v_absdiff_u32		0x7fffffff 0x0	0x7fffffff
v_absdiff_u32		0x7fffffff 0x1	0x7ffffffe
v_absdiff_u32		0x7fffffff 0x7fffffff	0x00000000
v_absdiff_u32		0x7fffffff 0x80000000	0x00000001
v_absdiff_u32		0x7fffffff 0xfffffffe	0x7fffffff
v_absdiff_u32		0x7fffffff 0xffffffff	0x80000000
v_absdiff_u32		0x80000000 0x0	0x80000000
v_absdiff_u32		0x80000000 0x1	0x7fffffff
v_absdiff_u32		0x80000000 0x7fffffff	0x00000001
v_absdiff_u32		0x80000000 0x80000000	0x00000000
v_absdiff_u32		0x80000000 0xfffffffe	0x7ffffffe
v_absdiff_u32		0x80000000 0xffffffff	0x7fffffff
v_absdiff_u32		0xfffffffe 0x0	0xfffffffe
v_absdiff_u32		0xfffffffe 0x1	0xfffffffd
v_absdiff_u32		0xfffffffe 0x7fffffff	0x7fffffff
v_absdiff_u32		0xfffffffe 0x80000000	0x7ffffffe
v_absdiff_u32		0xfffffffe 0xfffffffe	0x00000000
v_absdiff_u32		0xfffffffe 0xffffffff	0x00000001
v_absdiff_u32		0xffffffff 0x0	0xffffffff
v_absdiff_u32		0xffffffff 0x1	0xfffffffe
v_absdiff_u32		0xffffffff 0x7fffffff	0x80000000
v_absdiff_u32		0xffffffff 0x80000000	0x7fffffff
v_absdiff_u32		0xffffffff 0xfffffffe	0x00000001
v_absdiff_u32		0xffffffff 0xffffffff	0x00000000
v_add_f32		0x0 0x0	0x00000000
v_add_f32		0x0 0x80000000	0x00000000
v_add_f32		0x0 0x3f000000	0x3f000000
v_add_f32		0x0 0x3f800000	0x3f800000
v_add_f32		0x0 0xbf800000	0xbf800000
v_add_f32		0x0 0x800000	0x00800000
v_add_f32		0x0 0x7f7fffff	0x7f7fffff
v_add_f32		0x0 0x7f800000	0x7f800000
v_add_f32		0x0 0xff800000	0xff800000
v_add_f32		0x0 0x7fc00000	0x7fc00000
v_add_f32		0x80000000 0x0	0x00000000
v_add_f32		0x80000000 0x80000000	0x80000000
v_add_f32		0x80000000 0x3f000000	0x3f000000
v_add_f32		0x80000000 0x3f800000	0x3f800000
v_add_f32		0x80000000 0xbf800000	0xbf800000
v_add_f32		0x80000000 0x800000	0x00800000
v_add_f32		0x80000000 0x7f7fffff	0x7f7fffff
v_add_f32		0x80000000 0x7f800000	0x7f800000
v_add_f32		0x80000000 0xff800000	0xff800000
v_add_f32		0x80000000 0x7fc00000	0x7fc00000
v_add_f32		0x3f000000 0x0	0x3f000000
v_add_f32		0x3f000000 0x80000000	0x3f000000
v_add_f32		0x3f000000 0x3f000000	0x3f800000
v_add_f32		0x3f000000 0x3f800000	0x3fc00000
v_add_f32		0x3f000000 0xbf800000	0xbf000000
v_add_f32		0x3f000000 0x800000	0x3f000000
v_add_f32		0x3f000000 0x7f7fffff	0x7f7fffff
v_add_f32		0x3f000000 0x7f800000	0x7f800000
v_add_f32		0x3f000000 0xff800000	0xff800000
v_add_f32		0x3f000000 0x7fc00000	0x7fc00000
v_add_f32		0x3f800000 0x0	0x3f800000
v_add_f32		0x3f800000 0x80000000	0x3f800000
v_add_f32		0x3f800000 0x3f000000	0x3fc00000
v_add_f32		0x3f800000 0x3f800000	0x40000000
v_add_f32		0x3f800000 0xbf800000	0x00000000
v_add_f32		0x3f800000 0x800000	0x3f800000
v_add_f32		0x3f800000 0x7f7fffff	0x7f7fffff
v_add_f32		0x3f800000 0x7f800000	0x7f800000
v_add_f32		0x3f800000 0xff800000	0xff800000
v_add_f32		0x3f800000 0x7fc00000	0x7fc00000
v_add_f32		0xbf800000 0x0	0xbf800000
v_add_f32		0xbf800000 0x80000000	0xbf800000
v_add_f32		0xbf800000 0x3f000000	0xbf000000
v_add_f32		0xbf800000 0x3f800000	0x00000000
v_add_f32		0xbf800000 0xbf800000	0xc0000000
v_add_f32		0xbf800000 0x800000	0xbf800000
v_add_f32		0xbf800000 0x7f7fffff	0x7f7fffff
v_add_f32		0xbf800000 0x7f800000	0x7f800000
v_add_f32		0xbf800000 0xff800000	0xff800000
v_add_f32		0xbf800000 0x7fc00000	0x7fc00000
v_add_f32		0x800000 0x0	0x00800000
v_add_f32		0x800000 0x80000000	0x00800000
v_add_f32		0x800000 0x3f000000	0x3f000000
v_add_f32		0x800000 0x3f800000	0x3f800000
v_add_f32		0x800000 0xbf800000	0xbf800000
v_add_f32		0x800000 0x800000	0x01000000
v_add_f32		0x800000 0x7f7fffff	0x7f7fffff
v_add_f32		0x800000 0x7f800000	0x7f800000
v_add_f32		0x800000 0xff800000	0xff800000
v_add_f32		0x800000 0x7fc00000	0x7fc00000
v_add_f32		0x7f7fffff 0x0	0x7f7fffff
v_add_f32		0x7f7fffff 0x80000000	0x7f7fffff
v_add_f32		0x7f7fffff 0x3f000000	0x7f7fffff
v_add_f32		0x7f7fffff 0x3f800000	0x7f7fffff
v_add_f32		0x7f7fffff 0xbf800000	0x7f7fffff
v_add_f32		0x7f7fffff 0x800000	0x7f7fffff
v_add_f32		0x7f7fffff 0x7f7fffff	0x7f800000
v_add_f32		0x7f7fffff 0x7f800000	0x7f800000
v_add_f32		0x7f7fffff 0xff800000	0xff800000
v_add_f32		0x7f7fffff 0x7fc00000	0x7fc00000
v_add_f32		0x7f800000 0x0	0x7f800000
v_add_f32		0x7f800000 0x80000000	0x7f800000
v_add_f32		0x7f800000 0x3f000000	0x7f800000
v_add_f32		0x7f800000 0x3f800000	0x7f800000
v_add_f32		0x7f800000 0xbf800000	0x7f800000
v_add_f32		0x7f800000 0x800000	0x7f800000
v_add_f32		0x7f800000 0x7f7fffff	0x7f800000
v_add_f32		0x7f800000 0x7f800000	0x7f800000
v_add_f32		0x7f800000 0xff800000	0x7fc00000
v_add_f32		0x7f800000 0x7fc00000	0x7fc00000
v_add_f32		0xff800000 0x0	0xff800000
v_add_f32		0xff800000 0x80000000	0xff800000
v_add_f32		0xff800000 0x3f000000	0xff800000
v_add_f32		0xff800000 0x3f800000	0xff800000
v_add_f32		0xff800000 0xbf800000	0xff800000
v_add_f32		0xff800000 0x800000	0xff800000
v_add_f32		0xff800000 0x7f7fffff	0xff800000
v_add_f32		0xff800000 0x7f800000	0x7fc00000
v_add_f32		0xff800000 0xff800000	0xff800000
v_add_f32		0xff800000 0x7fc00000	0x7fc00000
v_add_f32		0x7fc00000 0x0	0x7fc00000
v_add_f32		0x7fc00000 0x80000000	0x7fc00000
v_add_f32		0x7fc00000 0x3f000000	0x7fc00000
v_add_f32		0x7fc00000 0x3f800000	0x7fc00000
v_add_f32		0x7fc00000 0xbf800000	0x7fc00000
v_add_f32		0x7fc00000 0x800000	0x7fc00000
v_add_f32		0x7fc00000 0x7f7fffff	0x7fc00000
v_add_f32		0x7fc00000 0x7f800000	0x7fc00000
v_add_f32		0x7fc00000 0xff800000	0x7fc00000
v_add_f32		0x7fc00000 0x7fc00000	0x7fc00000
v_add_i32		0x0 0x0	0x00000000
v_add_i32		0x0 0x1	0x00000001
v_add_i32		0x0 0x7fffffff	0x7fffffff
v_add_i32		0x0 0x80000000	0x80000000
v_add_i32		0x0 0xfffffffe	0xfffffffe
v_add_i32		0x0 0xffffffff	0xffffffff
v_add_i32		0x1 0x0	0x00000001
v_add_i32		0x1 0x1	0x00000002
v_add_i32		0x1 0x7fffffff	0x80000000
v_add_i32		0x1 0x80000000	0x80000001
v_add_i32		0x1 0xfffffffe	0xffffffff
v_add_i32		0x1 0xffffffff	0x00000000
v_add_i32		0x7fffffff 0x0	0x7fffffff
v_add_i32		0x7fffffff 0x1	0x80000000
v_add_i32		0x7fffffff 0x7fffffff	0xfffffffe
v_add_i32		0x7fffffff 0x80000000	0xffffffff
v_add_i32		0x7fffffff 0xfffffffe	0x7ffffffd
v_add_i32		0x7fffffff 0xffffffff	0x7ffffffe
v_add_i32		0x80000000 0x0	0x80000000
v_add_i32		0x80000000 0x1	0x80000001
v_add_i32		0x80000000 0x7fffffff	0xffffffff
v_add_i32		0x80000000 0x80000000	0x00000000
v_add_i32		0x80000000 0xfffffffe	0x7ffffffe
v_add_i32		0x80000000 0xffffffff	0x7fffffff
v_add_i32		0xfffffffe 0x0	0xfffffffe
v_add_i32		0xfffffffe 0x1	0xffffffff
v_add_i32		0xfffffffe 0x7fffffff	0x7ffffffd
v_add_i32		0xfffffffe 0x80000000	0x7ffffffe
v_add_i32		0xfffffffe 0xfffffffe	0xfffffffc
v_add_i32		0xfffffffe 0xffffffff	0xfffffffd
v_add_i32		0xffffffff 0x0	0xffffffff
v_add_i32		0xffffffff 0x1	0x00000000
v_add_i32		0xffffffff 0x7fffffff	0x7ffffffe
v_add_i32		0xffffffff 0x80000000	0x7fffffff
v_add_i32		0xffffffff 0xfffffffe	0xfffffffd
v_add_i32		0xffffffff 0xffffffff	0xfffffffe
v_add_u32		0x0 0x0	0x00000000 0x00000000
v_add_u32		0x0 0x1	0x00000001 0x00000000
v_add_u32		0x0 0x7fffffff	0x7fffffff 0x00000000
v_add_u32		0x0 0x80000000	0x80000000 0x00000000
v_add_u32		0x0 0xfffffffe	0xfffffffe 0x00000000
v_add_u32		0x0 0xffffffff	0xffffffff 0x00000000
v_add_u32		0x1 0x0	0x00000001 0x00000000
v_add_u32		0x1 0x1	0x00000002 0x00000000
v_add_u32		0x1 0x7fffffff	0x80000000 0x00000000
v_add_u32		0x1 0x80000000	0x80000001 0x00000000
v_add_u32		0x1 0xfffffffe	0xffffffff 0x00000000
v_add_u32		0x1 0xffffffff	0x00000000 0x00000001
v_add_u32		0x7fffffff 0x0	0x7fffffff 0x00000000
v_add_u32		0x7fffffff 0x1	0x80000000 0x00000000
v_add_u32		0x7fffffff 0x7fffffff	0xfffffffe 0x00000000
v_add_u32		0x7fffffff 0x80000000	0xffffffff 0x00000000
v_add_u32		0x7fffffff 0xfffffffe	0x7ffffffd 0x00000001
v_add_u32		0x7fffffff 0xffffffff	0x7ffffffe 0x00000001
v_add_u32		0x80000000 0x0	0x80000000 0x00000000
v_add_u32		0x80000000 0x1	0x80000001 0x00000000
v_add_u32		0x80000000 0x7fffffff	0xffffffff 0x00000000
v_add_u32		0x80000000 0x80000000	0x00000000 0x00000001
v_add_u32		0x80000000 0xfffffffe	0x7ffffffe 0x00000001
v_add_u32		0x80000000 0xffffffff	0x7fffffff 0x00000001
v_add_u32		0xfffffffe 0x0	0xfffffffe 0x00000000
v_add_u32		0xfffffffe 0x1	0xffffffff 0x00000000
v_add_u32		0xfffffffe 0x7fffffff	0x7ffffffd 0x00000001
v_add_u32		0xfffffffe 0x80000000	0x7ffffffe 0x00000001
v_add_u32		0xfffffffe 0xfffffffe	0xfffffffc 0x00000001
v_add_u32		0xfffffffe 0xffffffff	0xfffffffd 0x00000001
v_add_u32		0xffffffff 0x0	0xffffffff 0x00000000
v_add_u32		0xffffffff 0x1	0x00000000 0x00000001
v_add_u32		0xffffffff 0x7fffffff	0x7ffffffe 0x00000001
v_add_u32		0xffffffff 0x80000000	0x7fffffff 0x00000001
v_add_u32		0xffffffff 0xfffffffe	0xfffffffd 0x00000001
v_add_u32		0xffffffff 0xffffffff	0xfffffffe 0x00000001
v_addc_u32		0x0 0x0 0x0	0x00000000 0x00000000
v_addc_u32		0x0 0x1 0x0	0x00000001 0x00000000
v_addc_u32		0x0 0x0 0x0	0x00000000 0x00000000
v_addc_u32		0x0 0x1 0x0	0x00000001 0x00000000
v_addc_u32		0x0 0x1 0x1	0x00000003 0x00000000
v_addc_u32		0x0 0x0 0x1	0x00000001 0x00000000
v_addc_u32		0x0 0x7fffffff 0x0	0x7fffffff 0x00000000
v_addc_u32		0x0 0x1 0x7fffffff	0x00000002 0x00000000
v_addc_u32		0x0 0x0 0x7fffffff	0x00000001 0x00000000
v_addc_u32		0x0 0x80000000 0x0	0x80000000 0x00000000
v_addc_u32		0x0 0x1 0x80000000	0x00000001 0x00000000
v_addc_u32		0x0 0x0 0x80000000	0x00000000 0x00000000
v_addc_u32		0x0 0xfffffffe 0x0	0xfffffffe 0x00000000
v_addc_u32		0x0 0x1 0xfffffffe	0x00000003 0x00000000
v_addc_u32		0x0 0x0 0xfffffffe	0x00000001 0x00000000
v_addc_u32		0x0 0xffffffff 0x0	0xffffffff 0x00000000
v_addc_u32		0x0 0x1 0xffffffff	0x00000002 0x00000000
v_addc_u32		0x0 0x0 0xffffffff	0x00000001 0x00000000
v_addc_u32		0x1 0x0 0x0	0x00000001 0x00000000
v_addc_u32		0x1 0x1 0x0	0x00000002 0x00000000
v_addc_u32		0x0 0x1 0x0	0x00000001 0x00000000
v_addc_u32		0x1 0x1 0x0	0x00000002 0x00000000
v_addc_u32		0x1 0x1 0x1	0x00000003 0x00000000
v_addc_u32		0x0 0x1 0x1	0x00000003 0x00000000
v_addc_u32		0x1 0x7fffffff 0x0	0x80000000 0x00000000
v_addc_u32		0x1 0x1 0x7fffffff	0x00000003 0x00000000
v_addc_u32		0x0 0x1 0x7fffffff	0x00000002 0x00000000
v_addc_u32		0x1 0x80000000 0x0	0x80000001 0x00000000
v_addc_u32		0x1 0x1 0x80000000	0x00000002 0x00000000
v_addc_u32		0x0 0x1 0x80000000	0x00000001 0x00000000
v_addc_u32		0x1 0xfffffffe 0x0	0xffffffff 0x00000000
v_addc_u32		0x1 0x1 0xfffffffe	0x00000003 0x00000000
v_addc_u32		0x0 0x1 0xfffffffe	0x00000003 0x00000000
v_addc_u32		0x1 0xffffffff 0x0	0x00000000 0x00000001
v_addc_u32		0x1 0x1 0xffffffff	0x00000003 0x00000000
v_addc_u32		0x0 0x1 0xffffffff	0x00000002 0x00000000
v_addc_u32		0x7fffffff 0x0 0x0	0x7fffffff 0x00000000
v_addc_u32		0x7fffffff 0x1 0x0	0x80000000 0x00000000
v_addc_u32		0x0 0x7fffffff 0x0	0x7fffffff 0x00000000
v_addc_u32		0x7fffffff 0x1 0x0	0x80000000 0x00000000
v_addc_u32		0x7fffffff 0x1 0x1	0x80000001 0x00000000
v_addc_u32		0x0 0x7fffffff 0x1	0xffffffff 0x00000000
v_addc_u32		0x7fffffff 0x7fffffff 0x0	0xfffffffe 0x00000000
v_addc_u32		0x7fffffff 0x1 0x7fffffff	0x80000001 0x00000000
v_addc_u32		0x0 0x7fffffff 0x7fffffff	0x80000000 0x00000000
v_addc_u32		0x7fffffff 0x80000000 0x0	0xffffffff 0x00000000
v_addc_u32		0x7fffffff 0x1 0x80000000	0x80000000 0x00000000
v_addc_u32		0x0 0x7fffffff 0x80000000	0x7fffffff 0x00000000
v_addc_u32		0x7fffffff 0xfffffffe 0x0	0x7ffffffd 0x00000001
v_addc_u32		0x7fffffff 0x1 0xfffffffe	0x80000001 0x00000000
v_addc_u32		0x0 0x7fffffff 0xfffffffe	0xffffffff 0x00000000
v_addc_u32		0x7fffffff 0xffffffff 0x0	0x7ffffffe 0x00000001
v_addc_u32		0x7fffffff 0x1 0xffffffff	0x80000001 0x00000000
v_addc_u32		0x0 0x7fffffff 0xffffffff	0x80000000 0x00000000
v_addc_u32		0x80000000 0x0 0x0	0x80000000 0x00000000
v_addc_u32		0x80000000 0x1 0x0	0x80000001 0x00000000
v_addc_u32		0x0 0x80000000 0x0	0x80000000 0x00000000
v_addc_u32		0x80000000 0x1 0x0	0x80000001 0x00000000
v_addc_u32		0x80000000 0x1 0x1	0x80000003 0x00000000
v_addc_u32		0x0 0x80000000 0x1	0x80000001 0x00000000
v_addc_u32		0x80000000 0x7fffffff 0x0	0xffffffff 0x00000000
v_addc_u32		0x80000000 0x1 0x7fffffff	0x80000002 0x00000000
v_addc_u32		0x0 0x80000000 0x7fffffff	0x80000001 0x00000000
v_addc_u32		0x80000000 0x80000000 0x0	0x00000000 0x00000001
v_addc_u32		0x80000000 0x1 0x80000000	0x80000001 0x00000000
v_addc_u32		0x0 0x80000000 0x80000000	0x80000000 0x00000000
v_addc_u32		0x80000000 0xfffffffe 0x0	0x7ffffffe 0x00000001
v_addc_u32		0x80000000 0x1 0xfffffffe	0x80000003 0x00000000
v_addc_u32		0x0 0x80000000 0xfffffffe	0x80000001 0x00000000
v_addc_u32		0x80000000 0xffffffff 0x0	0x7fffffff 0x00000001
v_addc_u32		0x80000000 0x1 0xffffffff	0x80000002 0x00000000
v_addc_u32		0x0 0x80000000 0xffffffff	0x80000001 0x00000000
v_addc_u32		0xfffffffe 0x0 0x0	0xfffffffe 0x00000000
v_addc_u32		0xfffffffe 0x1 0x0	0xffffffff 0x00000000
v_addc_u32		0x0 0xfffffffe 0x0	0xfffffffe 0x00000000
v_addc_u32		0xfffffffe 0x1 0x0	0xffffffff 0x00000000
v_addc_u32		0xfffffffe 0x1 0x1	0xffffffff 0x00000001
v_addc_u32		0x0 0xfffffffe 0x1	0xffffffff 0x00000000
v_addc_u32		0xfffffffe 0x7fffffff 0x0	0x7ffffffd 0x00000001
v_addc_u32		0xfffffffe 0x1 0x7fffffff	0x00000000 0x00000001
v_addc_u32		0x0 0xfffffffe 0x7fffffff	0xffffffff 0x00000000
v_addc_u32		0xfffffffe 0x80000000 0x0	0x7ffffffe 0x00000001
v_addc_u32		0xfffffffe 0x1 0x80000000	0xffffffff 0x00000000
v_addc_u32		0x0 0xfffffffe 0x80000000	0xfffffffe 0x00000000
v_addc_u32		0xfffffffe 0xfffffffe 0x0	0xfffffffc 0x00000001
v_addc_u32		0xfffffffe 0x1 0xfffffffe	0xffffffff 0x00000001
v_addc_u32		0x0 0xfffffffe 0xfffffffe	0xffffffff 0x00000000
v_addc_u32		0xfffffffe 0xffffffff 0x0	0xfffffffd 0x00000001
v_addc_u32		0xfffffffe 0x1 0xffffffff	0x00000000 0x00000001
v_addc_u32		0x0 0xfffffffe 0xffffffff	0xffffffff 0x00000000
v_addc_u32		0xffffffff 0x0 0x0	0xffffffff 0x00000000
v_addc_u32		0xffffffff 0x1 0x0	0x00000000 0x00000001
v_addc_u32		0x0 0xffffffff 0x0	0xffffffff 0x00000000
v_addc_u32		0xffffffff 0x1 0x0	0x00000000 0x00000001
v_addc_u32		0xffffffff 0x1 0x1	0x00000001 0x00000001
v_addc_u32		0x0 0xffffffff 0x1	0xffffffff 0x00000001
v_addc_u32		0xffffffff 0x7fffffff 0x0	0x7ffffffe 0x00000001
v_addc_u32		0xffffffff 0x1 0x7fffffff	0x00000001 0x00000001
v_addc_u32		0x0 0xffffffff 0x7fffffff	0x00000000 0x00000001
v_addc_u32		0xffffffff 0x80000000 0x0	0x7fffffff 0x00000001
v_addc_u32		0xffffffff 0x1 0x80000000	0x00000000 0x00000001
v_addc_u32		0x0 0xffffffff 0x80000000	0xffffffff 0x00000000
v_addc_u32		0xffffffff 0xfffffffe 0x0	0xfffffffd 0x00000001
v_addc_u32		0xffffffff 0x1 0xfffffffe	0x00000001 0x00000001
v_addc_u32		0x0 0xffffffff 0xfffffffe	0xffffffff 0x00000001
v_addc_u32		0xffffffff 0xffffffff 0x0	0xfffffffe 0x00000001
v_addc_u32		0xffffffff 0x1 0xffffffff	0x00000001 0x00000001
v_addc_u32		0x0 0xffffffff 0xffffffff	0x00000000 0x00000001
v_addc_u32		0x0 0x0 0x0	0x00000000 0x00000000
v_addc_u32		0x1 0x1 0x1	0x00000003 0x00000000
v_addc_u32		0x7fffffff 0x7fffffff 0x7fffffff	0xffffffff 0x00000000
v_addc_u32		0x80000000 0x80000000 0x80000000	0x00000000 0x00000001
v_addc_u32		0xfffffffe 0xfffffffe 0xfffffffe	0xfffffffd 0x00000001
v_addc_u32		0xffffffff 0xffffffff 0xffffffff	0xffffffff 0x00000001
v_and_b32		0x0 0x0	0x00000000
v_and_b32		0x0 0x1	0x00000000
v_and_b32		0x0 0x7fffffff	0x00000000
v_and_b32		0x0 0x80000000	0x00000000
v_and_b32		0x0 0xfffffffe	0x00000000
v_and_b32		0x0 0xffffffff	0x00000000
v_and_b32		0x1 0x0	0x00000000
v_and_b32		0x1 0x1	0x00000001
v_and_b32		0x1 0x7fffffff	0x00000001
v_and_b32		0x1 0x80000000	0x00000000
v_and_b32		0x1 0xfffffffe	0x00000000
v_and_b32		0x1 0xffffffff	0x00000001
v_and_b32		0x7fffffff 0x0	0x00000000
v_and_b32		0x7fffffff 0x1	0x00000001
v_and_b32		0x7fffffff 0x7fffffff	0x7fffffff
v_and_b32		0x7fffffff 0x80000000	0x00000000
v_and_b32		0x7fffffff 0xfffffffe	0x7ffffffe
v_and_b32		0x7fffffff 0xffffffff	0x7fffffff
v_and_b32		0x80000000 0x0	0x00000000
v_and_b32		0x80000000 0x1	0x00000000
v_and_b32		0x80000000 0x7fffffff	0x00000000
v_and_b32		0x80000000 0x80000000	0x80000000
v_and_b32		0x80000000 0xfffffffe	0x80000000
v_and_b32		0x80000000 0xffffffff	0x80000000
v_and_b32		0xfffffffe 0x0	0x00000000
v_and_b32		0xfffffffe 0x1	0x00000000
v_and_b32		0xfffffffe 0x7fffffff	0x7ffffffe
v_and_b32		0xfffffffe 0x80000000	0x80000000
v_and_b32		0xfffffffe 0xfffffffe	0xfffffffe
v_and_b32		0xfffffffe 0xffffffff	0xfffffffe
v_and_b32		0xffffffff 0x0	0x00000000
v_and_b32		0xffffffff 0x1	0x00000001
v_and_b32		0xffffffff 0x7fffffff	0x7fffffff
v_and_b32		0xffffffff 0x80000000	0x80000000
v_and_b32		0xffffffff 0xfffffffe	0xfffffffe
v_and_b32		0xffffffff 0xffffffff	0xffffffff
v_bcnt0_u32		0x0	0x00000020
v_bcnt0_u32		0x1	0x0000001f
v_bcnt0_u32		0x7fffffff	0x00000001
v_bcnt0_u32		0x80000000	0x0000001f
v_bcnt0_u32		0xfffffffe	0x00000001
v_bcnt0_u32		0xffffffff	0x00000000
v_bcnt1_u32		0x0	0x00000000
v_bcnt1_u32		0x1	0x00000001
v_bcnt1_u32		0x7fffffff	0x0000001f
v_bcnt1_u32		0x80000000	0x00000001
v_bcnt1_u32		0xfffffffe	0x0000001f
v_bcnt1_u32		0xffffffff	0x00000020
v_bfe_i32		0x0 0x0 0x0	0x00000000
v_bfe_i32		0x0 0x1 0x0	0x00000000
v_bfe_i32		0x0 0x0 0x0	0x00000000
v_bfe_i32		0x0 0x1 0x0	0x00000000
v_bfe_i32		0x0 0x1 0x1	0x00000000
v_bfe_i32		0x0 0x0 0x1	0x00000000
v_bfe_i32		0x0 0x7fffffff 0x0	0x00000000
v_bfe_i32		0x0 0x1 0x7fffffff	0x00000000
v_bfe_i32		0x0 0x0 0x7fffffff	0x00000000
v_bfe_i32		0x0 0x80000000 0x0	0x00000000
v_bfe_i32		0x0 0x1 0x80000000	0x00000000
v_bfe_i32		0x0 0x0 0x80000000	0x00000000
v_bfe_i32		0x0 0xfffffffe 0x0	0x00000000
v_bfe_i32		0x0 0x1 0xfffffffe	0x00000000
v_bfe_i32		0x0 0x0 0xfffffffe	0x00000000
v_bfe_i32		0x0 0xffffffff 0x0	0x00000000
v_bfe_i32		0x0 0x1 0xffffffff	0x00000000
v_bfe_i32		0x0 0x0 0xffffffff	0x00000000
v_bfe_i32		0x1 0x0 0x0	0x00000000
v_bfe_i32		0x1 0x1 0x0	0x00000000
v_bfe_i32		0x0 0x1 0x0	0x00000000
v_bfe_i32		0x1 0x1 0x0	0x00000000
v_bfe_i32		0x1 0x1 0x1	0x00000000
v_bfe_i32		0x0 0x1 0x1	0x00000000
v_bfe_i32		0x1 0x7fffffff 0x0	0x00000000
v_bfe_i32		0x1 0x1 0x7fffffff	0x00000000
v_bfe_i32		0x0 0x1 0x7fffffff	0x00000000
v_bfe_i32		0x1 0x80000000 0x0	0x00000000
v_bfe_i32		0x1 0x1 0x80000000	0x00000000
v_bfe_i32		0x0 0x1 0x80000000	0x00000000
v_bfe_i32		0x1 0xfffffffe 0x0	0x00000000
v_bfe_i32		0x1 0x1 0xfffffffe	0x00000000
v_bfe_i32		0x0 0x1 0xfffffffe	0x00000000
v_bfe_i32		0x1 0xffffffff 0x0	0x00000000
v_bfe_i32		0x1 0x1 0xffffffff	0x00000000
v_bfe_i32		0x0 0x1 0xffffffff	0x00000000
v_bfe_i32		0x7fffffff 0x0 0x0	0x00000000
v_bfe_i32		0x7fffffff 0x1 0x0	0x00000000
v_bfe_i32		0x0 0x7fffffff 0x0	0x00000000
v_bfe_i32		0x7fffffff 0x1 0x0	0x00000000
v_bfe_i32		0x7fffffff 0x1 0x1	0xffffffff
v_bfe_i32		0x0 0x7fffffff 0x1	0x00000000
v_bfe_i32		0x7fffffff 0x7fffffff 0x0	0x00000000
v_bfe_i32		0x7fffffff 0x1 0x7fffffff	0x3fffffff
v_bfe_i32		0x0 0x7fffffff 0x7fffffff	0x00000000
v_bfe_i32		0x7fffffff 0x80000000 0x0	0x00000000
v_bfe_i32		0x7fffffff 0x1 0x80000000	0x00000000
v_bfe_i32		0x0 0x7fffffff 0x80000000	0x00000000
v_bfe_i32		0x7fffffff 0xfffffffe 0x0	0x00000000
v_bfe_i32		0x7fffffff 0x1 0xfffffffe	0xffffffff
v_bfe_i32		0x0 0x7fffffff 0xfffffffe	0x00000000
v_bfe_i32		0x7fffffff 0xffffffff 0x0	0x00000000
v_bfe_i32		0x7fffffff 0x1 0xffffffff	0x3fffffff
v_bfe_i32		0x0 0x7fffffff 0xffffffff	0x00000000
v_bfe_i32		0x80000000 0x0 0x0	0x00000000
v_bfe_i32		0x80000000 0x1 0x0	0x00000000
v_bfe_i32		0x0 0x80000000 0x0	0x00000000
v_bfe_i32		0x80000000 0x1 0x0	0x00000000
v_bfe_i32		0x80000000 0x1 0x1	0x00000000
v_bfe_i32		0x0 0x80000000 0x1	0x00000000
v_bfe_i32		0x80000000 0x7fffffff 0x0	0x00000000
v_bfe_i32		0x80000000 0x1 0x7fffffff	0xc0000000
v_bfe_i32		0x0 0x80000000 0x7fffffff	0x00000000
v_bfe_i32		0x80000000 0x80000000 0x0	0x00000000
v_bfe_i32		0x80000000 0x1 0x80000000	0x00000000
v_bfe_i32		0x0 0x80000000 0x80000000	0x00000000
v_bfe_i32		0x80000000 0xfffffffe 0x0	0x00000000
v_bfe_i32		0x80000000 0x1 0xfffffffe	0x00000000
v_bfe_i32		0x0 0x80000000 0xfffffffe	0x00000000
v_bfe_i32		0x80000000 0xffffffff 0x0	0x00000000
v_bfe_i32		0x80000000 0x1 0xffffffff	0xc0000000
v_bfe_i32		0x0 0x80000000 0xffffffff	0x00000000
v_bfe_i32		0xfffffffe 0x0 0x0	0x00000000
v_bfe_i32		0xfffffffe 0x1 0x0	0x00000000
v_bfe_i32		0x0 0xfffffffe 0x0	0x00000000
v_bfe_i32		0xfffffffe 0x1 0x0	0x00000000
v_bfe_i32		0xfffffffe 0x1 0x1	0xffffffff
v_bfe_i32		0x0 0xfffffffe 0x1	0x00000000
v_bfe_i32		0xfffffffe 0x7fffffff 0x0	0x00000000
v_bfe_i32		0xfffffffe 0x1 0x7fffffff	0xffffffff
v_bfe_i32		0x0 0xfffffffe 0x7fffffff	0x00000000
v_bfe_i32		0xfffffffe 0x80000000 0x0	0x00000000
v_bfe_i32		0xfffffffe 0x1 0x80000000	0x00000000
v_bfe_i32		0x0 0xfffffffe 0x80000000	0x00000000
v_bfe_i32		0xfffffffe 0xfffffffe 0x0	0x00000000
v_bfe_i32		0xfffffffe 0x1 0xfffffffe	0xffffffff
v_bfe_i32		0x0 0xfffffffe 0xfffffffe	0x00000000
v_bfe_i32		0xfffffffe 0xffffffff 0x0	0x00000000
v_bfe_i32		0xfffffffe 0x1 0xffffffff	0xffffffff
v_bfe_i32		0x0 0xfffffffe 0xffffffff	0x00000000
v_bfe_i32		0xffffffff 0x0 0x0	0x00000000
v_bfe_i32		0xffffffff 0x1 0x0	0x00000000
v_bfe_i32		0x0 0xffffffff 0x0	0x00000000
v_bfe_i32		0xffffffff 0x1 0x0	0x00000000
v_bfe_i32		0xffffffff 0x1 0x1	0xffffffff
v_bfe_i32		0x0 0xffffffff 0x1	0x00000000
v_bfe_i32		0xffffffff 0x7fffffff 0x0	0x00000000
v_bfe_i32		0xffffffff 0x1 0x7fffffff	0xffffffff
v_bfe_i32		0x0 0xffffffff 0x7fffffff	0x00000000
v_bfe_i32		0xffffffff 0x80000000 0x0	0x00000000
v_bfe_i32		0xffffffff 0x1 0x80000000	0x00000000
v_bfe_i32		0x0 0xffffffff 0x80000000	0x00000000
v_bfe_i32		0xffffffff 0xfffffffe 0x0	0x00000000
v_bfe_i32		0xffffffff 0x1 0xfffffffe	0xffffffff
v_bfe_i32		0x0 0xffffffff 0xfffffffe	0x00000000
v_bfe_i32		0xffffffff 0xffffffff 0x0	0x00000000
v_bfe_i32		0xffffffff 0x1 0xffffffff	0xffffffff
v_bfe_i32		0x0 0xffffffff 0xffffffff	0x00000000
v_bfe_i32		0x0 0x0 0x0	0x00000000
v_bfe_i32		0x1 0x1 0x1	0x00000000
v_bfe_i32		0x7fffffff 0x7fffffff 0x7fffffff	0x00000000
v_bfe_i32		0x80000000 0x80000000 0x80000000	0x00000000
v_bfe_i32		0xfffffffe 0xfffffffe 0xfffffffe	0xffffffff
v_bfe_i32		0xffffffff 0xffffffff 0xffffffff	0xffffffff
v_bfe_u32		0x0 0x0 0x0	0x00000000
v_bfe_u32		0x0 0x1 0x0	0x00000000
v_bfe_u32		0x0 0x0 0x0	0x00000000
v_bfe_u32		0x0 0x1 0x0	0x00000000
v_bfe_u32		0x0 0x1 0x1	0x00000000
v_bfe_u32		0x0 0x0 0x1	0x00000000
v_bfe_u32		0x0 0x7fffffff 0x0	0x00000000
v_bfe_u32		0x0 0x1 0x7fffffff	0x00000000
v_bfe_u32		0x0 0x0 0x7fffffff	0x00000000
v_bfe_u32		0x0 0x80000000 0x0	0x00000000
v_bfe_u32		0x0 0x1 0x80000000	0x00000000
v_bfe_u32		0x0 0x0 0x80000000	0x00000000
v_bfe_u32		0x0 0xfffffffe 0x0	0x00000000
v_bfe_u32		0x0 0x1 0xfffffffe	0x00000000
v_bfe_u32		0x0 0x0 0xfffffffe	0x00000000
v_bfe_u32		0x0 0xffffffff 0x0	0x00000000
v_bfe_u32		0x0 0x1 0xffffffff	0x00000000
v_bfe_u32		0x0 0x0 0xffffffff	0x00000000
v_bfe_u32		0x1 0x0 0x0	0x00000000
v_bfe_u32		0x1 0x1 0x0	0x00000000
v_bfe_u32		0x0 0x1 0x0	0x00000000
v_bfe_u32		0x1 0x1 0x0	0x00000000
v_bfe_u32		0x1 0x1 0x1	0x00000000
v_bfe_u32		0x0 0x1 0x1	0x00000000
v_bfe_u32		0x1 0x7fffffff 0x0	0x00000000
v_bfe_u32		0x1 0x1 0x7fffffff	0x00000000
v_bfe_u32		0x0 0x1 0x7fffffff	0x00000000
v_bfe_u32		0x1 0x80000000 0x0	0x00000000
v_bfe_u32		0x1 0x1 0x80000000	0x00000000
v_bfe_u32		0x0 0x1 0x80000000	0x00000000
v_bfe_u32		0x1 0xfffffffe 0x0	0x00000000
v_bfe_u32		0x1 0x1 0xfffffffe	0x00000000
v_bfe_u32		0x0 0x1 0xfffffffe	0x00000000
v_bfe_u32		0x1 0xffffffff 0x0	0x00000000
v_bfe_u32		0x1 0x1 0xffffffff	0x00000000
v_bfe_u32		0x0 0x1 0xffffffff	0x00000000
v_bfe_u32		0x7fffffff 0x0 0x0	0x00000000
v_bfe_u32		0x7fffffff 0x1 0x0	0x00000000
v_bfe_u32		0x0 0x7fffffff 0x0	0x00000000
v_bfe_u32		0x7fffffff 0x1 0x0	0x00000000
v_bfe_u32		0x7fffffff 0x1 0x1	0x00000001
v_bfe_u32		0x0 0x7fffffff 0x1	0x00000000
v_bfe_u32		0x7fffffff 0x7fffffff 0x0	0x00000000
v_bfe_u32		0x7fffffff 0x1 0x7fffffff	0x3fffffff
v_bfe_u32		0x0 0x7fffffff 0x7fffffff	0x00000000
v_bfe_u32		0x7fffffff 0x80000000 0x0	0x00000000
v_bfe_u32		0x7fffffff 0x1 0x80000000	0x00000000
v_bfe_u32		0x0 0x7fffffff 0x80000000	0x00000000
v_bfe_u32		0x7fffffff 0xfffffffe 0x0	0x00000000
v_bfe_u32		0x7fffffff 0x1 0xfffffffe	0x3fffffff
v_bfe_u32		0x0 0x7fffffff 0xfffffffe	0x00000000
v_bfe_u32		0x7fffffff 0xffffffff 0x0	0x00000000
v_bfe_u32		0x7fffffff 0x1 0xffffffff	0x3fffffff
v_bfe_u32		0x0 0x7fffffff 0xffffffff	0x00000000
v_bfe_u32		0x80000000 0x0 0x0	0x00000000
v_bfe_u32		0x80000000 0x1 0x0	0x00000000
v_bfe_u32		0x0 0x80000000 0x0	0x00000000
v_bfe_u32		0x80000000 0x1 0x0	0x00000000
v_bfe_u32		0x80000000 0x1 0x1	0x00000000
v_bfe_u32		0x0 0x80000000 0x1	0x00000000
v_bfe_u32		0x80000000 0x7fffffff 0x0	0x00000000
v_bfe_u32		0x80000000 0x1 0x7fffffff	0x40000000
v_bfe_u32		0x0 0x80000000 0x7fffffff	0x00000000
v_bfe_u32		0x80000000 0x80000000 0x0	0x00000000
v_bfe_u32		0x80000000 0x1 0x80000000	0x00000000
v_bfe_u32		0x0 0x80000000 0x80000000	0x00000000
v_bfe_u32		0x80000000 0xfffffffe 0x0	0x00000000
v_bfe_u32		0x80000000 0x1 0xfffffffe	0x00000000
v_bfe_u32		0x0 0x80000000 0xfffffffe	0x00000000
v_bfe_u32		0x80000000 0xffffffff 0x0	0x00000000
v_bfe_u32		0x80000000 0x1 0xffffffff	0x40000000
v_bfe_u32		0x0 0x80000000 0xffffffff	0x00000000
v_bfe_u32		0xfffffffe 0x0 0x0	0x00000000
v_bfe_u32		0xfffffffe 0x1 0x0	0x00000000
v_bfe_u32		0x0 0xfffffffe 0x0	0x00000000
v_bfe_u32		0xfffffffe 0x1 0x0	0x00000000
v_bfe_u32		0xfffffffe 0x1 0x1	0x00000001
v_bfe_u32		0x0 0xfffffffe 0x1	0x00000000
v_bfe_u32		0xfffffffe 0x7fffffff 0x0	0x00000000
v_bfe_u32		0xfffffffe 0x1 0x7fffffff	0x7fffffff
v_bfe_u32		0x0 0xfffffffe 0x7fffffff	0x00000000
v_bfe_u32		0xfffffffe 0x80000000 0x0	0x00000000
v_bfe_u32		0xfffffffe 0x1 0x80000000	0x00000000
v_bfe_u32		0x0 0xfffffffe 0x80000000	0x00000000
v_bfe_u32		0xfffffffe 0xfffffffe 0x0	0x00000000
v_bfe_u32		0xfffffffe 0x1 0xfffffffe	0x3fffffff
v_bfe_u32		0x0 0xfffffffe 0xfffffffe	0x00000000
v_bfe_u32		0xfffffffe 0xffffffff 0x0	0x00000000
v_bfe_u32		0xfffffffe 0x1 0xffffffff	0x7fffffff
v_bfe_u32		0x0 0xfffffffe 0xffffffff	0x00000000
v_bfe_u32		0xffffffff 0x0 0x0	0x00000000
v_bfe_u32		0xffffffff 0x1 0x0	0x00000000
v_bfe_u32		0x0 0xffffffff 0x0	0x00000000
v_bfe_u32		0xffffffff 0x1 0x0	0x00000000
v_bfe_u32		0xffffffff 0x1 0x1	0x00000001
v_bfe_u32		0x0 0xffffffff 0x1	0x00000000
v_bfe_u32		0xffffffff 0x7fffffff 0x0	0x00000000
v_bfe_u32		0xffffffff 0x1 0x7fffffff	0x7fffffff
v_bfe_u32		0x0 0xffffffff 0x7fffffff	0x00000000
v_bfe_u32		0xffffffff 0x80000000 0x0	0x00000000
v_bfe_u32		0xffffffff 0x1 0x80000000	0x00000000
v_bfe_u32		0x0 0xffffffff 0x80000000	0x00000000
v_bfe_u32		0xffffffff 0xfffffffe 0x0	0x00000000
v_bfe_u32		0xffffffff 0x1 0xfffffffe	0x3fffffff
v_bfe_u32		0x0 0xffffffff 0xfffffffe	0x00000000
v_bfe_u32		0xffffffff 0xffffffff 0x0	0x00000000
v_bfe_u32		0xffffffff 0x1 0xffffffff	0x7fffffff
v_bfe_u32		0x0 0xffffffff 0xffffffff	0x00000000
v_bfe_u32		0x0 0x0 0x0	0x00000000
v_bfe_u32		0x1 0x1 0x1	0x00000000
v_bfe_u32		0x7fffffff 0x7fffffff 0x7fffffff	0x00000000
v_bfe_u32		0x80000000 0x80000000 0x80000000	0x00000000
v_bfe_u32		0xfffffffe 0xfffffffe 0xfffffffe	0x00000003
v_bfe_u32		0xffffffff 0xffffffff 0xffffffff	0x00000001
v_bfi_b32		0x0 0x0 0x0	0x00000000
v_bfi_b32		0x0 0x1 0x0	0x00000000
v_bfi_b32		0x0 0x0 0x0	0x00000000
v_bfi_b32		0x0 0x1 0x0	0x00000000
v_bfi_b32		0x0 0x1 0x1	0x00000001
v_bfi_b32		0x0 0x0 0x1	0x00000001
v_bfi_b32		0x0 0x7fffffff 0x0	0x00000000
v_bfi_b32		0x0 0x1 0x7fffffff	0x7fffffff
v_bfi_b32		0x0 0x0 0x7fffffff	0x7fffffff
v_bfi_b32		0x0 0x80000000 0x0	0x00000000
v_bfi_b32		0x0 0x1 0x80000000	0x80000000
v_bfi_b32		0x0 0x0 0x80000000	0x80000000
v_bfi_b32		0x0 0xfffffffe 0x0	0x00000000
v_bfi_b32		0x0 0x1 0xfffffffe	0xfffffffe
v_bfi_b32		0x0 0x0 0xfffffffe	0xfffffffe
v_bfi_b32		0x0 0xffffffff 0x0	0x00000000
v_bfi_b32		0x0 0x1 0xffffffff	0xffffffff
v_bfi_b32		0x0 0x0 0xffffffff	0xffffffff
v_bfi_b32		0x1 0x0 0x0	0x00000000
v_bfi_b32		0x1 0x1 0x0	0x00000001
v_bfi_b32		0x0 0x1 0x0	0x00000000
v_bfi_b32		0x1 0x1 0x0	0x00000001
v_bfi_b32		0x1 0x1 0x1	0x00000001
v_bfi_b32		0x0 0x1 0x1	0x00000001
v_bfi_b32		0x1 0x7fffffff 0x0	0x00000001
v_bfi_b32		0x1 0x1 0x7fffffff	0x7fffffff
v_bfi_b32		0x0 0x1 0x7fffffff	0x7fffffff
v_bfi_b32		0x1 0x80000000 0x0	0x00000000
v_bfi_b32		0x1 0x1 0x80000000	0x80000001
v_bfi_b32		0x0 0x1 0x80000000	0x80000000
v_bfi_b32		0x1 0xfffffffe 0x0	0x00000000
v_bfi_b32		0x1 0x1 0xfffffffe	0xffffffff
v_bfi_b32		0x0 0x1 0xfffffffe	0xfffffffe
v_bfi_b32		0x1 0xffffffff 0x0	0x00000001
v_bfi_b32		0x1 0x1 0xffffffff	0xffffffff
v_bfi_b32		0x0 0x1 0xffffffff	0xffffffff
v_bfi_b32		0x7fffffff 0x0 0x0	0x00000000
v_bfi_b32		0x7fffffff 0x1 0x0	0x00000001
v_bfi_b32		0x0 0x7fffffff 0x0	0x00000000
v_bfi_b32		0x7fffffff 0x1 0x0	0x00000001
v_bfi_b32		0x7fffffff 0x1 0x1	0x00000001
v_bfi_b32		0x0 0x7fffffff 0x1	0x00000001
v_bfi_b32		0x7fffffff 0x7fffffff 0x0	0x7fffffff
v_bfi_b32		0x7fffffff 0x1 0x7fffffff	0x00000001
v_bfi_b32		0x0 0x7fffffff 0x7fffffff	0x7fffffff
v_bfi_b32		0x7fffffff 0x80000000 0x0	0x00000000
v_bfi_b32		0x7fffffff 0x1 0x80000000	0x80000001
v_bfi_b32		0x0 0x7fffffff 0x80000000	0x80000000
v_bfi_b32		0x7fffffff 0xfffffffe 0x0	0x7ffffffe
v_bfi_b32		0x7fffffff 0x1 0xfffffffe	0x80000001
v_bfi_b32		0x0 0x7fffffff 0xfffffffe	0xfffffffe
v_bfi_b32		0x7fffffff 0xffffffff 0x0	0x7fffffff
v_bfi_b32		0x7fffffff 0x1 0xffffffff	0x80000001
v_bfi_b32		0x0 0x7fffffff 0xffffffff	0xffffffff
v_bfi_b32		0x80000000 0x0 0x0	0x00000000
v_bfi_b32		0x80000000 0x1 0x0	0x00000000
v_bfi_b32		0x0 0x80000000 0x0	0x00000000
v_bfi_b32		0x80000000 0x1 0x0	0x00000000
v_bfi_b32		0x80000000 0x1 0x1	0x00000001
v_bfi_b32		0x0 0x80000000 0x1	0x00000001
v_bfi_b32		0x80000000 0x7fffffff 0x0	0x00000000
v_bfi_b32		0x80000000 0x1 0x7fffffff	0x7fffffff
v_bfi_b32		0x0 0x80000000 0x7fffffff	0x7fffffff
v_bfi_b32		0x80000000 0x80000000 0x0	0x80000000
v_bfi_b32		0x80000000 0x1 0x80000000	0x00000000
v_bfi_b32		0x0 0x80000000 0x80000000	0x80000000
v_bfi_b32		0x80000000 0xfffffffe 0x0	0x80000000
v_bfi_b32		0x80000000 0x1 0xfffffffe	0x7ffffffe
v_bfi_b32		0x0 0x80000000 0xfffffffe	0xfffffffe
v_bfi_b32		0x80000000 0xffffffff 0x0	0x80000000
v_bfi_b32		0x80000000 0x1 0xffffffff	0x7fffffff
v_bfi_b32		0x0 0x80000000 0xffffffff	0xffffffff
v_bfi_b32		0xfffffffe 0x0 0x0	0x00000000
v_bfi_b32		0xfffffffe 0x1 0x0	0x00000000
v_bfi_b32		0x0 0xfffffffe 0x0	0x00000000
v_bfi_b32		0xfffffffe 0x1 0x0	0x00000000
v_bfi_b32		0xfffffffe 0x1 0x1	0x00000001
v_bfi_b32		0x0 0xfffffffe 0x1	0x00000001
v_bfi_b32		0xfffffffe 0x7fffffff 0x0	0x7ffffffe
v_bfi_b32		0xfffffffe 0x1 0x7fffffff	0x00000001
v_bfi_b32		0x0 0xfffffffe 0x7fffffff	0x7fffffff
v_bfi_b32		0xfffffffe 0x80000000 0x0	0x80000000
v_bfi_b32		0xfffffffe 0x1 0x80000000	0x00000000
v_bfi_b32		0x0 0xfffffffe 0x80000000	0x80000000
v_bfi_b32		0xfffffffe 0xfffffffe 0x0	0xfffffffe
v_bfi_b32		0xfffffffe 0x1 0xfffffffe	0x00000000
v_bfi_b32		0x0 0xfffffffe 0xfffffffe	0xfffffffe
v_bfi_b32		0xfffffffe 0xffffffff 0x0	0xfffffffe
v_bfi_b32		0xfffffffe 0x1 0xffffffff	0x00000001
v_bfi_b32		0x0 0xfffffffe 0xffffffff	0xffffffff
v_bfi_b32		0xffffffff 0x0 0x0	0x00000000
v_bfi_b32		0xffffffff 0x1 0x0	0x00000001
v_bfi_b32		0x0 0xffffffff 0x0	0x00000000
v_bfi_b32		0xffffffff 0x1 0x0	0x00000001
v_bfi_b32		0xffffffff 0x1 0x1	0x00000001
v_bfi_b32		0x0 0xffffffff 0x1	0x00000001
v_bfi_b32		0xffffffff 0x7fffffff 0x0	0x7fffffff
v_bfi_b32		0xffffffff 0x1 0x7fffffff	0x00000001
v_bfi_b32		0x0 0xffffffff 0x7fffffff	0x7fffffff
v_bfi_b32		0xffffffff 0x80000000 0x0	0x80000000
v_bfi_b32		0xffffffff 0x1 0x80000000	0x00000001
v_bfi_b32		0x0 0xffffffff 0x80000000	0x80000000
v_bfi_b32		0xffffffff 0xfffffffe 0x0	0xfffffffe
v_bfi_b32		0xffffffff 0x1 0xfffffffe	0x00000001
v_bfi_b32		0x0 0xffffffff 0xfffffffe	0xfffffffe
v_bfi_b32		0xffffffff 0xffffffff 0x0	0xffffffff
v_bfi_b32		0xffffffff 0x1 0xffffffff	0x00000001
v_bfi_b32		0x0 0xffffffff 0xffffffff	0xffffffff
v_bfi_b32		0x0 0x0 0x0	0x00000000
v_bfi_b32		0x1 0x1 0x1	0x00000001
v_bfi_b32		0x7fffffff 0x7fffffff 0x7fffffff	0x7fffffff
v_bfi_b32		0x80000000 0x80000000 0x80000000	0x80000000
v_bfi_b32		0xfffffffe 0xfffffffe 0xfffffffe	0xfffffffe
v_bfi_b32		0xffffffff 0xffffffff 0xffffffff	0xffffffff
v_bfm_b32		0x0 0x0	0x00000000
v_bfm_b32		0x0 0x1	0x00000000
v_bfm_b32		0x0 0x7fffffff	0x00000000
v_bfm_b32		0x0 0x80000000	0x00000000
v_bfm_b32		0x0 0xfffffffe	0x00000000
v_bfm_b32		0x0 0xffffffff	0x00000000
v_bfm_b32		0x1 0x0	0x00000001
v_bfm_b32		0x1 0x1	0x00000002
v_bfm_b32		0x1 0x7fffffff	0x80000000
v_bfm_b32		0x1 0x80000000	0x00000001
v_bfm_b32		0x1 0xfffffffe	0x40000000
v_bfm_b32		0x1 0xffffffff	0x80000000
v_bfm_b32		0x7fffffff 0x0	0x7fffffff
v_bfm_b32		0x7fffffff 0x1	0xfffffffe
v_bfm_b32		0x7fffffff 0x7fffffff	0x80000000
v_bfm_b32		0x7fffffff 0x80000000	0x7fffffff
v_bfm_b32		0x7fffffff 0xfffffffe	0xc0000000
v_bfm_b32		0x7fffffff 0xffffffff	0x80000000
v_bfm_b32		0x80000000 0x0	0x00000000
v_bfm_b32		0x80000000 0x1	0x00000000
v_bfm_b32		0x80000000 0x7fffffff	0x00000000
v_bfm_b32		0x80000000 0x80000000	0x00000000
v_bfm_b32		0x80000000 0xfffffffe	0x00000000
v_bfm_b32		0x80000000 0xffffffff	0x00000000
v_bfm_b32		0xfffffffe 0x0	0x3fffffff
v_bfm_b32		0xfffffffe 0x1	0x7ffffffe
v_bfm_b32		0xfffffffe 0x7fffffff	0x80000000
v_bfm_b32		0xfffffffe 0x80000000	0x3fffffff
v_bfm_b32		0xfffffffe 0xfffffffe	0xc0000000
v_bfm_b32		0xfffffffe 0xffffffff	0x80000000
v_bfm_b32		0xffffffff 0x0	0x7fffffff
v_bfm_b32		0xffffffff 0x1	0xfffffffe
v_bfm_b32		0xffffffff 0x7fffffff	0x80000000
v_bfm_b32		0xffffffff 0x80000000	0x7fffffff
v_bfm_b32		0xffffffff 0xfffffffe	0xc0000000
v_bfm_b32		0xffffffff 0xffffffff	0x80000000
v_bfrev_b32		0x0	0x00000000
v_bfrev_b32		0x1	0x80000000
v_bfrev_b32		0x7fffffff	0xfffffffe
v_bfrev_b32		0x80000000	0x00000001
v_bfrev_b32		0xfffffffe	0x7fffffff
v_bfrev_b32		0xffffffff	0xffffffff
v_bitalign_b32		0x0 0x0 0x0	0x00000000
v_bitalign_b32		0x0 0x1 0x0	0x00000000
v_bitalign_b32		0x0 0x0 0x0	0x00000000
v_bitalign_b32		0x0 0x1 0x0	0x00000000
v_bitalign_b32		0x0 0x1 0x1	0x80000000
v_bitalign_b32		0x0 0x0 0x1	0x00000000
v_bitalign_b32		0x0 0x7fffffff 0x0	0x00000000
v_bitalign_b32		0x0 0x1 0x7fffffff	0x00000002
v_bitalign_b32		0x0 0x0 0x7fffffff	0x00000000
v_bitalign_b32		0x0 0x80000000 0x0	0x00000000
v_bitalign_b32		0x0 0x1 0x80000000	0x00000000
v_bitalign_b32		0x0 0x0 0x80000000	0x00000000
v_bitalign_b32		0x0 0xfffffffe 0x0	0x00000000
v_bitalign_b32		0x0 0x1 0xfffffffe	0x00000004
v_bitalign_b32		0x0 0x0 0xfffffffe	0x00000000
v_bitalign_b32		0x0 0xffffffff 0x0	0x00000000
v_bitalign_b32		0x0 0x1 0xffffffff	0x00000002
v_bitalign_b32		0x0 0x0 0xffffffff	0x00000000
v_bitalign_b32		0x1 0x0 0x0	0x00000001
v_bitalign_b32		0x1 0x1 0x0	0x00000001
v_bitalign_b32		0x0 0x1 0x0	0x00000000
v_bitalign_b32		0x1 0x1 0x0	0x00000001
v_bitalign_b32		0x1 0x1 0x1	0x80000000
v_bitalign_b32		0x0 0x1 0x1	0x80000000
v_bitalign_b32		0x1 0x7fffffff 0x0	0x00000001
v_bitalign_b32		0x1 0x1 0x7fffffff	0x00000002
v_bitalign_b32		0x0 0x1 0x7fffffff	0x00000002
v_bitalign_b32		0x1 0x80000000 0x0	0x00000001
v_bitalign_b32		0x1 0x1 0x80000000	0x00000001
v_bitalign_b32		0x0 0x1 0x80000000	0x00000000
v_bitalign_b32		0x1 0xfffffffe 0x0	0x00000001
v_bitalign_b32		0x1 0x1 0xfffffffe	0x00000004
v_bitalign_b32		0x0 0x1 0xfffffffe	0x00000004
v_bitalign_b32		0x1 0xffffffff 0x0	0x00000001
v_bitalign_b32		0x1 0x1 0xffffffff	0x00000002
v_bitalign_b32		0x0 0x1 0xffffffff	0x00000002
v_bitalign_b32		0x7fffffff 0x0 0x0	0x7fffffff
v_bitalign_b32		0x7fffffff 0x1 0x0	0x7fffffff
v_bitalign_b32		0x0 0x7fffffff 0x0	0x00000000
v_bitalign_b32		0x7fffffff 0x1 0x0	0x7fffffff
v_bitalign_b32		0x7fffffff 0x1 0x1	0xbfffffff
v_bitalign_b32		0x0 0x7fffffff 0x1	0x80000000
v_bitalign_b32		0x7fffffff 0x7fffffff 0x0	0x7fffffff
v_bitalign_b32		0x7fffffff 0x1 0x7fffffff	0x00000002
v_bitalign_b32		0x0 0x7fffffff 0x7fffffff	0xfffffffe
v_bitalign_b32		0x7fffffff 0x80000000 0x0	0x7fffffff
v_bitalign_b32		0x7fffffff 0x1 0x80000000	0x7fffffff
v_bitalign_b32		0x0 0x7fffffff 0x80000000	0x00000000
v_bitalign_b32		0x7fffffff 0xfffffffe 0x0	0x7fffffff
v_bitalign_b32		0x7fffffff 0x1 0xfffffffe	0x00000005
v_bitalign_b32		0x0 0x7fffffff 0xfffffffe	0xfffffffc
v_bitalign_b32		0x7fffffff 0xffffffff 0x0	0x7fffffff
v_bitalign_b32		0x7fffffff 0x1 0xffffffff	0x00000002
v_bitalign_b32		0x0 0x7fffffff 0xffffffff	0xfffffffe
v_bitalign_b32		0x80000000 0x0 0x0	0x80000000
v_bitalign_b32		0x80000000 0x1 0x0	0x80000000
v_bitalign_b32		0x0 0x80000000 0x0	0x00000000
v_bitalign_b32		0x80000000 0x1 0x0	0x80000000
v_bitalign_b32		0x80000000 0x1 0x1	0xc0000000
v_bitalign_b32		0x0 0x80000000 0x1	0x00000000
v_bitalign_b32		0x80000000 0x7fffffff 0x0	0x80000000
v_bitalign_b32		0x80000000 0x1 0x7fffffff	0x00000003
v_bitalign_b32		0x0 0x80000000 0x7fffffff	0x00000000
v_bitalign_b32		0x80000000 0x80000000 0x0	0x80000000
v_bitalign_b32		0x80000000 0x1 0x80000000	0x80000000
v_bitalign_b32		0x0 0x80000000 0x80000000	0x00000000
v_bitalign_b32		0x80000000 0xfffffffe 0x0	0x80000000
v_bitalign_b32		0x80000000 0x1 0xfffffffe	0x00000006
v_bitalign_b32		0x0 0x80000000 0xfffffffe	0x00000000
v_bitalign_b32		0x80000000 0xffffffff 0x0	0x80000000
v_bitalign_b32		0x80000000 0x1 0xffffffff	0x00000003
v_bitalign_b32		0x0 0x80000000 0xffffffff	0x00000000
v_bitalign_b32		0xfffffffe 0x0 0x0	0xfffffffe
v_bitalign_b32		0xfffffffe 0x1 0x0	0xfffffffe
v_bitalign_b32		0x0 0xfffffffe 0x0	0x00000000
v_bitalign_b32		0xfffffffe 0x1 0x0	0xfffffffe
v_bitalign_b32		0xfffffffe 0x1 0x1	0xffffffff
v_bitalign_b32		0x0 0xfffffffe 0x1	0x00000000
v_bitalign_b32		0xfffffffe 0x7fffffff 0x0	0xfffffffe
v_bitalign_b32		0xfffffffe 0x1 0x7fffffff	0x00000003
v_bitalign_b32		0x0 0xfffffffe 0x7fffffff	0xfffffffc
v_bitalign_b32		0xfffffffe 0x80000000 0x0	0xfffffffe
v_bitalign_b32		0xfffffffe 0x1 0x80000000	0xfffffffe
v_bitalign_b32		0x0 0xfffffffe 0x80000000	0x00000000
v_bitalign_b32		0xfffffffe 0xfffffffe 0x0	0xfffffffe
v_bitalign_b32		0xfffffffe 0x1 0xfffffffe	0x00000007
v_bitalign_b32		0x0 0xfffffffe 0xfffffffe	0xfffffff8
v_bitalign_b32		0xfffffffe 0xffffffff 0x0	0xfffffffe
v_bitalign_b32		0xfffffffe 0x1 0xffffffff	0x00000003
v_bitalign_b32		0x0 0xfffffffe 0xffffffff	0xfffffffc
v_bitalign_b32		0xffffffff 0x0 0x0	0xffffffff
v_bitalign_b32		0xffffffff 0x1 0x0	0xffffffff
v_bitalign_b32		0x0 0xffffffff 0x0	0x00000000
v_bitalign_b32		0xffffffff 0x1 0x0	0xffffffff
v_bitalign_b32		0xffffffff 0x1 0x1	0xffffffff
v_bitalign_b32		0x0 0xffffffff 0x1	0x80000000
v_bitalign_b32		0xffffffff 0x7fffffff 0x0	0xffffffff
v_bitalign_b32		0xffffffff 0x1 0x7fffffff	0x00000003
v_bitalign_b32		0x0 0xffffffff 0x7fffffff	0xfffffffe
v_bitalign_b32		0xffffffff 0x80000000 0x0	0xffffffff
v_bitalign_b32		0xffffffff 0x1 0x80000000	0xffffffff
v_bitalign_b32		0x0 0xffffffff 0x80000000	0x00000000
v_bitalign_b32		0xffffffff 0xfffffffe 0x0	0xffffffff
v_bitalign_b32		0xffffffff 0x1 0xfffffffe	0x00000007
v_bitalign_b32		0x0 0xffffffff 0xfffffffe	0xfffffffc
v_bitalign_b32		0xffffffff 0xffffffff 0x0	0xffffffff
v_bitalign_b32		0xffffffff 0x1 0xffffffff	0x00000003
v_bitalign_b32		0x0 0xffffffff 0xffffffff	0xfffffffe
v_bitalign_b32		0x0 0x0 0x0	0x00000000
v_bitalign_b32		0x1 0x1 0x1	0x80000000
v_bitalign_b32		0x7fffffff 0x7fffffff 0x7fffffff	0xfffffffe
v_bitalign_b32		0x80000000 0x80000000 0x80000000	0x80000000
v_bitalign_b32		0xfffffffe 0xfffffffe 0xfffffffe	0xfffffffb
v_bitalign_b32		0xffffffff 0xffffffff 0xffffffff	0xffffffff
v_bperm_sm_b32		0x0 0x0	0x00000000
v_bperm_sm_b32		0x0 0x1	0x00000000
v_bperm_sm_b32		0x0 0x7fffffff	0x00000000
v_bperm_sm_b32		0x0 0x80000000	0x00000000
v_bperm_sm_b32		0x0 0xfffffffe	0x00000000
v_bperm_sm_b32		0x0 0xffffffff	0x00000000
v_bperm_sm_b32		0x1 0x0	0x00000001
v_bperm_sm_b32		0x1 0x1	0x00000001
v_bperm_sm_b32		0x1 0x7fffffff	0x00000001
v_bperm_sm_b32		0x1 0x80000000	0x00000001
v_bperm_sm_b32		0x1 0xfffffffe	0x00000001
v_bperm_sm_b32		0x1 0xffffffff	0x00000001
v_bperm_sm_b32		0x7fffffff 0x0	0x7fffffff
v_bperm_sm_b32		0x7fffffff 0x1	0x7fffffff
v_bperm_sm_b32		0x7fffffff 0x7fffffff	0x7fffffff
v_bperm_sm_b32		0x7fffffff 0x80000000	0x7fffffff
v_bperm_sm_b32		0x7fffffff 0xfffffffe	0x7fffffff
v_bperm_sm_b32		0x7fffffff 0xffffffff	0x7fffffff
v_bperm_sm_b32		0x80000000 0x0	0x80000000
v_bperm_sm_b32		0x80000000 0x1	0x80000000
v_bperm_sm_b32		0x80000000 0x7fffffff	0x80000000
v_bperm_sm_b32		0x80000000 0x80000000	0x80000000
v_bperm_sm_b32		0x80000000 0xfffffffe	0x80000000
v_bperm_sm_b32		0x80000000 0xffffffff	0x80000000
v_bperm_sm_b32		0xfffffffe 0x0	0xfffffffe
v_bperm_sm_b32		0xfffffffe 0x1	0xfffffffe
v_bperm_sm_b32		0xfffffffe 0x7fffffff	0xfffffffe
v_bperm_sm_b32		0xfffffffe 0x80000000	0xfffffffe
v_bperm_sm_b32		0xfffffffe 0xfffffffe	0xfffffffe
v_bperm_sm_b32		0xfffffffe 0xffffffff	0xfffffffe
v_bperm_sm_b32		0xffffffff 0x0	0xffffffff
v_bperm_sm_b32		0xffffffff 0x1	0xffffffff
v_bperm_sm_b32		0xffffffff 0x7fffffff	0xffffffff
v_bperm_sm_b32		0xffffffff 0x80000000	0xffffffff
v_bperm_sm_b32		0xffffffff 0xfffffffe	0xffffffff
v_bperm_sm_b32		0xffffffff 0xffffffff	0xffffffff
v_bytealign_b32		0x0 0x0 0x0	0x00000000
v_bytealign_b32		0x0 0x1 0x0	0x00000000
v_bytealign_b32		0x0 0x0 0x0	0x00000000
v_bytealign_b32		0x0 0x1 0x0	0x00000000
v_bytealign_b32		0x0 0x1 0x1	0x01000000
v_bytealign_b32		0x0 0x0 0x1	0x00000000
v_bytealign_b32		0x0 0x7fffffff 0x0	0x00000000
v_bytealign_b32		0x0 0x1 0x7fffffff	0x00000100
v_bytealign_b32		0x0 0x0 0x7fffffff	0x00000000
v_bytealign_b32		0x0 0x80000000 0x0	0x00000000
v_bytealign_b32		0x0 0x1 0x80000000	0x00000000
v_bytealign_b32		0x0 0x0 0x80000000	0x00000000
v_bytealign_b32		0x0 0xfffffffe 0x0	0x00000000
v_bytealign_b32		0x0 0x1 0xfffffffe	0x00010000
v_bytealign_b32		0x0 0x0 0xfffffffe	0x00000000
v_bytealign_b32		0x0 0xffffffff 0x0	0x00000000
v_bytealign_b32		0x0 0x1 0xffffffff	0x00000100
v_bytealign_b32		0x0 0x0 0xffffffff	0x00000000
v_bytealign_b32		0x1 0x0 0x0	0x00000001
v_bytealign_b32		0x1 0x1 0x0	0x00000001
v_bytealign_b32		0x0 0x1 0x0	0x00000000
v_bytealign_b32		0x1 0x1 0x0	0x00000001
v_bytealign_b32		0x1 0x1 0x1	0x01000000
v_bytealign_b32		0x0 0x1 0x1	0x01000000
v_bytealign_b32		0x1 0x7fffffff 0x0	0x00000001
v_bytealign_b32		0x1 0x1 0x7fffffff	0x00000100
v_bytealign_b32		0x0 0x1 0x7fffffff	0x00000100
v_bytealign_b32		0x1 0x80000000 0x0	0x00000001
v_bytealign_b32		0x1 0x1 0x80000000	0x00000001
v_bytealign_b32		0x0 0x1 0x80000000	0x00000000
v_bytealign_b32		0x1 0xfffffffe 0x0	0x00000001
v_bytealign_b32		0x1 0x1 0xfffffffe	0x00010000
v_bytealign_b32		0x0 0x1 0xfffffffe	0x00010000
v_bytealign_b32		0x1 0xffffffff 0x0	0x00000001
v_bytealign_b32		0x1 0x1 0xffffffff	0x00000100
v_bytealign_b32		0x0 0x1 0xffffffff	0x00000100
v_bytealign_b32		0x7fffffff 0x0 0x0	0x7fffffff
v_bytealign_b32		0x7fffffff 0x1 0x0	0x7fffffff
v_bytealign_b32		0x0 0x7fffffff 0x0	0x00000000
v_bytealign_b32		0x7fffffff 0x1 0x0	0x7fffffff
v_bytealign_b32		0x7fffffff 0x1 0x1	0x017fffff
v_bytealign_b32		0x0 0x7fffffff 0x1	0xff000000
v_bytealign_b32		0x7fffffff 0x7fffffff 0x0	0x7fffffff
v_bytealign_b32		0x7fffffff 0x1 0x7fffffff	0x0000017f
v_bytealign_b32		0x0 0x7fffffff 0x7fffffff	0xffffff00
v_bytealign_b32		0x7fffffff 0x80000000 0x0	0x7fffffff
v_bytealign_b32		0x7fffffff 0x1 0x80000000	0x7fffffff
v_bytealign_b32		0x0 0x7fffffff 0x80000000	0x00000000
v_bytealign_b32		0x7fffffff 0xfffffffe 0x0	0x7fffffff
v_bytealign_b32		0x7fffffff 0x1 0xfffffffe	0x00017fff
v_bytealign_b32		0x0 0x7fffffff 0xfffffffe	0xffff0000
v_bytealign_b32		0x7fffffff 0xffffffff 0x0	0x7fffffff
v_bytealign_b32		0x7fffffff 0x1 0xffffffff	0x0000017f
v_bytealign_b32		0x0 0x7fffffff 0xffffffff	0xffffff00
v_bytealign_b32		0x80000000 0x0 0x0	0x80000000
v_bytealign_b32		0x80000000 0x1 0x0	0x80000000
v_bytealign_b32		0x0 0x80000000 0x0	0x00000000
v_bytealign_b32		0x80000000 0x1 0x0	0x80000000
v_bytealign_b32		0x80000000 0x1 0x1	0x01800000
v_bytealign_b32		0x0 0x80000000 0x1	0x00000000
v_bytealign_b32		0x80000000 0x7fffffff 0x0	0x80000000
v_bytealign_b32		0x80000000 0x1 0x7fffffff	0x00000180
v_bytealign_b32		0x0 0x80000000 0x7fffffff	0x00000000
v_bytealign_b32		0x80000000 0x80000000 0x0	0x80000000
v_bytealign_b32		0x80000000 0x1 0x80000000	0x80000000
v_bytealign_b32		0x0 0x80000000 0x80000000	0x00000000
v_bytealign_b32		0x80000000 0xfffffffe 0x0	0x80000000
v_bytealign_b32		0x80000000 0x1 0xfffffffe	0x00018000
v_bytealign_b32		0x0 0x80000000 0xfffffffe	0x00000000
v_bytealign_b32		0x80000000 0xffffffff 0x0	0x80000000
v_bytealign_b32		0x80000000 0x1 0xffffffff	0x00000180
v_bytealign_b32		0x0 0x80000000 0xffffffff	0x00000000
v_bytealign_b32		0xfffffffe 0x0 0x0	0xfffffffe
v_bytealign_b32		0xfffffffe 0x1 0x0	0xfffffffe
v_bytealign_b32		0x0 0xfffffffe 0x0	0x00000000
v_bytealign_b32		0xfffffffe 0x1 0x0	0xfffffffe
v_bytealign_b32		0xfffffffe 0x1 0x1	0x01ffffff
v_bytealign_b32		0x0 0xfffffffe 0x1	0xfe000000
v_bytealign_b32		0xfffffffe 0x7fffffff 0x0	0xfffffffe
v_bytealign_b32		0xfffffffe 0x1 0x7fffffff	0x000001ff
v_bytealign_b32		0x0 0xfffffffe 0x7fffffff	0xfffffe00
v_bytealign_b32		0xfffffffe 0x80000000 0x0	0xfffffffe
v_bytealign_b32		0xfffffffe 0x1 0x80000000	0xfffffffe
v_bytealign_b32		0x0 0xfffffffe 0x80000000	0x00000000
v_bytealign_b32		0xfffffffe 0xfffffffe 0x0	0xfffffffe
v_bytealign_b32		0xfffffffe 0x1 0xfffffffe	0x0001ffff
v_bytealign_b32		0x0 0xfffffffe 0xfffffffe	0xfffe0000
v_bytealign_b32		0xfffffffe 0xffffffff 0x0	0xfffffffe
v_bytealign_b32		0xfffffffe 0x1 0xffffffff	0x000001ff
v_bytealign_b32		0x0 0xfffffffe 0xffffffff	0xfffffe00
v_bytealign_b32		0xffffffff 0x0 0x0	0xffffffff
v_bytealign_b32		0xffffffff 0x1 0x0	0xffffffff
v_bytealign_b32		0x0 0xffffffff 0x0	0x00000000
v_bytealign_b32		0xffffffff 0x1 0x0	0xffffffff
v_bytealign_b32		0xffffffff 0x1 0x1	0x01ffffff
v_bytealign_b32		0x0 0xffffffff 0x1	0xff000000
v_bytealign_b32		0xffffffff 0x7fffffff 0x0	0xffffffff
v_bytealign_b32		0xffffffff 0x1 0x7fffffff	0x000001ff
v_bytealign_b32		0x0 0xffffffff 0x7fffffff	0xffffff00
v_bytealign_b32		0xffffffff 0x80000000 0x0	0xffffffff
v_bytealign_b32		0xffffffff 0x1 0x80000000	0xffffffff
v_bytealign_b32		0x0 0xffffffff 0x80000000	0x00000000
v_bytealign_b32		0xffffffff 0xfffffffe 0x0	0xffffffff
v_bytealign_b32		0xffffffff 0x1 0xfffffffe	0x0001ffff
v_bytealign_b32		0x0 0xffffffff 0xfffffffe	0xffff0000
v_bytealign_b32		0xffffffff 0xffffffff 0x0	0xffffffff
v_bytealign_b32		0xffffffff 0x1 0xffffffff	0x000001ff
v_bytealign_b32		0x0 0xffffffff 0xffffffff	0xffffff00
v_bytealign_b32		0x0 0x0 0x0	0x00000000
v_bytealign_b32		0x1 0x1 0x1	0x01000000
v_bytealign_b32		0x7fffffff 0x7fffffff 0x7fffffff	0xffffff7f
v_bytealign_b32		0x80000000 0x80000000 0x80000000	0x80000000
v_bytealign_b32		0xfffffffe 0xfffffffe 0xfffffffe	0xfffeffff
v_bytealign_b32		0xffffffff 0xffffffff 0xffffffff	0xffffffff
v_byteperm_b32		0x0 0x0 0x0	0x00000000
v_byteperm_b32		0x0 0x1 0x0	0x00000000
v_byteperm_b32		0x0 0x0 0x0	0x00000000
v_byteperm_b32		0x0 0x1 0x0	0x00000000
v_byteperm_b32		0x0 0x1 0x1	0x00000000
v_byteperm_b32		0x0 0x0 0x1	0x00000000
v_byteperm_b32		0x0 0x7fffffff 0x0	0x00000000
v_byteperm_b32		0x0 0x1 0x7fffffff	0xffffffff
v_byteperm_b32		0x0 0x0 0x7fffffff	0xffffffff
v_byteperm_b32		0x0 0x80000000 0x0	0x00000000
v_byteperm_b32		0x0 0x1 0x80000000	0xff000000
v_byteperm_b32		0x0 0x0 0x80000000	0xff000000
v_byteperm_b32		0x0 0xfffffffe 0x0	0x00000000
v_byteperm_b32		0x0 0x1 0xfffffffe	0xffffffff
v_byteperm_b32		0x0 0x0 0xfffffffe	0xffffffff
v_byteperm_b32		0x0 0xffffffff 0x0	0x00000000
v_byteperm_b32		0x0 0x1 0xffffffff	0xffffffff
v_byteperm_b32		0x0 0x0 0xffffffff	0xffffffff
v_byteperm_b32		0x1 0x0 0x0	0x01010101
v_byteperm_b32		0x1 0x1 0x0	0x01010101
v_byteperm_b32		0x0 0x1 0x0	0x00000000
v_byteperm_b32		0x1 0x1 0x0	0x01010101
v_byteperm_b32		0x1 0x1 0x1	0x01010100
v_byteperm_b32		0x0 0x1 0x1	0x00000000
v_byteperm_b32		0x1 0x7fffffff 0x0	0x01010101
v_byteperm_b32		0x1 0x1 0x7fffffff	0xffffffff
v_byteperm_b32		0x0 0x1 0x7fffffff	0xffffffff
v_byteperm_b32		0x1 0x80000000 0x0	0x01010101
v_byteperm_b32		0x1 0x1 0x80000000	0xff010101
v_byteperm_b32		0x0 0x1 0x80000000	0xff000000
v_byteperm_b32		0x1 0xfffffffe 0x0	0x01010101
v_byteperm_b32		0x1 0x1 0xfffffffe	0xffffffff
v_byteperm_b32		0x0 0x1 0xfffffffe	0xffffffff
v_byteperm_b32		0x1 0xffffffff 0x0	0x01010101
v_byteperm_b32		0x1 0x1 0xffffffff	0xffffffff
v_byteperm_b32		0x0 0x1 0xffffffff	0xffffffff
v_byteperm_b32		0x7fffffff 0x0 0x0	0xffffffff
v_byteperm_b32		0x7fffffff 0x1 0x0	0xffffffff
v_byteperm_b32		0x0 0x7fffffff 0x0	0x00000000
v_byteperm_b32		0x7fffffff 0x1 0x0	0xffffffff
v_byteperm_b32		0x7fffffff 0x1 0x1	0xffffffff
v_byteperm_b32		0x0 0x7fffffff 0x1	0x00000000
v_byteperm_b32		0x7fffffff 0x7fffffff 0x0	0xffffffff
v_byteperm_b32		0x7fffffff 0x1 0x7fffffff	0xffffffff
v_byteperm_b32		0x0 0x7fffffff 0x7fffffff	0xffffffff
v_byteperm_b32		0x7fffffff 0x80000000 0x0	0xffffffff
v_byteperm_b32		0x7fffffff 0x1 0x80000000	0xffffffff
v_byteperm_b32		0x0 0x7fffffff 0x80000000	0xff000000
v_byteperm_b32		0x7fffffff 0xfffffffe 0x0	0xffffffff
v_byteperm_b32		0x7fffffff 0x1 0xfffffffe	0xffffffff
v_byteperm_b32		0x0 0x7fffffff 0xfffffffe	0xffffffff
v_byteperm_b32		0x7fffffff 0xffffffff 0x0	0xffffffff
v_byteperm_b32		0x7fffffff 0x1 0xffffffff	0xffffffff
v_byteperm_b32		0x0 0x7fffffff 0xffffffff	0xffffffff
v_byteperm_b32		0x80000000 0x0 0x0	0x00000000
v_byteperm_b32		0x80000000 0x1 0x0	0x00000000
v_byteperm_b32		0x0 0x80000000 0x0	0x00000000
v_byteperm_b32		0x80000000 0x1 0x0	0x00000000
v_byteperm_b32		0x80000000 0x1 0x1	0x00000000
v_byteperm_b32		0x0 0x80000000 0x1	0x00000000
v_byteperm_b32		0x80000000 0x7fffffff 0x0	0x00000000
v_byteperm_b32		0x80000000 0x1 0x7fffffff	0xffffffff
v_byteperm_b32		0x0 0x80000000 0x7fffffff	0xffffffff
v_byteperm_b32		0x80000000 0x80000000 0x0	0x00000000
v_byteperm_b32		0x80000000 0x1 0x80000000	0xff000000
v_byteperm_b32		0x0 0x80000000 0x80000000	0xff000000
v_byteperm_b32		0x80000000 0xfffffffe 0x0	0x00000000
v_byteperm_b32		0x80000000 0x1 0xfffffffe	0xffffffff
v_byteperm_b32		0x0 0x80000000 0xfffffffe	0xffffffff
v_byteperm_b32		0x80000000 0xffffffff 0x0	0x00000000
v_byteperm_b32		0x80000000 0x1 0xffffffff	0xffffffff
v_byteperm_b32		0x0 0x80000000 0xffffffff	0xffffffff
v_byteperm_b32		0xfffffffe 0x0 0x0	0xfefefefe
v_byteperm_b32		0xfffffffe 0x1 0x0	0xfefefefe
v_byteperm_b32		0x0 0xfffffffe 0x0	0x00000000
v_byteperm_b32		0xfffffffe 0x1 0x0	0xfefefefe
v_byteperm_b32		0xfffffffe 0x1 0x1	0xfefefeff
v_byteperm_b32		0x0 0xfffffffe 0x1	0x00000000
v_byteperm_b32		0xfffffffe 0x7fffffff 0x0	0xfefefefe
v_byteperm_b32		0xfffffffe 0x1 0x7fffffff	0xffffffff
v_byteperm_b32		0x0 0xfffffffe 0x7fffffff	0xffffffff
v_byteperm_b32		0xfffffffe 0x80000000 0x0	0xfefefefe
v_byteperm_b32		0xfffffffe 0x1 0x80000000	0xfffefefe
v_byteperm_b32		0x0 0xfffffffe 0x80000000	0xff000000
v_byteperm_b32		0xfffffffe 0xfffffffe 0x0	0xfefefefe
v_byteperm_b32		0xfffffffe 0x1 0xfffffffe	0xffffffff
v_byteperm_b32		0x0 0xfffffffe 0xfffffffe	0xffffffff
v_byteperm_b32		0xfffffffe 0xffffffff 0x0	0xfefefefe
v_byteperm_b32		0xfffffffe 0x1 0xffffffff	0xffffffff
v_byteperm_b32		0x0 0xfffffffe 0xffffffff	0xffffffff
v_byteperm_b32		0xffffffff 0x0 0x0	0xffffffff
v_byteperm_b32		0xffffffff 0x1 0x0	0xffffffff
v_byteperm_b32		0x0 0xffffffff 0x0	0x00000000
v_byteperm_b32		0xffffffff 0x1 0x0	0xffffffff
v_byteperm_b32		0xffffffff 0x1 0x1	0xffffffff
v_byteperm_b32		0x0 0xffffffff 0x1	0x00000000
v_byteperm_b32		0xffffffff 0x7fffffff 0x0	0xffffffff
v_byteperm_b32		0xffffffff 0x1 0x7fffffff	0xffffffff
v_byteperm_b32		0x0 0xffffffff 0x7fffffff	0xffffffff
v_byteperm_b32		0xffffffff 0x80000000 0x0	0xffffffff
v_byteperm_b32		0xffffffff 0x1 0x80000000	0xffffffff
v_byteperm_b32		0x0 0xffffffff 0x80000000	0xff000000
v_byteperm_b32		0xffffffff 0xfffffffe 0x0	0xffffffff
v_byteperm_b32		0xffffffff 0x1 0xfffffffe	0xffffffff
v_byteperm_b32		0x0 0xffffffff 0xfffffffe	0xffffffff
v_byteperm_b32		0xffffffff 0xffffffff 0x0	0xffffffff
v_byteperm_b32		0xffffffff 0x1 0xffffffff	0xffffffff
v_byteperm_b32		0x0 0xffffffff 0xffffffff	0xffffffff
v_byteperm_b32		0x0 0x0 0x0	0x00000000
v_byteperm_b32		0x1 0x1 0x1	0x01010100
v_byteperm_b32		0x7fffffff 0x7fffffff 0x7fffffff	0xffffffff
v_byteperm_b32		0x80000000 0x80000000 0x80000000	0xff000000
v_byteperm_b32		0xfffffffe 0xfffffffe 0xfffffffe	0xffffffff
v_byteperm_b32		0xffffffff 0xffffffff 0xffffffff	0xffffffff
v_ceil_f32		0x0	0x00000000
v_ceil_f32		0x80000000	0x80000000
v_ceil_f32		0x3f000000	0x3f800000
v_ceil_f32		0x3f800000	0x3f800000
v_ceil_f32		0xbf800000	0xbf800000
v_ceil_f32		0x800000	0x3f800000
v_ceil_f32		0x7f7fffff	0x7f7fffff
v_ceil_f32		0x7f800000	0x7f800000
v_ceil_f32		0xff800000	0xff800000
v_ceil_f32		0x7fc00000	0x7fc00000
v_ceil_f64		0x0 0x0	0x00000000 0x00000000
v_ceil_f64		0x0 0x80000000	0x00000000 0x80000000
v_ceil_f64		0x0 0x3f000000	0x00000000 0x3ff00000
v_ceil_f64		0x0 0x3f800000	0x00000000 0x3ff00000
v_ceil_f64		0x0 0xbf800000	0x00000000 0x80000000
v_ceil_f64		0x0 0x800000	0x00000000 0x3ff00000
v_ceil_f64		0x0 0x7f7fffff	0x00000000 0x7f7fffff
v_ceil_f64		0x0 0x7f800000	0x00000000 0x7f800000
v_ceil_f64		0x0 0xff800000	0x00000000 0xff800000
v_ceil_f64		0x0 0x7fc00000	0x00000000 0x7fc00000
v_ceil_f64		0x80000000 0x0	0x00000000 0x00000000
v_ceil_f64		0x80000000 0x80000000	0x00000000 0x80000000
v_ceil_f64		0x80000000 0x3f000000	0x00000000 0x3ff00000
v_ceil_f64		0x80000000 0x3f800000	0x00000000 0x3ff00000
v_ceil_f64		0x80000000 0xbf800000	0x00000000 0x80000000
v_ceil_f64		0x80000000 0x800000	0x00000000 0x3ff00000
v_ceil_f64		0x80000000 0x7f7fffff	0x80000000 0x7f7fffff
v_ceil_f64		0x80000000 0x7f800000	0x80000000 0x7f800000
v_ceil_f64		0x80000000 0xff800000	0x80000000 0xff800000
v_ceil_f64		0x80000000 0x7fc00000	0x80000000 0x7fc00000
v_ceil_f64		0x3f000000 0x0	0x00000000 0x00000000
v_ceil_f64		0x3f000000 0x80000000	0x00000000 0x80000000
v_ceil_f64		0x3f000000 0x3f000000	0x00000000 0x3ff00000
v_ceil_f64		0x3f000000 0x3f800000	0x00000000 0x3ff00000
v_ceil_f64		0x3f000000 0xbf800000	0x00000000 0x80000000
v_ceil_f64		0x3f000000 0x800000	0x00000000 0x3ff00000
v_ceil_f64		0x3f000000 0x7f7fffff	0x3f000000 0x7f7fffff
v_ceil_f64		0x3f000000 0x7f800000	0x3f000000 0x7f800000
v_ceil_f64		0x3f000000 0xff800000	0x3f000000 0xff800000
v_ceil_f64		0x3f000000 0x7fc00000	0x3f000000 0x7fc00000
v_ceil_f64		0x3f800000 0x0	0x00000000 0x00000000
v_ceil_f64		0x3f800000 0x80000000	0x00000000 0x80000000
v_ceil_f64		0x3f800000 0x3f000000	0x00000000 0x3ff00000
v_ceil_f64		0x3f800000 0x3f800000	0x00000000 0x3ff00000
v_ceil_f64		0x3f800000 0xbf800000	0x00000000 0x80000000
v_ceil_f64		0x3f800000 0x800000	0x00000000 0x3ff00000
v_ceil_f64		0x3f800000 0x7f7fffff	0x3f800000 0x7f7fffff
v_ceil_f64		0x3f800000 0x7f800000	0x3f800000 0x7f800000
v_ceil_f64		0x3f800000 0xff800000	0x3f800000 0xff800000
v_ceil_f64		0x3f800000 0x7fc00000	0x3f800000 0x7fc00000
v_ceil_f64		0xbf800000 0x0	0x00000000 0x00000000
v_ceil_f64		0xbf800000 0x80000000	0x00000000 0x80000000
v_ceil_f64		0xbf800000 0x3f000000	0x00000000 0x3ff00000
v_ceil_f64		0xbf800000 0x3f800000	0x00000000 0x3ff00000
v_ceil_f64		0xbf800000 0xbf800000	0x00000000 0x80000000
v_ceil_f64		0xbf800000 0x800000	0x00000000 0x3ff00000
v_ceil_f64		0xbf800000 0x7f7fffff	0xbf800000 0x7f7fffff
v_ceil_f64		0xbf800000 0x7f800000	0xbf800000 0x7f800000
v_ceil_f64		0xbf800000 0xff800000	0xbf800000 0xff800000
v_ceil_f64		0xbf800000 0x7fc00000	0xbf800000 0x7fc00000
v_ceil_f64		0x800000 0x0	0x00000000 0x00000000
v_ceil_f64		0x800000 0x80000000	0x00000000 0x80000000
v_ceil_f64		0x800000 0x3f000000	0x00000000 0x3ff00000
v_ceil_f64		0x800000 0x3f800000	0x00000000 0x3ff00000
v_ceil_f64		0x800000 0xbf800000	0x00000000 0x80000000
v_ceil_f64		0x800000 0x800000	0x00000000 0x3ff00000
v_ceil_f64		0x800000 0x7f7fffff	0x00800000 0x7f7fffff
v_ceil_f64		0x800000 0x7f800000	0x00800000 0x7f800000
v_ceil_f64		0x800000 0xff800000	0x00800000 0xff800000
v_ceil_f64		0x800000 0x7fc00000	0x00800000 0x7fc00000
v_ceil_f64		0x7f7fffff 0x0	0x00000000 0x00000000
v_ceil_f64		0x7f7fffff 0x80000000	0x00000000 0x80000000
v_ceil_f64		0x7f7fffff 0x3f000000	0x00000000 0x3ff00000
v_ceil_f64		0x7f7fffff 0x3f800000	0x00000000 0x3ff00000
v_ceil_f64		0x7f7fffff 0xbf800000	0x00000000 0x80000000
v_ceil_f64		0x7f7fffff 0x800000	0x00000000 0x3ff00000
v_ceil_f64		0x7f7fffff 0x7f7fffff	0x7f7fffff 0x7f7fffff
v_ceil_f64		0x7f7fffff 0x7f800000	0x7f7fffff 0x7f800000
v_ceil_f64		0x7f7fffff 0xff800000	0x7f7fffff 0xff800000
v_ceil_f64		0x7f7fffff 0x7fc00000	0x7f7fffff 0x7fc00000
v_ceil_f64		0x7f800000 0x0	0x00000000 0x00000000
v_ceil_f64		0x7f800000 0x80000000	0x00000000 0x80000000
v_ceil_f64		0x7f800000 0x3f000000	0x00000000 0x3ff00000
v_ceil_f64		0x7f800000 0x3f800000	0x00000000 0x3ff00000
v_ceil_f64		0x7f800000 0xbf800000	0x00000000 0x80000000
v_ceil_f64		0x7f800000 0x800000	0x00000000 0x3ff00000
v_ceil_f64		0x7f800000 0x7f7fffff	0x7f800000 0x7f7fffff
v_ceil_f64		0x7f800000 0x7f800000	0x7f800000 0x7f800000
v_ceil_f64		0x7f800000 0xff800000	0x7f800000 0xff800000
v_ceil_f64		0x7f800000 0x7fc00000	0x7f800000 0x7fc00000
v_ceil_f64		0xff800000 0x0	0x00000000 0x00000000
v_ceil_f64		0xff800000 0x80000000	0x00000000 0x80000000
v_ceil_f64		0xff800000 0x3f000000	0x00000000 0x3ff00000
v_ceil_f64		0xff800000 0x3f800000	0x00000000 0x3ff00000
v_ceil_f64		0xff800000 0xbf800000	0x00000000 0x80000000
v_ceil_f64		0xff800000 0x800000	0x00000000 0x3ff00000
v_ceil_f64		0xff800000 0x7f7fffff	0xff800000 0x7f7fffff
v_ceil_f64		0xff800000 0x7f800000	0xff800000 0x7f800000
v_ceil_f64		0xff800000 0xff800000	0xff800000 0xff800000
v_ceil_f64		0xff800000 0x7fc00000	0xff800000 0x7fc00000
v_ceil_f64		0x7fc00000 0x0	0x00000000 0x00000000
v_ceil_f64		0x7fc00000 0x80000000	0x00000000 0x80000000
v_ceil_f64		0x7fc00000 0x3f000000	0x00000000 0x3ff00000
v_ceil_f64		0x7fc00000 0x3f800000	0x00000000 0x3ff00000
v_ceil_f64		0x7fc00000 0xbf800000	0x00000000 0x80000000
v_ceil_f64		0x7fc00000 0x800000	0x00000000 0x3ff00000
v_ceil_f64		0x7fc00000 0x7f7fffff	0x7fc00000 0x7f7fffff
v_ceil_f64		0x7fc00000 0x7f800000	0x7fc00000 0x7f800000
v_ceil_f64		0x7fc00000 0xff800000	0x7fc00000 0xff800000
v_ceil_f64		0x7fc00000 0x7fc00000	0x7fc00000 0x7fc00000
v_clb_u32		0x0	0x00000020
v_clb_u32		0x1	0x0000001f
v_clb_u32		0x7fffffff	0x00000001
v_clb_u32		0x80000000	0x00000001
v_clb_u32		0xfffffffe	0x0000001f
v_clb_u32		0xffffffff	0x00000020
v_clo_u32		0x0	0x00000000
v_clo_u32		0x1	0x00000000
v_clo_u32		0x7fffffff	0x00000000
v_clo_u32		0x80000000	0x00000001
v_clo_u32		0xfffffffe	0x0000001f
v_clo_u32		0xffffffff	0x00000020
v_clz_u32		0x0	0x00000020
v_clz_u32		0x1	0x0000001f
v_clz_u32		0x7fffffff	0x00000001
v_clz_u32		0x80000000	0x00000000
v_clz_u32		0xfffffffe	0x00000000
v_clz_u32		0xffffffff	0x00000000
v_cmp_eq_f16		0x0 0x0	0x0000ffff
v_cmp_eq_f16		0x0 0x80000000	0x0000ffff
v_cmp_eq_f16		0x0 0x3f000000	0x0000ffff
v_cmp_eq_f16		0x0 0x3f800000	0x0000ffff
v_cmp_eq_f16		0x0 0xbf800000	0x0000ffff
v_cmp_eq_f16		0x0 0x800000	0x0000ffff
v_cmp_eq_f16		0x0 0x7f7fffff	0x00000000
v_cmp_eq_f16		0x0 0x7f800000	0x0000ffff
v_cmp_eq_f16		0x0 0xff800000	0x0000ffff
v_cmp_eq_f16		0x0 0x7fc00000	0x0000ffff
v_cmp_eq_f16		0x80000000 0x0	0x0000ffff
v_cmp_eq_f16		0x80000000 0x80000000	0x0000ffff
v_cmp_eq_f16		0x80000000 0x3f000000	0x0000ffff
v_cmp_eq_f16		0x80000000 0x3f800000	0x0000ffff
v_cmp_eq_f16		0x80000000 0xbf800000	0x0000ffff
v_cmp_eq_f16		0x80000000 0x800000	0x0000ffff
v_cmp_eq_f16		0x80000000 0x7f7fffff	0x00000000
v_cmp_eq_f16		0x80000000 0x7f800000	0x0000ffff
v_cmp_eq_f16		0x80000000 0xff800000	0x0000ffff
v_cmp_eq_f16		0x80000000 0x7fc00000	0x0000ffff
v_cmp_eq_f16		0x3f000000 0x0	0x0000ffff
v_cmp_eq_f16		0x3f000000 0x80000000	0x0000ffff
v_cmp_eq_f16		0x3f000000 0x3f000000	0x0000ffff
v_cmp_eq_f16		0x3f000000 0x3f800000	0x0000ffff
v_cmp_eq_f16		0x3f000000 0xbf800000	0x0000ffff
v_cmp_eq_f16		0x3f000000 0x800000	0x0000ffff
v_cmp_eq_f16		0x3f000000 0x7f7fffff	0x00000000
v_cmp_eq_f16		0x3f000000 0x7f800000	0x0000ffff
v_cmp_eq_f16		0x3f000000 0xff800000	0x0000ffff
v_cmp_eq_f16		0x3f000000 0x7fc00000	0x0000ffff
v_cmp_eq_f16		0x3f800000 0x0	0x0000ffff
v_cmp_eq_f16		0x3f800000 0x80000000	0x0000ffff
v_cmp_eq_f16		0x3f800000 0x3f000000	0x0000ffff
v_cmp_eq_f16		0x3f800000 0x3f800000	0x0000ffff
v_cmp_eq_f16		0x3f800000 0xbf800000	0x0000ffff
v_cmp_eq_f16		0x3f800000 0x800000	0x0000ffff
v_cmp_eq_f16		0x3f800000 0x7f7fffff	0x00000000
v_cmp_eq_f16		0x3f800000 0x7f800000	0x0000ffff
v_cmp_eq_f16		0x3f800000 0xff800000	0x0000ffff
v_cmp_eq_f16		0x3f800000 0x7fc00000	0x0000ffff
v_cmp_eq_f16		0xbf800000 0x0	0x0000ffff
v_cmp_eq_f16		0xbf800000 0x80000000	0x0000ffff
v_cmp_eq_f16		0xbf800000 0x3f000000	0x0000ffff
v_cmp_eq_f16		0xbf800000 0x3f800000	0x0000ffff
v_cmp_eq_f16		0xbf800000 0xbf800000	0x0000ffff
v_cmp_eq_f16		0xbf800000 0x800000	0x0000ffff
v_cmp_eq_f16		0xbf800000 0x7f7fffff	0x00000000
v_cmp_eq_f16		0xbf800000 0x7f800000	0x0000ffff
v_cmp_eq_f16		0xbf800000 0xff800000	0x0000ffff
v_cmp_eq_f16		0xbf800000 0x7fc00000	0x0000ffff
v_cmp_eq_f16		0x800000 0x0	0x0000ffff
v_cmp_eq_f16		0x800000 0x80000000	0x0000ffff
v_cmp_eq_f16		0x800000 0x3f000000	0x0000ffff
v_cmp_eq_f16		0x800000 0x3f800000	0x0000ffff
v_cmp_eq_f16		0x800000 0xbf800000	0x0000ffff
v_cmp_eq_f16		0x800000 0x800000	0x0000ffff
v_cmp_eq_f16		0x800000 0x7f7fffff	0x00000000
v_cmp_eq_f16		0x800000 0x7f800000	0x0000ffff
v_cmp_eq_f16		0x800000 0xff800000	0x0000ffff
v_cmp_eq_f16		0x800000 0x7fc00000	0x0000ffff
v_cmp_eq_f16		0x7f7fffff 0x0	0x00000000
v_cmp_eq_f16		0x7f7fffff 0x80000000	0x00000000
v_cmp_eq_f16		0x7f7fffff 0x3f000000	0x00000000
v_cmp_eq_f16		0x7f7fffff 0x3f800000	0x00000000
v_cmp_eq_f16		0x7f7fffff 0xbf800000	0x00000000
v_cmp_eq_f16		0x7f7fffff 0x800000	0x00000000
v_cmp_eq_f16		0x7f7fffff 0x7f7fffff	0x00000000
v_cmp_eq_f16		0x7f7fffff 0x7f800000	0x00000000
v_cmp_eq_f16		0x7f7fffff 0xff800000	0x00000000
v_cmp_eq_f16		0x7f7fffff 0x7fc00000	0x00000000
v_cmp_eq_f16		0x7f800000 0x0	0x0000ffff
v_cmp_eq_f16		0x7f800000 0x80000000	0x0000ffff
v_cmp_eq_f16		0x7f800000 0x3f000000	0x0000ffff
v_cmp_eq_f16		0x7f800000 0x3f800000	0x0000ffff
v_cmp_eq_f16		0x7f800000 0xbf800000	0x0000ffff
v_cmp_eq_f16		0x7f800000 0x800000	0x0000ffff
v_cmp_eq_f16		0x7f800000 0x7f7fffff	0x00000000
v_cmp_eq_f16		0x7f800000 0x7f800000	0x0000ffff
v_cmp_eq_f16		0x7f800000 0xff800000	0x0000ffff
v_cmp_eq_f16		0x7f800000 0x7fc00000	0x0000ffff
v_cmp_eq_f16		0xff800000 0x0	0x0000ffff
v_cmp_eq_f16		0xff800000 0x80000000	0x0000ffff
v_cmp_eq_f16		0xff800000 0x3f000000	0x0000ffff
v_cmp_eq_f16		0xff800000 0x3f800000	0x0000ffff
v_cmp_eq_f16		0xff800000 0xbf800000	0x0000ffff
v_cmp_eq_f16		0xff800000 0x800000	0x0000ffff
v_cmp_eq_f16		0xff800000 0x7f7fffff	0x00000000
v_cmp_eq_f16		0xff800000 0x7f800000	0x0000ffff
v_cmp_eq_f16		0xff800000 0xff800000	0x0000ffff
v_cmp_eq_f16		0xff800000 0x7fc00000	0x0000ffff
v_cmp_eq_f16		0x7fc00000 0x0	0x0000ffff
v_cmp_eq_f16		0x7fc00000 0x80000000	0x0000ffff
v_cmp_eq_f16		0x7fc00000 0x3f000000	0x0000ffff
v_cmp_eq_f16		0x7fc00000 0x3f800000	0x0000ffff
v_cmp_eq_f16		0x7fc00000 0xbf800000	0x0000ffff
v_cmp_eq_f16		0x7fc00000 0x800000	0x0000ffff
v_cmp_eq_f16		0x7fc00000 0x7f7fffff	0x00000000
v_cmp_eq_f16		0x7fc00000 0x7f800000	0x0000ffff
v_cmp_eq_f16		0x7fc00000 0xff800000	0x0000ffff
v_cmp_eq_f16		0x7fc00000 0x7fc00000	0x0000ffff
v_cmp_eq_f32		0x0 0x0	0x0000ffff
v_cmp_eq_f32		0x0 0x80000000	0x0000ffff
v_cmp_eq_f32		0x0 0x3f000000	0x00000000
v_cmp_eq_f32		0x0 0x3f800000	0x00000000
v_cmp_eq_f32		0x0 0xbf800000	0x00000000
v_cmp_eq_f32		0x0 0x800000	0x00000000
v_cmp_eq_f32		0x0 0x7f7fffff	0x00000000
v_cmp_eq_f32		0x0 0x7f800000	0x00000000
v_cmp_eq_f32		0x0 0xff800000	0x00000000
v_cmp_eq_f32		0x0 0x7fc00000	0x00000000
v_cmp_eq_f32		0x80000000 0x0	0x0000ffff
v_cmp_eq_f32		0x80000000 0x80000000	0x0000ffff
v_cmp_eq_f32		0x80000000 0x3f000000	0x00000000
v_cmp_eq_f32		0x80000000 0x3f800000	0x00000000
v_cmp_eq_f32		0x80000000 0xbf800000	0x00000000
v_cmp_eq_f32		0x80000000 0x800000	0x00000000
v_cmp_eq_f32		0x80000000 0x7f7fffff	0x00000000
v_cmp_eq_f32		0x80000000 0x7f800000	0x00000000
v_cmp_eq_f32		0x80000000 0xff800000	0x00000000
v_cmp_eq_f32		0x80000000 0x7fc00000	0x00000000
v_cmp_eq_f32		0x3f000000 0x0	0x00000000
v_cmp_eq_f32		0x3f000000 0x80000000	0x00000000
v_cmp_eq_f32		0x3f000000 0x3f000000	0x0000ffff
v_cmp_eq_f32		0x3f000000 0x3f800000	0x00000000
v_cmp_eq_f32		0x3f000000 0xbf800000	0x00000000
v_cmp_eq_f32		0x3f000000 0x800000	0x00000000
v_cmp_eq_f32		0x3f000000 0x7f7fffff	0x00000000
v_cmp_eq_f32		0x3f000000 0x7f800000	0x00000000
v_cmp_eq_f32		0x3f000000 0xff800000	0x00000000
v_cmp_eq_f32		0x3f000000 0x7fc00000	0x00000000
v_cmp_eq_f32		0x3f800000 0x0	0x00000000
v_cmp_eq_f32		0x3f800000 0x80000000	0x00000000
v_cmp_eq_f32		0x3f800000 0x3f000000	0x00000000
v_cmp_eq_f32		0x3f800000 0x3f800000	0x0000ffff
v_cmp_eq_f32		0x3f800000 0xbf800000	0x00000000
v_cmp_eq_f32		0x3f800000 0x800000	0x00000000
v_cmp_eq_f32		0x3f800000 0x7f7fffff	0x00000000
v_cmp_eq_f32		0x3f800000 0x7f800000	0x00000000
v_cmp_eq_f32		0x3f800000 0xff800000	0x00000000
v_cmp_eq_f32		0x3f800000 0x7fc00000	0x00000000
v_cmp_eq_f32		0xbf800000 0x0	0x00000000
v_cmp_eq_f32		0xbf800000 0x80000000	0x00000000
v_cmp_eq_f32		0xbf800000 0x3f000000	0x00000000
v_cmp_eq_f32		0xbf800000 0x3f800000	0x00000000
v_cmp_eq_f32		0xbf800000 0xbf800000	0x0000ffff
v_cmp_eq_f32		0xbf800000 0x800000	0x00000000
v_cmp_eq_f32		0xbf800000 0x7f7fffff	0x00000000
v_cmp_eq_f32		0xbf800000 0x7f800000	0x00000000
v_cmp_eq_f32		0xbf800000 0xff800000	0x00000000
v_cmp_eq_f32		0xbf800000 0x7fc00000	0x00000000
v_cmp_eq_f32		0x800000 0x0	0x00000000
v_cmp_eq_f32		0x800000 0x80000000	0x00000000
v_cmp_eq_f32		0x800000 0x3f000000	0x00000000
v_cmp_eq_f32		0x800000 0x3f800000	0x00000000
v_cmp_eq_f32		0x800000 0xbf800000	0x00000000
v_cmp_eq_f32		0x800000 0x800000	0x0000ffff
v_cmp_eq_f32		0x800000 0x7f7fffff	0x00000000
v_cmp_eq_f32		0x800000 0x7f800000	0x00000000
v_cmp_eq_f32		0x800000 0xff800000	0x00000000
v_cmp_eq_f32		0x800000 0x7fc00000	0x00000000
v_cmp_eq_f32		0x7f7fffff 0x0	0x00000000
v_cmp_eq_f32		0x7f7fffff 0x80000000	0x00000000
v_cmp_eq_f32		0x7f7fffff 0x3f000000	0x00000000
v_cmp_eq_f32		0x7f7fffff 0x3f800000	0x00000000
v_cmp_eq_f32		0x7f7fffff 0xbf800000	0x00000000
v_cmp_eq_f32		0x7f7fffff 0x800000	0x00000000
v_cmp_eq_f32		0x7f7fffff 0x7f7fffff	0x0000ffff
v_cmp_eq_f32		0x7f7fffff 0x7f800000	0x00000000
v_cmp_eq_f32		0x7f7fffff 0xff800000	0x00000000
v_cmp_eq_f32		0x7f7fffff 0x7fc00000	0x00000000
v_cmp_eq_f32		0x7f800000 0x0	0x00000000
v_cmp_eq_f32		0x7f800000 0x80000000	0x00000000
v_cmp_eq_f32		0x7f800000 0x3f000000	0x00000000
v_cmp_eq_f32		0x7f800000 0x3f800000	0x00000000
v_cmp_eq_f32		0x7f800000 0xbf800000	0x00000000
v_cmp_eq_f32		0x7f800000 0x800000	0x00000000
v_cmp_eq_f32		0x7f800000 0x7f7fffff	0x00000000
v_cmp_eq_f32		0x7f800000 0x7f800000	0x0000ffff
v_cmp_eq_f32		0x7f800000 0xff800000	0x00000000
v_cmp_eq_f32		0x7f800000 0x7fc00000	0x00000000
v_cmp_eq_f32		0xff800000 0x0	0x00000000
v_cmp_eq_f32		0xff800000 0x80000000	0x00000000
v_cmp_eq_f32		0xff800000 0x3f000000	0x00000000
v_cmp_eq_f32		0xff800000 0x3f800000	0x00000000
v_cmp_eq_f32		0xff800000 0xbf800000	0x00000000
v_cmp_eq_f32		0xff800000 0x800000	0x00000000
v_cmp_eq_f32		0xff800000 0x7f7fffff	0x00000000
v_cmp_eq_f32		0xff800000 0x7f800000	0x00000000
v_cmp_eq_f32		0xff800000 0xff800000	0x0000ffff
v_cmp_eq_f32		0xff800000 0x7fc00000	0x00000000
v_cmp_eq_f32		0x7fc00000 0x0	0x00000000
v_cmp_eq_f32		0x7fc00000 0x80000000	0x00000000
v_cmp_eq_f32		0x7fc00000 0x3f000000	0x00000000
v_cmp_eq_f32		0x7fc00000 0x3f800000	0x00000000
v_cmp_eq_f32		0x7fc00000 0xbf800000	0x00000000
v_cmp_eq_f32		0x7fc00000 0x800000	0x00000000
v_cmp_eq_f32		0x7fc00000 0x7f7fffff	0x00000000
v_cmp_eq_f32		0x7fc00000 0x7f800000	0x00000000
v_cmp_eq_f32		0x7fc00000 0xff800000	0x00000000
v_cmp_eq_f32		0x7fc00000 0x7fc00000	0x00000000
v_cmp_eq_i16		0x0 0x0	0x0000ffff
v_cmp_eq_i16		0x0 0x1	0x00000000
v_cmp_eq_i16		0x0 0x7fffffff	0x00000000
v_cmp_eq_i16		0x0 0x80000000	0x0000ffff
v_cmp_eq_i16		0x0 0xfffffffe	0x00000000
v_cmp_eq_i16		0x0 0xffffffff	0x00000000
v_cmp_eq_i16		0x1 0x0	0x00000000
v_cmp_eq_i16		0x1 0x1	0x0000ffff
v_cmp_eq_i16		0x1 0x7fffffff	0x00000000
v_cmp_eq_i16		0x1 0x80000000	0x00000000
v_cmp_eq_i16		0x1 0xfffffffe	0x00000000
v_cmp_eq_i16		0x1 0xffffffff	0x00000000
v_cmp_eq_i16		0x7fffffff 0x0	0x00000000
v_cmp_eq_i16		0x7fffffff 0x1	0x00000000
v_cmp_eq_i16		0x7fffffff 0x7fffffff	0x0000ffff
v_cmp_eq_i16		0x7fffffff 0x80000000	0x00000000
v_cmp_eq_i16		0x7fffffff 0xfffffffe	0x00000000
v_cmp_eq_i16		0x7fffffff 0xffffffff	0x0000ffff
v_cmp_eq_i16		0x80000000 0x0	0x0000ffff
v_cmp_eq_i16		0x80000000 0x1	0x00000000
v_cmp_eq_i16		0x80000000 0x7fffffff	0x00000000
v_cmp_eq_i16		0x80000000 0x80000000	0x0000ffff
v_cmp_eq_i16		0x80000000 0xfffffffe	0x00000000
v_cmp_eq_i16		0x80000000 0xffffffff	0x00000000
v_cmp_eq_i16		0xfffffffe 0x0	0x00000000
v_cmp_eq_i16		0xfffffffe 0x1	0x00000000
v_cmp_eq_i16		0xfffffffe 0x7fffffff	0x00000000
v_cmp_eq_i16		0xfffffffe 0x80000000	0x00000000
v_cmp_eq_i16		0xfffffffe 0xfffffffe	0x0000ffff
v_cmp_eq_i16		0xfffffffe 0xffffffff	0x00000000
v_cmp_eq_i16		0xffffffff 0x0	0x00000000
v_cmp_eq_i16		0xffffffff 0x1	0x00000000
v_cmp_eq_i16		0xffffffff 0x7fffffff	0x0000ffff
v_cmp_eq_i16		0xffffffff 0x80000000	0x00000000
v_cmp_eq_i16		0xffffffff 0xfffffffe	0x00000000
v_cmp_eq_i16		0xffffffff 0xffffffff	0x0000ffff
v_cmp_eq_i32		0x0 0x0	0x0000ffff
v_cmp_eq_i32		0x0 0x1	0x00000000
v_cmp_eq_i32		0x0 0x7fffffff	0x00000000
v_cmp_eq_i32		0x0 0x80000000	0x00000000
v_cmp_eq_i32		0x0 0xfffffffe	0x00000000
v_cmp_eq_i32		0x0 0xffffffff	0x00000000
v_cmp_eq_i32		0x1 0x0	0x00000000
v_cmp_eq_i32		0x1 0x1	0x0000ffff
v_cmp_eq_i32		0x1 0x7fffffff	0x00000000
v_cmp_eq_i32		0x1 0x80000000	0x00000000
v_cmp_eq_i32		0x1 0xfffffffe	0x00000000
v_cmp_eq_i32		0x1 0xffffffff	0x00000000
v_cmp_eq_i32		0x7fffffff 0x0	0x00000000
v_cmp_eq_i32		0x7fffffff 0x1	0x00000000
v_cmp_eq_i32		0x7fffffff 0x7fffffff	0x0000ffff
v_cmp_eq_i32		0x7fffffff 0x80000000	0x00000000
v_cmp_eq_i32		0x7fffffff 0xfffffffe	0x00000000
v_cmp_eq_i32		0x7fffffff 0xffffffff	0x00000000
v_cmp_eq_i32		0x80000000 0x0	0x00000000
v_cmp_eq_i32		0x80000000 0x1	0x00000000
v_cmp_eq_i32		0x80000000 0x7fffffff	0x00000000
v_cmp_eq_i32		0x80000000 0x80000000	0x0000ffff
v_cmp_eq_i32		0x80000000 0xfffffffe	0x00000000
v_cmp_eq_i32		0x80000000 0xffffffff	0x00000000
v_cmp_eq_i32		0xfffffffe 0x0	0x00000000
v_cmp_eq_i32		0xfffffffe 0x1	0x00000000
v_cmp_eq_i32		0xfffffffe 0x7fffffff	0x00000000
v_cmp_eq_i32		0xfffffffe 0x80000000	0x00000000
v_cmp_eq_i32		0xfffffffe 0xfffffffe	0x0000ffff
v_cmp_eq_i32		0xfffffffe 0xffffffff	0x00000000
v_cmp_eq_i32		0xffffffff 0x0	0x00000000
v_cmp_eq_i32		0xffffffff 0x1	0x00000000
v_cmp_eq_i32		0xffffffff 0x7fffffff	0x00000000
v_cmp_eq_i32		0xffffffff 0x80000000	0x00000000
v_cmp_eq_i32		0xffffffff 0xfffffffe	0x00000000
v_cmp_eq_i32		0xffffffff 0xffffffff	0x0000ffff
v_cmp_eq_u16		0x0 0x0	0x0000ffff
v_cmp_eq_u16		0x0 0x1	0x00000000
v_cmp_eq_u16		0x0 0x7fffffff	0x00000000
v_cmp_eq_u16		0x0 0x80000000	0x0000ffff
v_cmp_eq_u16		0x0 0xfffffffe	0x00000000
v_cmp_eq_u16		0x0 0xffffffff	0x00000000
v_cmp_eq_u16		0x1 0x0	0x00000000
v_cmp_eq_u16		0x1 0x1	0x0000ffff
v_cmp_eq_u16		0x1 0x7fffffff	0x00000000
v_cmp_eq_u16		0x1 0x80000000	0x00000000
v_cmp_eq_u16		0x1 0xfffffffe	0x00000000
v_cmp_eq_u16		0x1 0xffffffff	0x00000000
v_cmp_eq_u16		0x7fffffff 0x0	0x00000000
v_cmp_eq_u16		0x7fffffff 0x1	0x00000000
v_cmp_eq_u16		0x7fffffff 0x7fffffff	0x0000ffff
v_cmp_eq_u16		0x7fffffff 0x80000000	0x00000000
v_cmp_eq_u16		0x7fffffff 0xfffffffe	0x00000000
v_cmp_eq_u16		0x7fffffff 0xffffffff	0x0000ffff
v_cmp_eq_u16		0x80000000 0x0	0x0000ffff
v_cmp_eq_u16		0x80000000 0x1	0x00000000
v_cmp_eq_u16		0x80000000 0x7fffffff	0x00000000
v_cmp_eq_u16		0x80000000 0x80000000	0x0000ffff
v_cmp_eq_u16		0x80000000 0xfffffffe	0x00000000
v_cmp_eq_u16		0x80000000 0xffffffff	0x00000000
v_cmp_eq_u16		0xfffffffe 0x0	0x00000000
v_cmp_eq_u16		0xfffffffe 0x1	0x00000000
v_cmp_eq_u16		0xfffffffe 0x7fffffff	0x00000000
v_cmp_eq_u16		0xfffffffe 0x80000000	0x00000000
v_cmp_eq_u16		0xfffffffe 0xfffffffe	0x0000ffff
v_cmp_eq_u16		0xfffffffe 0xffffffff	0x00000000
v_cmp_eq_u16		0xffffffff 0x0	0x00000000
v_cmp_eq_u16		0xffffffff 0x1	0x00000000
v_cmp_eq_u16		0xffffffff 0x7fffffff	0x0000ffff
v_cmp_eq_u16		0xffffffff 0x80000000	0x00000000
v_cmp_eq_u16		0xffffffff 0xfffffffe	0x00000000
v_cmp_eq_u16		0xffffffff 0xffffffff	0x0000ffff
v_cmp_eq_u32		0x0 0x0	0x0000ffff
v_cmp_eq_u32		0x0 0x1	0x00000000
v_cmp_eq_u32		0x0 0x7fffffff	0x00000000
v_cmp_eq_u32		0x0 0x80000000	0x00000000
v_cmp_eq_u32		0x0 0xfffffffe	0x00000000
v_cmp_eq_u32		0x0 0xffffffff	0x00000000
v_cmp_eq_u32		0x1 0x0	0x00000000
v_cmp_eq_u32		0x1 0x1	0x0000ffff
v_cmp_eq_u32		0x1 0x7fffffff	0x00000000
v_cmp_eq_u32		0x1 0x80000000	0x00000000
v_cmp_eq_u32		0x1 0xfffffffe	0x00000000
v_cmp_eq_u32		0x1 0xffffffff	0x00000000
v_cmp_eq_u32		0x7fffffff 0x0	0x00000000
v_cmp_eq_u32		0x7fffffff 0x1	0x00000000
v_cmp_eq_u32		0x7fffffff 0x7fffffff	0x0000ffff
v_cmp_eq_u32		0x7fffffff 0x80000000	0x00000000
v_cmp_eq_u32		0x7fffffff 0xfffffffe	0x00000000
v_cmp_eq_u32		0x7fffffff 0xffffffff	0x00000000
v_cmp_eq_u32		0x80000000 0x0	0x00000000
v_cmp_eq_u32		0x80000000 0x1	0x00000000
v_cmp_eq_u32		0x80000000 0x7fffffff	0x00000000
v_cmp_eq_u32		0x80000000 0x80000000	0x0000ffff
v_cmp_eq_u32		0x80000000 0xfffffffe	0x00000000
v_cmp_eq_u32		0x80000000 0xffffffff	0x00000000
v_cmp_eq_u32		0xfffffffe 0x0	0x00000000
v_cmp_eq_u32		0xfffffffe 0x1	0x00000000
v_cmp_eq_u32		0xfffffffe 0x7fffffff	0x00000000
v_cmp_eq_u32		0xfffffffe 0x80000000	0x00000000
v_cmp_eq_u32		0xfffffffe 0xfffffffe	0x0000ffff
v_cmp_eq_u32		0xfffffffe 0xffffffff	0x00000000
v_cmp_eq_u32		0xffffffff 0x0	0x00000000
v_cmp_eq_u32		0xffffffff 0x1	0x00000000
v_cmp_eq_u32		0xffffffff 0x7fffffff	0x00000000
v_cmp_eq_u32		0xffffffff 0x80000000	0x00000000
v_cmp_eq_u32		0xffffffff 0xfffffffe	0x00000000
v_cmp_eq_u32		0xffffffff 0xffffffff	0x0000ffff
v_cmp_f_f16		0x0 0x0	0x00000000
v_cmp_f_f16		0x0 0x80000000	0x00000000
v_cmp_f_f16		0x0 0x3f000000	0x00000000
v_cmp_f_f16		0x0 0x3f800000	0x00000000
v_cmp_f_f16		0x0 0xbf800000	0x00000000
v_cmp_f_f16		0x0 0x800000	0x00000000
v_cmp_f_f16		0x0 0x7f7fffff	0x00000000
v_cmp_f_f16		0x0 0x7f800000	0x00000000
v_cmp_f_f16		0x0 0xff800000	0x00000000
v_cmp_f_f16		0x0 0x7fc00000	0x00000000
v_cmp_f_f16		0x80000000 0x0	0x00000000
v_cmp_f_f16		0x80000000 0x80000000	0x00000000
v_cmp_f_f16		0x80000000 0x3f000000	0x00000000
v_cmp_f_f16		0x80000000 0x3f800000	0x00000000
v_cmp_f_f16		0x80000000 0xbf800000	0x00000000
v_cmp_f_f16		0x80000000 0x800000	0x00000000
v_cmp_f_f16		0x80000000 0x7f7fffff	0x00000000
v_cmp_f_f16		0x80000000 0x7f800000	0x00000000
v_cmp_f_f16		0x80000000 0xff800000	0x00000000
v_cmp_f_f16		0x80000000 0x7fc00000	0x00000000
v_cmp_f_f16		0x3f000000 0x0	0x00000000
v_cmp_f_f16		0x3f000000 0x80000000	0x00000000
v_cmp_f_f16		0x3f000000 0x3f000000	0x00000000
v_cmp_f_f16		0x3f000000 0x3f800000	0x00000000
v_cmp_f_f16		0x3f000000 0xbf800000	0x00000000
v_cmp_f_f16		0x3f000000 0x800000	0x00000000
v_cmp_f_f16		0x3f000000 0x7f7fffff	0x00000000
v_cmp_f_f16		0x3f000000 0x7f800000	0x00000000
v_cmp_f_f16		0x3f000000 0xff800000	0x00000000
v_cmp_f_f16		0x3f000000 0x7fc00000	0x00000000
v_cmp_f_f16		0x3f800000 0x0	0x00000000
v_cmp_f_f16		0x3f800000 0x80000000	0x00000000
v_cmp_f_f16		0x3f800000 0x3f000000	0x00000000
v_cmp_f_f16		0x3f800000 0x3f800000	0x00000000
v_cmp_f_f16		0x3f800000 0xbf800000	0x00000000
v_cmp_f_f16		0x3f800000 0x800000	0x00000000
v_cmp_f_f16		0x3f800000 0x7f7fffff	0x00000000
v_cmp_f_f16		0x3f800000 0x7f800000	0x00000000
v_cmp_f_f16		0x3f800000 0xff800000	0x00000000
v_cmp_f_f16		0x3f800000 0x7fc00000	0x00000000
v_cmp_f_f16		0xbf800000 0x0	0x00000000
v_cmp_f_f16		0xbf800000 0x80000000	0x00000000
v_cmp_f_f16		0xbf800000 0x3f000000	0x00000000
v_cmp_f_f16		0xbf800000 0x3f800000	0x00000000
v_cmp_f_f16		0xbf800000 0xbf800000	0x00000000
v_cmp_f_f16		0xbf800000 0x800000	0x00000000
v_cmp_f_f16		0xbf800000 0x7f7fffff	0x00000000
v_cmp_f_f16		0xbf800000 0x7f800000	0x00000000
v_cmp_f_f16		0xbf800000 0xff800000	0x00000000
v_cmp_f_f16		0xbf800000 0x7fc00000	0x00000000
v_cmp_f_f16		0x800000 0x0	0x00000000
v_cmp_f_f16		0x800000 0x80000000	0x00000000
v_cmp_f_f16		0x800000 0x3f000000	0x00000000
v_cmp_f_f16		0x800000 0x3f800000	0x00000000
v_cmp_f_f16		0x800000 0xbf800000	0x00000000
v_cmp_f_f16		0x800000 0x800000	0x00000000
v_cmp_f_f16		0x800000 0x7f7fffff	0x00000000
v_cmp_f_f16		0x800000 0x7f800000	0x00000000
v_cmp_f_f16		0x800000 0xff800000	0x00000000
v_cmp_f_f16		0x800000 0x7fc00000	0x00000000
v_cmp_f_f16		0x7f7fffff 0x0	0x00000000
v_cmp_f_f16		0x7f7fffff 0x80000000	0x00000000
v_cmp_f_f16		0x7f7fffff 0x3f000000	0x00000000
v_cmp_f_f16		0x7f7fffff 0x3f800000	0x00000000
v_cmp_f_f16		0x7f7fffff 0xbf800000	0x00000000
v_cmp_f_f16		0x7f7fffff 0x800000	0x00000000
v_cmp_f_f16		0x7f7fffff 0x7f7fffff	0x00000000
v_cmp_f_f16		0x7f7fffff 0x7f800000	0x00000000
v_cmp_f_f16		0x7f7fffff 0xff800000	0x00000000
v_cmp_f_f16		0x7f7fffff 0x7fc00000	0x00000000
v_cmp_f_f16		0x7f800000 0x0	0x00000000
v_cmp_f_f16		0x7f800000 0x80000000	0x00000000
v_cmp_f_f16		0x7f800000 0x3f000000	0x00000000
v_cmp_f_f16		0x7f800000 0x3f800000	0x00000000
v_cmp_f_f16		0x7f800000 0xbf800000	0x00000000
v_cmp_f_f16		0x7f800000 0x800000	0x00000000
v_cmp_f_f16		0x7f800000 0x7f7fffff	0x00000000
v_cmp_f_f16		0x7f800000 0x7f800000	0x00000000
v_cmp_f_f16		0x7f800000 0xff800000	0x00000000
v_cmp_f_f16		0x7f800000 0x7fc00000	0x00000000
v_cmp_f_f16		0xff800000 0x0	0x00000000
v_cmp_f_f16		0xff800000 0x80000000	0x00000000
v_cmp_f_f16		0xff800000 0x3f000000	0x00000000
v_cmp_f_f16		0xff800000 0x3f800000	0x00000000
v_cmp_f_f16		0xff800000 0xbf800000	0x00000000
v_cmp_f_f16		0xff800000 0x800000	0x00000000
v_cmp_f_f16		0xff800000 0x7f7fffff	0x00000000
v_cmp_f_f16		0xff800000 0x7f800000	0x00000000
v_cmp_f_f16		0xff800000 0xff800000	0x00000000
v_cmp_f_f16		0xff800000 0x7fc00000	0x00000000
v_cmp_f_f16		0x7fc00000 0x0	0x00000000
v_cmp_f_f16		0x7fc00000 0x80000000	0x00000000
v_cmp_f_f16		0x7fc00000 0x3f000000	0x00000000
v_cmp_f_f16		0x7fc00000 0x3f800000	0x00000000
v_cmp_f_f16		0x7fc00000 0xbf800000	0x00000000
v_cmp_f_f16		0x7fc00000 0x800000	0x00000000
v_cmp_f_f16		0x7fc00000 0x7f7fffff	0x00000000
v_cmp_f_f16		0x7fc00000 0x7f800000	0x00000000
v_cmp_f_f16		0x7fc00000 0xff800000	0x00000000
v_cmp_f_f16		0x7fc00000 0x7fc00000	0x00000000
v_cmp_f_f32		0x0 0x0	0x00000000
v_cmp_f_f32		0x0 0x80000000	0x00000000
v_cmp_f_f32		0x0 0x3f000000	0x00000000
v_cmp_f_f32		0x0 0x3f800000	0x00000000
v_cmp_f_f32		0x0 0xbf800000	0x00000000
v_cmp_f_f32		0x0 0x800000	0x00000000
v_cmp_f_f32		0x0 0x7f7fffff	0x00000000
v_cmp_f_f32		0x0 0x7f800000	0x00000000
v_cmp_f_f32		0x0 0xff800000	0x00000000
v_cmp_f_f32		0x0 0x7fc00000	0x00000000
v_cmp_f_f32		0x80000000 0x0	0x00000000
v_cmp_f_f32		0x80000000 0x80000000	0x00000000
v_cmp_f_f32		0x80000000 0x3f000000	0x00000000
v_cmp_f_f32		0x80000000 0x3f800000	0x00000000
v_cmp_f_f32		0x80000000 0xbf800000	0x00000000
v_cmp_f_f32		0x80000000 0x800000	0x00000000
v_cmp_f_f32		0x80000000 0x7f7fffff	0x00000000
v_cmp_f_f32		0x80000000 0x7f800000	0x00000000
v_cmp_f_f32		0x80000000 0xff800000	0x00000000
v_cmp_f_f32		0x80000000 0x7fc00000	0x00000000
v_cmp_f_f32		0x3f000000 0x0	0x00000000
v_cmp_f_f32		0x3f000000 0x80000000	0x00000000
v_cmp_f_f32		0x3f000000 0x3f000000	0x00000000
v_cmp_f_f32		0x3f000000 0x3f800000	0x00000000
v_cmp_f_f32		0x3f000000 0xbf800000	0x00000000
v_cmp_f_f32		0x3f000000 0x800000	0x00000000
v_cmp_f_f32		0x3f000000 0x7f7fffff	0x00000000
v_cmp_f_f32		0x3f000000 0x7f800000	0x00000000
v_cmp_f_f32		0x3f000000 0xff800000	0x00000000
v_cmp_f_f32		0x3f000000 0x7fc00000	0x00000000
v_cmp_f_f32		0x3f800000 0x0	0x00000000
v_cmp_f_f32		0x3f800000 0x80000000	0x00000000
v_cmp_f_f32		0x3f800000 0x3f000000	0x00000000
v_cmp_f_f32		0x3f800000 0x3f800000	0x00000000
v_cmp_f_f32		0x3f800000 0xbf800000	0x00000000
v_cmp_f_f32		0x3f800000 0x800000	0x00000000
v_cmp_f_f32		0x3f800000 0x7f7fffff	0x00000000
v_cmp_f_f32		0x3f800000 0x7f800000	0x00000000
v_cmp_f_f32		0x3f800000 0xff800000	0x00000000
v_cmp_f_f32		0x3f800000 0x7fc00000	0x00000000
v_cmp_f_f32		0xbf800000 0x0	0x00000000
v_cmp_f_f32		0xbf800000 0x80000000	0x00000000
v_cmp_f_f32		0xbf800000 0x3f000000	0x00000000
v_cmp_f_f32		0xbf800000 0x3f800000	0x00000000
v_cmp_f_f32		0xbf800000 0xbf800000	0x00000000
v_cmp_f_f32		0xbf800000 0x800000	0x00000000
v_cmp_f_f32		0xbf800000 0x7f7fffff	0x00000000
v_cmp_f_f32		0xbf800000 0x7f800000	0x00000000
v_cmp_f_f32		0xbf800000 0xff800000	0x00000000
v_cmp_f_f32		0xbf800000 0x7fc00000	0x00000000
v_cmp_f_f32		0x800000 0x0	0x00000000
v_cmp_f_f32		0x800000 0x80000000	0x00000000
v_cmp_f_f32		0x800000 0x3f000000	0x00000000
v_cmp_f_f32		0x800000 0x3f800000	0x00000000
v_cmp_f_f32		0x800000 0xbf800000	0x00000000
v_cmp_f_f32		0x800000 0x800000	0x00000000
v_cmp_f_f32		0x800000 0x7f7fffff	0x00000000
v_cmp_f_f32		0x800000 0x7f800000	0x00000000
v_cmp_f_f32		0x800000 0xff800000	0x00000000
v_cmp_f_f32		0x800000 0x7fc00000	0x00000000
v_cmp_f_f32		0x7f7fffff 0x0	0x00000000
v_cmp_f_f32		0x7f7fffff 0x80000000	0x00000000
v_cmp_f_f32		0x7f7fffff 0x3f000000	0x00000000
v_cmp_f_f32		0x7f7fffff 0x3f800000	0x00000000
v_cmp_f_f32		0x7f7fffff 0xbf800000	0x00000000
v_cmp_f_f32		0x7f7fffff 0x800000	0x00000000
v_cmp_f_f32		0x7f7fffff 0x7f7fffff	0x00000000
v_cmp_f_f32		0x7f7fffff 0x7f800000	0x00000000
v_cmp_f_f32		0x7f7fffff 0xff800000	0x00000000
v_cmp_f_f32		0x7f7fffff 0x7fc00000	0x00000000
v_cmp_f_f32		0x7f800000 0x0	0x00000000
v_cmp_f_f32		0x7f800000 0x80000000	0x00000000
v_cmp_f_f32		0x7f800000 0x3f000000	0x00000000
v_cmp_f_f32		0x7f800000 0x3f800000	0x00000000
v_cmp_f_f32		0x7f800000 0xbf800000	0x00000000
v_cmp_f_f32		0x7f800000 0x800000	0x00000000
v_cmp_f_f32		0x7f800000 0x7f7fffff	0x00000000
v_cmp_f_f32		0x7f800000 0x7f800000	0x00000000
v_cmp_f_f32		0x7f800000 0xff800000	0x00000000
v_cmp_f_f32		0x7f800000 0x7fc00000	0x00000000
v_cmp_f_f32		0xff800000 0x0	0x00000000
v_cmp_f_f32		0xff800000 0x80000000	0x00000000
v_cmp_f_f32		0xff800000 0x3f000000	0x00000000
v_cmp_f_f32		0xff800000 0x3f800000	0x00000000
v_cmp_f_f32		0xff800000 0xbf800000	0x00000000
v_cmp_f_f32		0xff800000 0x800000	0x00000000
v_cmp_f_f32		0xff800000 0x7f7fffff	0x00000000
v_cmp_f_f32		0xff800000 0x7f800000	0x00000000
v_cmp_f_f32		0xff800000 0xff800000	0x00000000
v_cmp_f_f32		0xff800000 0x7fc00000	0x00000000
v_cmp_f_f32		0x7fc00000 0x0	0x00000000
v_cmp_f_f32		0x7fc00000 0x80000000	0x00000000
v_cmp_f_f32		0x7fc00000 0x3f000000	0x00000000
v_cmp_f_f32		0x7fc00000 0x3f800000	0x00000000
v_cmp_f_f32		0x7fc00000 0xbf800000	0x00000000
v_cmp_f_f32		0x7fc00000 0x800000	0x00000000
v_cmp_f_f32		0x7fc00000 0x7f7fffff	0x00000000
v_cmp_f_f32		0x7fc00000 0x7f800000	0x00000000
v_cmp_f_f32		0x7fc00000 0xff800000	0x00000000
v_cmp_f_f32		0x7fc00000 0x7fc00000	0x00000000
v_cmp_f_i16		0x0 0x0	0x00000000
v_cmp_f_i16		0x0 0x1	0x00000000
v_cmp_f_i16		0x0 0x7fffffff	0x00000000
v_cmp_f_i16		0x0 0x80000000	0x00000000
v_cmp_f_i16		0x0 0xfffffffe	0x00000000
v_cmp_f_i16		0x0 0xffffffff	0x00000000
v_cmp_f_i16		0x1 0x0	0x00000000
v_cmp_f_i16		0x1 0x1	0x00000000
v_cmp_f_i16		0x1 0x7fffffff	0x00000000
v_cmp_f_i16		0x1 0x80000000	0x00000000
v_cmp_f_i16		0x1 0xfffffffe	0x00000000
v_cmp_f_i16		0x1 0xffffffff	0x00000000
v_cmp_f_i16		0x7fffffff 0x0	0x00000000
v_cmp_f_i16		0x7fffffff 0x1	0x00000000
v_cmp_f_i16		0x7fffffff 0x7fffffff	0x00000000
v_cmp_f_i16		0x7fffffff 0x80000000	0x00000000
v_cmp_f_i16		0x7fffffff 0xfffffffe	0x00000000
v_cmp_f_i16		0x7fffffff 0xffffffff	0x00000000
v_cmp_f_i16		0x80000000 0x0	0x00000000
v_cmp_f_i16		0x80000000 0x1	0x00000000
v_cmp_f_i16		0x80000000 0x7fffffff	0x00000000
v_cmp_f_i16		0x80000000 0x80000000	0x00000000
v_cmp_f_i16		0x80000000 0xfffffffe	0x00000000
v_cmp_f_i16		0x80000000 0xffffffff	0x00000000
v_cmp_f_i16		0xfffffffe 0x0	0x00000000
v_cmp_f_i16		0xfffffffe 0x1	0x00000000
v_cmp_f_i16		0xfffffffe 0x7fffffff	0x00000000
v_cmp_f_i16		0xfffffffe 0x80000000	0x00000000
v_cmp_f_i16		0xfffffffe 0xfffffffe	0x00000000
v_cmp_f_i16		0xfffffffe 0xffffffff	0x00000000
v_cmp_f_i16		0xffffffff 0x0	0x00000000
v_cmp_f_i16		0xffffffff 0x1	0x00000000
v_cmp_f_i16		0xffffffff 0x7fffffff	0x00000000
v_cmp_f_i16		0xffffffff 0x80000000	0x00000000
v_cmp_f_i16		0xffffffff 0xfffffffe	0x00000000
v_cmp_f_i16		0xffffffff 0xffffffff	0x00000000
v_cmp_f_i32		0x0 0x0	0x00000000
v_cmp_f_i32		0x0 0x1	0x00000000
v_cmp_f_i32		0x0 0x7fffffff	0x00000000
v_cmp_f_i32		0x0 0x80000000	0x00000000
v_cmp_f_i32		0x0 0xfffffffe	0x00000000
v_cmp_f_i32		0x0 0xffffffff	0x00000000
v_cmp_f_i32		0x1 0x0	0x00000000
v_cmp_f_i32		0x1 0x1	0x00000000
v_cmp_f_i32		0x1 0x7fffffff	0x00000000
v_cmp_f_i32		0x1 0x80000000	0x00000000
v_cmp_f_i32		0x1 0xfffffffe	0x00000000
v_cmp_f_i32		0x1 0xffffffff	0x00000000
v_cmp_f_i32		0x7fffffff 0x0	0x00000000
v_cmp_f_i32		0x7fffffff 0x1	0x00000000
v_cmp_f_i32		0x7fffffff 0x7fffffff	0x00000000
v_cmp_f_i32		0x7fffffff 0x80000000	0x00000000
v_cmp_f_i32		0x7fffffff 0xfffffffe	0x00000000
v_cmp_f_i32		0x7fffffff 0xffffffff	0x00000000
v_cmp_f_i32		0x80000000 0x0	0x00000000
v_cmp_f_i32		0x80000000 0x1	0x00000000
v_cmp_f_i32		0x80000000 0x7fffffff	0x00000000
v_cmp_f_i32		0x80000000 0x80000000	0x00000000
v_cmp_f_i32		0x80000000 0xfffffffe	0x00000000
v_cmp_f_i32		0x80000000 0xffffffff	0x00000000
v_cmp_f_i32		0xfffffffe 0x0	0x00000000
v_cmp_f_i32		0xfffffffe 0x1	0x00000000
v_cmp_f_i32		0xfffffffe 0x7fffffff	0x00000000
v_cmp_f_i32		0xfffffffe 0x80000000	0x00000000
v_cmp_f_i32		0xfffffffe 0xfffffffe	0x00000000
v_cmp_f_i32		0xfffffffe 0xffffffff	0x00000000
v_cmp_f_i32		0xffffffff 0x0	0x00000000
v_cmp_f_i32		0xffffffff 0x1	0x00000000
v_cmp_f_i32		0xffffffff 0x7fffffff	0x00000000
v_cmp_f_i32		0xffffffff 0x80000000	0x00000000
v_cmp_f_i32		0xffffffff 0xfffffffe	0x00000000
v_cmp_f_i32		0xffffffff 0xffffffff	0x00000000
v_cmp_f_u16		0x0 0x0	0x00000000
v_cmp_f_u16		0x0 0x1	0x00000000
v_cmp_f_u16		0x0 0x7fffffff	0x00000000
v_cmp_f_u16		0x0 0x80000000	0x00000000
v_cmp_f_u16		0x0 0xfffffffe	0x00000000
v_cmp_f_u16		0x0 0xffffffff	0x00000000
v_cmp_f_u16		0x1 0x0	0x00000000
v_cmp_f_u16		0x1 0x1	0x00000000
v_cmp_f_u16		0x1 0x7fffffff	0x00000000
v_cmp_f_u16		0x1 0x80000000	0x00000000
v_cmp_f_u16		0x1 0xfffffffe	0x00000000
v_cmp_f_u16		0x1 0xffffffff	0x00000000
v_cmp_f_u16		0x7fffffff 0x0	0x00000000
v_cmp_f_u16		0x7fffffff 0x1	0x00000000
v_cmp_f_u16		0x7fffffff 0x7fffffff	0x00000000
v_cmp_f_u16		0x7fffffff 0x80000000	0x00000000
v_cmp_f_u16		0x7fffffff 0xfffffffe	0x00000000
v_cmp_f_u16		0x7fffffff 0xffffffff	0x00000000
v_cmp_f_u16		0x80000000 0x0	0x00000000
v_cmp_f_u16		0x80000000 0x1	0x00000000
v_cmp_f_u16		0x80000000 0x7fffffff	0x00000000
v_cmp_f_u16		0x80000000 0x80000000	0x00000000
v_cmp_f_u16		0x80000000 0xfffffffe	0x00000000
v_cmp_f_u16		0x80000000 0xffffffff	0x00000000
v_cmp_f_u16		0xfffffffe 0x0	0x00000000
v_cmp_f_u16		0xfffffffe 0x1	0x00000000
v_cmp_f_u16		0xfffffffe 0x7fffffff	0x00000000
v_cmp_f_u16		0xfffffffe 0x80000000	0x00000000
v_cmp_f_u16		0xfffffffe 0xfffffffe	0x00000000
v_cmp_f_u16		0xfffffffe 0xffffffff	0x00000000
v_cmp_f_u16		0xffffffff 0x0	0x00000000
v_cmp_f_u16		0xffffffff 0x1	0x00000000
v_cmp_f_u16		0xffffffff 0x7fffffff	0x00000000
v_cmp_f_u16		0xffffffff 0x80000000	0x00000000
v_cmp_f_u16		0xffffffff 0xfffffffe	0x00000000
v_cmp_f_u16		0xffffffff 0xffffffff	0x00000000
v_cmp_f_u32		0x0 0x0	0x00000000
v_cmp_f_u32		0x0 0x1	0x00000000
v_cmp_f_u32		0x0 0x7fffffff	0x00000000
v_cmp_f_u32		0x0 0x80000000	0x00000000
v_cmp_f_u32		0x0 0xfffffffe	0x00000000
v_cmp_f_u32		0x0 0xffffffff	0x00000000
v_cmp_f_u32		0x1 0x0	0x00000000
v_cmp_f_u32		0x1 0x1	0x00000000
v_cmp_f_u32		0x1 0x7fffffff	0x00000000
v_cmp_f_u32		0x1 0x80000000	0x00000000
v_cmp_f_u32		0x1 0xfffffffe	0x00000000
v_cmp_f_u32		0x1 0xffffffff	0x00000000
v_cmp_f_u32		0x7fffffff 0x0	0x00000000
v_cmp_f_u32		0x7fffffff 0x1	0x00000000
v_cmp_f_u32		0x7fffffff 0x7fffffff	0x00000000
v_cmp_f_u32		0x7fffffff 0x80000000	0x00000000
v_cmp_f_u32		0x7fffffff 0xfffffffe	0x00000000
v_cmp_f_u32		0x7fffffff 0xffffffff	0x00000000
v_cmp_f_u32		0x80000000 0x0	0x00000000
v_cmp_f_u32		0x80000000 0x1	0x00000000
v_cmp_f_u32		0x80000000 0x7fffffff	0x00000000
v_cmp_f_u32		0x80000000 0x80000000	0x00000000
v_cmp_f_u32		0x80000000 0xfffffffe	0x00000000
v_cmp_f_u32		0x80000000 0xffffffff	0x00000000
v_cmp_f_u32		0xfffffffe 0x0	0x00000000
v_cmp_f_u32		0xfffffffe 0x1	0x00000000
v_cmp_f_u32		0xfffffffe 0x7fffffff	0x00000000
v_cmp_f_u32		0xfffffffe 0x80000000	0x00000000
v_cmp_f_u32		0xfffffffe 0xfffffffe	0x00000000
v_cmp_f_u32		0xfffffffe 0xffffffff	0x00000000
v_cmp_f_u32		0xffffffff 0x0	0x00000000
v_cmp_f_u32		0xffffffff 0x1	0x00000000
v_cmp_f_u32		0xffffffff 0x7fffffff	0x00000000
v_cmp_f_u32		0xffffffff 0x80000000	0x00000000
v_cmp_f_u32		0xffffffff 0xfffffffe	0x00000000
v_cmp_f_u32		0xffffffff 0xffffffff	0x00000000
v_cmp_ge_f16		0x0 0x0	0x0000ffff
v_cmp_ge_f16		0x0 0x80000000	0x0000ffff
v_cmp_ge_f16		0x0 0x3f000000	0x0000ffff
v_cmp_ge_f16		0x0 0x3f800000	0x0000ffff
v_cmp_ge_f16		0x0 0xbf800000	0x0000ffff
v_cmp_ge_f16		0x0 0x800000	0x0000ffff
v_cmp_ge_f16		0x0 0x7f7fffff	0x00000000
v_cmp_ge_f16		0x0 0x7f800000	0x0000ffff
v_cmp_ge_f16		0x0 0xff800000	0x0000ffff
v_cmp_ge_f16		0x0 0x7fc00000	0x0000ffff
v_cmp_ge_f16		0x80000000 0x0	0x0000ffff
v_cmp_ge_f16		0x80000000 0x80000000	0x0000ffff
v_cmp_ge_f16		0x80000000 0x3f000000	0x0000ffff
v_cmp_ge_f16		0x80000000 0x3f800000	0x0000ffff
v_cmp_ge_f16		0x80000000 0xbf800000	0x0000ffff
v_cmp_ge_f16		0x80000000 0x800000	0x0000ffff
v_cmp_ge_f16		0x80000000 0x7f7fffff	0x00000000
v_cmp_ge_f16		0x80000000 0x7f800000	0x0000ffff
v_cmp_ge_f16		0x80000000 0xff800000	0x0000ffff
v_cmp_ge_f16		0x80000000 0x7fc00000	0x0000ffff
v_cmp_ge_f16		0x3f000000 0x0	0x0000ffff
v_cmp_ge_f16		0x3f000000 0x80000000	0x0000ffff
v_cmp_ge_f16		0x3f000000 0x3f000000	0x0000ffff
v_cmp_ge_f16		0x3f000000 0x3f800000	0x0000ffff
v_cmp_ge_f16		0x3f000000 0xbf800000	0x0000ffff
v_cmp_ge_f16		0x3f000000 0x800000	0x0000ffff
v_cmp_ge_f16		0x3f000000 0x7f7fffff	0x00000000
v_cmp_ge_f16		0x3f000000 0x7f800000	0x0000ffff
v_cmp_ge_f16		0x3f000000 0xff800000	0x0000ffff
v_cmp_ge_f16		0x3f000000 0x7fc00000	0x0000ffff
v_cmp_ge_f16		0x3f800000 0x0	0x0000ffff
v_cmp_ge_f16		0x3f800000 0x80000000	0x0000ffff
v_cmp_ge_f16		0x3f800000 0x3f000000	0x0000ffff
v_cmp_ge_f16		0x3f800000 0x3f800000	0x0000ffff
v_cmp_ge_f16		0x3f800000 0xbf800000	0x0000ffff
v_cmp_ge_f16		0x3f800000 0x800000	0x0000ffff
v_cmp_ge_f16		0x3f800000 0x7f7fffff	0x00000000
v_cmp_ge_f16		0x3f800000 0x7f800000	0x0000ffff
v_cmp_ge_f16		0x3f800000 0xff800000	0x0000ffff
v_cmp_ge_f16		0x3f800000 0x7fc00000	0x0000ffff
v_cmp_ge_f16		0xbf800000 0x0	0x0000ffff
v_cmp_ge_f16		0xbf800000 0x80000000	0x0000ffff
v_cmp_ge_f16		0xbf800000 0x3f000000	0x0000ffff
v_cmp_ge_f16		0xbf800000 0x3f800000	0x0000ffff
v_cmp_ge_f16		0xbf800000 0xbf800000	0x0000ffff
v_cmp_ge_f16		0xbf800000 0x800000	0x0000ffff
v_cmp_ge_f16		0xbf800000 0x7f7fffff	0x00000000
v_cmp_ge_f16		0xbf800000 0x7f800000	0x0000ffff
v_cmp_ge_f16		0xbf800000 0xff800000	0x0000ffff
v_cmp_ge_f16		0xbf800000 0x7fc00000	0x0000ffff
v_cmp_ge_f16		0x800000 0x0	0x0000ffff
v_cmp_ge_f16		0x800000 0x80000000	0x0000ffff
v_cmp_ge_f16		0x800000 0x3f000000	0x0000ffff
v_cmp_ge_f16		0x800000 0x3f800000	0x0000ffff
v_cmp_ge_f16		0x800000 0xbf800000	0x0000ffff
v_cmp_ge_f16		0x800000 0x800000	0x0000ffff
v_cmp_ge_f16		0x800000 0x7f7fffff	0x00000000
v_cmp_ge_f16		0x800000 0x7f800000	0x0000ffff
v_cmp_ge_f16		0x800000 0xff800000	0x0000ffff
v_cmp_ge_f16		0x800000 0x7fc00000	0x0000ffff
v_cmp_ge_f16		0x7f7fffff 0x0	0x00000000
v_cmp_ge_f16		0x7f7fffff 0x80000000	0x00000000
v_cmp_ge_f16		0x7f7fffff 0x3f000000	0x00000000
v_cmp_ge_f16		0x7f7fffff 0x3f800000	0x00000000
v_cmp_ge_f16		0x7f7fffff 0xbf800000	0x00000000
v_cmp_ge_f16		0x7f7fffff 0x800000	0x00000000
v_cmp_ge_f16		0x7f7fffff 0x7f7fffff	0x00000000
v_cmp_ge_f16		0x7f7fffff 0x7f800000	0x00000000
v_cmp_ge_f16		0x7f7fffff 0xff800000	0x00000000
v_cmp_ge_f16		0x7f7fffff 0x7fc00000	0x00000000
v_cmp_ge_f16		0x7f800000 0x0	0x0000ffff
v_cmp_ge_f16		0x7f800000 0x80000000	0x0000ffff
v_cmp_ge_f16		0x7f800000 0x3f000000	0x0000ffff
v_cmp_ge_f16		0x7f800000 0x3f800000	0x0000ffff
v_cmp_ge_f16		0x7f800000 0xbf800000	0x0000ffff
v_cmp_ge_f16		0x7f800000 0x800000	0x0000ffff
v_cmp_ge_f16		0x7f800000 0x7f7fffff	0x00000000
v_cmp_ge_f16		0x7f800000 0x7f800000	0x0000ffff
v_cmp_ge_f16		0x7f800000 0xff800000	0x0000ffff
v_cmp_ge_f16		0x7f800000 0x7fc00000	0x0000ffff
v_cmp_ge_f16		0xff800000 0x0	0x0000ffff
v_cmp_ge_f16		0xff800000 0x80000000	0x0000ffff
v_cmp_ge_f16		0xff800000 0x3f000000	0x0000ffff
v_cmp_ge_f16		0xff800000 0x3f800000	0x0000ffff
v_cmp_ge_f16		0xff800000 0xbf800000	0x0000ffff
v_cmp_ge_f16		0xff800000 0x800000	0x0000ffff
v_cmp_ge_f16		0xff800000 0x7f7fffff	0x00000000
v_cmp_ge_f16		0xff800000 0x7f800000	0x0000ffff
v_cmp_ge_f16		0xff800000 0xff800000	0x0000ffff
v_cmp_ge_f16		0xff800000 0x7fc00000	0x0000ffff
v_cmp_ge_f16		0x7fc00000 0x0	0x0000ffff
v_cmp_ge_f16		0x7fc00000 0x80000000	0x0000ffff
v_cmp_ge_f16		0x7fc00000 0x3f000000	0x0000ffff
v_cmp_ge_f16		0x7fc00000 0x3f800000	0x0000ffff
v_cmp_ge_f16		0x7fc00000 0xbf800000	0x0000ffff
v_cmp_ge_f16		0x7fc00000 0x800000	0x0000ffff
v_cmp_ge_f16		0x7fc00000 0x7f7fffff	0x00000000
v_cmp_ge_f16		0x7fc00000 0x7f800000	0x0000ffff
v_cmp_ge_f16		0x7fc00000 0xff800000	0x0000ffff
v_cmp_ge_f16		0x7fc00000 0x7fc00000	0x0000ffff
v_cmp_ge_f32		0x0 0x0	0x0000ffff
v_cmp_ge_f32		0x0 0x80000000	0x0000ffff
v_cmp_ge_f32		0x0 0x3f000000	0x00000000
v_cmp_ge_f32		0x0 0x3f800000	0x00000000
v_cmp_ge_f32		0x0 0xbf800000	0x0000ffff
v_cmp_ge_f32		0x0 0x800000	0x00000000
v_cmp_ge_f32		0x0 0x7f7fffff	0x00000000
v_cmp_ge_f32		0x0 0x7f800000	0x00000000
v_cmp_ge_f32		0x0 0xff800000	0x0000ffff
v_cmp_ge_f32		0x0 0x7fc00000	0x00000000
v_cmp_ge_f32		0x80000000 0x0	0x0000ffff
v_cmp_ge_f32		0x80000000 0x80000000	0x0000ffff
v_cmp_ge_f32		0x80000000 0x3f000000	0x00000000
v_cmp_ge_f32		0x80000000 0x3f800000	0x00000000
v_cmp_ge_f32		0x80000000 0xbf800000	0x0000ffff
v_cmp_ge_f32		0x80000000 0x800000	0x00000000
v_cmp_ge_f32		0x80000000 0x7f7fffff	0x00000000
v_cmp_ge_f32		0x80000000 0x7f800000	0x00000000
v_cmp_ge_f32		0x80000000 0xff800000	0x0000ffff
v_cmp_ge_f32		0x80000000 0x7fc00000	0x00000000
v_cmp_ge_f32		0x3f000000 0x0	0x0000ffff
v_cmp_ge_f32		0x3f000000 0x80000000	0x0000ffff
v_cmp_ge_f32		0x3f000000 0x3f000000	0x0000ffff
v_cmp_ge_f32		0x3f000000 0x3f800000	0x00000000
v_cmp_ge_f32		0x3f000000 0xbf800000	0x0000ffff
v_cmp_ge_f32		0x3f000000 0x800000	0x0000ffff
v_cmp_ge_f32		0x3f000000 0x7f7fffff	0x00000000
v_cmp_ge_f32		0x3f000000 0x7f800000	0x00000000
v_cmp_ge_f32		0x3f000000 0xff800000	0x0000ffff
v_cmp_ge_f32		0x3f000000 0x7fc00000	0x00000000
v_cmp_ge_f32		0x3f800000 0x0	0x0000ffff
v_cmp_ge_f32		0x3f800000 0x80000000	0x0000ffff
v_cmp_ge_f32		0x3f800000 0x3f000000	0x0000ffff
v_cmp_ge_f32		0x3f800000 0x3f800000	0x0000ffff
v_cmp_ge_f32		0x3f800000 0xbf800000	0x0000ffff
v_cmp_ge_f32		0x3f800000 0x800000	0x0000ffff
v_cmp_ge_f32		0x3f800000 0x7f7fffff	0x00000000
v_cmp_ge_f32		0x3f800000 0x7f800000	0x00000000
v_cmp_ge_f32		0x3f800000 0xff800000	0x0000ffff
v_cmp_ge_f32		0x3f800000 0x7fc00000	0x00000000
v_cmp_ge_f32		0xbf800000 0x0	0x00000000
v_cmp_ge_f32		0xbf800000 0x80000000	0x00000000
v_cmp_ge_f32		0xbf800000 0x3f000000	0x00000000
v_cmp_ge_f32		0xbf800000 0x3f800000	0x00000000
v_cmp_ge_f32		0xbf800000 0xbf800000	0x0000ffff
v_cmp_ge_f32		0xbf800000 0x800000	0x00000000
v_cmp_ge_f32		0xbf800000 0x7f7fffff	0x00000000
v_cmp_ge_f32		0xbf800000 0x7f800000	0x00000000
v_cmp_ge_f32		0xbf800000 0xff800000	0x0000ffff
v_cmp_ge_f32		0xbf800000 0x7fc00000	0x00000000
v_cmp_ge_f32		0x800000 0x0	0x0000ffff
v_cmp_ge_f32		0x800000 0x80000000	0x0000ffff
v_cmp_ge_f32		0x800000 0x3f000000	0x00000000
v_cmp_ge_f32		0x800000 0x3f800000	0x00000000
v_cmp_ge_f32		0x800000 0xbf800000	0x0000ffff
v_cmp_ge_f32		0x800000 0x800000	0x0000ffff
v_cmp_ge_f32		0x800000 0x7f7fffff	0x00000000
v_cmp_ge_f32		0x800000 0x7f800000	0x00000000
v_cmp_ge_f32		0x800000 0xff800000	0x0000ffff
v_cmp_ge_f32		0x800000 0x7fc00000	0x00000000
v_cmp_ge_f32		0x7f7fffff 0x0	0x0000ffff
v_cmp_ge_f32		0x7f7fffff 0x80000000	0x0000ffff
v_cmp_ge_f32		0x7f7fffff 0x3f000000	0x0000ffff
v_cmp_ge_f32		0x7f7fffff 0x3f800000	0x0000ffff
v_cmp_ge_f32		0x7f7fffff 0xbf800000	0x0000ffff
v_cmp_ge_f32		0x7f7fffff 0x800000	0x0000ffff
v_cmp_ge_f32		0x7f7fffff 0x7f7fffff	0x0000ffff
v_cmp_ge_f32		0x7f7fffff 0x7f800000	0x00000000
v_cmp_ge_f32		0x7f7fffff 0xff800000	0x0000ffff
v_cmp_ge_f32		0x7f7fffff 0x7fc00000	0x00000000
v_cmp_ge_f32		0x7f800000 0x0	0x0000ffff
v_cmp_ge_f32		0x7f800000 0x80000000	0x0000ffff
v_cmp_ge_f32		0x7f800000 0x3f000000	0x0000ffff
v_cmp_ge_f32		0x7f800000 0x3f800000	0x0000ffff
v_cmp_ge_f32		0x7f800000 0xbf800000	0x0000ffff
v_cmp_ge_f32		0x7f800000 0x800000	0x0000ffff
v_cmp_ge_f32		0x7f800000 0x7f7fffff	0x0000ffff
v_cmp_ge_f32		0x7f800000 0x7f800000	0x0000ffff
v_cmp_ge_f32		0x7f800000 0xff800000	0x0000ffff
v_cmp_ge_f32		0x7f800000 0x7fc00000	0x00000000
v_cmp_ge_f32		0xff800000 0x0	0x00000000
v_cmp_ge_f32		0xff800000 0x80000000	0x00000000
v_cmp_ge_f32		0xff800000 0x3f000000	0x00000000
v_cmp_ge_f32		0xff800000 0x3f800000	0x00000000
v_cmp_ge_f32		0xff800000 0xbf800000	0x00000000
v_cmp_ge_f32		0xff800000 0x800000	0x00000000
v_cmp_ge_f32		0xff800000 0x7f7fffff	0x00000000
v_cmp_ge_f32		0xff800000 0x7f800000	0x00000000
v_cmp_ge_f32		0xff800000 0xff800000	0x0000ffff
v_cmp_ge_f32		0xff800000 0x7fc00000	0x00000000
v_cmp_ge_f32		0x7fc00000 0x0	0x00000000
v_cmp_ge_f32		0x7fc00000 0x80000000	0x00000000
v_cmp_ge_f32		0x7fc00000 0x3f000000	0x00000000
v_cmp_ge_f32		0x7fc00000 0x3f800000	0x00000000
v_cmp_ge_f32		0x7fc00000 0xbf800000	0x00000000
v_cmp_ge_f32		0x7fc00000 0x800000	0x00000000
v_cmp_ge_f32		0x7fc00000 0x7f7fffff	0x00000000
v_cmp_ge_f32		0x7fc00000 0x7f800000	0x00000000
v_cmp_ge_f32		0x7fc00000 0xff800000	0x00000000
v_cmp_ge_f32		0x7fc00000 0x7fc00000	0x00000000
v_cmp_ge_i16		0x0 0x0	0x0000ffff
v_cmp_ge_i16		0x0 0x1	0x00000000
v_cmp_ge_i16		0x0 0x7fffffff	0x0000ffff
v_cmp_ge_i16		0x0 0x80000000	0x0000ffff
v_cmp_ge_i16		0x0 0xfffffffe	0x0000ffff
v_cmp_ge_i16		0x0 0xffffffff	0x0000ffff
v_cmp_ge_i16		0x1 0x0	0x0000ffff
v_cmp_ge_i16		0x1 0x1	0x0000ffff
v_cmp_ge_i16		0x1 0x7fffffff	0x0000ffff
v_cmp_ge_i16		0x1 0x80000000	0x0000ffff
v_cmp_ge_i16		0x1 0xfffffffe	0x0000ffff
v_cmp_ge_i16		0x1 0xffffffff	0x0000ffff
v_cmp_ge_i16		0x7fffffff 0x0	0x00000000
v_cmp_ge_i16		0x7fffffff 0x1	0x00000000
v_cmp_ge_i16		0x7fffffff 0x7fffffff	0x0000ffff
v_cmp_ge_i16		0x7fffffff 0x80000000	0x00000000
v_cmp_ge_i16		0x7fffffff 0xfffffffe	0x0000ffff
v_cmp_ge_i16		0x7fffffff 0xffffffff	0x0000ffff
v_cmp_ge_i16		0x80000000 0x0	0x0000ffff
v_cmp_ge_i16		0x80000000 0x1	0x00000000
v_cmp_ge_i16		0x80000000 0x7fffffff	0x0000ffff
v_cmp_ge_i16		0x80000000 0x80000000	0x0000ffff
v_cmp_ge_i16		0x80000000 0xfffffffe	0x0000ffff
v_cmp_ge_i16		0x80000000 0xffffffff	0x0000ffff
v_cmp_ge_i16		0xfffffffe 0x0	0x00000000
v_cmp_ge_i16		0xfffffffe 0x1	0x00000000
v_cmp_ge_i16		0xfffffffe 0x7fffffff	0x00000000
v_cmp_ge_i16		0xfffffffe 0x80000000	0x00000000
v_cmp_ge_i16		0xfffffffe 0xfffffffe	0x0000ffff
v_cmp_ge_i16		0xfffffffe 0xffffffff	0x00000000
v_cmp_ge_i16		0xffffffff 0x0	0x00000000
v_cmp_ge_i16		0xffffffff 0x1	0x00000000
v_cmp_ge_i16		0xffffffff 0x7fffffff	0x0000ffff
v_cmp_ge_i16		0xffffffff 0x80000000	0x00000000
v_cmp_ge_i16		0xffffffff 0xfffffffe	0x0000ffff
v_cmp_ge_i16		0xffffffff 0xffffffff	0x0000ffff
v_cmp_ge_i32		0x0 0x0	0x0000ffff
v_cmp_ge_i32		0x0 0x1	0x00000000
v_cmp_ge_i32		0x0 0x7fffffff	0x00000000
v_cmp_ge_i32		0x0 0x80000000	0x0000ffff
v_cmp_ge_i32		0x0 0xfffffffe	0x0000ffff
v_cmp_ge_i32		0x0 0xffffffff	0x0000ffff
v_cmp_ge_i32		0x1 0x0	0x0000ffff
v_cmp_ge_i32		0x1 0x1	0x0000ffff
v_cmp_ge_i32		0x1 0x7fffffff	0x00000000
v_cmp_ge_i32		0x1 0x80000000	0x0000ffff
v_cmp_ge_i32		0x1 0xfffffffe	0x0000ffff
v_cmp_ge_i32		0x1 0xffffffff	0x0000ffff
v_cmp_ge_i32		0x7fffffff 0x0	0x0000ffff
v_cmp_ge_i32		0x7fffffff 0x1	0x0000ffff
v_cmp_ge_i32		0x7fffffff 0x7fffffff	0x0000ffff
v_cmp_ge_i32		0x7fffffff 0x80000000	0x0000ffff
v_cmp_ge_i32		0x7fffffff 0xfffffffe	0x0000ffff
v_cmp_ge_i32		0x7fffffff 0xffffffff	0x0000ffff
v_cmp_ge_i32		0x80000000 0x0	0x00000000
v_cmp_ge_i32		0x80000000 0x1	0x00000000
v_cmp_ge_i32		0x80000000 0x7fffffff	0x00000000
v_cmp_ge_i32		0x80000000 0x80000000	0x0000ffff
v_cmp_ge_i32		0x80000000 0xfffffffe	0x00000000
v_cmp_ge_i32		0x80000000 0xffffffff	0x00000000
v_cmp_ge_i32		0xfffffffe 0x0	0x00000000
v_cmp_ge_i32		0xfffffffe 0x1	0x00000000
v_cmp_ge_i32		0xfffffffe 0x7fffffff	0x00000000
v_cmp_ge_i32		0xfffffffe 0x80000000	0x0000ffff
v_cmp_ge_i32		0xfffffffe 0xfffffffe	0x0000ffff
v_cmp_ge_i32		0xfffffffe 0xffffffff	0x00000000
v_cmp_ge_i32		0xffffffff 0x0	0x00000000
v_cmp_ge_i32		0xffffffff 0x1	0x00000000
v_cmp_ge_i32		0xffffffff 0x7fffffff	0x00000000
v_cmp_ge_i32		0xffffffff 0x80000000	0x0000ffff
v_cmp_ge_i32		0xffffffff 0xfffffffe	0x0000ffff
v_cmp_ge_i32		0xffffffff 0xffffffff	0x0000ffff
v_cmp_ge_u16		0x0 0x0	0x0000ffff
v_cmp_ge_u16		0x0 0x1	0x00000000
v_cmp_ge_u16		0x0 0x7fffffff	0x00000000
v_cmp_ge_u16		0x0 0x80000000	0x0000ffff
v_cmp_ge_u16		0x0 0xfffffffe	0x00000000
v_cmp_ge_u16		0x0 0xffffffff	0x00000000
v_cmp_ge_u16		0x1 0x0	0x0000ffff
v_cmp_ge_u16		0x1 0x1	0x0000ffff
v_cmp_ge_u16		0x1 0x7fffffff	0x00000000
v_cmp_ge_u16		0x1 0x80000000	0x0000ffff
v_cmp_ge_u16		0x1 0xfffffffe	0x00000000
v_cmp_ge_u16		0x1 0xffffffff	0x00000000
v_cmp_ge_u16		0x7fffffff 0x0	0x0000ffff
v_cmp_ge_u16		0x7fffffff 0x1	0x0000ffff
v_cmp_ge_u16		0x7fffffff 0x7fffffff	0x0000ffff
v_cmp_ge_u16		0x7fffffff 0x80000000	0x0000ffff
v_cmp_ge_u16		0x7fffffff 0xfffffffe	0x0000ffff
v_cmp_ge_u16		0x7fffffff 0xffffffff	0x0000ffff
v_cmp_ge_u16		0x80000000 0x0	0x0000ffff
v_cmp_ge_u16		0x80000000 0x1	0x00000000
v_cmp_ge_u16		0x80000000 0x7fffffff	0x00000000
v_cmp_ge_u16		0x80000000 0x80000000	0x0000ffff
v_cmp_ge_u16		0x80000000 0xfffffffe	0x00000000
v_cmp_ge_u16		0x80000000 0xffffffff	0x00000000
v_cmp_ge_u16		0xfffffffe 0x0	0x0000ffff
v_cmp_ge_u16		0xfffffffe 0x1	0x0000ffff
v_cmp_ge_u16		0xfffffffe 0x7fffffff	0x00000000
v_cmp_ge_u16		0xfffffffe 0x80000000	0x0000ffff
v_cmp_ge_u16		0xfffffffe 0xfffffffe	0x0000ffff
v_cmp_ge_u16		0xfffffffe 0xffffffff	0x00000000
v_cmp_ge_u16		0xffffffff 0x0	0x0000ffff
v_cmp_ge_u16		0xffffffff 0x1	0x0000ffff
v_cmp_ge_u16		0xffffffff 0x7fffffff	0x0000ffff
v_cmp_ge_u16		0xffffffff 0x80000000	0x0000ffff
v_cmp_ge_u16		0xffffffff 0xfffffffe	0x0000ffff
v_cmp_ge_u16		0xffffffff 0xffffffff	0x0000ffff
v_cmp_ge_u32		0x0 0x0	0x0000ffff
v_cmp_ge_u32		0x0 0x1	0x00000000
v_cmp_ge_u32		0x0 0x7fffffff	0x00000000
v_cmp_ge_u32		0x0 0x80000000	0x00000000
v_cmp_ge_u32		0x0 0xfffffffe	0x00000000
v_cmp_ge_u32		0x0 0xffffffff	0x00000000
v_cmp_ge_u32		0x1 0x0	0x0000ffff
v_cmp_ge_u32		0x1 0x1	0x0000ffff
v_cmp_ge_u32		0x1 0x7fffffff	0x00000000
v_cmp_ge_u32		0x1 0x80000000	0x00000000
v_cmp_ge_u32		0x1 0xfffffffe	0x00000000
v_cmp_ge_u32		0x1 0xffffffff	0x00000000
v_cmp_ge_u32		0x7fffffff 0x0	0x0000ffff
v_cmp_ge_u32		0x7fffffff 0x1	0x0000ffff
v_cmp_ge_u32		0x7fffffff 0x7fffffff	0x0000ffff
v_cmp_ge_u32		0x7fffffff 0x80000000	0x00000000
v_cmp_ge_u32		0x7fffffff 0xfffffffe	0x00000000
v_cmp_ge_u32		0x7fffffff 0xffffffff	0x00000000
v_cmp_ge_u32		0x80000000 0x0	0x0000ffff
v_cmp_ge_u32		0x80000000 0x1	0x0000ffff
v_cmp_ge_u32		0x80000000 0x7fffffff	0x0000ffff
v_cmp_ge_u32		0x80000000 0x80000000	0x0000ffff
v_cmp_ge_u32		0x80000000 0xfffffffe	0x00000000
v_cmp_ge_u32		0x80000000 0xffffffff	0x00000000
v_cmp_ge_u32		0xfffffffe 0x0	0x0000ffff
v_cmp_ge_u32		0xfffffffe 0x1	0x0000ffff
v_cmp_ge_u32		0xfffffffe 0x7fffffff	0x0000ffff
v_cmp_ge_u32		0xfffffffe 0x80000000	0x0000ffff
v_cmp_ge_u32		0xfffffffe 0xfffffffe	0x0000ffff
v_cmp_ge_u32		0xfffffffe 0xffffffff	0x00000000
v_cmp_ge_u32		0xffffffff 0x0	0x0000ffff
v_cmp_ge_u32		0xffffffff 0x1	0x0000ffff
v_cmp_ge_u32		0xffffffff 0x7fffffff	0x0000ffff
v_cmp_ge_u32		0xffffffff 0x80000000	0x0000ffff
v_cmp_ge_u32		0xffffffff 0xfffffffe	0x0000ffff
v_cmp_ge_u32		0xffffffff 0xffffffff	0x0000ffff
v_cmp_gt_f16		0x0 0x0	0x00000000
v_cmp_gt_f16		0x0 0x80000000	0x00000000
v_cmp_gt_f16		0x0 0x3f000000	0x00000000
v_cmp_gt_f16		0x0 0x3f800000	0x00000000
v_cmp_gt_f16		0x0 0xbf800000	0x00000000
v_cmp_gt_f16		0x0 0x800000	0x00000000
v_cmp_gt_f16		0x0 0x7f7fffff	0x00000000
v_cmp_gt_f16		0x0 0x7f800000	0x00000000
v_cmp_gt_f16		0x0 0xff800000	0x00000000
v_cmp_gt_f16		0x0 0x7fc00000	0x00000000
v_cmp_gt_f16		0x80000000 0x0	0x00000000
v_cmp_gt_f16		0x80000000 0x80000000	0x00000000
v_cmp_gt_f16		0x80000000 0x3f000000	0x00000000
v_cmp_gt_f16		0x80000000 0x3f800000	0x00000000
v_cmp_gt_f16		0x80000000 0xbf800000	0x00000000
v_cmp_gt_f16		0x80000000 0x800000	0x00000000
v_cmp_gt_f16		0x80000000 0x7f7fffff	0x00000000
v_cmp_gt_f16		0x80000000 0x7f800000	0x00000000
v_cmp_gt_f16		0x80000000 0xff800000	0x00000000
v_cmp_gt_f16		0x80000000 0x7fc00000	0x00000000
v_cmp_gt_f16		0x3f000000 0x0	0x00000000
v_cmp_gt_f16		0x3f000000 0x80000000	0x00000000
v_cmp_gt_f16		0x3f000000 0x3f000000	0x00000000
v_cmp_gt_f16		0x3f000000 0x3f800000	0x00000000
v_cmp_gt_f16		0x3f000000 0xbf800000	0x00000000
v_cmp_gt_f16		0x3f000000 0x800000	0x00000000
v_cmp_gt_f16		0x3f000000 0x7f7fffff	0x00000000
v_cmp_gt_f16		0x3f000000 0x7f800000	0x00000000
v_cmp_gt_f16		0x3f000000 0xff800000	0x00000000
v_cmp_gt_f16		0x3f000000 0x7fc00000	0x00000000
v_cmp_gt_f16		0x3f800000 0x0	0x00000000
v_cmp_gt_f16		0x3f800000 0x80000000	0x00000000
v_cmp_gt_f16		0x3f800000 0x3f000000	0x00000000
v_cmp_gt_f16		0x3f800000 0x3f800000	0x00000000
v_cmp_gt_f16		0x3f800000 0xbf800000	0x00000000
v_cmp_gt_f16		0x3f800000 0x800000	0x00000000
v_cmp_gt_f16		0x3f800000 0x7f7fffff	0x00000000
v_cmp_gt_f16		0x3f800000 0x7f800000	0x00000000
v_cmp_gt_f16		0x3f800000 0xff800000	0x00000000
v_cmp_gt_f16		0x3f800000 0x7fc00000	0x00000000
v_cmp_gt_f16		0xbf800000 0x0	0x00000000
v_cmp_gt_f16		0xbf800000 0x80000000	0x00000000
v_cmp_gt_f16		0xbf800000 0x3f000000	0x00000000
v_cmp_gt_f16		0xbf800000 0x3f800000	0x00000000
v_cmp_gt_f16		0xbf800000 0xbf800000	0x00000000
v_cmp_gt_f16		0xbf800000 0x800000	0x00000000
v_cmp_gt_f16		0xbf800000 0x7f7fffff	0x00000000
v_cmp_gt_f16		0xbf800000 0x7f800000	0x00000000
v_cmp_gt_f16		0xbf800000 0xff800000	0x00000000
v_cmp_gt_f16		0xbf800000 0x7fc00000	0x00000000
v_cmp_gt_f16		0x800000 0x0	0x00000000
v_cmp_gt_f16		0x800000 0x80000000	0x00000000
v_cmp_gt_f16		0x800000 0x3f000000	0x00000000
v_cmp_gt_f16		0x800000 0x3f800000	0x00000000
v_cmp_gt_f16		0x800000 0xbf800000	0x00000000
v_cmp_gt_f16		0x800000 0x800000	0x00000000
v_cmp_gt_f16		0x800000 0x7f7fffff	0x00000000
v_cmp_gt_f16		0x800000 0x7f800000	0x00000000
v_cmp_gt_f16		0x800000 0xff800000	0x00000000
v_cmp_gt_f16		0x800000 0x7fc00000	0x00000000
v_cmp_gt_f16		0x7f7fffff 0x0	0x00000000
v_cmp_gt_f16		0x7f7fffff 0x80000000	0x00000000
v_cmp_gt_f16		0x7f7fffff 0x3f000000	0x00000000
v_cmp_gt_f16		0x7f7fffff 0x3f800000	0x00000000
v_cmp_gt_f16		0x7f7fffff 0xbf800000	0x00000000
v_cmp_gt_f16		0x7f7fffff 0x800000	0x00000000
v_cmp_gt_f16		0x7f7fffff 0x7f7fffff	0x00000000
v_cmp_gt_f16		0x7f7fffff 0x7f800000	0x00000000
v_cmp_gt_f16		0x7f7fffff 0xff800000	0x00000000
v_cmp_gt_f16		0x7f7fffff 0x7fc00000	0x00000000
v_cmp_gt_f16		0x7f800000 0x0	0x00000000
v_cmp_gt_f16		0x7f800000 0x80000000	0x00000000
v_cmp_gt_f16		0x7f800000 0x3f000000	0x00000000
v_cmp_gt_f16		0x7f800000 0x3f800000	0x00000000
v_cmp_gt_f16		0x7f800000 0xbf800000	0x00000000
v_cmp_gt_f16		0x7f800000 0x800000	0x00000000
v_cmp_gt_f16		0x7f800000 0x7f7fffff	0x00000000
v_cmp_gt_f16		0x7f800000 0x7f800000	0x00000000
v_cmp_gt_f16		0x7f800000 0xff800000	0x00000000
v_cmp_gt_f16		0x7f800000 0x7fc00000	0x00000000
v_cmp_gt_f16		0xff800000 0x0	0x00000000
v_cmp_gt_f16		0xff800000 0x80000000	0x00000000
v_cmp_gt_f16		0xff800000 0x3f000000	0x00000000
v_cmp_gt_f16		0xff800000 0x3f800000	0x00000000
v_cmp_gt_f16		0xff800000 0xbf800000	0x00000000
v_cmp_gt_f16		0xff800000 0x800000	0x00000000
v_cmp_gt_f16		0xff800000 0x7f7fffff	0x00000000
v_cmp_gt_f16		0xff800000 0x7f800000	0x00000000
v_cmp_gt_f16		0xff800000 0xff800000	0x00000000
v_cmp_gt_f16		0xff800000 0x7fc00000	0x00000000
v_cmp_gt_f16		0x7fc00000 0x0	0x00000000
v_cmp_gt_f16		0x7fc00000 0x80000000	0x00000000
v_cmp_gt_f16		0x7fc00000 0x3f000000	0x00000000
v_cmp_gt_f16		0x7fc00000 0x3f800000	0x00000000
v_cmp_gt_f16		0x7fc00000 0xbf800000	0x00000000
v_cmp_gt_f16		0x7fc00000 0x800000	0x00000000
v_cmp_gt_f16		0x7fc00000 0x7f7fffff	0x00000000
v_cmp_gt_f16		0x7fc00000 0x7f800000	0x00000000
v_cmp_gt_f16		0x7fc00000 0xff800000	0x00000000
v_cmp_gt_f16		0x7fc00000 0x7fc00000	0x00000000
v_cmp_gt_f32		0x0 0x0	0x00000000
v_cmp_gt_f32		0x0 0x80000000	0x00000000
v_cmp_gt_f32		0x0 0x3f000000	0x00000000
v_cmp_gt_f32		0x0 0x3f800000	0x00000000
v_cmp_gt_f32		0x0 0xbf800000	0x0000ffff
v_cmp_gt_f32		0x0 0x800000	0x00000000
v_cmp_gt_f32		0x0 0x7f7fffff	0x00000000
v_cmp_gt_f32		0x0 0x7f800000	0x00000000
v_cmp_gt_f32		0x0 0xff800000	0x0000ffff
v_cmp_gt_f32		0x0 0x7fc00000	0x00000000
v_cmp_gt_f32		0x80000000 0x0	0x00000000
v_cmp_gt_f32		0x80000000 0x80000000	0x00000000
v_cmp_gt_f32		0x80000000 0x3f000000	0x00000000
v_cmp_gt_f32		0x80000000 0x3f800000	0x00000000
v_cmp_gt_f32		0x80000000 0xbf800000	0x0000ffff
v_cmp_gt_f32		0x80000000 0x800000	0x00000000
v_cmp_gt_f32		0x80000000 0x7f7fffff	0x00000000
v_cmp_gt_f32		0x80000000 0x7f800000	0x00000000
v_cmp_gt_f32		0x80000000 0xff800000	0x0000ffff
v_cmp_gt_f32		0x80000000 0x7fc00000	0x00000000
v_cmp_gt_f32		0x3f000000 0x0	0x0000ffff
v_cmp_gt_f32		0x3f000000 0x80000000	0x0000ffff
v_cmp_gt_f32		0x3f000000 0x3f000000	0x00000000
v_cmp_gt_f32		0x3f000000 0x3f800000	0x00000000
v_cmp_gt_f32		0x3f000000 0xbf800000	0x0000ffff
v_cmp_gt_f32		0x3f000000 0x800000	0x0000ffff
v_cmp_gt_f32		0x3f000000 0x7f7fffff	0x00000000
v_cmp_gt_f32		0x3f000000 0x7f800000	0x00000000
v_cmp_gt_f32		0x3f000000 0xff800000	0x0000ffff
v_cmp_gt_f32		0x3f000000 0x7fc00000	0x00000000
v_cmp_gt_f32		0x3f800000 0x0	0x0000ffff
v_cmp_gt_f32		0x3f800000 0x80000000	0x0000ffff
v_cmp_gt_f32		0x3f800000 0x3f000000	0x0000ffff
v_cmp_gt_f32		0x3f800000 0x3f800000	0x00000000
v_cmp_gt_f32		0x3f800000 0xbf800000	0x0000ffff
v_cmp_gt_f32		0x3f800000 0x800000	0x0000ffff
v_cmp_gt_f32		0x3f800000 0x7f7fffff	0x00000000
v_cmp_gt_f32		0x3f800000 0x7f800000	0x00000000
v_cmp_gt_f32		0x3f800000 0xff800000	0x0000ffff
v_cmp_gt_f32		0x3f800000 0x7fc00000	0x00000000
v_cmp_gt_f32		0xbf800000 0x0	0x00000000
v_cmp_gt_f32		0xbf800000 0x80000000	0x00000000
v_cmp_gt_f32		0xbf800000 0x3f000000	0x00000000
v_cmp_gt_f32		0xbf800000 0x3f800000	0x00000000
v_cmp_gt_f32		0xbf800000 0xbf800000	0x00000000
v_cmp_gt_f32		0xbf800000 0x800000	0x00000000
v_cmp_gt_f32		0xbf800000 0x7f7fffff	0x00000000
v_cmp_gt_f32		0xbf800000 0x7f800000	0x00000000
v_cmp_gt_f32		0xbf800000 0xff800000	0x0000ffff
v_cmp_gt_f32		0xbf800000 0x7fc00000	0x00000000
v_cmp_gt_f32		0x800000 0x0	0x0000ffff
v_cmp_gt_f32		0x800000 0x80000000	0x0000ffff
v_cmp_gt_f32		0x800000 0x3f000000	0x00000000
v_cmp_gt_f32		0x800000 0x3f800000	0x00000000
v_cmp_gt_f32		0x800000 0xbf800000	0x0000ffff
v_cmp_gt_f32		0x800000 0x800000	0x00000000
v_cmp_gt_f32		0x800000 0x7f7fffff	0x00000000
v_cmp_gt_f32		0x800000 0x7f800000	0x00000000
v_cmp_gt_f32		0x800000 0xff800000	0x0000ffff
v_cmp_gt_f32		0x800000 0x7fc00000	0x00000000
v_cmp_gt_f32		0x7f7fffff 0x0	0x0000ffff
v_cmp_gt_f32		0x7f7fffff 0x80000000	0x0000ffff
v_cmp_gt_f32		0x7f7fffff 0x3f000000	0x0000ffff
v_cmp_gt_f32		0x7f7fffff 0x3f800000	0x0000ffff
v_cmp_gt_f32		0x7f7fffff 0xbf800000	0x0000ffff
v_cmp_gt_f32		0x7f7fffff 0x800000	0x0000ffff
v_cmp_gt_f32		0x7f7fffff 0x7f7fffff	0x00000000
v_cmp_gt_f32		0x7f7fffff 0x7f800000	0x00000000
v_cmp_gt_f32		0x7f7fffff 0xff800000	0x0000ffff
v_cmp_gt_f32		0x7f7fffff 0x7fc00000	0x00000000
v_cmp_gt_f32		0x7f800000 0x0	0x0000ffff
v_cmp_gt_f32		0x7f800000 0x80000000	0x0000ffff
v_cmp_gt_f32		0x7f800000 0x3f000000	0x0000ffff
v_cmp_gt_f32		0x7f800000 0x3f800000	0x0000ffff
v_cmp_gt_f32		0x7f800000 0xbf800000	0x0000ffff
v_cmp_gt_f32		0x7f800000 0x800000	0x0000ffff
v_cmp_gt_f32		0x7f800000 0x7f7fffff	0x0000ffff
v_cmp_gt_f32		0x7f800000 0x7f800000	0x00000000
v_cmp_gt_f32		0x7f800000 0xff800000	0x0000ffff
v_cmp_gt_f32		0x7f800000 0x7fc00000	0x00000000
v_cmp_gt_f32		0xff800000 0x0	0x00000000
v_cmp_gt_f32		0xff800000 0x80000000	0x00000000
v_cmp_gt_f32		0xff800000 0x3f000000	0x00000000
v_cmp_gt_f32		0xff800000 0x3f800000	0x00000000
v_cmp_gt_f32		0xff800000 0xbf800000	0x00000000
v_cmp_gt_f32		0xff800000 0x800000	0x00000000
v_cmp_gt_f32		0xff800000 0x7f7fffff	0x00000000
v_cmp_gt_f32		0xff800000 0x7f800000	0x00000000
v_cmp_gt_f32		0xff800000 0xff800000	0x00000000
v_cmp_gt_f32		0xff800000 0x7fc00000	0x00000000
v_cmp_gt_f32		0x7fc00000 0x0	0x00000000
v_cmp_gt_f32		0x7fc00000 0x80000000	0x00000000
v_cmp_gt_f32		0x7fc00000 0x3f000000	0x00000000
v_cmp_gt_f32		0x7fc00000 0x3f800000	0x00000000
v_cmp_gt_f32		0x7fc00000 0xbf800000	0x00000000
v_cmp_gt_f32		0x7fc00000 0x800000	0x00000000
v_cmp_gt_f32		0x7fc00000 0x7f7fffff	0x00000000
v_cmp_gt_f32		0x7fc00000 0x7f800000	0x00000000
v_cmp_gt_f32		0x7fc00000 0xff800000	0x00000000
v_cmp_gt_f32		0x7fc00000 0x7fc00000	0x00000000
v_cmp_gt_i16		0x0 0x0	0x00000000
v_cmp_gt_i16		0x0 0x1	0x00000000
v_cmp_gt_i16		0x0 0x7fffffff	0x0000ffff
v_cmp_gt_i16		0x0 0x80000000	0x00000000
v_cmp_gt_i16		0x0 0xfffffffe	0x0000ffff
v_cmp_gt_i16		0x0 0xffffffff	0x0000ffff
v_cmp_gt_i16		0x1 0x0	0x0000ffff
v_cmp_gt_i16		0x1 0x1	0x00000000
v_cmp_gt_i16		0x1 0x7fffffff	0x0000ffff
v_cmp_gt_i16		0x1 0x80000000	0x0000ffff
v_cmp_gt_i16		0x1 0xfffffffe	0x0000ffff
v_cmp_gt_i16		0x1 0xffffffff	0x0000ffff
v_cmp_gt_i16		0x7fffffff 0x0	0x00000000
v_cmp_gt_i16		0x7fffffff 0x1	0x00000000
v_cmp_gt_i16		0x7fffffff 0x7fffffff	0x00000000
v_cmp_gt_i16		0x7fffffff 0x80000000	0x00000000
v_cmp_gt_i16		0x7fffffff 0xfffffffe	0x0000ffff
v_cmp_gt_i16		0x7fffffff 0xffffffff	0x00000000
v_cmp_gt_i16		0x80000000 0x0	0x00000000
v_cmp_gt_i16		0x80000000 0x1	0x00000000
v_cmp_gt_i16		0x80000000 0x7fffffff	0x0000ffff
v_cmp_gt_i16		0x80000000 0x80000000	0x00000000
v_cmp_gt_i16		0x80000000 0xfffffffe	0x0000ffff
v_cmp_gt_i16		0x80000000 0xffffffff	0x0000ffff
v_cmp_gt_i16		0xfffffffe 0x0	0x00000000
v_cmp_gt_i16		0xfffffffe 0x1	0x00000000
v_cmp_gt_i16		0xfffffffe 0x7fffffff	0x00000000
v_cmp_gt_i16		0xfffffffe 0x80000000	0x00000000
v_cmp_gt_i16		0xfffffffe 0xfffffffe	0x00000000
v_cmp_gt_i16		0xfffffffe 0xffffffff	0x00000000
v_cmp_gt_i16		0xffffffff 0x0	0x00000000
v_cmp_gt_i16		0xffffffff 0x1	0x00000000
v_cmp_gt_i16		0xffffffff 0x7fffffff	0x00000000
v_cmp_gt_i16		0xffffffff 0x80000000	0x00000000
v_cmp_gt_i16		0xffffffff 0xfffffffe	0x0000ffff
v_cmp_gt_i16		0xffffffff 0xffffffff	0x00000000
v_cmp_gt_i32		0x0 0x0	0x00000000
v_cmp_gt_i32		0x0 0x1	0x00000000
v_cmp_gt_i32		0x0 0x7fffffff	0x00000000
v_cmp_gt_i32		0x0 0x80000000	0x0000ffff
v_cmp_gt_i32		0x0 0xfffffffe	0x0000ffff
v_cmp_gt_i32		0x0 0xffffffff	0x0000ffff
v_cmp_gt_i32		0x1 0x0	0x0000ffff
v_cmp_gt_i32		0x1 0x1	0x00000000
v_cmp_gt_i32		0x1 0x7fffffff	0x00000000
v_cmp_gt_i32		0x1 0x80000000	0x0000ffff
v_cmp_gt_i32		0x1 0xfffffffe	0x0000ffff
v_cmp_gt_i32		0x1 0xffffffff	0x0000ffff
v_cmp_gt_i32		0x7fffffff 0x0	0x0000ffff
v_cmp_gt_i32		0x7fffffff 0x1	0x0000ffff
v_cmp_gt_i32		0x7fffffff 0x7fffffff	0x00000000
v_cmp_gt_i32		0x7fffffff 0x80000000	0x0000ffff
v_cmp_gt_i32		0x7fffffff 0xfffffffe	0x0000ffff
v_cmp_gt_i32		0x7fffffff 0xffffffff	0x0000ffff
v_cmp_gt_i32		0x80000000 0x0	0x00000000
v_cmp_gt_i32		0x80000000 0x1	0x00000000
v_cmp_gt_i32		0x80000000 0x7fffffff	0x00000000
v_cmp_gt_i32		0x80000000 0x80000000	0x00000000
v_cmp_gt_i32		0x80000000 0xfffffffe	0x00000000
v_cmp_gt_i32		0x80000000 0xffffffff	0x00000000
v_cmp_gt_i32		0xfffffffe 0x0	0x00000000
v_cmp_gt_i32		0xfffffffe 0x1	0x00000000
v_cmp_gt_i32		0xfffffffe 0x7fffffff	0x00000000
v_cmp_gt_i32		0xfffffffe 0x80000000	0x0000ffff
v_cmp_gt_i32		0xfffffffe 0xfffffffe	0x00000000
v_cmp_gt_i32		0xfffffffe 0xffffffff	0x00000000
v_cmp_gt_i32		0xffffffff 0x0	0x00000000
v_cmp_gt_i32		0xffffffff 0x1	0x00000000
v_cmp_gt_i32		0xffffffff 0x7fffffff	0x00000000
v_cmp_gt_i32		0xffffffff 0x80000000	0x0000ffff
v_cmp_gt_i32		0xffffffff 0xfffffffe	0x0000ffff
v_cmp_gt_i32		0xffffffff 0xffffffff	0x00000000
v_cmp_gt_u16		0x0 0x0	0x00000000
v_cmp_gt_u16		0x0 0x1	0x00000000
v_cmp_gt_u16		0x0 0x7fffffff	0x00000000
v_cmp_gt_u16		0x0 0x80000000	0x00000000
v_cmp_gt_u16		0x0 0xfffffffe	0x00000000
v_cmp_gt_u16		0x0 0xffffffff	0x00000000
v_cmp_gt_u16		0x1 0x0	0x0000ffff
v_cmp_gt_u16		0x1 0x1	0x00000000
v_cmp_gt_u16		0x1 0x7fffffff	0x00000000
v_cmp_gt_u16		0x1 0x80000000	0x0000ffff
v_cmp_gt_u16		0x1 0xfffffffe	0x00000000
v_cmp_gt_u16		0x1 0xffffffff	0x00000000
v_cmp_gt_u16		0x7fffffff 0x0	0x0000ffff
v_cmp_gt_u16		0x7fffffff 0x1	0x0000ffff
v_cmp_gt_u16		0x7fffffff 0x7fffffff	0x00000000
v_cmp_gt_u16		0x7fffffff 0x80000000	0x0000ffff
v_cmp_gt_u16		0x7fffffff 0xfffffffe	0x0000ffff
v_cmp_gt_u16		0x7fffffff 0xffffffff	0x00000000
v_cmp_gt_u16		0x80000000 0x0	0x00000000
v_cmp_gt_u16		0x80000000 0x1	0x00000000
v_cmp_gt_u16		0x80000000 0x7fffffff	0x00000000
v_cmp_gt_u16		0x80000000 0x80000000	0x00000000
v_cmp_gt_u16		0x80000000 0xfffffffe	0x00000000
v_cmp_gt_u16		0x80000000 0xffffffff	0x00000000
v_cmp_gt_u16		0xfffffffe 0x0	0x0000ffff
v_cmp_gt_u16		0xfffffffe 0x1	0x0000ffff
v_cmp_gt_u16		0xfffffffe 0x7fffffff	0x00000000
v_cmp_gt_u16		0xfffffffe 0x80000000	0x0000ffff
v_cmp_gt_u16		0xfffffffe 0xfffffffe	0x00000000
v_cmp_gt_u16		0xfffffffe 0xffffffff	0x00000000
v_cmp_gt_u16		0xffffffff 0x0	0x0000ffff
v_cmp_gt_u16		0xffffffff 0x1	0x0000ffff
v_cmp_gt_u16		0xffffffff 0x7fffffff	0x00000000
v_cmp_gt_u16		0xffffffff 0x80000000	0x0000ffff
v_cmp_gt_u16		0xffffffff 0xfffffffe	0x0000ffff
v_cmp_gt_u16		0xffffffff 0xffffffff	0x00000000
v_cmp_gt_u32		0x0 0x0	0x00000000
v_cmp_gt_u32		0x0 0x1	0x00000000
v_cmp_gt_u32		0x0 0x7fffffff	0x00000000
v_cmp_gt_u32		0x0 0x80000000	0x00000000
v_cmp_gt_u32		0x0 0xfffffffe	0x00000000
v_cmp_gt_u32		0x0 0xffffffff	0x00000000
v_cmp_gt_u32		0x1 0x0	0x0000ffff
v_cmp_gt_u32		0x1 0x1	0x00000000
v_cmp_gt_u32		0x1 0x7fffffff	0x00000000
v_cmp_gt_u32		0x1 0x80000000	0x00000000
v_cmp_gt_u32		0x1 0xfffffffe	0x00000000
v_cmp_gt_u32		0x1 0xffffffff	0x00000000
v_cmp_gt_u32		0x7fffffff 0x0	0x0000ffff
v_cmp_gt_u32		0x7fffffff 0x1	0x0000ffff
v_cmp_gt_u32		0x7fffffff 0x7fffffff	0x00000000
v_cmp_gt_u32		0x7fffffff 0x80000000	0x00000000
v_cmp_gt_u32		0x7fffffff 0xfffffffe	0x00000000
v_cmp_gt_u32		0x7fffffff 0xffffffff	0x00000000
v_cmp_gt_u32		0x80000000 0x0	0x0000ffff
v_cmp_gt_u32		0x80000000 0x1	0x0000ffff
v_cmp_gt_u32		0x80000000 0x7fffffff	0x0000ffff
v_cmp_gt_u32		0x80000000 0x80000000	0x00000000
v_cmp_gt_u32		0x80000000 0xfffffffe	0x00000000
v_cmp_gt_u32		0x80000000 0xffffffff	0x00000000
v_cmp_gt_u32		0xfffffffe 0x0	0x0000ffff
v_cmp_gt_u32		0xfffffffe 0x1	0x0000ffff
v_cmp_gt_u32		0xfffffffe 0x7fffffff	0x0000ffff
v_cmp_gt_u32		0xfffffffe 0x80000000	0x0000ffff
v_cmp_gt_u32		0xfffffffe 0xfffffffe	0x00000000
v_cmp_gt_u32		0xfffffffe 0xffffffff	0x00000000
v_cmp_gt_u32		0xffffffff 0x0	0x0000ffff
v_cmp_gt_u32		0xffffffff 0x1	0x0000ffff
v_cmp_gt_u32		0xffffffff 0x7fffffff	0x0000ffff
v_cmp_gt_u32		0xffffffff 0x80000000	0x0000ffff
v_cmp_gt_u32		0xffffffff 0xfffffffe	0x0000ffff
v_cmp_gt_u32		0xffffffff 0xffffffff	0x00000000
v_cmp_le_f16		0x0 0x0	0x0000ffff
v_cmp_le_f16		0x0 0x80000000	0x0000ffff
v_cmp_le_f16		0x0 0x3f000000	0x0000ffff
v_cmp_le_f16		0x0 0x3f800000	0x0000ffff
v_cmp_le_f16		0x0 0xbf800000	0x0000ffff
v_cmp_le_f16		0x0 0x800000	0x0000ffff
v_cmp_le_f16		0x0 0x7f7fffff	0x00000000
v_cmp_le_f16		0x0 0x7f800000	0x0000ffff
v_cmp_le_f16		0x0 0xff800000	0x0000ffff
v_cmp_le_f16		0x0 0x7fc00000	0x0000ffff
v_cmp_le_f16		0x80000000 0x0	0x0000ffff
v_cmp_le_f16		0x80000000 0x80000000	0x0000ffff
v_cmp_le_f16		0x80000000 0x3f000000	0x0000ffff
v_cmp_le_f16		0x80000000 0x3f800000	0x0000ffff
v_cmp_le_f16		0x80000000 0xbf800000	0x0000ffff
v_cmp_le_f16		0x80000000 0x800000	0x0000ffff
v_cmp_le_f16		0x80000000 0x7f7fffff	0x00000000
v_cmp_le_f16		0x80000000 0x7f800000	0x0000ffff
v_cmp_le_f16		0x80000000 0xff800000	0x0000ffff
v_cmp_le_f16		0x80000000 0x7fc00000	0x0000ffff
v_cmp_le_f16		0x3f000000 0x0	0x0000ffff
v_cmp_le_f16		0x3f000000 0x80000000	0x0000ffff
v_cmp_le_f16		0x3f000000 0x3f000000	0x0000ffff
v_cmp_le_f16		0x3f000000 0x3f800000	0x0000ffff
v_cmp_le_f16		0x3f000000 0xbf800000	0x0000ffff
v_cmp_le_f16		0x3f000000 0x800000	0x0000ffff
v_cmp_le_f16		0x3f000000 0x7f7fffff	0x00000000
v_cmp_le_f16		0x3f000000 0x7f800000	0x0000ffff
v_cmp_le_f16		0x3f000000 0xff800000	0x0000ffff
v_cmp_le_f16		0x3f000000 0x7fc00000	0x0000ffff
v_cmp_le_f16		0x3f800000 0x0	0x0000ffff
v_cmp_le_f16		0x3f800000 0x80000000	0x0000ffff
v_cmp_le_f16		0x3f800000 0x3f000000	0x0000ffff
v_cmp_le_f16		0x3f800000 0x3f800000	0x0000ffff
v_cmp_le_f16		0x3f800000 0xbf800000	0x0000ffff
v_cmp_le_f16		0x3f800000 0x800000	0x0000ffff
v_cmp_le_f16		0x3f800000 0x7f7fffff	0x00000000
v_cmp_le_f16		0x3f800000 0x7f800000	0x0000ffff
v_cmp_le_f16		0x3f800000 0xff800000	0x0000ffff
v_cmp_le_f16		0x3f800000 0x7fc00000	0x0000ffff
v_cmp_le_f16		0xbf800000 0x0	0x0000ffff
v_cmp_le_f16		0xbf800000 0x80000000	0x0000ffff
v_cmp_le_f16		0xbf800000 0x3f000000	0x0000ffff
v_cmp_le_f16		0xbf800000 0x3f800000	0x0000ffff
v_cmp_le_f16		0xbf800000 0xbf800000	0x0000ffff
v_cmp_le_f16		0xbf800000 0x800000	0x0000ffff
v_cmp_le_f16		0xbf800000 0x7f7fffff	0x00000000
v_cmp_le_f16		0xbf800000 0x7f800000	0x0000ffff
v_cmp_le_f16		0xbf800000 0xff800000	0x0000ffff
v_cmp_le_f16		0xbf800000 0x7fc00000	0x0000ffff
v_cmp_le_f16		0x800000 0x0	0x0000ffff
v_cmp_le_f16		0x800000 0x80000000	0x0000ffff
v_cmp_le_f16		0x800000 0x3f000000	0x0000ffff
v_cmp_le_f16		0x800000 0x3f800000	0x0000ffff
v_cmp_le_f16		0x800000 0xbf800000	0x0000ffff
v_cmp_le_f16		0x800000 0x800000	0x0000ffff
v_cmp_le_f16		0x800000 0x7f7fffff	0x00000000
v_cmp_le_f16		0x800000 0x7f800000	0x0000ffff
v_cmp_le_f16		0x800000 0xff800000	0x0000ffff
v_cmp_le_f16		0x800000 0x7fc00000	0x0000ffff
v_cmp_le_f16		0x7f7fffff 0x0	0x00000000
v_cmp_le_f16		0x7f7fffff 0x80000000	0x00000000
v_cmp_le_f16		0x7f7fffff 0x3f000000	0x00000000
v_cmp_le_f16		0x7f7fffff 0x3f800000	0x00000000
v_cmp_le_f16		0x7f7fffff 0xbf800000	0x00000000
v_cmp_le_f16		0x7f7fffff 0x800000	0x00000000
v_cmp_le_f16		0x7f7fffff 0x7f7fffff	0x00000000
v_cmp_le_f16		0x7f7fffff 0x7f800000	0x00000000
v_cmp_le_f16		0x7f7fffff 0xff800000	0x00000000
v_cmp_le_f16		0x7f7fffff 0x7fc00000	0x00000000
v_cmp_le_f16		0x7f800000 0x0	0x0000ffff
v_cmp_le_f16		0x7f800000 0x80000000	0x0000ffff
v_cmp_le_f16		0x7f800000 0x3f000000	0x0000ffff
v_cmp_le_f16		0x7f800000 0x3f800000	0x0000ffff
v_cmp_le_f16		0x7f800000 0xbf800000	0x0000ffff
v_cmp_le_f16		0x7f800000 0x800000	0x0000ffff
v_cmp_le_f16		0x7f800000 0x7f7fffff	0x00000000
v_cmp_le_f16		0x7f800000 0x7f800000	0x0000ffff
v_cmp_le_f16		0x7f800000 0xff800000	0x0000ffff
v_cmp_le_f16		0x7f800000 0x7fc00000	0x0000ffff
v_cmp_le_f16		0xff800000 0x0	0x0000ffff
v_cmp_le_f16		0xff800000 0x80000000	0x0000ffff
v_cmp_le_f16		0xff800000 0x3f000000	0x0000ffff
v_cmp_le_f16		0xff800000 0x3f800000	0x0000ffff
v_cmp_le_f16		0xff800000 0xbf800000	0x0000ffff
v_cmp_le_f16		0xff800000 0x800000	0x0000ffff
v_cmp_le_f16		0xff800000 0x7f7fffff	0x00000000
v_cmp_le_f16		0xff800000 0x7f800000	0x0000ffff
v_cmp_le_f16		0xff800000 0xff800000	0x0000ffff
v_cmp_le_f16		0xff800000 0x7fc00000	0x0000ffff
v_cmp_le_f16		0x7fc00000 0x0	0x0000ffff
v_cmp_le_f16		0x7fc00000 0x80000000	0x0000ffff
v_cmp_le_f16		0x7fc00000 0x3f000000	0x0000ffff
v_cmp_le_f16		0x7fc00000 0x3f800000	0x0000ffff
v_cmp_le_f16		0x7fc00000 0xbf800000	0x0000ffff
v_cmp_le_f16		0x7fc00000 0x800000	0x0000ffff
v_cmp_le_f16		0x7fc00000 0x7f7fffff	0x00000000
v_cmp_le_f16		0x7fc00000 0x7f800000	0x0000ffff
v_cmp_le_f16		0x7fc00000 0xff800000	0x0000ffff
v_cmp_le_f16		0x7fc00000 0x7fc00000	0x0000ffff
v_cmp_le_f32		0x0 0x0	0x0000ffff
v_cmp_le_f32		0x0 0x80000000	0x0000ffff
v_cmp_le_f32		0x0 0x3f000000	0x0000ffff
v_cmp_le_f32		0x0 0x3f800000	0x0000ffff
v_cmp_le_f32		0x0 0xbf800000	0x00000000
v_cmp_le_f32		0x0 0x800000	0x0000ffff
v_cmp_le_f32		0x0 0x7f7fffff	0x0000ffff
v_cmp_le_f32		0x0 0x7f800000	0x0000ffff
v_cmp_le_f32		0x0 0xff800000	0x00000000
v_cmp_le_f32		0x0 0x7fc00000	0x00000000
v_cmp_le_f32		0x80000000 0x0	0x0000ffff
v_cmp_le_f32		0x80000000 0x80000000	0x0000ffff
v_cmp_le_f32		0x80000000 0x3f000000	0x0000ffff
v_cmp_le_f32		0x80000000 0x3f800000	0x0000ffff
v_cmp_le_f32		0x80000000 0xbf800000	0x00000000
v_cmp_le_f32		0x80000000 0x800000	0x0000ffff
v_cmp_le_f32		0x80000000 0x7f7fffff	0x0000ffff
v_cmp_le_f32		0x80000000 0x7f800000	0x0000ffff
v_cmp_le_f32		0x80000000 0xff800000	0x00000000
v_cmp_le_f32		0x80000000 0x7fc00000	0x00000000
v_cmp_le_f32		0x3f000000 0x0	0x00000000
v_cmp_le_f32		0x3f000000 0x80000000	0x00000000
v_cmp_le_f32		0x3f000000 0x3f000000	0x0000ffff
v_cmp_le_f32		0x3f000000 0x3f800000	0x0000ffff
v_cmp_le_f32		0x3f000000 0xbf800000	0x00000000
v_cmp_le_f32		0x3f000000 0x800000	0x00000000
v_cmp_le_f32		0x3f000000 0x7f7fffff	0x0000ffff
v_cmp_le_f32		0x3f000000 0x7f800000	0x0000ffff
v_cmp_le_f32		0x3f000000 0xff800000	0x00000000
v_cmp_le_f32		0x3f000000 0x7fc00000	0x00000000
v_cmp_le_f32		0x3f800000 0x0	0x00000000
v_cmp_le_f32		0x3f800000 0x80000000	0x00000000
v_cmp_le_f32		0x3f800000 0x3f000000	0x00000000
v_cmp_le_f32		0x3f800000 0x3f800000	0x0000ffff
v_cmp_le_f32		0x3f800000 0xbf800000	0x00000000
v_cmp_le_f32		0x3f800000 0x800000	0x00000000
v_cmp_le_f32		0x3f800000 0x7f7fffff	0x0000ffff
v_cmp_le_f32		0x3f800000 0x7f800000	0x0000ffff
v_cmp_le_f32		0x3f800000 0xff800000	0x00000000
v_cmp_le_f32		0x3f800000 0x7fc00000	0x00000000
v_cmp_le_f32		0xbf800000 0x0	0x0000ffff
v_cmp_le_f32		0xbf800000 0x80000000	0x0000ffff
v_cmp_le_f32		0xbf800000 0x3f000000	0x0000ffff
v_cmp_le_f32		0xbf800000 0x3f800000	0x0000ffff
v_cmp_le_f32		0xbf800000 0xbf800000	0x0000ffff
v_cmp_le_f32		0xbf800000 0x800000	0x0000ffff
v_cmp_le_f32		0xbf800000 0x7f7fffff	0x0000ffff
v_cmp_le_f32		0xbf800000 0x7f800000	0x0000ffff
v_cmp_le_f32		0xbf800000 0xff800000	0x00000000
v_cmp_le_f32		0xbf800000 0x7fc00000	0x00000000
v_cmp_le_f32		0x800000 0x0	0x00000000
v_cmp_le_f32		0x800000 0x80000000	0x00000000
v_cmp_le_f32		0x800000 0x3f000000	0x0000ffff
v_cmp_le_f32		0x800000 0x3f800000	0x0000ffff
v_cmp_le_f32		0x800000 0xbf800000	0x00000000
v_cmp_le_f32		0x800000 0x800000	0x0000ffff
v_cmp_le_f32		0x800000 0x7f7fffff	0x0000ffff
v_cmp_le_f32		0x800000 0x7f800000	0x0000ffff
v_cmp_le_f32		0x800000 0xff800000	0x00000000
v_cmp_le_f32		0x800000 0x7fc00000	0x00000000
v_cmp_le_f32		0x7f7fffff 0x0	0x00000000
v_cmp_le_f32		0x7f7fffff 0x80000000	0x00000000
v_cmp_le_f32		0x7f7fffff 0x3f000000	0x00000000
v_cmp_le_f32		0x7f7fffff 0x3f800000	0x00000000
v_cmp_le_f32		0x7f7fffff 0xbf800000	0x00000000
v_cmp_le_f32		0x7f7fffff 0x800000	0x00000000
v_cmp_le_f32		0x7f7fffff 0x7f7fffff	0x0000ffff
v_cmp_le_f32		0x7f7fffff 0x7f800000	0x0000ffff
v_cmp_le_f32		0x7f7fffff 0xff800000	0x00000000
v_cmp_le_f32		0x7f7fffff 0x7fc00000	0x00000000
v_cmp_le_f32		0x7f800000 0x0	0x00000000
v_cmp_le_f32		0x7f800000 0x80000000	0x00000000
v_cmp_le_f32		0x7f800000 0x3f000000	0x00000000
v_cmp_le_f32		0x7f800000 0x3f800000	0x00000000
v_cmp_le_f32		0x7f800000 0xbf800000	0x00000000
v_cmp_le_f32		0x7f800000 0x800000	0x00000000
v_cmp_le_f32		0x7f800000 0x7f7fffff	0x00000000
v_cmp_le_f32		0x7f800000 0x7f800000	0x0000ffff
v_cmp_le_f32		0x7f800000 0xff800000	0x00000000
v_cmp_le_f32		0x7f800000 0x7fc00000	0x00000000
v_cmp_le_f32		0xff800000 0x0	0x0000ffff
v_cmp_le_f32		0xff800000 0x80000000	0x0000ffff
v_cmp_le_f32		0xff800000 0x3f000000	0x0000ffff
v_cmp_le_f32		0xff800000 0x3f800000	0x0000ffff
v_cmp_le_f32		0xff800000 0xbf800000	0x0000ffff
v_cmp_le_f32		0xff800000 0x800000	0x0000ffff
v_cmp_le_f32		0xff800000 0x7f7fffff	0x0000ffff
v_cmp_le_f32		0xff800000 0x7f800000	0x0000ffff
v_cmp_le_f32		0xff800000 0xff800000	0x0000ffff
v_cmp_le_f32		0xff800000 0x7fc00000	0x00000000
v_cmp_le_f32		0x7fc00000 0x0	0x00000000
v_cmp_le_f32		0x7fc00000 0x80000000	0x00000000
v_cmp_le_f32		0x7fc00000 0x3f000000	0x00000000
v_cmp_le_f32		0x7fc00000 0x3f800000	0x00000000
v_cmp_le_f32		0x7fc00000 0xbf800000	0x00000000
v_cmp_le_f32		0x7fc00000 0x800000	0x00000000
v_cmp_le_f32		0x7fc00000 0x7f7fffff	0x00000000
v_cmp_le_f32		0x7fc00000 0x7f800000	0x00000000
v_cmp_le_f32		0x7fc00000 0xff800000	0x00000000
v_cmp_le_f32		0x7fc00000 0x7fc00000	0x00000000
v_cmp_le_i16		0x0 0x0	0x0000ffff
v_cmp_le_i16		0x0 0x1	0x0000ffff
v_cmp_le_i16		0x0 0x7fffffff	0x00000000
v_cmp_le_i16		0x0 0x80000000	0x0000ffff
v_cmp_le_i16		0x0 0xfffffffe	0x00000000
v_cmp_le_i16		0x0 0xffffffff	0x00000000
v_cmp_le_i16		0x1 0x0	0x00000000
v_cmp_le_i16		0x1 0x1	0x0000ffff
v_cmp_le_i16		0x1 0x7fffffff	0x00000000
v_cmp_le_i16		0x1 0x80000000	0x00000000
v_cmp_le_i16		0x1 0xfffffffe	0x00000000
v_cmp_le_i16		0x1 0xffffffff	0x00000000
v_cmp_le_i16		0x7fffffff 0x0	0x0000ffff
v_cmp_le_i16		0x7fffffff 0x1	0x0000ffff
v_cmp_le_i16		0x7fffffff 0x7fffffff	0x0000ffff
v_cmp_le_i16		0x7fffffff 0x80000000	0x0000ffff
v_cmp_le_i16		0x7fffffff 0xfffffffe	0x00000000
v_cmp_le_i16		0x7fffffff 0xffffffff	0x0000ffff
v_cmp_le_i16		0x80000000 0x0	0x0000ffff
v_cmp_le_i16		0x80000000 0x1	0x0000ffff
v_cmp_le_i16		0x80000000 0x7fffffff	0x00000000
v_cmp_le_i16		0x80000000 0x80000000	0x0000ffff
v_cmp_le_i16		0x80000000 0xfffffffe	0x00000000
v_cmp_le_i16		0x80000000 0xffffffff	0x00000000
v_cmp_le_i16		0xfffffffe 0x0	0x0000ffff
v_cmp_le_i16		0xfffffffe 0x1	0x0000ffff
v_cmp_le_i16		0xfffffffe 0x7fffffff	0x0000ffff
v_cmp_le_i16		0xfffffffe 0x80000000	0x0000ffff
v_cmp_le_i16		0xfffffffe 0xfffffffe	0x0000ffff
v_cmp_le_i16		0xfffffffe 0xffffffff	0x0000ffff
v_cmp_le_i16		0xffffffff 0x0	0x0000ffff
v_cmp_le_i16		0xffffffff 0x1	0x0000ffff
v_cmp_le_i16		0xffffffff 0x7fffffff	0x0000ffff
v_cmp_le_i16		0xffffffff 0x80000000	0x0000ffff
v_cmp_le_i16		0xffffffff 0xfffffffe	0x00000000
v_cmp_le_i16		0xffffffff 0xffffffff	0x0000ffff
v_cmp_le_i32		0x0 0x0	0x0000ffff
v_cmp_le_i32		0x0 0x1	0x0000ffff
v_cmp_le_i32		0x0 0x7fffffff	0x0000ffff
v_cmp_le_i32		0x0 0x80000000	0x00000000
v_cmp_le_i32		0x0 0xfffffffe	0x00000000
v_cmp_le_i32		0x0 0xffffffff	0x00000000
v_cmp_le_i32		0x1 0x0	0x00000000
v_cmp_le_i32		0x1 0x1	0x0000ffff
v_cmp_le_i32		0x1 0x7fffffff	0x0000ffff
v_cmp_le_i32		0x1 0x80000000	0x00000000
v_cmp_le_i32		0x1 0xfffffffe	0x00000000
v_cmp_le_i32		0x1 0xffffffff	0x00000000
v_cmp_le_i32		0x7fffffff 0x0	0x00000000
v_cmp_le_i32		0x7fffffff 0x1	0x00000000
v_cmp_le_i32		0x7fffffff 0x7fffffff	0x0000ffff
v_cmp_le_i32		0x7fffffff 0x80000000	0x00000000
v_cmp_le_i32		0x7fffffff 0xfffffffe	0x00000000
v_cmp_le_i32		0x7fffffff 0xffffffff	0x00000000
v_cmp_le_i32		0x80000000 0x0	0x0000ffff
v_cmp_le_i32		0x80000000 0x1	0x0000ffff
v_cmp_le_i32		0x80000000 0x7fffffff	0x0000ffff
v_cmp_le_i32		0x80000000 0x80000000	0x0000ffff
v_cmp_le_i32		0x80000000 0xfffffffe	0x0000ffff
v_cmp_le_i32		0x80000000 0xffffffff	0x0000ffff
v_cmp_le_i32		0xfffffffe 0x0	0x0000ffff
v_cmp_le_i32		0xfffffffe 0x1	0x0000ffff
v_cmp_le_i32		0xfffffffe 0x7fffffff	0x0000ffff
v_cmp_le_i32		0xfffffffe 0x80000000	0x00000000
v_cmp_le_i32		0xfffffffe 0xfffffffe	0x0000ffff
v_cmp_le_i32		0xfffffffe 0xffffffff	0x0000ffff
v_cmp_le_i32		0xffffffff 0x0	0x0000ffff
v_cmp_le_i32		0xffffffff 0x1	0x0000ffff
v_cmp_le_i32		0xffffffff 0x7fffffff	0x0000ffff
v_cmp_le_i32		0xffffffff 0x80000000	0x00000000
v_cmp_le_i32		0xffffffff 0xfffffffe	0x00000000
v_cmp_le_i32		0xffffffff 0xffffffff	0x0000ffff
v_cmp_le_u16		0x0 0x0	0x0000ffff
v_cmp_le_u16		0x0 0x1	0x0000ffff
v_cmp_le_u16		0x0 0x7fffffff	0x0000ffff
v_cmp_le_u16		0x0 0x80000000	0x0000ffff
v_cmp_le_u16		0x0 0xfffffffe	0x0000ffff
v_cmp_le_u16		0x0 0xffffffff	0x0000ffff
v_cmp_le_u16		0x1 0x0	0x00000000
v_cmp_le_u16		0x1 0x1	0x0000ffff
v_cmp_le_u16		0x1 0x7fffffff	0x0000ffff
v_cmp_le_u16		0x1 0x80000000	0x00000000
v_cmp_le_u16		0x1 0xfffffffe	0x0000ffff
v_cmp_le_u16		0x1 0xffffffff	0x0000ffff
v_cmp_le_u16		0x7fffffff 0x0	0x00000000
v_cmp_le_u16		0x7fffffff 0x1	0x00000000
v_cmp_le_u16		0x7fffffff 0x7fffffff	0x0000ffff
v_cmp_le_u16		0x7fffffff 0x80000000	0x00000000
v_cmp_le_u16		0x7fffffff 0xfffffffe	0x00000000
v_cmp_le_u16		0x7fffffff 0xffffffff	0x0000ffff
v_cmp_le_u16		0x80000000 0x0	0x0000ffff
v_cmp_le_u16		0x80000000 0x1	0x0000ffff
v_cmp_le_u16		0x80000000 0x7fffffff	0x0000ffff
v_cmp_le_u16		0x80000000 0x80000000	0x0000ffff
v_cmp_le_u16		0x80000000 0xfffffffe	0x0000ffff
v_cmp_le_u16		0x80000000 0xffffffff	0x0000ffff
v_cmp_le_u16		0xfffffffe 0x0	0x00000000
v_cmp_le_u16		0xfffffffe 0x1	0x00000000
v_cmp_le_u16		0xfffffffe 0x7fffffff	0x0000ffff
v_cmp_le_u16		0xfffffffe 0x80000000	0x00000000
v_cmp_le_u16		0xfffffffe 0xfffffffe	0x0000ffff
v_cmp_le_u16		0xfffffffe 0xffffffff	0x0000ffff
v_cmp_le_u16		0xffffffff 0x0	0x00000000
v_cmp_le_u16		0xffffffff 0x1	0x00000000
v_cmp_le_u16		0xffffffff 0x7fffffff	0x0000ffff
v_cmp_le_u16		0xffffffff 0x80000000	0x00000000
v_cmp_le_u16		0xffffffff 0xfffffffe	0x00000000
v_cmp_le_u16		0xffffffff 0xffffffff	0x0000ffff
v_cmp_le_u32		0x0 0x0	0x0000ffff
v_cmp_le_u32		0x0 0x1	0x0000ffff
v_cmp_le_u32		0x0 0x7fffffff	0x0000ffff
v_cmp_le_u32		0x0 0x80000000	0x0000ffff
v_cmp_le_u32		0x0 0xfffffffe	0x0000ffff
v_cmp_le_u32		0x0 0xffffffff	0x0000ffff
v_cmp_le_u32		0x1 0x0	0x00000000
v_cmp_le_u32		0x1 0x1	0x0000ffff
v_cmp_le_u32		0x1 0x7fffffff	0x0000ffff
v_cmp_le_u32		0x1 0x80000000	0x0000ffff
v_cmp_le_u32		0x1 0xfffffffe	0x0000ffff
v_cmp_le_u32		0x1 0xffffffff	0x0000ffff
v_cmp_le_u32		0x7fffffff 0x0	0x00000000
v_cmp_le_u32		0x7fffffff 0x1	0x00000000
v_cmp_le_u32		0x7fffffff 0x7fffffff	0x0000ffff
v_cmp_le_u32		0x7fffffff 0x80000000	0x0000ffff
v_cmp_le_u32		0x7fffffff 0xfffffffe	0x0000ffff
v_cmp_le_u32		0x7fffffff 0xffffffff	0x0000ffff
v_cmp_le_u32		0x80000000 0x0	0x00000000
v_cmp_le_u32		0x80000000 0x1	0x00000000
v_cmp_le_u32		0x80000000 0x7fffffff	0x00000000
v_cmp_le_u32		0x80000000 0x80000000	0x0000ffff
v_cmp_le_u32		0x80000000 0xfffffffe	0x0000ffff
v_cmp_le_u32		0x80000000 0xffffffff	0x0000ffff
v_cmp_le_u32		0xfffffffe 0x0	0x00000000
v_cmp_le_u32		0xfffffffe 0x1	0x00000000
v_cmp_le_u32		0xfffffffe 0x7fffffff	0x00000000
v_cmp_le_u32		0xfffffffe 0x80000000	0x00000000
v_cmp_le_u32		0xfffffffe 0xfffffffe	0x0000ffff
v_cmp_le_u32		0xfffffffe 0xffffffff	0x0000ffff
v_cmp_le_u32		0xffffffff 0x0	0x00000000
v_cmp_le_u32		0xffffffff 0x1	0x00000000
v_cmp_le_u32		0xffffffff 0x7fffffff	0x00000000
v_cmp_le_u32		0xffffffff 0x80000000	0x00000000
v_cmp_le_u32		0xffffffff 0xfffffffe	0x00000000
v_cmp_le_u32		0xffffffff 0xffffffff	0x0000ffff
v_cmp_lg_f16		0x0 0x0	0x00000000
v_cmp_lg_f16		0x0 0x80000000	0x00000000
v_cmp_lg_f16		0x0 0x3f000000	0x00000000
v_cmp_lg_f16		0x0 0x3f800000	0x00000000
v_cmp_lg_f16		0x0 0xbf800000	0x00000000
v_cmp_lg_f16		0x0 0x800000	0x00000000
v_cmp_lg_f16		0x0 0x7f7fffff	0x00000000
v_cmp_lg_f16		0x0 0x7f800000	0x00000000
v_cmp_lg_f16		0x0 0xff800000	0x00000000
v_cmp_lg_f16		0x0 0x7fc00000	0x00000000
v_cmp_lg_f16		0x80000000 0x0	0x00000000
v_cmp_lg_f16		0x80000000 0x80000000	0x00000000
v_cmp_lg_f16		0x80000000 0x3f000000	0x00000000
v_cmp_lg_f16		0x80000000 0x3f800000	0x00000000
v_cmp_lg_f16		0x80000000 0xbf800000	0x00000000
v_cmp_lg_f16		0x80000000 0x800000	0x00000000
v_cmp_lg_f16		0x80000000 0x7f7fffff	0x00000000
v_cmp_lg_f16		0x80000000 0x7f800000	0x00000000
v_cmp_lg_f16		0x80000000 0xff800000	0x00000000
v_cmp_lg_f16		0x80000000 0x7fc00000	0x00000000
v_cmp_lg_f16		0x3f000000 0x0	0x00000000
v_cmp_lg_f16		0x3f000000 0x80000000	0x00000000
v_cmp_lg_f16		0x3f000000 0x3f000000	0x00000000
v_cmp_lg_f16		0x3f000000 0x3f800000	0x00000000
v_cmp_lg_f16		0x3f000000 0xbf800000	0x00000000
v_cmp_lg_f16		0x3f000000 0x800000	0x00000000
v_cmp_lg_f16		0x3f000000 0x7f7fffff	0x00000000
v_cmp_lg_f16		0x3f000000 0x7f800000	0x00000000
v_cmp_lg_f16		0x3f000000 0xff800000	0x00000000
v_cmp_lg_f16		0x3f000000 0x7fc00000	0x00000000
v_cmp_lg_f16		0x3f800000 0x0	0x00000000
v_cmp_lg_f16		0x3f800000 0x80000000	0x00000000
v_cmp_lg_f16		0x3f800000 0x3f000000	0x00000000
v_cmp_lg_f16		0x3f800000 0x3f800000	0x00000000
v_cmp_lg_f16		0x3f800000 0xbf800000	0x00000000
v_cmp_lg_f16		0x3f800000 0x800000	0x00000000
v_cmp_lg_f16		0x3f800000 0x7f7fffff	0x00000000
v_cmp_lg_f16		0x3f800000 0x7f800000	0x00000000
v_cmp_lg_f16		0x3f800000 0xff800000	0x00000000
v_cmp_lg_f16		0x3f800000 0x7fc00000	0x00000000
v_cmp_lg_f16		0xbf800000 0x0	0x00000000
v_cmp_lg_f16		0xbf800000 0x80000000	0x00000000
v_cmp_lg_f16		0xbf800000 0x3f000000	0x00000000
v_cmp_lg_f16		0xbf800000 0x3f800000	0x00000000
v_cmp_lg_f16		0xbf800000 0xbf800000	0x00000000
v_cmp_lg_f16		0xbf800000 0x800000	0x00000000
v_cmp_lg_f16		0xbf800000 0x7f7fffff	0x00000000
v_cmp_lg_f16		0xbf800000 0x7f800000	0x00000000
v_cmp_lg_f16		0xbf800000 0xff800000	0x00000000
v_cmp_lg_f16		0xbf800000 0x7fc00000	0x00000000
v_cmp_lg_f16		0x800000 0x0	0x00000000
v_cmp_lg_f16		0x800000 0x80000000	0x00000000
v_cmp_lg_f16		0x800000 0x3f000000	0x00000000
v_cmp_lg_f16		0x800000 0x3f800000	0x00000000
v_cmp_lg_f16		0x800000 0xbf800000	0x00000000
v_cmp_lg_f16		0x800000 0x800000	0x00000000
v_cmp_lg_f16		0x800000 0x7f7fffff	0x00000000
v_cmp_lg_f16		0x800000 0x7f800000	0x00000000
v_cmp_lg_f16		0x800000 0xff800000	0x00000000
v_cmp_lg_f16		0x800000 0x7fc00000	0x00000000
v_cmp_lg_f16		0x7f7fffff 0x0	0x00000000
v_cmp_lg_f16		0x7f7fffff 0x80000000	0x00000000
v_cmp_lg_f16		0x7f7fffff 0x3f000000	0x00000000
v_cmp_lg_f16		0x7f7fffff 0x3f800000	0x00000000
v_cmp_lg_f16		0x7f7fffff 0xbf800000	0x00000000
v_cmp_lg_f16		0x7f7fffff 0x800000	0x00000000
v_cmp_lg_f16		0x7f7fffff 0x7f7fffff	0x00000000
v_cmp_lg_f16		0x7f7fffff 0x7f800000	0x00000000
v_cmp_lg_f16		0x7f7fffff 0xff800000	0x00000000
v_cmp_lg_f16		0x7f7fffff 0x7fc00000	0x00000000
v_cmp_lg_f16		0x7f800000 0x0	0x00000000
v_cmp_lg_f16		0x7f800000 0x80000000	0x00000000
v_cmp_lg_f16		0x7f800000 0x3f000000	0x00000000
v_cmp_lg_f16		0x7f800000 0x3f800000	0x00000000
v_cmp_lg_f16		0x7f800000 0xbf800000	0x00000000
v_cmp_lg_f16		0x7f800000 0x800000	0x00000000
v_cmp_lg_f16		0x7f800000 0x7f7fffff	0x00000000
v_cmp_lg_f16		0x7f800000 0x7f800000	0x00000000
v_cmp_lg_f16		0x7f800000 0xff800000	0x00000000
v_cmp_lg_f16		0x7f800000 0x7fc00000	0x00000000
v_cmp_lg_f16		0xff800000 0x0	0x00000000
v_cmp_lg_f16		0xff800000 0x80000000	0x00000000
v_cmp_lg_f16		0xff800000 0x3f000000	0x00000000
v_cmp_lg_f16		0xff800000 0x3f800000	0x00000000
v_cmp_lg_f16		0xff800000 0xbf800000	0x00000000
v_cmp_lg_f16		0xff800000 0x800000	0x00000000
v_cmp_lg_f16		0xff800000 0x7f7fffff	0x00000000
v_cmp_lg_f16		0xff800000 0x7f800000	0x00000000
v_cmp_lg_f16		0xff800000 0xff800000	0x00000000
v_cmp_lg_f16		0xff800000 0x7fc00000	0x00000000
v_cmp_lg_f16		0x7fc00000 0x0	0x00000000
v_cmp_lg_f16		0x7fc00000 0x80000000	0x00000000
v_cmp_lg_f16		0x7fc00000 0x3f000000	0x00000000
v_cmp_lg_f16		0x7fc00000 0x3f800000	0x00000000
v_cmp_lg_f16		0x7fc00000 0xbf800000	0x00000000
v_cmp_lg_f16		0x7fc00000 0x800000	0x00000000
v_cmp_lg_f16		0x7fc00000 0x7f7fffff	0x00000000
v_cmp_lg_f16		0x7fc00000 0x7f800000	0x00000000
v_cmp_lg_f16		0x7fc00000 0xff800000	0x00000000
v_cmp_lg_f16		0x7fc00000 0x7fc00000	0x00000000
v_cmp_lg_f32		0x0 0x0	0x00000000
v_cmp_lg_f32		0x0 0x80000000	0x00000000
v_cmp_lg_f32		0x0 0x3f000000	0x0000ffff
v_cmp_lg_f32		0x0 0x3f800000	0x0000ffff
v_cmp_lg_f32		0x0 0xbf800000	0x0000ffff
v_cmp_lg_f32		0x0 0x800000	0x0000ffff
v_cmp_lg_f32		0x0 0x7f7fffff	0x0000ffff
v_cmp_lg_f32		0x0 0x7f800000	0x0000ffff
v_cmp_lg_f32		0x0 0xff800000	0x0000ffff
v_cmp_lg_f32		0x0 0x7fc00000	0x00000000
v_cmp_lg_f32		0x80000000 0x0	0x00000000
v_cmp_lg_f32		0x80000000 0x80000000	0x00000000
v_cmp_lg_f32		0x80000000 0x3f000000	0x0000ffff
v_cmp_lg_f32		0x80000000 0x3f800000	0x0000ffff
v_cmp_lg_f32		0x80000000 0xbf800000	0x0000ffff
v_cmp_lg_f32		0x80000000 0x800000	0x0000ffff
v_cmp_lg_f32		0x80000000 0x7f7fffff	0x0000ffff
v_cmp_lg_f32		0x80000000 0x7f800000	0x0000ffff
v_cmp_lg_f32		0x80000000 0xff800000	0x0000ffff
v_cmp_lg_f32		0x80000000 0x7fc00000	0x00000000
v_cmp_lg_f32		0x3f000000 0x0	0x0000ffff
v_cmp_lg_f32		0x3f000000 0x80000000	0x0000ffff
v_cmp_lg_f32		0x3f000000 0x3f000000	0x00000000
v_cmp_lg_f32		0x3f000000 0x3f800000	0x0000ffff
v_cmp_lg_f32		0x3f000000 0xbf800000	0x0000ffff
v_cmp_lg_f32		0x3f000000 0x800000	0x0000ffff
v_cmp_lg_f32		0x3f000000 0x7f7fffff	0x0000ffff
v_cmp_lg_f32		0x3f000000 0x7f800000	0x0000ffff
v_cmp_lg_f32		0x3f000000 0xff800000	0x0000ffff
v_cmp_lg_f32		0x3f000000 0x7fc00000	0x00000000
v_cmp_lg_f32		0x3f800000 0x0	0x0000ffff
v_cmp_lg_f32		0x3f800000 0x80000000	0x0000ffff
v_cmp_lg_f32		0x3f800000 0x3f000000	0x0000ffff
v_cmp_lg_f32		0x3f800000 0x3f800000	0x00000000
v_cmp_lg_f32		0x3f800000 0xbf800000	0x0000ffff
v_cmp_lg_f32		0x3f800000 0x800000	0x0000ffff
v_cmp_lg_f32		0x3f800000 0x7f7fffff	0x0000ffff
v_cmp_lg_f32		0x3f800000 0x7f800000	0x0000ffff
v_cmp_lg_f32		0x3f800000 0xff800000	0x0000ffff
v_cmp_lg_f32		0x3f800000 0x7fc00000	0x00000000
v_cmp_lg_f32		0xbf800000 0x0	0x0000ffff
v_cmp_lg_f32		0xbf800000 0x80000000	0x0000ffff
v_cmp_lg_f32		0xbf800000 0x3f000000	0x0000ffff
v_cmp_lg_f32		0xbf800000 0x3f800000	0x0000ffff
v_cmp_lg_f32		0xbf800000 0xbf800000	0x00000000
v_cmp_lg_f32		0xbf800000 0x800000	0x0000ffff
v_cmp_lg_f32		0xbf800000 0x7f7fffff	0x0000ffff
v_cmp_lg_f32		0xbf800000 0x7f800000	0x0000ffff
v_cmp_lg_f32		0xbf800000 0xff800000	0x0000ffff
v_cmp_lg_f32		0xbf800000 0x7fc00000	0x00000000
v_cmp_lg_f32		0x800000 0x0	0x0000ffff
v_cmp_lg_f32		0x800000 0x80000000	0x0000ffff
v_cmp_lg_f32		0x800000 0x3f000000	0x0000ffff
v_cmp_lg_f32		0x800000 0x3f800000	0x0000ffff
v_cmp_lg_f32		0x800000 0xbf800000	0x0000ffff
v_cmp_lg_f32		0x800000 0x800000	0x00000000
v_cmp_lg_f32		0x800000 0x7f7fffff	0x0000ffff
v_cmp_lg_f32		0x800000 0x7f800000	0x0000ffff
v_cmp_lg_f32		0x800000 0xff800000	0x0000ffff
v_cmp_lg_f32		0x800000 0x7fc00000	0x00000000
v_cmp_lg_f32		0x7f7fffff 0x0	0x0000ffff
v_cmp_lg_f32		0x7f7fffff 0x80000000	0x0000ffff
v_cmp_lg_f32		0x7f7fffff 0x3f000000	0x0000ffff
v_cmp_lg_f32		0x7f7fffff 0x3f800000	0x0000ffff
v_cmp_lg_f32		0x7f7fffff 0xbf800000	0x0000ffff
v_cmp_lg_f32		0x7f7fffff 0x800000	0x0000ffff
v_cmp_lg_f32		0x7f7fffff 0x7f7fffff	0x00000000
v_cmp_lg_f32		0x7f7fffff 0x7f800000	0x0000ffff
v_cmp_lg_f32		0x7f7fffff 0xff800000	0x0000ffff
v_cmp_lg_f32		0x7f7fffff 0x7fc00000	0x00000000
v_cmp_lg_f32		0x7f800000 0x0	0x0000ffff
v_cmp_lg_f32		0x7f800000 0x80000000	0x0000ffff
v_cmp_lg_f32		0x7f800000 0x3f000000	0x0000ffff
v_cmp_lg_f32		0x7f800000 0x3f800000	0x0000ffff
v_cmp_lg_f32		0x7f800000 0xbf800000	0x0000ffff
v_cmp_lg_f32		0x7f800000 0x800000	0x0000ffff
v_cmp_lg_f32		0x7f800000 0x7f7fffff	0x0000ffff
v_cmp_lg_f32		0x7f800000 0x7f800000	0x00000000
v_cmp_lg_f32		0x7f800000 0xff800000	0x0000ffff
v_cmp_lg_f32		0x7f800000 0x7fc00000	0x00000000
v_cmp_lg_f32		0xff800000 0x0	0x0000ffff
v_cmp_lg_f32		0xff800000 0x80000000	0x0000ffff
v_cmp_lg_f32		0xff800000 0x3f000000	0x0000ffff
v_cmp_lg_f32		0xff800000 0x3f800000	0x0000ffff
v_cmp_lg_f32		0xff800000 0xbf800000	0x0000ffff
v_cmp_lg_f32		0xff800000 0x800000	0x0000ffff
v_cmp_lg_f32		0xff800000 0x7f7fffff	0x0000ffff
v_cmp_lg_f32		0xff800000 0x7f800000	0x0000ffff
v_cmp_lg_f32		0xff800000 0xff800000	0x00000000
v_cmp_lg_f32		0xff800000 0x7fc00000	0x00000000
v_cmp_lg_f32		0x7fc00000 0x0	0x00000000
v_cmp_lg_f32		0x7fc00000 0x80000000	0x00000000
v_cmp_lg_f32		0x7fc00000 0x3f000000	0x00000000
v_cmp_lg_f32		0x7fc00000 0x3f800000	0x00000000
v_cmp_lg_f32		0x7fc00000 0xbf800000	0x00000000
v_cmp_lg_f32		0x7fc00000 0x800000	0x00000000
v_cmp_lg_f32		0x7fc00000 0x7f7fffff	0x00000000
v_cmp_lg_f32		0x7fc00000 0x7f800000	0x00000000
v_cmp_lg_f32		0x7fc00000 0xff800000	0x00000000
v_cmp_lg_f32		0x7fc00000 0x7fc00000	0x00000000
v_cmp_lg_i16		0x0 0x0	0x00000000
v_cmp_lg_i16		0x0 0x1	0x0000ffff
v_cmp_lg_i16		0x0 0x7fffffff	0x0000ffff
v_cmp_lg_i16		0x0 0x80000000	0x00000000
v_cmp_lg_i16		0x0 0xfffffffe	0x0000ffff
v_cmp_lg_i16		0x0 0xffffffff	0x0000ffff
v_cmp_lg_i16		0x1 0x0	0x0000ffff
v_cmp_lg_i16		0x1 0x1	0x00000000
v_cmp_lg_i16		0x1 0x7fffffff	0x0000ffff
v_cmp_lg_i16		0x1 0x80000000	0x0000ffff
v_cmp_lg_i16		0x1 0xfffffffe	0x0000ffff
v_cmp_lg_i16		0x1 0xffffffff	0x0000ffff
v_cmp_lg_i16		0x7fffffff 0x0	0x0000ffff
v_cmp_lg_i16		0x7fffffff 0x1	0x0000ffff
v_cmp_lg_i16		0x7fffffff 0x7fffffff	0x00000000
v_cmp_lg_i16		0x7fffffff 0x80000000	0x0000ffff
v_cmp_lg_i16		0x7fffffff 0xfffffffe	0x0000ffff
v_cmp_lg_i16		0x7fffffff 0xffffffff	0x00000000
v_cmp_lg_i16		0x80000000 0x0	0x00000000
v_cmp_lg_i16		0x80000000 0x1	0x0000ffff
v_cmp_lg_i16		0x80000000 0x7fffffff	0x0000ffff
v_cmp_lg_i16		0x80000000 0x80000000	0x00000000
v_cmp_lg_i16		0x80000000 0xfffffffe	0x0000ffff
v_cmp_lg_i16		0x80000000 0xffffffff	0x0000ffff
v_cmp_lg_i16		0xfffffffe 0x0	0x0000ffff
v_cmp_lg_i16		0xfffffffe 0x1	0x0000ffff
v_cmp_lg_i16		0xfffffffe 0x7fffffff	0x0000ffff
v_cmp_lg_i16		0xfffffffe 0x80000000	0x0000ffff
v_cmp_lg_i16		0xfffffffe 0xfffffffe	0x00000000
v_cmp_lg_i16		0xfffffffe 0xffffffff	0x0000ffff
v_cmp_lg_i16		0xffffffff 0x0	0x0000ffff
v_cmp_lg_i16		0xffffffff 0x1	0x0000ffff
v_cmp_lg_i16		0xffffffff 0x7fffffff	0x00000000
v_cmp_lg_i16		0xffffffff 0x80000000	0x0000ffff
v_cmp_lg_i16		0xffffffff 0xfffffffe	0x0000ffff
v_cmp_lg_i16		0xffffffff 0xffffffff	0x00000000
v_cmp_lg_i32		0x0 0x0	0x00000000
v_cmp_lg_i32		0x0 0x1	0x0000ffff
v_cmp_lg_i32		0x0 0x7fffffff	0x0000ffff
v_cmp_lg_i32		0x0 0x80000000	0x0000ffff
v_cmp_lg_i32		0x0 0xfffffffe	0x0000ffff
v_cmp_lg_i32		0x0 0xffffffff	0x0000ffff
v_cmp_lg_i32		0x1 0x0	0x0000ffff
v_cmp_lg_i32		0x1 0x1	0x00000000
v_cmp_lg_i32		0x1 0x7fffffff	0x0000ffff
v_cmp_lg_i32		0x1 0x80000000	0x0000ffff
v_cmp_lg_i32		0x1 0xfffffffe	0x0000ffff
v_cmp_lg_i32		0x1 0xffffffff	0x0000ffff
v_cmp_lg_i32		0x7fffffff 0x0	0x0000ffff
v_cmp_lg_i32		0x7fffffff 0x1	0x0000ffff
v_cmp_lg_i32		0x7fffffff 0x7fffffff	0x00000000
v_cmp_lg_i32		0x7fffffff 0x80000000	0x0000ffff
v_cmp_lg_i32		0x7fffffff 0xfffffffe	0x0000ffff
v_cmp_lg_i32		0x7fffffff 0xffffffff	0x0000ffff
v_cmp_lg_i32		0x80000000 0x0	0x0000ffff
v_cmp_lg_i32		0x80000000 0x1	0x0000ffff
v_cmp_lg_i32		0x80000000 0x7fffffff	0x0000ffff
v_cmp_lg_i32		0x80000000 0x80000000	0x00000000
v_cmp_lg_i32		0x80000000 0xfffffffe	0x0000ffff
v_cmp_lg_i32		0x80000000 0xffffffff	0x0000ffff
v_cmp_lg_i32		0xfffffffe 0x0	0x0000ffff
v_cmp_lg_i32		0xfffffffe 0x1	0x0000ffff
v_cmp_lg_i32		0xfffffffe 0x7fffffff	0x0000ffff
v_cmp_lg_i32		0xfffffffe 0x80000000	0x0000ffff
v_cmp_lg_i32		0xfffffffe 0xfffffffe	0x00000000
v_cmp_lg_i32		0xfffffffe 0xffffffff	0x0000ffff
v_cmp_lg_i32		0xffffffff 0x0	0x0000ffff
v_cmp_lg_i32		0xffffffff 0x1	0x0000ffff
v_cmp_lg_i32		0xffffffff 0x7fffffff	0x0000ffff
v_cmp_lg_i32		0xffffffff 0x80000000	0x0000ffff
v_cmp_lg_i32		0xffffffff 0xfffffffe	0x0000ffff
v_cmp_lg_i32		0xffffffff 0xffffffff	0x00000000
v_cmp_lg_u16		0x0 0x0	0x00000000
v_cmp_lg_u16		0x0 0x1	0x0000ffff
v_cmp_lg_u16		0x0 0x7fffffff	0x0000ffff
v_cmp_lg_u16		0x0 0x80000000	0x00000000
v_cmp_lg_u16		0x0 0xfffffffe	0x0000ffff
v_cmp_lg_u16		0x0 0xffffffff	0x0000ffff
v_cmp_lg_u16		0x1 0x0	0x0000ffff
v_cmp_lg_u16		0x1 0x1	0x00000000
v_cmp_lg_u16		0x1 0x7fffffff	0x0000ffff
v_cmp_lg_u16		0x1 0x80000000	0x0000ffff
v_cmp_lg_u16		0x1 0xfffffffe	0x0000ffff
v_cmp_lg_u16		0x1 0xffffffff	0x0000ffff
v_cmp_lg_u16		0x7fffffff 0x0	0x0000ffff
v_cmp_lg_u16		0x7fffffff 0x1	0x0000ffff
v_cmp_lg_u16		0x7fffffff 0x7fffffff	0x00000000
v_cmp_lg_u16		0x7fffffff 0x80000000	0x0000ffff
v_cmp_lg_u16		0x7fffffff 0xfffffffe	0x0000ffff
v_cmp_lg_u16		0x7fffffff 0xffffffff	0x00000000
v_cmp_lg_u16		0x80000000 0x0	0x00000000
v_cmp_lg_u16		0x80000000 0x1	0x0000ffff
v_cmp_lg_u16		0x80000000 0x7fffffff	0x0000ffff
v_cmp_lg_u16		0x80000000 0x80000000	0x00000000
v_cmp_lg_u16		0x80000000 0xfffffffe	0x0000ffff
v_cmp_lg_u16		0x80000000 0xffffffff	0x0000ffff
v_cmp_lg_u16		0xfffffffe 0x0	0x0000ffff
v_cmp_lg_u16		0xfffffffe 0x1	0x0000ffff
v_cmp_lg_u16		0xfffffffe 0x7fffffff	0x0000ffff
v_cmp_lg_u16		0xfffffffe 0x80000000	0x0000ffff
v_cmp_lg_u16		0xfffffffe 0xfffffffe	0x00000000
v_cmp_lg_u16		0xfffffffe 0xffffffff	0x0000ffff
v_cmp_lg_u16		0xffffffff 0x0	0x0000ffff
v_cmp_lg_u16		0xffffffff 0x1	0x0000ffff
v_cmp_lg_u16		0xffffffff 0x7fffffff	0x00000000
v_cmp_lg_u16		0xffffffff 0x80000000	0x0000ffff
v_cmp_lg_u16		0xffffffff 0xfffffffe	0x0000ffff
v_cmp_lg_u16		0xffffffff 0xffffffff	0x00000000
v_cmp_lg_u32		0x0 0x0	0x00000000
v_cmp_lg_u32		0x0 0x1	0x0000ffff
v_cmp_lg_u32		0x0 0x7fffffff	0x0000ffff
v_cmp_lg_u32		0x0 0x80000000	0x0000ffff
v_cmp_lg_u32		0x0 0xfffffffe	0x0000ffff
v_cmp_lg_u32		0x0 0xffffffff	0x0000ffff
v_cmp_lg_u32		0x1 0x0	0x0000ffff
v_cmp_lg_u32		0x1 0x1	0x00000000
v_cmp_lg_u32		0x1 0x7fffffff	0x0000ffff
v_cmp_lg_u32		0x1 0x80000000	0x0000ffff
v_cmp_lg_u32		0x1 0xfffffffe	0x0000ffff
v_cmp_lg_u32		0x1 0xffffffff	0x0000ffff
v_cmp_lg_u32		0x7fffffff 0x0	0x0000ffff
v_cmp_lg_u32		0x7fffffff 0x1	0x0000ffff
v_cmp_lg_u32		0x7fffffff 0x7fffffff	0x00000000
v_cmp_lg_u32		0x7fffffff 0x80000000	0x0000ffff
v_cmp_lg_u32		0x7fffffff 0xfffffffe	0x0000ffff
v_cmp_lg_u32		0x7fffffff 0xffffffff	0x0000ffff
v_cmp_lg_u32		0x80000000 0x0	0x0000ffff
v_cmp_lg_u32		0x80000000 0x1	0x0000ffff
v_cmp_lg_u32		0x80000000 0x7fffffff	0x0000ffff
v_cmp_lg_u32		0x80000000 0x80000000	0x00000000
v_cmp_lg_u32		0x80000000 0xfffffffe	0x0000ffff
v_cmp_lg_u32		0x80000000 0xffffffff	0x0000ffff
v_cmp_lg_u32		0xfffffffe 0x0	0x0000ffff
v_cmp_lg_u32		0xfffffffe 0x1	0x0000ffff
v_cmp_lg_u32		0xfffffffe 0x7fffffff	0x0000ffff
v_cmp_lg_u32		0xfffffffe 0x80000000	0x0000ffff
v_cmp_lg_u32		0xfffffffe 0xfffffffe	0x00000000
v_cmp_lg_u32		0xfffffffe 0xffffffff	0x0000ffff
v_cmp_lg_u32		0xffffffff 0x0	0x0000ffff
v_cmp_lg_u32		0xffffffff 0x1	0x0000ffff
v_cmp_lg_u32		0xffffffff 0x7fffffff	0x0000ffff
v_cmp_lg_u32		0xffffffff 0x80000000	0x0000ffff
v_cmp_lg_u32		0xffffffff 0xfffffffe	0x0000ffff
v_cmp_lg_u32		0xffffffff 0xffffffff	0x00000000
v_cmp_lt_f16		0x0 0x0	0x00000000
v_cmp_lt_f16		0x0 0x80000000	0x00000000
v_cmp_lt_f16		0x0 0x3f000000	0x00000000
v_cmp_lt_f16		0x0 0x3f800000	0x00000000
v_cmp_lt_f16		0x0 0xbf800000	0x00000000
v_cmp_lt_f16		0x0 0x800000	0x00000000
v_cmp_lt_f16		0x0 0x7f7fffff	0x00000000
v_cmp_lt_f16		0x0 0x7f800000	0x00000000
v_cmp_lt_f16		0x0 0xff800000	0x00000000
v_cmp_lt_f16		0x0 0x7fc00000	0x00000000
v_cmp_lt_f16		0x80000000 0x0	0x00000000
v_cmp_lt_f16		0x80000000 0x80000000	0x00000000
v_cmp_lt_f16		0x80000000 0x3f000000	0x00000000
v_cmp_lt_f16		0x80000000 0x3f800000	0x00000000
v_cmp_lt_f16		0x80000000 0xbf800000	0x00000000
v_cmp_lt_f16		0x80000000 0x800000	0x00000000
v_cmp_lt_f16		0x80000000 0x7f7fffff	0x00000000
v_cmp_lt_f16		0x80000000 0x7f800000	0x00000000
v_cmp_lt_f16		0x80000000 0xff800000	0x00000000
v_cmp_lt_f16		0x80000000 0x7fc00000	0x00000000
v_cmp_lt_f16		0x3f000000 0x0	0x00000000
v_cmp_lt_f16		0x3f000000 0x80000000	0x00000000
v_cmp_lt_f16		0x3f000000 0x3f000000	0x00000000
v_cmp_lt_f16		0x3f000000 0x3f800000	0x00000000
v_cmp_lt_f16		0x3f000000 0xbf800000	0x00000000
v_cmp_lt_f16		0x3f000000 0x800000	0x00000000
v_cmp_lt_f16		0x3f000000 0x7f7fffff	0x00000000
v_cmp_lt_f16		0x3f000000 0x7f800000	0x00000000
v_cmp_lt_f16		0x3f000000 0xff800000	0x00000000
v_cmp_lt_f16		0x3f000000 0x7fc00000	0x00000000
v_cmp_lt_f16		0x3f800000 0x0	0x00000000
v_cmp_lt_f16		0x3f800000 0x80000000	0x00000000
v_cmp_lt_f16		0x3f800000 0x3f000000	0x00000000
v_cmp_lt_f16		0x3f800000 0x3f800000	0x00000000
v_cmp_lt_f16		0x3f800000 0xbf800000	0x00000000
v_cmp_lt_f16		0x3f800000 0x800000	0x00000000
v_cmp_lt_f16		0x3f800000 0x7f7fffff	0x00000000
v_cmp_lt_f16		0x3f800000 0x7f800000	0x00000000
v_cmp_lt_f16		0x3f800000 0xff800000	0x00000000
v_cmp_lt_f16		0x3f800000 0x7fc00000	0x00000000
v_cmp_lt_f16		0xbf800000 0x0	0x00000000
v_cmp_lt_f16		0xbf800000 0x80000000	0x00000000
v_cmp_lt_f16		0xbf800000 0x3f000000	0x00000000
v_cmp_lt_f16		0xbf800000 0x3f800000	0x00000000
v_cmp_lt_f16		0xbf800000 0xbf800000	0x00000000
v_cmp_lt_f16		0xbf800000 0x800000	0x00000000
v_cmp_lt_f16		0xbf800000 0x7f7fffff	0x00000000
v_cmp_lt_f16		0xbf800000 0x7f800000	0x00000000
v_cmp_lt_f16		0xbf800000 0xff800000	0x00000000
v_cmp_lt_f16		0xbf800000 0x7fc00000	0x00000000
v_cmp_lt_f16		0x800000 0x0	0x00000000
v_cmp_lt_f16		0x800000 0x80000000	0x00000000
v_cmp_lt_f16		0x800000 0x3f000000	0x00000000
v_cmp_lt_f16		0x800000 0x3f800000	0x00000000
v_cmp_lt_f16		0x800000 0xbf800000	0x00000000
v_cmp_lt_f16		0x800000 0x800000	0x00000000
v_cmp_lt_f16		0x800000 0x7f7fffff	0x00000000
v_cmp_lt_f16		0x800000 0x7f800000	0x00000000
v_cmp_lt_f16		0x800000 0xff800000	0x00000000
v_cmp_lt_f16		0x800000 0x7fc00000	0x00000000
v_cmp_lt_f16		0x7f7fffff 0x0	0x00000000
v_cmp_lt_f16		0x7f7fffff 0x80000000	0x00000000
v_cmp_lt_f16		0x7f7fffff 0x3f000000	0x00000000
v_cmp_lt_f16		0x7f7fffff 0x3f800000	0x00000000
v_cmp_lt_f16		0x7f7fffff 0xbf800000	0x00000000
v_cmp_lt_f16		0x7f7fffff 0x800000	0x00000000
v_cmp_lt_f16		0x7f7fffff 0x7f7fffff	0x00000000
v_cmp_lt_f16		0x7f7fffff 0x7f800000	0x00000000
v_cmp_lt_f16		0x7f7fffff 0xff800000	0x00000000
v_cmp_lt_f16		0x7f7fffff 0x7fc00000	0x00000000
v_cmp_lt_f16		0x7f800000 0x0	0x00000000
v_cmp_lt_f16		0x7f800000 0x80000000	0x00000000
v_cmp_lt_f16		0x7f800000 0x3f000000	0x00000000
v_cmp_lt_f16		0x7f800000 0x3f800000	0x00000000
v_cmp_lt_f16		0x7f800000 0xbf800000	0x00000000
v_cmp_lt_f16		0x7f800000 0x800000	0x00000000
v_cmp_lt_f16		0x7f800000 0x7f7fffff	0x00000000
v_cmp_lt_f16		0x7f800000 0x7f800000	0x00000000
v_cmp_lt_f16		0x7f800000 0xff800000	0x00000000
v_cmp_lt_f16		0x7f800000 0x7fc00000	0x00000000
v_cmp_lt_f16		0xff800000 0x0	0x00000000
v_cmp_lt_f16		0xff800000 0x80000000	0x00000000
v_cmp_lt_f16		0xff800000 0x3f000000	0x00000000
v_cmp_lt_f16		0xff800000 0x3f800000	0x00000000
v_cmp_lt_f16		0xff800000 0xbf800000	0x00000000
v_cmp_lt_f16		0xff800000 0x800000	0x00000000
v_cmp_lt_f16		0xff800000 0x7f7fffff	0x00000000
v_cmp_lt_f16		0xff800000 0x7f800000	0x00000000
v_cmp_lt_f16		0xff800000 0xff800000	0x00000000
v_cmp_lt_f16		0xff800000 0x7fc00000	0x00000000
v_cmp_lt_f16		0x7fc00000 0x0	0x00000000
v_cmp_lt_f16		0x7fc00000 0x80000000	0x00000000
v_cmp_lt_f16		0x7fc00000 0x3f000000	0x00000000
v_cmp_lt_f16		0x7fc00000 0x3f800000	0x00000000
v_cmp_lt_f16		0x7fc00000 0xbf800000	0x00000000
v_cmp_lt_f16		0x7fc00000 0x800000	0x00000000
v_cmp_lt_f16		0x7fc00000 0x7f7fffff	0x00000000
v_cmp_lt_f16		0x7fc00000 0x7f800000	0x00000000
v_cmp_lt_f16		0x7fc00000 0xff800000	0x00000000
v_cmp_lt_f16		0x7fc00000 0x7fc00000	0x00000000
v_cmp_lt_f32		0x0 0x0	0x00000000
v_cmp_lt_f32		0x0 0x80000000	0x00000000
v_cmp_lt_f32		0x0 0x3f000000	0x0000ffff
v_cmp_lt_f32		0x0 0x3f800000	0x0000ffff
v_cmp_lt_f32		0x0 0xbf800000	0x00000000
v_cmp_lt_f32		0x0 0x800000	0x0000ffff
v_cmp_lt_f32		0x0 0x7f7fffff	0x0000ffff
v_cmp_lt_f32		0x0 0x7f800000	0x0000ffff
v_cmp_lt_f32		0x0 0xff800000	0x00000000
v_cmp_lt_f32		0x0 0x7fc00000	0x00000000
v_cmp_lt_f32		0x80000000 0x0	0x00000000
v_cmp_lt_f32		0x80000000 0x80000000	0x00000000
v_cmp_lt_f32		0x80000000 0x3f000000	0x0000ffff
v_cmp_lt_f32		0x80000000 0x3f800000	0x0000ffff
v_cmp_lt_f32		0x80000000 0xbf800000	0x00000000
v_cmp_lt_f32		0x80000000 0x800000	0x0000ffff
v_cmp_lt_f32		0x80000000 0x7f7fffff	0x0000ffff
v_cmp_lt_f32		0x80000000 0x7f800000	0x0000ffff
v_cmp_lt_f32		0x80000000 0xff800000	0x00000000
v_cmp_lt_f32		0x80000000 0x7fc00000	0x00000000
v_cmp_lt_f32		0x3f000000 0x0	0x00000000
v_cmp_lt_f32		0x3f000000 0x80000000	0x00000000
v_cmp_lt_f32		0x3f000000 0x3f000000	0x00000000
v_cmp_lt_f32		0x3f000000 0x3f800000	0x0000ffff
v_cmp_lt_f32		0x3f000000 0xbf800000	0x00000000
v_cmp_lt_f32		0x3f000000 0x800000	0x00000000
v_cmp_lt_f32		0x3f000000 0x7f7fffff	0x0000ffff
v_cmp_lt_f32		0x3f000000 0x7f800000	0x0000ffff
v_cmp_lt_f32		0x3f000000 0xff800000	0x00000000
v_cmp_lt_f32		0x3f000000 0x7fc00000	0x00000000
v_cmp_lt_f32		0x3f800000 0x0	0x00000000
v_cmp_lt_f32		0x3f800000 0x80000000	0x00000000
v_cmp_lt_f32		0x3f800000 0x3f000000	0x00000000
v_cmp_lt_f32		0x3f800000 0x3f800000	0x00000000
v_cmp_lt_f32		0x3f800000 0xbf800000	0x00000000
v_cmp_lt_f32		0x3f800000 0x800000	0x00000000
v_cmp_lt_f32		0x3f800000 0x7f7fffff	0x0000ffff
v_cmp_lt_f32		0x3f800000 0x7f800000	0x0000ffff
v_cmp_lt_f32		0x3f800000 0xff800000	0x00000000
v_cmp_lt_f32		0x3f800000 0x7fc00000	0x00000000
v_cmp_lt_f32		0xbf800000 0x0	0x0000ffff
v_cmp_lt_f32		0xbf800000 0x80000000	0x0000ffff
v_cmp_lt_f32		0xbf800000 0x3f000000	0x0000ffff
v_cmp_lt_f32		0xbf800000 0x3f800000	0x0000ffff
v_cmp_lt_f32		0xbf800000 0xbf800000	0x00000000
v_cmp_lt_f32		0xbf800000 0x800000	0x0000ffff
v_cmp_lt_f32		0xbf800000 0x7f7fffff	0x0000ffff
v_cmp_lt_f32		0xbf800000 0x7f800000	0x0000ffff
v_cmp_lt_f32		0xbf800000 0xff800000	0x00000000
v_cmp_lt_f32		0xbf800000 0x7fc00000	0x00000000
v_cmp_lt_f32		0x800000 0x0	0x00000000
v_cmp_lt_f32		0x800000 0x80000000	0x00000000
v_cmp_lt_f32		0x800000 0x3f000000	0x0000ffff
v_cmp_lt_f32		0x800000 0x3f800000	0x0000ffff
v_cmp_lt_f32		0x800000 0xbf800000	0x00000000
v_cmp_lt_f32		0x800000 0x800000	0x00000000
v_cmp_lt_f32		0x800000 0x7f7fffff	0x0000ffff
v_cmp_lt_f32		0x800000 0x7f800000	0x0000ffff
v_cmp_lt_f32		0x800000 0xff800000	0x00000000
v_cmp_lt_f32		0x800000 0x7fc00000	0x00000000
v_cmp_lt_f32		0x7f7fffff 0x0	0x00000000
v_cmp_lt_f32		0x7f7fffff 0x80000000	0x00000000
v_cmp_lt_f32		0x7f7fffff 0x3f000000	0x00000000
v_cmp_lt_f32		0x7f7fffff 0x3f800000	0x00000000
v_cmp_lt_f32		0x7f7fffff 0xbf800000	0x00000000
v_cmp_lt_f32		0x7f7fffff 0x800000	0x00000000
v_cmp_lt_f32		0x7f7fffff 0x7f7fffff	0x00000000
v_cmp_lt_f32		0x7f7fffff 0x7f800000	0x0000ffff
v_cmp_lt_f32		0x7f7fffff 0xff800000	0x00000000
v_cmp_lt_f32		0x7f7fffff 0x7fc00000	0x00000000
v_cmp_lt_f32		0x7f800000 0x0	0x00000000
v_cmp_lt_f32		0x7f800000 0x80000000	0x00000000
v_cmp_lt_f32		0x7f800000 0x3f000000	0x00000000
v_cmp_lt_f32		0x7f800000 0x3f800000	0x00000000
v_cmp_lt_f32		0x7f800000 0xbf800000	0x00000000
v_cmp_lt_f32		0x7f800000 0x800000	0x00000000
v_cmp_lt_f32		0x7f800000 0x7f7fffff	0x00000000
v_cmp_lt_f32		0x7f800000 0x7f800000	0x00000000
v_cmp_lt_f32		0x7f800000 0xff800000	0x00000000
v_cmp_lt_f32		0x7f800000 0x7fc00000	0x00000000
v_cmp_lt_f32		0xff800000 0x0	0x0000ffff
v_cmp_lt_f32		0xff800000 0x80000000	0x0000ffff
v_cmp_lt_f32		0xff800000 0x3f000000	0x0000ffff
v_cmp_lt_f32		0xff800000 0x3f800000	0x0000ffff
v_cmp_lt_f32		0xff800000 0xbf800000	0x0000ffff
v_cmp_lt_f32		0xff800000 0x800000	0x0000ffff
v_cmp_lt_f32		0xff800000 0x7f7fffff	0x0000ffff
v_cmp_lt_f32		0xff800000 0x7f800000	0x0000ffff
v_cmp_lt_f32		0xff800000 0xff800000	0x00000000
v_cmp_lt_f32		0xff800000 0x7fc00000	0x00000000
v_cmp_lt_f32		0x7fc00000 0x0	0x00000000
v_cmp_lt_f32		0x7fc00000 0x80000000	0x00000000
v_cmp_lt_f32		0x7fc00000 0x3f000000	0x00000000
v_cmp_lt_f32		0x7fc00000 0x3f800000	0x00000000
v_cmp_lt_f32		0x7fc00000 0xbf800000	0x00000000
v_cmp_lt_f32		0x7fc00000 0x800000	0x00000000
v_cmp_lt_f32		0x7fc00000 0x7f7fffff	0x00000000
v_cmp_lt_f32		0x7fc00000 0x7f800000	0x00000000
v_cmp_lt_f32		0x7fc00000 0xff800000	0x00000000
v_cmp_lt_f32		0x7fc00000 0x7fc00000	0x00000000
v_cmp_lt_i16		0x0 0x0	0x00000000
v_cmp_lt_i16		0x0 0x1	0x0000ffff
v_cmp_lt_i16		0x0 0x7fffffff	0x00000000
v_cmp_lt_i16		0x0 0x80000000	0x00000000
v_cmp_lt_i16		0x0 0xfffffffe	0x00000000
v_cmp_lt_i16		0x0 0xffffffff	0x00000000
v_cmp_lt_i16		0x1 0x0	0x00000000
v_cmp_lt_i16		0x1 0x1	0x00000000
v_cmp_lt_i16		0x1 0x7fffffff	0x00000000
v_cmp_lt_i16		0x1 0x80000000	0x00000000
v_cmp_lt_i16		0x1 0xfffffffe	0x00000000
v_cmp_lt_i16		0x1 0xffffffff	0x00000000
v_cmp_lt_i16		0x7fffffff 0x0	0x0000ffff
v_cmp_lt_i16		0x7fffffff 0x1	0x0000ffff
v_cmp_lt_i16		0x7fffffff 0x7fffffff	0x00000000
v_cmp_lt_i16		0x7fffffff 0x80000000	0x0000ffff
v_cmp_lt_i16		0x7fffffff 0xfffffffe	0x00000000
v_cmp_lt_i16		0x7fffffff 0xffffffff	0x00000000
v_cmp_lt_i16		0x80000000 0x0	0x00000000
v_cmp_lt_i16		0x80000000 0x1	0x0000ffff
v_cmp_lt_i16		0x80000000 0x7fffffff	0x00000000
v_cmp_lt_i16		0x80000000 0x80000000	0x00000000
v_cmp_lt_i16		0x80000000 0xfffffffe	0x00000000
v_cmp_lt_i16		0x80000000 0xffffffff	0x00000000
v_cmp_lt_i16		0xfffffffe 0x0	0x0000ffff
v_cmp_lt_i16		0xfffffffe 0x1	0x0000ffff
v_cmp_lt_i16		0xfffffffe 0x7fffffff	0x0000ffff
v_cmp_lt_i16		0xfffffffe 0x80000000	0x0000ffff
v_cmp_lt_i16		0xfffffffe 0xfffffffe	0x00000000
v_cmp_lt_i16		0xfffffffe 0xffffffff	0x0000ffff
v_cmp_lt_i16		0xffffffff 0x0	0x0000ffff
v_cmp_lt_i16		0xffffffff 0x1	0x0000ffff
v_cmp_lt_i16		0xffffffff 0x7fffffff	0x00000000
v_cmp_lt_i16		0xffffffff 0x80000000	0x0000ffff
v_cmp_lt_i16		0xffffffff 0xfffffffe	0x00000000
v_cmp_lt_i16		0xffffffff 0xffffffff	0x00000000
v_cmp_lt_i32		0x0 0x0	0x00000000
v_cmp_lt_i32		0x0 0x1	0x0000ffff
v_cmp_lt_i32		0x0 0x7fffffff	0x0000ffff
v_cmp_lt_i32		0x0 0x80000000	0x00000000
v_cmp_lt_i32		0x0 0xfffffffe	0x00000000
v_cmp_lt_i32		0x0 0xffffffff	0x00000000
v_cmp_lt_i32		0x1 0x0	0x00000000
v_cmp_lt_i32		0x1 0x1	0x00000000
v_cmp_lt_i32		0x1 0x7fffffff	0x0000ffff
v_cmp_lt_i32		0x1 0x80000000	0x00000000
v_cmp_lt_i32		0x1 0xfffffffe	0x00000000
v_cmp_lt_i32		0x1 0xffffffff	0x00000000
v_cmp_lt_i32		0x7fffffff 0x0	0x00000000
v_cmp_lt_i32		0x7fffffff 0x1	0x00000000
v_cmp_lt_i32		0x7fffffff 0x7fffffff	0x00000000
v_cmp_lt_i32		0x7fffffff 0x80000000	0x00000000
v_cmp_lt_i32		0x7fffffff 0xfffffffe	0x00000000
v_cmp_lt_i32		0x7fffffff 0xffffffff	0x00000000
v_cmp_lt_i32		0x80000000 0x0	0x0000ffff
v_cmp_lt_i32		0x80000000 0x1	0x0000ffff
v_cmp_lt_i32		0x80000000 0x7fffffff	0x0000ffff
v_cmp_lt_i32		0x80000000 0x80000000	0x00000000
v_cmp_lt_i32		0x80000000 0xfffffffe	0x0000ffff
v_cmp_lt_i32		0x80000000 0xffffffff	0x0000ffff
v_cmp_lt_i32		0xfffffffe 0x0	0x0000ffff
v_cmp_lt_i32		0xfffffffe 0x1	0x0000ffff
v_cmp_lt_i32		0xfffffffe 0x7fffffff	0x0000ffff
v_cmp_lt_i32		0xfffffffe 0x80000000	0x00000000
v_cmp_lt_i32		0xfffffffe 0xfffffffe	0x00000000
v_cmp_lt_i32		0xfffffffe 0xffffffff	0x0000ffff
v_cmp_lt_i32		0xffffffff 0x0	0x0000ffff
v_cmp_lt_i32		0xffffffff 0x1	0x0000ffff
v_cmp_lt_i32		0xffffffff 0x7fffffff	0x0000ffff
v_cmp_lt_i32		0xffffffff 0x80000000	0x00000000
v_cmp_lt_i32		0xffffffff 0xfffffffe	0x00000000
v_cmp_lt_i32		0xffffffff 0xffffffff	0x00000000
v_cmp_lt_u16		0x0 0x0	0x00000000
v_cmp_lt_u16		0x0 0x1	0x0000ffff
v_cmp_lt_u16		0x0 0x7fffffff	0x0000ffff
v_cmp_lt_u16		0x0 0x80000000	0x00000000
v_cmp_lt_u16		0x0 0xfffffffe	0x0000ffff
v_cmp_lt_u16		0x0 0xffffffff	0x0000ffff
v_cmp_lt_u16		0x1 0x0	0x00000000
v_cmp_lt_u16		0x1 0x1	0x00000000
v_cmp_lt_u16		0x1 0x7fffffff	0x0000ffff
v_cmp_lt_u16		0x1 0x80000000	0x00000000
v_cmp_lt_u16		0x1 0xfffffffe	0x0000ffff
v_cmp_lt_u16		0x1 0xffffffff	0x0000ffff
v_cmp_lt_u16		0x7fffffff 0x0	0x00000000
v_cmp_lt_u16		0x7fffffff 0x1	0x00000000
v_cmp_lt_u16		0x7fffffff 0x7fffffff	0x00000000
v_cmp_lt_u16		0x7fffffff 0x80000000	0x00000000
v_cmp_lt_u16		0x7fffffff 0xfffffffe	0x00000000
v_cmp_lt_u16		0x7fffffff 0xffffffff	0x00000000
v_cmp_lt_u16		0x80000000 0x0	0x00000000
v_cmp_lt_u16		0x80000000 0x1	0x0000ffff
v_cmp_lt_u16		0x80000000 0x7fffffff	0x0000ffff
v_cmp_lt_u16		0x80000000 0x80000000	0x00000000
v_cmp_lt_u16		0x80000000 0xfffffffe	0x0000ffff
v_cmp_lt_u16		0x80000000 0xffffffff	0x0000ffff
v_cmp_lt_u16		0xfffffffe 0x0	0x00000000
v_cmp_lt_u16		0xfffffffe 0x1	0x00000000
v_cmp_lt_u16		0xfffffffe 0x7fffffff	0x0000ffff
v_cmp_lt_u16		0xfffffffe 0x80000000	0x00000000
v_cmp_lt_u16		0xfffffffe 0xfffffffe	0x00000000
v_cmp_lt_u16		0xfffffffe 0xffffffff	0x0000ffff
v_cmp_lt_u16		0xffffffff 0x0	0x00000000
v_cmp_lt_u16		0xffffffff 0x1	0x00000000
v_cmp_lt_u16		0xffffffff 0x7fffffff	0x00000000
v_cmp_lt_u16		0xffffffff 0x80000000	0x00000000
v_cmp_lt_u16		0xffffffff 0xfffffffe	0x00000000
v_cmp_lt_u16		0xffffffff 0xffffffff	0x00000000
v_cmp_lt_u32		0x0 0x0	0x00000000
v_cmp_lt_u32		0x0 0x1	0x0000ffff
v_cmp_lt_u32		0x0 0x7fffffff	0x0000ffff
v_cmp_lt_u32		0x0 0x80000000	0x0000ffff
v_cmp_lt_u32		0x0 0xfffffffe	0x0000ffff
v_cmp_lt_u32		0x0 0xffffffff	0x0000ffff
v_cmp_lt_u32		0x1 0x0	0x00000000
v_cmp_lt_u32		0x1 0x1	0x00000000
v_cmp_lt_u32		0x1 0x7fffffff	0x0000ffff
v_cmp_lt_u32		0x1 0x80000000	0x0000ffff
v_cmp_lt_u32		0x1 0xfffffffe	0x0000ffff
v_cmp_lt_u32		0x1 0xffffffff	0x0000ffff
v_cmp_lt_u32		0x7fffffff 0x0	0x00000000
v_cmp_lt_u32		0x7fffffff 0x1	0x00000000
v_cmp_lt_u32		0x7fffffff 0x7fffffff	0x00000000
v_cmp_lt_u32		0x7fffffff 0x80000000	0x0000ffff
v_cmp_lt_u32		0x7fffffff 0xfffffffe	0x0000ffff
v_cmp_lt_u32		0x7fffffff 0xffffffff	0x0000ffff
v_cmp_lt_u32		0x80000000 0x0	0x00000000
v_cmp_lt_u32		0x80000000 0x1	0x00000000
v_cmp_lt_u32		0x80000000 0x7fffffff	0x00000000
v_cmp_lt_u32		0x80000000 0x80000000	0x00000000
v_cmp_lt_u32		0x80000000 0xfffffffe	0x0000ffff
v_cmp_lt_u32		0x80000000 0xffffffff	0x0000ffff
v_cmp_lt_u32		0xfffffffe 0x0	0x00000000
v_cmp_lt_u32		0xfffffffe 0x1	0x00000000
v_cmp_lt_u32		0xfffffffe 0x7fffffff	0x00000000
v_cmp_lt_u32		0xfffffffe 0x80000000	0x00000000
v_cmp_lt_u32		0xfffffffe 0xfffffffe	0x00000000
v_cmp_lt_u32		0xfffffffe 0xffffffff	0x0000ffff
v_cmp_lt_u32		0xffffffff 0x0	0x00000000
v_cmp_lt_u32		0xffffffff 0x1	0x00000000
v_cmp_lt_u32		0xffffffff 0x7fffffff	0x00000000
v_cmp_lt_u32		0xffffffff 0x80000000	0x00000000
v_cmp_lt_u32		0xffffffff 0xfffffffe	0x00000000
v_cmp_lt_u32		0xffffffff 0xffffffff	0x00000000
v_cmp_neq_f16		0x0 0x0	0x00000000
v_cmp_neq_f16		0x0 0x80000000	0x00000000
v_cmp_neq_f16		0x0 0x3f000000	0x00000000
v_cmp_neq_f16		0x0 0x3f800000	0x00000000
v_cmp_neq_f16		0x0 0xbf800000	0x00000000
v_cmp_neq_f16		0x0 0x800000	0x00000000
v_cmp_neq_f16		0x0 0x7f7fffff	0x0000ffff
v_cmp_neq_f16		0x0 0x7f800000	0x00000000
v_cmp_neq_f16		0x0 0xff800000	0x00000000
v_cmp_neq_f16		0x0 0x7fc00000	0x00000000
v_cmp_neq_f16		0x80000000 0x0	0x00000000
v_cmp_neq_f16		0x80000000 0x80000000	0x00000000
v_cmp_neq_f16		0x80000000 0x3f000000	0x00000000
v_cmp_neq_f16		0x80000000 0x3f800000	0x00000000
v_cmp_neq_f16		0x80000000 0xbf800000	0x00000000
v_cmp_neq_f16		0x80000000 0x800000	0x00000000
v_cmp_neq_f16		0x80000000 0x7f7fffff	0x0000ffff
v_cmp_neq_f16		0x80000000 0x7f800000	0x00000000
v_cmp_neq_f16		0x80000000 0xff800000	0x00000000
v_cmp_neq_f16		0x80000000 0x7fc00000	0x00000000
v_cmp_neq_f16		0x3f000000 0x0	0x00000000
v_cmp_neq_f16		0x3f000000 0x80000000	0x00000000
v_cmp_neq_f16		0x3f000000 0x3f000000	0x00000000
v_cmp_neq_f16		0x3f000000 0x3f800000	0x00000000
v_cmp_neq_f16		0x3f000000 0xbf800000	0x00000000
v_cmp_neq_f16		0x3f000000 0x800000	0x00000000
v_cmp_neq_f16		0x3f000000 0x7f7fffff	0x0000ffff
v_cmp_neq_f16		0x3f000000 0x7f800000	0x00000000
v_cmp_neq_f16		0x3f000000 0xff800000	0x00000000
v_cmp_neq_f16		0x3f000000 0x7fc00000	0x00000000
v_cmp_neq_f16		0x3f800000 0x0	0x00000000
v_cmp_neq_f16		0x3f800000 0x80000000	0x00000000
v_cmp_neq_f16		0x3f800000 0x3f000000	0x00000000
v_cmp_neq_f16		0x3f800000 0x3f800000	0x00000000
v_cmp_neq_f16		0x3f800000 0xbf800000	0x00000000
v_cmp_neq_f16		0x3f800000 0x800000	0x00000000
v_cmp_neq_f16		0x3f800000 0x7f7fffff	0x0000ffff
v_cmp_neq_f16		0x3f800000 0x7f800000	0x00000000
v_cmp_neq_f16		0x3f800000 0xff800000	0x00000000
v_cmp_neq_f16		0x3f800000 0x7fc00000	0x00000000
v_cmp_neq_f16		0xbf800000 0x0	0x00000000
v_cmp_neq_f16		0xbf800000 0x80000000	0x00000000
v_cmp_neq_f16		0xbf800000 0x3f000000	0x00000000
v_cmp_neq_f16		0xbf800000 0x3f800000	0x00000000
v_cmp_neq_f16		0xbf800000 0xbf800000	0x00000000
v_cmp_neq_f16		0xbf800000 0x800000	0x00000000
v_cmp_neq_f16		0xbf800000 0x7f7fffff	0x0000ffff
v_cmp_neq_f16		0xbf800000 0x7f800000	0x00000000
v_cmp_neq_f16		0xbf800000 0xff800000	0x00000000
v_cmp_neq_f16		0xbf800000 0x7fc00000	0x00000000
v_cmp_neq_f16		0x800000 0x0	0x00000000
v_cmp_neq_f16		0x800000 0x80000000	0x00000000
v_cmp_neq_f16		0x800000 0x3f000000	0x00000000
v_cmp_neq_f16		0x800000 0x3f800000	0x00000000
v_cmp_neq_f16		0x800000 0xbf800000	0x00000000
v_cmp_neq_f16		0x800000 0x800000	0x00000000
v_cmp_neq_f16		0x800000 0x7f7fffff	0x0000ffff
v_cmp_neq_f16		0x800000 0x7f800000	0x00000000
v_cmp_neq_f16		0x800000 0xff800000	0x00000000
v_cmp_neq_f16		0x800000 0x7fc00000	0x00000000
v_cmp_neq_f16		0x7f7fffff 0x0	0x0000ffff
v_cmp_neq_f16		0x7f7fffff 0x80000000	0x0000ffff
v_cmp_neq_f16		0x7f7fffff 0x3f000000	0x0000ffff
v_cmp_neq_f16		0x7f7fffff 0x3f800000	0x0000ffff
v_cmp_neq_f16		0x7f7fffff 0xbf800000	0x0000ffff
v_cmp_neq_f16		0x7f7fffff 0x800000	0x0000ffff
v_cmp_neq_f16		0x7f7fffff 0x7f7fffff	0x0000ffff
v_cmp_neq_f16		0x7f7fffff 0x7f800000	0x0000ffff
v_cmp_neq_f16		0x7f7fffff 0xff800000	0x0000ffff
v_cmp_neq_f16		0x7f7fffff 0x7fc00000	0x0000ffff
v_cmp_neq_f16		0x7f800000 0x0	0x00000000
v_cmp_neq_f16		0x7f800000 0x80000000	0x00000000
v_cmp_neq_f16		0x7f800000 0x3f000000	0x00000000
v_cmp_neq_f16		0x7f800000 0x3f800000	0x00000000
v_cmp_neq_f16		0x7f800000 0xbf800000	0x00000000
v_cmp_neq_f16		0x7f800000 0x800000	0x00000000
v_cmp_neq_f16		0x7f800000 0x7f7fffff	0x0000ffff
v_cmp_neq_f16		0x7f800000 0x7f800000	0x00000000
v_cmp_neq_f16		0x7f800000 0xff800000	0x00000000
v_cmp_neq_f16		0x7f800000 0x7fc00000	0x00000000
v_cmp_neq_f16		0xff800000 0x0	0x00000000
v_cmp_neq_f16		0xff800000 0x80000000	0x00000000
v_cmp_neq_f16		0xff800000 0x3f000000	0x00000000
v_cmp_neq_f16		0xff800000 0x3f800000	0x00000000
v_cmp_neq_f16		0xff800000 0xbf800000	0x00000000
v_cmp_neq_f16		0xff800000 0x800000	0x00000000
v_cmp_neq_f16		0xff800000 0x7f7fffff	0x0000ffff
v_cmp_neq_f16		0xff800000 0x7f800000	0x00000000
v_cmp_neq_f16		0xff800000 0xff800000	0x00000000
v_cmp_neq_f16		0xff800000 0x7fc00000	0x00000000
v_cmp_neq_f16		0x7fc00000 0x0	0x00000000
v_cmp_neq_f16		0x7fc00000 0x80000000	0x00000000
v_cmp_neq_f16		0x7fc00000 0x3f000000	0x00000000
v_cmp_neq_f16		0x7fc00000 0x3f800000	0x00000000
v_cmp_neq_f16		0x7fc00000 0xbf800000	0x00000000
v_cmp_neq_f16		0x7fc00000 0x800000	0x00000000
v_cmp_neq_f16		0x7fc00000 0x7f7fffff	0x0000ffff
v_cmp_neq_f16		0x7fc00000 0x7f800000	0x00000000
v_cmp_neq_f16		0x7fc00000 0xff800000	0x00000000
v_cmp_neq_f16		0x7fc00000 0x7fc00000	0x00000000
v_cmp_neq_f32		0x0 0x0	0x00000000
v_cmp_neq_f32		0x0 0x80000000	0x00000000
v_cmp_neq_f32		0x0 0x3f000000	0x0000ffff
v_cmp_neq_f32		0x0 0x3f800000	0x0000ffff
v_cmp_neq_f32		0x0 0xbf800000	0x0000ffff
v_cmp_neq_f32		0x0 0x800000	0x0000ffff
v_cmp_neq_f32		0x0 0x7f7fffff	0x0000ffff
v_cmp_neq_f32		0x0 0x7f800000	0x0000ffff
v_cmp_neq_f32		0x0 0xff800000	0x0000ffff
v_cmp_neq_f32		0x0 0x7fc00000	0x0000ffff
v_cmp_neq_f32		0x80000000 0x0	0x00000000
v_cmp_neq_f32		0x80000000 0x80000000	0x00000000
v_cmp_neq_f32		0x80000000 0x3f000000	0x0000ffff
v_cmp_neq_f32		0x80000000 0x3f800000	0x0000ffff
v_cmp_neq_f32		0x80000000 0xbf800000	0x0000ffff
v_cmp_neq_f32		0x80000000 0x800000	0x0000ffff
v_cmp_neq_f32		0x80000000 0x7f7fffff	0x0000ffff
v_cmp_neq_f32		0x80000000 0x7f800000	0x0000ffff
v_cmp_neq_f32		0x80000000 0xff800000	0x0000ffff
v_cmp_neq_f32		0x80000000 0x7fc00000	0x0000ffff
v_cmp_neq_f32		0x3f000000 0x0	0x0000ffff
v_cmp_neq_f32		0x3f000000 0x80000000	0x0000ffff
v_cmp_neq_f32		0x3f000000 0x3f000000	0x00000000
v_cmp_neq_f32		0x3f000000 0x3f800000	0x0000ffff
v_cmp_neq_f32		0x3f000000 0xbf800000	0x0000ffff
v_cmp_neq_f32		0x3f000000 0x800000	0x0000ffff
v_cmp_neq_f32		0x3f000000 0x7f7fffff	0x0000ffff
v_cmp_neq_f32		0x3f000000 0x7f800000	0x0000ffff
v_cmp_neq_f32		0x3f000000 0xff800000	0x0000ffff
v_cmp_neq_f32		0x3f000000 0x7fc00000	0x0000ffff
v_cmp_neq_f32		0x3f800000 0x0	0x0000ffff
v_cmp_neq_f32		0x3f800000 0x80000000	0x0000ffff
v_cmp_neq_f32		0x3f800000 0x3f000000	0x0000ffff
v_cmp_neq_f32		0x3f800000 0x3f800000	0x00000000
v_cmp_neq_f32		0x3f800000 0xbf800000	0x0000ffff
v_cmp_neq_f32		0x3f800000 0x800000	0x0000ffff
v_cmp_neq_f32		0x3f800000 0x7f7fffff	0x0000ffff
v_cmp_neq_f32		0x3f800000 0x7f800000	0x0000ffff
v_cmp_neq_f32		0x3f800000 0xff800000	0x0000ffff
v_cmp_neq_f32		0x3f800000 0x7fc00000	0x0000ffff
v_cmp_neq_f32		0xbf800000 0x0	0x0000ffff
v_cmp_neq_f32		0xbf800000 0x80000000	0x0000ffff
v_cmp_neq_f32		0xbf800000 0x3f000000	0x0000ffff
v_cmp_neq_f32		0xbf800000 0x3f800000	0x0000ffff
v_cmp_neq_f32		0xbf800000 0xbf800000	0x00000000
v_cmp_neq_f32		0xbf800000 0x800000	0x0000ffff
v_cmp_neq_f32		0xbf800000 0x7f7fffff	0x0000ffff
v_cmp_neq_f32		0xbf800000 0x7f800000	0x0000ffff
v_cmp_neq_f32		0xbf800000 0xff800000	0x0000ffff
v_cmp_neq_f32		0xbf800000 0x7fc00000	0x0000ffff
v_cmp_neq_f32		0x800000 0x0	0x0000ffff
v_cmp_neq_f32		0x800000 0x80000000	0x0000ffff
v_cmp_neq_f32		0x800000 0x3f000000	0x0000ffff
v_cmp_neq_f32		0x800000 0x3f800000	0x0000ffff
v_cmp_neq_f32		0x800000 0xbf800000	0x0000ffff
v_cmp_neq_f32		0x800000 0x800000	0x00000000
v_cmp_neq_f32		0x800000 0x7f7fffff	0x0000ffff
v_cmp_neq_f32		0x800000 0x7f800000	0x0000ffff
v_cmp_neq_f32		0x800000 0xff800000	0x0000ffff
v_cmp_neq_f32		0x800000 0x7fc00000	0x0000ffff
v_cmp_neq_f32		0x7f7fffff 0x0	0x0000ffff
v_cmp_neq_f32		0x7f7fffff 0x80000000	0x0000ffff
v_cmp_neq_f32		0x7f7fffff 0x3f000000	0x0000ffff
v_cmp_neq_f32		0x7f7fffff 0x3f800000	0x0000ffff
v_cmp_neq_f32		0x7f7fffff 0xbf800000	0x0000ffff
v_cmp_neq_f32		0x7f7fffff 0x800000	0x0000ffff
v_cmp_neq_f32		0x7f7fffff 0x7f7fffff	0x00000000
v_cmp_neq_f32		0x7f7fffff 0x7f800000	0x0000ffff
v_cmp_neq_f32		0x7f7fffff 0xff800000	0x0000ffff
v_cmp_neq_f32		0x7f7fffff 0x7fc00000	0x0000ffff
v_cmp_neq_f32		0x7f800000 0x0	0x0000ffff
v_cmp_neq_f32		0x7f800000 0x80000000	0x0000ffff
v_cmp_neq_f32		0x7f800000 0x3f000000	0x0000ffff
v_cmp_neq_f32		0x7f800000 0x3f800000	0x0000ffff
v_cmp_neq_f32		0x7f800000 0xbf800000	0x0000ffff
v_cmp_neq_f32		0x7f800000 0x800000	0x0000ffff
v_cmp_neq_f32		0x7f800000 0x7f7fffff	0x0000ffff
v_cmp_neq_f32		0x7f800000 0x7f800000	0x00000000
v_cmp_neq_f32		0x7f800000 0xff800000	0x0000ffff
v_cmp_neq_f32		0x7f800000 0x7fc00000	0x0000ffff
v_cmp_neq_f32		0xff800000 0x0	0x0000ffff
v_cmp_neq_f32		0xff800000 0x80000000	0x0000ffff
v_cmp_neq_f32		0xff800000 0x3f000000	0x0000ffff
v_cmp_neq_f32		0xff800000 0x3f800000	0x0000ffff
v_cmp_neq_f32		0xff800000 0xbf800000	0x0000ffff
v_cmp_neq_f32		0xff800000 0x800000	0x0000ffff
v_cmp_neq_f32		0xff800000 0x7f7fffff	0x0000ffff
v_cmp_neq_f32		0xff800000 0x7f800000	0x0000ffff
v_cmp_neq_f32		0xff800000 0xff800000	0x00000000
v_cmp_neq_f32		0xff800000 0x7fc00000	0x0000ffff
v_cmp_neq_f32		0x7fc00000 0x0	0x0000ffff
v_cmp_neq_f32		0x7fc00000 0x80000000	0x0000ffff
v_cmp_neq_f32		0x7fc00000 0x3f000000	0x0000ffff
v_cmp_neq_f32		0x7fc00000 0x3f800000	0x0000ffff
v_cmp_neq_f32		0x7fc00000 0xbf800000	0x0000ffff
v_cmp_neq_f32		0x7fc00000 0x800000	0x0000ffff
v_cmp_neq_f32		0x7fc00000 0x7f7fffff	0x0000ffff
v_cmp_neq_f32		0x7fc00000 0x7f800000	0x0000ffff
v_cmp_neq_f32		0x7fc00000 0xff800000	0x0000ffff
v_cmp_neq_f32		0x7fc00000 0x7fc00000	0x0000ffff
v_cmp_nge_f16		0x0 0x0	0x00000000
v_cmp_nge_f16		0x0 0x80000000	0x00000000
v_cmp_nge_f16		0x0 0x3f000000	0x00000000
v_cmp_nge_f16		0x0 0x3f800000	0x00000000
v_cmp_nge_f16		0x0 0xbf800000	0x00000000
v_cmp_nge_f16		0x0 0x800000	0x00000000
v_cmp_nge_f16		0x0 0x7f7fffff	0x0000ffff
v_cmp_nge_f16		0x0 0x7f800000	0x00000000
v_cmp_nge_f16		0x0 0xff800000	0x00000000
v_cmp_nge_f16		0x0 0x7fc00000	0x00000000
v_cmp_nge_f16		0x80000000 0x0	0x00000000
v_cmp_nge_f16		0x80000000 0x80000000	0x00000000
v_cmp_nge_f16		0x80000000 0x3f000000	0x00000000
v_cmp_nge_f16		0x80000000 0x3f800000	0x00000000
v_cmp_nge_f16		0x80000000 0xbf800000	0x00000000
v_cmp_nge_f16		0x80000000 0x800000	0x00000000
v_cmp_nge_f16		0x80000000 0x7f7fffff	0x0000ffff
v_cmp_nge_f16		0x80000000 0x7f800000	0x00000000
v_cmp_nge_f16		0x80000000 0xff800000	0x00000000
v_cmp_nge_f16		0x80000000 0x7fc00000	0x00000000
v_cmp_nge_f16		0x3f000000 0x0	0x00000000
v_cmp_nge_f16		0x3f000000 0x80000000	0x00000000
v_cmp_nge_f16		0x3f000000 0x3f000000	0x00000000
v_cmp_nge_f16		0x3f000000 0x3f800000	0x00000000
v_cmp_nge_f16		0x3f000000 0xbf800000	0x00000000
v_cmp_nge_f16		0x3f000000 0x800000	0x00000000
v_cmp_nge_f16		0x3f000000 0x7f7fffff	0x0000ffff
v_cmp_nge_f16		0x3f000000 0x7f800000	0x00000000
v_cmp_nge_f16		0x3f000000 0xff800000	0x00000000
v_cmp_nge_f16		0x3f000000 0x7fc00000	0x00000000
v_cmp_nge_f16		0x3f800000 0x0	0x00000000
v_cmp_nge_f16		0x3f800000 0x80000000	0x00000000
v_cmp_nge_f16		0x3f800000 0x3f000000	0x00000000
v_cmp_nge_f16		0x3f800000 0x3f800000	0x00000000
v_cmp_nge_f16		0x3f800000 0xbf800000	0x00000000
v_cmp_nge_f16		0x3f800000 0x800000	0x00000000
v_cmp_nge_f16		0x3f800000 0x7f7fffff	0x0000ffff
v_cmp_nge_f16		0x3f800000 0x7f800000	0x00000000
v_cmp_nge_f16		0x3f800000 0xff800000	0x00000000
v_cmp_nge_f16		0x3f800000 0x7fc00000	0x00000000
v_cmp_nge_f16		0xbf800000 0x0	0x00000000
v_cmp_nge_f16		0xbf800000 0x80000000	0x00000000
v_cmp_nge_f16		0xbf800000 0x3f000000	0x00000000
v_cmp_nge_f16		0xbf800000 0x3f800000	0x00000000
v_cmp_nge_f16		0xbf800000 0xbf800000	0x00000000
v_cmp_nge_f16		0xbf800000 0x800000	0x00000000
v_cmp_nge_f16		0xbf800000 0x7f7fffff	0x0000ffff
v_cmp_nge_f16		0xbf800000 0x7f800000	0x00000000
v_cmp_nge_f16		0xbf800000 0xff800000	0x00000000
v_cmp_nge_f16		0xbf800000 0x7fc00000	0x00000000
v_cmp_nge_f16		0x800000 0x0	0x00000000
v_cmp_nge_f16		0x800000 0x80000000	0x00000000
v_cmp_nge_f16		0x800000 0x3f000000	0x00000000
v_cmp_nge_f16		0x800000 0x3f800000	0x00000000
v_cmp_nge_f16		0x800000 0xbf800000	0x00000000
v_cmp_nge_f16		0x800000 0x800000	0x00000000
v_cmp_nge_f16		0x800000 0x7f7fffff	0x0000ffff
v_cmp_nge_f16		0x800000 0x7f800000	0x00000000
v_cmp_nge_f16		0x800000 0xff800000	0x00000000
v_cmp_nge_f16		0x800000 0x7fc00000	0x00000000
v_cmp_nge_f16		0x7f7fffff 0x0	0x0000ffff
v_cmp_nge_f16		0x7f7fffff 0x80000000	0x0000ffff
v_cmp_nge_f16		0x7f7fffff 0x3f000000	0x0000ffff
v_cmp_nge_f16		0x7f7fffff 0x3f800000	0x0000ffff
v_cmp_nge_f16		0x7f7fffff 0xbf800000	0x0000ffff
v_cmp_nge_f16		0x7f7fffff 0x800000	0x0000ffff
v_cmp_nge_f16		0x7f7fffff 0x7f7fffff	0x0000ffff
v_cmp_nge_f16		0x7f7fffff 0x7f800000	0x0000ffff
v_cmp_nge_f16		0x7f7fffff 0xff800000	0x0000ffff
v_cmp_nge_f16		0x7f7fffff 0x7fc00000	0x0000ffff
v_cmp_nge_f16		0x7f800000 0x0	0x00000000
v_cmp_nge_f16		0x7f800000 0x80000000	0x00000000
v_cmp_nge_f16		0x7f800000 0x3f000000	0x00000000
v_cmp_nge_f16		0x7f800000 0x3f800000	0x00000000
v_cmp_nge_f16		0x7f800000 0xbf800000	0x00000000
v_cmp_nge_f16		0x7f800000 0x800000	0x00000000
v_cmp_nge_f16		0x7f800000 0x7f7fffff	0x0000ffff
v_cmp_nge_f16		0x7f800000 0x7f800000	0x00000000
v_cmp_nge_f16		0x7f800000 0xff800000	0x00000000
v_cmp_nge_f16		0x7f800000 0x7fc00000	0x00000000
v_cmp_nge_f16		0xff800000 0x0	0x00000000
v_cmp_nge_f16		0xff800000 0x80000000	0x00000000
v_cmp_nge_f16		0xff800000 0x3f000000	0x00000000
v_cmp_nge_f16		0xff800000 0x3f800000	0x00000000
v_cmp_nge_f16		0xff800000 0xbf800000	0x00000000
v_cmp_nge_f16		0xff800000 0x800000	0x00000000
v_cmp_nge_f16		0xff800000 0x7f7fffff	0x0000ffff
v_cmp_nge_f16		0xff800000 0x7f800000	0x00000000
v_cmp_nge_f16		0xff800000 0xff800000	0x00000000
v_cmp_nge_f16		0xff800000 0x7fc00000	0x00000000
v_cmp_nge_f16		0x7fc00000 0x0	0x00000000
v_cmp_nge_f16		0x7fc00000 0x80000000	0x00000000
v_cmp_nge_f16		0x7fc00000 0x3f000000	0x00000000
v_cmp_nge_f16		0x7fc00000 0x3f800000	0x00000000
v_cmp_nge_f16		0x7fc00000 0xbf800000	0x00000000
v_cmp_nge_f16		0x7fc00000 0x800000	0x00000000
v_cmp_nge_f16		0x7fc00000 0x7f7fffff	0x0000ffff
v_cmp_nge_f16		0x7fc00000 0x7f800000	0x00000000
v_cmp_nge_f16		0x7fc00000 0xff800000	0x00000000
v_cmp_nge_f16		0x7fc00000 0x7fc00000	0x00000000
v_cmp_nge_f32		0x0 0x0	0x00000000
v_cmp_nge_f32		0x0 0x80000000	0x00000000
v_cmp_nge_f32		0x0 0x3f000000	0x0000ffff
v_cmp_nge_f32		0x0 0x3f800000	0x0000ffff
v_cmp_nge_f32		0x0 0xbf800000	0x00000000
v_cmp_nge_f32		0x0 0x800000	0x0000ffff
v_cmp_nge_f32		0x0 0x7f7fffff	0x0000ffff
v_cmp_nge_f32		0x0 0x7f800000	0x0000ffff
v_cmp_nge_f32		0x0 0xff800000	0x00000000
v_cmp_nge_f32		0x0 0x7fc00000	0x0000ffff
v_cmp_nge_f32		0x80000000 0x0	0x00000000
v_cmp_nge_f32		0x80000000 0x80000000	0x00000000
v_cmp_nge_f32		0x80000000 0x3f000000	0x0000ffff
v_cmp_nge_f32		0x80000000 0x3f800000	0x0000ffff
v_cmp_nge_f32		0x80000000 0xbf800000	0x00000000
v_cmp_nge_f32		0x80000000 0x800000	0x0000ffff
v_cmp_nge_f32		0x80000000 0x7f7fffff	0x0000ffff
v_cmp_nge_f32		0x80000000 0x7f800000	0x0000ffff
v_cmp_nge_f32		0x80000000 0xff800000	0x00000000
v_cmp_nge_f32		0x80000000 0x7fc00000	0x0000ffff
v_cmp_nge_f32		0x3f000000 0x0	0x00000000
v_cmp_nge_f32		0x3f000000 0x80000000	0x00000000
v_cmp_nge_f32		0x3f000000 0x3f000000	0x00000000
v_cmp_nge_f32		0x3f000000 0x3f800000	0x0000ffff
v_cmp_nge_f32		0x3f000000 0xbf800000	0x00000000
v_cmp_nge_f32		0x3f000000 0x800000	0x00000000
v_cmp_nge_f32		0x3f000000 0x7f7fffff	0x0000ffff
v_cmp_nge_f32		0x3f000000 0x7f800000	0x0000ffff
v_cmp_nge_f32		0x3f000000 0xff800000	0x00000000
v_cmp_nge_f32		0x3f000000 0x7fc00000	0x0000ffff
v_cmp_nge_f32		0x3f800000 0x0	0x00000000
v_cmp_nge_f32		0x3f800000 0x80000000	0x00000000
v_cmp_nge_f32		0x3f800000 0x3f000000	0x00000000
v_cmp_nge_f32		0x3f800000 0x3f800000	0x00000000
v_cmp_nge_f32		0x3f800000 0xbf800000	0x00000000
v_cmp_nge_f32		0x3f800000 0x800000	0x00000000
v_cmp_nge_f32		0x3f800000 0x7f7fffff	0x0000ffff
v_cmp_nge_f32		0x3f800000 0x7f800000	0x0000ffff
v_cmp_nge_f32		0x3f800000 0xff800000	0x00000000
v_cmp_nge_f32		0x3f800000 0x7fc00000	0x0000ffff
v_cmp_nge_f32		0xbf800000 0x0	0x0000ffff
v_cmp_nge_f32		0xbf800000 0x80000000	0x0000ffff
v_cmp_nge_f32		0xbf800000 0x3f000000	0x0000ffff
v_cmp_nge_f32		0xbf800000 0x3f800000	0x0000ffff
v_cmp_nge_f32		0xbf800000 0xbf800000	0x00000000
v_cmp_nge_f32		0xbf800000 0x800000	0x0000ffff
v_cmp_nge_f32		0xbf800000 0x7f7fffff	0x0000ffff
v_cmp_nge_f32		0xbf800000 0x7f800000	0x0000ffff
v_cmp_nge_f32		0xbf800000 0xff800000	0x00000000
v_cmp_nge_f32		0xbf800000 0x7fc00000	0x0000ffff
v_cmp_nge_f32		0x800000 0x0	0x00000000
v_cmp_nge_f32		0x800000 0x80000000	0x00000000
v_cmp_nge_f32		0x800000 0x3f000000	0x0000ffff
v_cmp_nge_f32		0x800000 0x3f800000	0x0000ffff
v_cmp_nge_f32		0x800000 0xbf800000	0x00000000
v_cmp_nge_f32		0x800000 0x800000	0x00000000
v_cmp_nge_f32		0x800000 0x7f7fffff	0x0000ffff
v_cmp_nge_f32		0x800000 0x7f800000	0x0000ffff
v_cmp_nge_f32		0x800000 0xff800000	0x00000000
v_cmp_nge_f32		0x800000 0x7fc00000	0x0000ffff
v_cmp_nge_f32		0x7f7fffff 0x0	0x00000000
v_cmp_nge_f32		0x7f7fffff 0x80000000	0x00000000
v_cmp_nge_f32		0x7f7fffff 0x3f000000	0x00000000
v_cmp_nge_f32		0x7f7fffff 0x3f800000	0x00000000
v_cmp_nge_f32		0x7f7fffff 0xbf800000	0x00000000
v_cmp_nge_f32		0x7f7fffff 0x800000	0x00000000
v_cmp_nge_f32		0x7f7fffff 0x7f7fffff	0x00000000
v_cmp_nge_f32		0x7f7fffff 0x7f800000	0x0000ffff
v_cmp_nge_f32		0x7f7fffff 0xff800000	0x00000000
v_cmp_nge_f32		0x7f7fffff 0x7fc00000	0x0000ffff
v_cmp_nge_f32		0x7f800000 0x0	0x00000000
v_cmp_nge_f32		0x7f800000 0x80000000	0x00000000
v_cmp_nge_f32		0x7f800000 0x3f000000	0x00000000
v_cmp_nge_f32		0x7f800000 0x3f800000	0x00000000
v_cmp_nge_f32		0x7f800000 0xbf800000	0x00000000
v_cmp_nge_f32		0x7f800000 0x800000	0x00000000
v_cmp_nge_f32		0x7f800000 0x7f7fffff	0x00000000
v_cmp_nge_f32		0x7f800000 0x7f800000	0x00000000
v_cmp_nge_f32		0x7f800000 0xff800000	0x00000000
v_cmp_nge_f32		0x7f800000 0x7fc00000	0x0000ffff
v_cmp_nge_f32		0xff800000 0x0	0x0000ffff
v_cmp_nge_f32		0xff800000 0x80000000	0x0000ffff
v_cmp_nge_f32		0xff800000 0x3f000000	0x0000ffff
v_cmp_nge_f32		0xff800000 0x3f800000	0x0000ffff
v_cmp_nge_f32		0xff800000 0xbf800000	0x0000ffff
v_cmp_nge_f32		0xff800000 0x800000	0x0000ffff
v_cmp_nge_f32		0xff800000 0x7f7fffff	0x0000ffff
v_cmp_nge_f32		0xff800000 0x7f800000	0x0000ffff
v_cmp_nge_f32		0xff800000 0xff800000	0x00000000
v_cmp_nge_f32		0xff800000 0x7fc00000	0x0000ffff
v_cmp_nge_f32		0x7fc00000 0x0	0x0000ffff
v_cmp_nge_f32		0x7fc00000 0x80000000	0x0000ffff
v_cmp_nge_f32		0x7fc00000 0x3f000000	0x0000ffff
v_cmp_nge_f32		0x7fc00000 0x3f800000	0x0000ffff
v_cmp_nge_f32		0x7fc00000 0xbf800000	0x0000ffff
v_cmp_nge_f32		0x7fc00000 0x800000	0x0000ffff
v_cmp_nge_f32		0x7fc00000 0x7f7fffff	0x0000ffff
v_cmp_nge_f32		0x7fc00000 0x7f800000	0x0000ffff
v_cmp_nge_f32		0x7fc00000 0xff800000	0x0000ffff
v_cmp_nge_f32		0x7fc00000 0x7fc00000	0x0000ffff
v_cmp_ngt_f16		0x0 0x0	0x0000ffff
v_cmp_ngt_f16		0x0 0x80000000	0x0000ffff
v_cmp_ngt_f16		0x0 0x3f000000	0x0000ffff
v_cmp_ngt_f16		0x0 0x3f800000	0x0000ffff
v_cmp_ngt_f16		0x0 0xbf800000	0x0000ffff
v_cmp_ngt_f16		0x0 0x800000	0x0000ffff
v_cmp_ngt_f16		0x0 0x7f7fffff	0x0000ffff
v_cmp_ngt_f16		0x0 0x7f800000	0x0000ffff
v_cmp_ngt_f16		0x0 0xff800000	0x0000ffff
v_cmp_ngt_f16		0x0 0x7fc00000	0x0000ffff
v_cmp_ngt_f16		0x80000000 0x0	0x0000ffff
v_cmp_ngt_f16		0x80000000 0x80000000	0x0000ffff
v_cmp_ngt_f16		0x80000000 0x3f000000	0x0000ffff
v_cmp_ngt_f16		0x80000000 0x3f800000	0x0000ffff
v_cmp_ngt_f16		0x80000000 0xbf800000	0x0000ffff
v_cmp_ngt_f16		0x80000000 0x800000	0x0000ffff
v_cmp_ngt_f16		0x80000000 0x7f7fffff	0x0000ffff
v_cmp_ngt_f16		0x80000000 0x7f800000	0x0000ffff
v_cmp_ngt_f16		0x80000000 0xff800000	0x0000ffff
v_cmp_ngt_f16		0x80000000 0x7fc00000	0x0000ffff
v_cmp_ngt_f16		0x3f000000 0x0	0x0000ffff
v_cmp_ngt_f16		0x3f000000 0x80000000	0x0000ffff
v_cmp_ngt_f16		0x3f000000 0x3f000000	0x0000ffff
v_cmp_ngt_f16		0x3f000000 0x3f800000	0x0000ffff
v_cmp_ngt_f16		0x3f000000 0xbf800000	0x0000ffff
v_cmp_ngt_f16		0x3f000000 0x800000	0x0000ffff
v_cmp_ngt_f16		0x3f000000 0x7f7fffff	0x0000ffff
v_cmp_ngt_f16		0x3f000000 0x7f800000	0x0000ffff
v_cmp_ngt_f16		0x3f000000 0xff800000	0x0000ffff
v_cmp_ngt_f16		0x3f000000 0x7fc00000	0x0000ffff
v_cmp_ngt_f16		0x3f800000 0x0	0x0000ffff
v_cmp_ngt_f16		0x3f800000 0x80000000	0x0000ffff
v_cmp_ngt_f16		0x3f800000 0x3f000000	0x0000ffff
v_cmp_ngt_f16		0x3f800000 0x3f800000	0x0000ffff
v_cmp_ngt_f16		0x3f800000 0xbf800000	0x0000ffff
v_cmp_ngt_f16		0x3f800000 0x800000	0x0000ffff
v_cmp_ngt_f16		0x3f800000 0x7f7fffff	0x0000ffff
v_cmp_ngt_f16		0x3f800000 0x7f800000	0x0000ffff
v_cmp_ngt_f16		0x3f800000 0xff800000	0x0000ffff
v_cmp_ngt_f16		0x3f800000 0x7fc00000	0x0000ffff
v_cmp_ngt_f16		0xbf800000 0x0	0x0000ffff
v_cmp_ngt_f16		0xbf800000 0x80000000	0x0000ffff
v_cmp_ngt_f16		0xbf800000 0x3f000000	0x0000ffff
v_cmp_ngt_f16		0xbf800000 0x3f800000	0x0000ffff
v_cmp_ngt_f16		0xbf800000 0xbf800000	0x0000ffff
v_cmp_ngt_f16		0xbf800000 0x800000	0x0000ffff
v_cmp_ngt_f16		0xbf800000 0x7f7fffff	0x0000ffff
v_cmp_ngt_f16		0xbf800000 0x7f800000	0x0000ffff
v_cmp_ngt_f16		0xbf800000 0xff800000	0x0000ffff
v_cmp_ngt_f16		0xbf800000 0x7fc00000	0x0000ffff
v_cmp_ngt_f16		0x800000 0x0	0x0000ffff
v_cmp_ngt_f16		0x800000 0x80000000	0x0000ffff
v_cmp_ngt_f16		0x800000 0x3f000000	0x0000ffff
v_cmp_ngt_f16		0x800000 0x3f800000	0x0000ffff
v_cmp_ngt_f16		0x800000 0xbf800000	0x0000ffff
v_cmp_ngt_f16		0x800000 0x800000	0x0000ffff
v_cmp_ngt_f16		0x800000 0x7f7fffff	0x0000ffff
v_cmp_ngt_f16		0x800000 0x7f800000	0x0000ffff
v_cmp_ngt_f16		0x800000 0xff800000	0x0000ffff
v_cmp_ngt_f16		0x800000 0x7fc00000	0x0000ffff
v_cmp_ngt_f16		0x7f7fffff 0x0	0x0000ffff
v_cmp_ngt_f16		0x7f7fffff 0x80000000	0x0000ffff
v_cmp_ngt_f16		0x7f7fffff 0x3f000000	0x0000ffff
v_cmp_ngt_f16		0x7f7fffff 0x3f800000	0x0000ffff
v_cmp_ngt_f16		0x7f7fffff 0xbf800000	0x0000ffff
v_cmp_ngt_f16		0x7f7fffff 0x800000	0x0000ffff
v_cmp_ngt_f16		0x7f7fffff 0x7f7fffff	0x0000ffff
v_cmp_ngt_f16		0x7f7fffff 0x7f800000	0x0000ffff
v_cmp_ngt_f16		0x7f7fffff 0xff800000	0x0000ffff
v_cmp_ngt_f16		0x7f7fffff 0x7fc00000	0x0000ffff
v_cmp_ngt_f16		0x7f800000 0x0	0x0000ffff
v_cmp_ngt_f16		0x7f800000 0x80000000	0x0000ffff
v_cmp_ngt_f16		0x7f800000 0x3f000000	0x0000ffff
v_cmp_ngt_f16		0x7f800000 0x3f800000	0x0000ffff
v_cmp_ngt_f16		0x7f800000 0xbf800000	0x0000ffff
v_cmp_ngt_f16		0x7f800000 0x800000	0x0000ffff
v_cmp_ngt_f16		0x7f800000 0x7f7fffff	0x0000ffff
v_cmp_ngt_f16		0x7f800000 0x7f800000	0x0000ffff
v_cmp_ngt_f16		0x7f800000 0xff800000	0x0000ffff
v_cmp_ngt_f16		0x7f800000 0x7fc00000	0x0000ffff
v_cmp_ngt_f16		0xff800000 0x0	0x0000ffff
v_cmp_ngt_f16		0xff800000 0x80000000	0x0000ffff
v_cmp_ngt_f16		0xff800000 0x3f000000	0x0000ffff
v_cmp_ngt_f16		0xff800000 0x3f800000	0x0000ffff
v_cmp_ngt_f16		0xff800000 0xbf800000	0x0000ffff
v_cmp_ngt_f16		0xff800000 0x800000	0x0000ffff
v_cmp_ngt_f16		0xff800000 0x7f7fffff	0x0000ffff
v_cmp_ngt_f16		0xff800000 0x7f800000	0x0000ffff
v_cmp_ngt_f16		0xff800000 0xff800000	0x0000ffff
v_cmp_ngt_f16		0xff800000 0x7fc00000	0x0000ffff
v_cmp_ngt_f16		0x7fc00000 0x0	0x0000ffff
v_cmp_ngt_f16		0x7fc00000 0x80000000	0x0000ffff
v_cmp_ngt_f16		0x7fc00000 0x3f000000	0x0000ffff
v_cmp_ngt_f16		0x7fc00000 0x3f800000	0x0000ffff
v_cmp_ngt_f16		0x7fc00000 0xbf800000	0x0000ffff
v_cmp_ngt_f16		0x7fc00000 0x800000	0x0000ffff
v_cmp_ngt_f16		0x7fc00000 0x7f7fffff	0x0000ffff
v_cmp_ngt_f16		0x7fc00000 0x7f800000	0x0000ffff
v_cmp_ngt_f16		0x7fc00000 0xff800000	0x0000ffff
v_cmp_ngt_f16		0x7fc00000 0x7fc00000	0x0000ffff
v_cmp_ngt_f32		0x0 0x0	0x0000ffff
v_cmp_ngt_f32		0x0 0x80000000	0x0000ffff
v_cmp_ngt_f32		0x0 0x3f000000	0x0000ffff
v_cmp_ngt_f32		0x0 0x3f800000	0x0000ffff
v_cmp_ngt_f32		0x0 0xbf800000	0x00000000
v_cmp_ngt_f32		0x0 0x800000	0x0000ffff
v_cmp_ngt_f32		0x0 0x7f7fffff	0x0000ffff
v_cmp_ngt_f32		0x0 0x7f800000	0x0000ffff
v_cmp_ngt_f32		0x0 0xff800000	0x00000000
v_cmp_ngt_f32		0x0 0x7fc00000	0x0000ffff
v_cmp_ngt_f32		0x80000000 0x0	0x0000ffff
v_cmp_ngt_f32		0x80000000 0x80000000	0x0000ffff
v_cmp_ngt_f32		0x80000000 0x3f000000	0x0000ffff
v_cmp_ngt_f32		0x80000000 0x3f800000	0x0000ffff
v_cmp_ngt_f32		0x80000000 0xbf800000	0x00000000
v_cmp_ngt_f32		0x80000000 0x800000	0x0000ffff
v_cmp_ngt_f32		0x80000000 0x7f7fffff	0x0000ffff
v_cmp_ngt_f32		0x80000000 0x7f800000	0x0000ffff
v_cmp_ngt_f32		0x80000000 0xff800000	0x00000000
v_cmp_ngt_f32		0x80000000 0x7fc00000	0x0000ffff
v_cmp_ngt_f32		0x3f000000 0x0	0x00000000
v_cmp_ngt_f32		0x3f000000 0x80000000	0x00000000
v_cmp_ngt_f32		0x3f000000 0x3f000000	0x0000ffff
v_cmp_ngt_f32		0x3f000000 0x3f800000	0x0000ffff
v_cmp_ngt_f32		0x3f000000 0xbf800000	0x00000000
v_cmp_ngt_f32		0x3f000000 0x800000	0x00000000
v_cmp_ngt_f32		0x3f000000 0x7f7fffff	0x0000ffff
v_cmp_ngt_f32		0x3f000000 0x7f800000	0x0000ffff
v_cmp_ngt_f32		0x3f000000 0xff800000	0x00000000
v_cmp_ngt_f32		0x3f000000 0x7fc00000	0x0000ffff
v_cmp_ngt_f32		0x3f800000 0x0	0x00000000
v_cmp_ngt_f32		0x3f800000 0x80000000	0x00000000
v_cmp_ngt_f32		0x3f800000 0x3f000000	0x00000000
v_cmp_ngt_f32		0x3f800000 0x3f800000	0x0000ffff
v_cmp_ngt_f32		0x3f800000 0xbf800000	0x00000000
v_cmp_ngt_f32		0x3f800000 0x800000	0x00000000
v_cmp_ngt_f32		0x3f800000 0x7f7fffff	0x0000ffff
v_cmp_ngt_f32		0x3f800000 0x7f800000	0x0000ffff
v_cmp_ngt_f32		0x3f800000 0xff800000	0x00000000
v_cmp_ngt_f32		0x3f800000 0x7fc00000	0x0000ffff
v_cmp_ngt_f32		0xbf800000 0x0	0x0000ffff
v_cmp_ngt_f32		0xbf800000 0x80000000	0x0000ffff
v_cmp_ngt_f32		0xbf800000 0x3f000000	0x0000ffff
v_cmp_ngt_f32		0xbf800000 0x3f800000	0x0000ffff
v_cmp_ngt_f32		0xbf800000 0xbf800000	0x0000ffff
v_cmp_ngt_f32		0xbf800000 0x800000	0x0000ffff
v_cmp_ngt_f32		0xbf800000 0x7f7fffff	0x0000ffff
v_cmp_ngt_f32		0xbf800000 0x7f800000	0x0000ffff
v_cmp_ngt_f32		0xbf800000 0xff800000	0x00000000
v_cmp_ngt_f32		0xbf800000 0x7fc00000	0x0000ffff
v_cmp_ngt_f32		0x800000 0x0	0x00000000
v_cmp_ngt_f32		0x800000 0x80000000	0x00000000
v_cmp_ngt_f32		0x800000 0x3f000000	0x0000ffff
v_cmp_ngt_f32		0x800000 0x3f800000	0x0000ffff
v_cmp_ngt_f32		0x800000 0xbf800000	0x00000000
v_cmp_ngt_f32		0x800000 0x800000	0x0000ffff
v_cmp_ngt_f32		0x800000 0x7f7fffff	0x0000ffff
v_cmp_ngt_f32		0x800000 0x7f800000	0x0000ffff
v_cmp_ngt_f32		0x800000 0xff800000	0x00000000
v_cmp_ngt_f32		0x800000 0x7fc00000	0x0000ffff
v_cmp_ngt_f32		0x7f7fffff 0x0	0x00000000
v_cmp_ngt_f32		0x7f7fffff 0x80000000	0x00000000
v_cmp_ngt_f32		0x7f7fffff 0x3f000000	0x00000000
v_cmp_ngt_f32		0x7f7fffff 0x3f800000	0x00000000
v_cmp_ngt_f32		0x7f7fffff 0xbf800000	0x00000000
v_cmp_ngt_f32		0x7f7fffff 0x800000	0x00000000
v_cmp_ngt_f32		0x7f7fffff 0x7f7fffff	0x0000ffff
v_cmp_ngt_f32		0x7f7fffff 0x7f800000	0x0000ffff
v_cmp_ngt_f32		0x7f7fffff 0xff800000	0x00000000
v_cmp_ngt_f32		0x7f7fffff 0x7fc00000	0x0000ffff
v_cmp_ngt_f32		0x7f800000 0x0	0x00000000
v_cmp_ngt_f32		0x7f800000 0x80000000	0x00000000
v_cmp_ngt_f32		0x7f800000 0x3f000000	0x00000000
v_cmp_ngt_f32		0x7f800000 0x3f800000	0x00000000
v_cmp_ngt_f32		0x7f800000 0xbf800000	0x00000000
v_cmp_ngt_f32		0x7f800000 0x800000	0x00000000
v_cmp_ngt_f32		0x7f800000 0x7f7fffff	0x00000000
v_cmp_ngt_f32		0x7f800000 0x7f800000	0x0000ffff
v_cmp_ngt_f32		0x7f800000 0xff800000	0x00000000
v_cmp_ngt_f32		0x7f800000 0x7fc00000	0x0000ffff
v_cmp_ngt_f32		0xff800000 0x0	0x0000ffff
v_cmp_ngt_f32		0xff800000 0x80000000	0x0000ffff
v_cmp_ngt_f32		0xff800000 0x3f000000	0x0000ffff
v_cmp_ngt_f32		0xff800000 0x3f800000	0x0000ffff
v_cmp_ngt_f32		0xff800000 0xbf800000	0x0000ffff
v_cmp_ngt_f32		0xff800000 0x800000	0x0000ffff
v_cmp_ngt_f32		0xff800000 0x7f7fffff	0x0000ffff
v_cmp_ngt_f32		0xff800000 0x7f800000	0x0000ffff
v_cmp_ngt_f32		0xff800000 0xff800000	0x0000ffff
v_cmp_ngt_f32		0xff800000 0x7fc00000	0x0000ffff
v_cmp_ngt_f32		0x7fc00000 0x0	0x0000ffff
v_cmp_ngt_f32		0x7fc00000 0x80000000	0x0000ffff
v_cmp_ngt_f32		0x7fc00000 0x3f000000	0x0000ffff
v_cmp_ngt_f32		0x7fc00000 0x3f800000	0x0000ffff
v_cmp_ngt_f32		0x7fc00000 0xbf800000	0x0000ffff
v_cmp_ngt_f32		0x7fc00000 0x800000	0x0000ffff
v_cmp_ngt_f32		0x7fc00000 0x7f7fffff	0x0000ffff
v_cmp_ngt_f32		0x7fc00000 0x7f800000	0x0000ffff
v_cmp_ngt_f32		0x7fc00000 0xff800000	0x0000ffff
v_cmp_ngt_f32		0x7fc00000 0x7fc00000	0x0000ffff
v_cmp_nle_f16		0x0 0x0	0x00000000
v_cmp_nle_f16		0x0 0x80000000	0x00000000
v_cmp_nle_f16		0x0 0x3f000000	0x00000000
v_cmp_nle_f16		0x0 0x3f800000	0x00000000
v_cmp_nle_f16		0x0 0xbf800000	0x00000000
v_cmp_nle_f16		0x0 0x800000	0x00000000
v_cmp_nle_f16		0x0 0x7f7fffff	0x0000ffff
v_cmp_nle_f16		0x0 0x7f800000	0x00000000
v_cmp_nle_f16		0x0 0xff800000	0x00000000
v_cmp_nle_f16		0x0 0x7fc00000	0x00000000
v_cmp_nle_f16		0x80000000 0x0	0x00000000
v_cmp_nle_f16		0x80000000 0x80000000	0x00000000
v_cmp_nle_f16		0x80000000 0x3f000000	0x00000000
v_cmp_nle_f16		0x80000000 0x3f800000	0x00000000
v_cmp_nle_f16		0x80000000 0xbf800000	0x00000000
v_cmp_nle_f16		0x80000000 0x800000	0x00000000
v_cmp_nle_f16		0x80000000 0x7f7fffff	0x0000ffff
v_cmp_nle_f16		0x80000000 0x7f800000	0x00000000
v_cmp_nle_f16		0x80000000 0xff800000	0x00000000
v_cmp_nle_f16		0x80000000 0x7fc00000	0x00000000
v_cmp_nle_f16		0x3f000000 0x0	0x00000000
v_cmp_nle_f16		0x3f000000 0x80000000	0x00000000
v_cmp_nle_f16		0x3f000000 0x3f000000	0x00000000
v_cmp_nle_f16		0x3f000000 0x3f800000	0x00000000
v_cmp_nle_f16		0x3f000000 0xbf800000	0x00000000
v_cmp_nle_f16		0x3f000000 0x800000	0x00000000
v_cmp_nle_f16		0x3f000000 0x7f7fffff	0x0000ffff
v_cmp_nle_f16		0x3f000000 0x7f800000	0x00000000
v_cmp_nle_f16		0x3f000000 0xff800000	0x00000000
v_cmp_nle_f16		0x3f000000 0x7fc00000	0x00000000
v_cmp_nle_f16		0x3f800000 0x0	0x00000000
v_cmp_nle_f16		0x3f800000 0x80000000	0x00000000
v_cmp_nle_f16		0x3f800000 0x3f000000	0x00000000
v_cmp_nle_f16		0x3f800000 0x3f800000	0x00000000
v_cmp_nle_f16		0x3f800000 0xbf800000	0x00000000
v_cmp_nle_f16		0x3f800000 0x800000	0x00000000
v_cmp_nle_f16		0x3f800000 0x7f7fffff	0x0000ffff
v_cmp_nle_f16		0x3f800000 0x7f800000	0x00000000
v_cmp_nle_f16		0x3f800000 0xff800000	0x00000000
v_cmp_nle_f16		0x3f800000 0x7fc00000	0x00000000
v_cmp_nle_f16		0xbf800000 0x0	0x00000000
v_cmp_nle_f16		0xbf800000 0x80000000	0x00000000
v_cmp_nle_f16		0xbf800000 0x3f000000	0x00000000
v_cmp_nle_f16		0xbf800000 0x3f800000	0x00000000
v_cmp_nle_f16		0xbf800000 0xbf800000	0x00000000
v_cmp_nle_f16		0xbf800000 0x800000	0x00000000
v_cmp_nle_f16		0xbf800000 0x7f7fffff	0x0000ffff
v_cmp_nle_f16		0xbf800000 0x7f800000	0x00000000
v_cmp_nle_f16		0xbf800000 0xff800000	0x00000000
v_cmp_nle_f16		0xbf800000 0x7fc00000	0x00000000
v_cmp_nle_f16		0x800000 0x0	0x00000000
v_cmp_nle_f16		0x800000 0x80000000	0x00000000
v_cmp_nle_f16		0x800000 0x3f000000	0x00000000
v_cmp_nle_f16		0x800000 0x3f800000	0x00000000
v_cmp_nle_f16		0x800000 0xbf800000	0x00000000
v_cmp_nle_f16		0x800000 0x800000	0x00000000
v_cmp_nle_f16		0x800000 0x7f7fffff	0x0000ffff
v_cmp_nle_f16		0x800000 0x7f800000	0x00000000
v_cmp_nle_f16		0x800000 0xff800000	0x00000000
v_cmp_nle_f16		0x800000 0x7fc00000	0x00000000
v_cmp_nle_f16		0x7f7fffff 0x0	0x0000ffff
v_cmp_nle_f16		0x7f7fffff 0x80000000	0x0000ffff
v_cmp_nle_f16		0x7f7fffff 0x3f000000	0x0000ffff
v_cmp_nle_f16		0x7f7fffff 0x3f800000	0x0000ffff
v_cmp_nle_f16		0x7f7fffff 0xbf800000	0x0000ffff
v_cmp_nle_f16		0x7f7fffff 0x800000	0x0000ffff
v_cmp_nle_f16		0x7f7fffff 0x7f7fffff	0x0000ffff
v_cmp_nle_f16		0x7f7fffff 0x7f800000	0x0000ffff
v_cmp_nle_f16		0x7f7fffff 0xff800000	0x0000ffff
v_cmp_nle_f16		0x7f7fffff 0x7fc00000	0x0000ffff
v_cmp_nle_f16		0x7f800000 0x0	0x00000000
v_cmp_nle_f16		0x7f800000 0x80000000	0x00000000
v_cmp_nle_f16		0x7f800000 0x3f000000	0x00000000
v_cmp_nle_f16		0x7f800000 0x3f800000	0x00000000
v_cmp_nle_f16		0x7f800000 0xbf800000	0x00000000
v_cmp_nle_f16		0x7f800000 0x800000	0x00000000
v_cmp_nle_f16		0x7f800000 0x7f7fffff	0x0000ffff
v_cmp_nle_f16		0x7f800000 0x7f800000	0x00000000
v_cmp_nle_f16		0x7f800000 0xff800000	0x00000000
v_cmp_nle_f16		0x7f800000 0x7fc00000	0x00000000
v_cmp_nle_f16		0xff800000 0x0	0x00000000
v_cmp_nle_f16		0xff800000 0x80000000	0x00000000
v_cmp_nle_f16		0xff800000 0x3f000000	0x00000000
v_cmp_nle_f16		0xff800000 0x3f800000	0x00000000
v_cmp_nle_f16		0xff800000 0xbf800000	0x00000000
v_cmp_nle_f16		0xff800000 0x800000	0x00000000
v_cmp_nle_f16		0xff800000 0x7f7fffff	0x0000ffff
v_cmp_nle_f16		0xff800000 0x7f800000	0x00000000
v_cmp_nle_f16		0xff800000 0xff800000	0x00000000
v_cmp_nle_f16		0xff800000 0x7fc00000	0x00000000
v_cmp_nle_f16		0x7fc00000 0x0	0x00000000
v_cmp_nle_f16		0x7fc00000 0x80000000	0x00000000
v_cmp_nle_f16		0x7fc00000 0x3f000000	0x00000000
v_cmp_nle_f16		0x7fc00000 0x3f800000	0x00000000
v_cmp_nle_f16		0x7fc00000 0xbf800000	0x00000000
v_cmp_nle_f16		0x7fc00000 0x800000	0x00000000
v_cmp_nle_f16		0x7fc00000 0x7f7fffff	0x0000ffff
v_cmp_nle_f16		0x7fc00000 0x7f800000	0x00000000
v_cmp_nle_f16		0x7fc00000 0xff800000	0x00000000
v_cmp_nle_f16		0x7fc00000 0x7fc00000	0x00000000
v_cmp_nle_f32		0x0 0x0	0x00000000
v_cmp_nle_f32		0x0 0x80000000	0x00000000
v_cmp_nle_f32		0x0 0x3f000000	0x00000000
v_cmp_nle_f32		0x0 0x3f800000	0x00000000
v_cmp_nle_f32		0x0 0xbf800000	0x0000ffff
v_cmp_nle_f32		0x0 0x800000	0x00000000
v_cmp_nle_f32		0x0 0x7f7fffff	0x00000000
v_cmp_nle_f32		0x0 0x7f800000	0x00000000
v_cmp_nle_f32		0x0 0xff800000	0x0000ffff
v_cmp_nle_f32		0x0 0x7fc00000	0x0000ffff
v_cmp_nle_f32		0x80000000 0x0	0x00000000
v_cmp_nle_f32		0x80000000 0x80000000	0x00000000
v_cmp_nle_f32		0x80000000 0x3f000000	0x00000000
v_cmp_nle_f32		0x80000000 0x3f800000	0x00000000
v_cmp_nle_f32		0x80000000 0xbf800000	0x0000ffff
v_cmp_nle_f32		0x80000000 0x800000	0x00000000
v_cmp_nle_f32		0x80000000 0x7f7fffff	0x00000000
v_cmp_nle_f32		0x80000000 0x7f800000	0x00000000
v_cmp_nle_f32		0x80000000 0xff800000	0x0000ffff
v_cmp_nle_f32		0x80000000 0x7fc00000	0x0000ffff
v_cmp_nle_f32		0x3f000000 0x0	0x0000ffff
v_cmp_nle_f32		0x3f000000 0x80000000	0x0000ffff
v_cmp_nle_f32		0x3f000000 0x3f000000	0x00000000
v_cmp_nle_f32		0x3f000000 0x3f800000	0x00000000
v_cmp_nle_f32		0x3f000000 0xbf800000	0x0000ffff
v_cmp_nle_f32		0x3f000000 0x800000	0x0000ffff
v_cmp_nle_f32		0x3f000000 0x7f7fffff	0x00000000
v_cmp_nle_f32		0x3f000000 0x7f800000	0x00000000
v_cmp_nle_f32		0x3f000000 0xff800000	0x0000ffff
v_cmp_nle_f32		0x3f000000 0x7fc00000	0x0000ffff
v_cmp_nle_f32		0x3f800000 0x0	0x0000ffff
v_cmp_nle_f32		0x3f800000 0x80000000	0x0000ffff
v_cmp_nle_f32		0x3f800000 0x3f000000	0x0000ffff
v_cmp_nle_f32		0x3f800000 0x3f800000	0x00000000
v_cmp_nle_f32		0x3f800000 0xbf800000	0x0000ffff
v_cmp_nle_f32		0x3f800000 0x800000	0x0000ffff
v_cmp_nle_f32		0x3f800000 0x7f7fffff	0x00000000
v_cmp_nle_f32		0x3f800000 0x7f800000	0x00000000
v_cmp_nle_f32		0x3f800000 0xff800000	0x0000ffff
v_cmp_nle_f32		0x3f800000 0x7fc00000	0x0000ffff
v_cmp_nle_f32		0xbf800000 0x0	0x00000000
v_cmp_nle_f32		0xbf800000 0x80000000	0x00000000
v_cmp_nle_f32		0xbf800000 0x3f000000	0x00000000
v_cmp_nle_f32		0xbf800000 0x3f800000	0x00000000
v_cmp_nle_f32		0xbf800000 0xbf800000	0x00000000
v_cmp_nle_f32		0xbf800000 0x800000	0x00000000
v_cmp_nle_f32		0xbf800000 0x7f7fffff	0x00000000
v_cmp_nle_f32		0xbf800000 0x7f800000	0x00000000
v_cmp_nle_f32		0xbf800000 0xff800000	0x0000ffff
v_cmp_nle_f32		0xbf800000 0x7fc00000	0x0000ffff
v_cmp_nle_f32		0x800000 0x0	0x0000ffff
v_cmp_nle_f32		0x800000 0x80000000	0x0000ffff
v_cmp_nle_f32		0x800000 0x3f000000	0x00000000
v_cmp_nle_f32		0x800000 0x3f800000	0x00000000
v_cmp_nle_f32		0x800000 0xbf800000	0x0000ffff
v_cmp_nle_f32		0x800000 0x800000	0x00000000
v_cmp_nle_f32		0x800000 0x7f7fffff	0x00000000
v_cmp_nle_f32		0x800000 0x7f800000	0x00000000
v_cmp_nle_f32		0x800000 0xff800000	0x0000ffff
v_cmp_nle_f32		0x800000 0x7fc00000	0x0000ffff
v_cmp_nle_f32		0x7f7fffff 0x0	0x0000ffff
v_cmp_nle_f32		0x7f7fffff 0x80000000	0x0000ffff
v_cmp_nle_f32		0x7f7fffff 0x3f000000	0x0000ffff
v_cmp_nle_f32		0x7f7fffff 0x3f800000	0x0000ffff
v_cmp_nle_f32		0x7f7fffff 0xbf800000	0x0000ffff
v_cmp_nle_f32		0x7f7fffff 0x800000	0x0000ffff
v_cmp_nle_f32		0x7f7fffff 0x7f7fffff	0x00000000
v_cmp_nle_f32		0x7f7fffff 0x7f800000	0x00000000
v_cmp_nle_f32		0x7f7fffff 0xff800000	0x0000ffff
v_cmp_nle_f32		0x7f7fffff 0x7fc00000	0x0000ffff
v_cmp_nle_f32		0x7f800000 0x0	0x0000ffff
v_cmp_nle_f32		0x7f800000 0x80000000	0x0000ffff
v_cmp_nle_f32		0x7f800000 0x3f000000	0x0000ffff
v_cmp_nle_f32		0x7f800000 0x3f800000	0x0000ffff
v_cmp_nle_f32		0x7f800000 0xbf800000	0x0000ffff
v_cmp_nle_f32		0x7f800000 0x800000	0x0000ffff
v_cmp_nle_f32		0x7f800000 0x7f7fffff	0x0000ffff
v_cmp_nle_f32		0x7f800000 0x7f800000	0x00000000
v_cmp_nle_f32		0x7f800000 0xff800000	0x0000ffff
v_cmp_nle_f32		0x7f800000 0x7fc00000	0x0000ffff
v_cmp_nle_f32		0xff800000 0x0	0x00000000
v_cmp_nle_f32		0xff800000 0x80000000	0x00000000
v_cmp_nle_f32		0xff800000 0x3f000000	0x00000000
v_cmp_nle_f32		0xff800000 0x3f800000	0x00000000
v_cmp_nle_f32		0xff800000 0xbf800000	0x00000000
v_cmp_nle_f32		0xff800000 0x800000	0x00000000
v_cmp_nle_f32		0xff800000 0x7f7fffff	0x00000000
v_cmp_nle_f32		0xff800000 0x7f800000	0x00000000
v_cmp_nle_f32		0xff800000 0xff800000	0x00000000
v_cmp_nle_f32		0xff800000 0x7fc00000	0x0000ffff
v_cmp_nle_f32		0x7fc00000 0x0	0x0000ffff
v_cmp_nle_f32		0x7fc00000 0x80000000	0x0000ffff
v_cmp_nle_f32		0x7fc00000 0x3f000000	0x0000ffff
v_cmp_nle_f32		0x7fc00000 0x3f800000	0x0000ffff
v_cmp_nle_f32		0x7fc00000 0xbf800000	0x0000ffff
v_cmp_nle_f32		0x7fc00000 0x800000	0x0000ffff
v_cmp_nle_f32		0x7fc00000 0x7f7fffff	0x0000ffff
v_cmp_nle_f32		0x7fc00000 0x7f800000	0x0000ffff
v_cmp_nle_f32		0x7fc00000 0xff800000	0x0000ffff
v_cmp_nle_f32		0x7fc00000 0x7fc00000	0x0000ffff
v_cmp_nlg_f16		0x0 0x0	0x0000ffff
v_cmp_nlg_f16		0x0 0x80000000	0x0000ffff
v_cmp_nlg_f16		0x0 0x3f000000	0x0000ffff
v_cmp_nlg_f16		0x0 0x3f800000	0x0000ffff
v_cmp_nlg_f16		0x0 0xbf800000	0x0000ffff
v_cmp_nlg_f16		0x0 0x800000	0x0000ffff
v_cmp_nlg_f16		0x0 0x7f7fffff	0x0000ffff
v_cmp_nlg_f16		0x0 0x7f800000	0x0000ffff
v_cmp_nlg_f16		0x0 0xff800000	0x0000ffff
v_cmp_nlg_f16		0x0 0x7fc00000	0x0000ffff
v_cmp_nlg_f16		0x80000000 0x0	0x0000ffff
v_cmp_nlg_f16		0x80000000 0x80000000	0x0000ffff
v_cmp_nlg_f16		0x80000000 0x3f000000	0x0000ffff
v_cmp_nlg_f16		0x80000000 0x3f800000	0x0000ffff
v_cmp_nlg_f16		0x80000000 0xbf800000	0x0000ffff
v_cmp_nlg_f16		0x80000000 0x800000	0x0000ffff
v_cmp_nlg_f16		0x80000000 0x7f7fffff	0x0000ffff
v_cmp_nlg_f16		0x80000000 0x7f800000	0x0000ffff
v_cmp_nlg_f16		0x80000000 0xff800000	0x0000ffff
v_cmp_nlg_f16		0x80000000 0x7fc00000	0x0000ffff
v_cmp_nlg_f16		0x3f000000 0x0	0x0000ffff
v_cmp_nlg_f16		0x3f000000 0x80000000	0x0000ffff
v_cmp_nlg_f16		0x3f000000 0x3f000000	0x0000ffff
v_cmp_nlg_f16		0x3f000000 0x3f800000	0x0000ffff
v_cmp_nlg_f16		0x3f000000 0xbf800000	0x0000ffff
v_cmp_nlg_f16		0x3f000000 0x800000	0x0000ffff
v_cmp_nlg_f16		0x3f000000 0x7f7fffff	0x0000ffff
v_cmp_nlg_f16		0x3f000000 0x7f800000	0x0000ffff
v_cmp_nlg_f16		0x3f000000 0xff800000	0x0000ffff
v_cmp_nlg_f16		0x3f000000 0x7fc00000	0x0000ffff
v_cmp_nlg_f16		0x3f800000 0x0	0x0000ffff
v_cmp_nlg_f16		0x3f800000 0x80000000	0x0000ffff
v_cmp_nlg_f16		0x3f800000 0x3f000000	0x0000ffff
v_cmp_nlg_f16		0x3f800000 0x3f800000	0x0000ffff
v_cmp_nlg_f16		0x3f800000 0xbf800000	0x0000ffff
v_cmp_nlg_f16		0x3f800000 0x800000	0x0000ffff
v_cmp_nlg_f16		0x3f800000 0x7f7fffff	0x0000ffff
v_cmp_nlg_f16		0x3f800000 0x7f800000	0x0000ffff
v_cmp_nlg_f16		0x3f800000 0xff800000	0x0000ffff
v_cmp_nlg_f16		0x3f800000 0x7fc00000	0x0000ffff
v_cmp_nlg_f16		0xbf800000 0x0	0x0000ffff
v_cmp_nlg_f16		0xbf800000 0x80000000	0x0000ffff
v_cmp_nlg_f16		0xbf800000 0x3f000000	0x0000ffff
v_cmp_nlg_f16		0xbf800000 0x3f800000	0x0000ffff
v_cmp_nlg_f16		0xbf800000 0xbf800000	0x0000ffff
v_cmp_nlg_f16		0xbf800000 0x800000	0x0000ffff
v_cmp_nlg_f16		0xbf800000 0x7f7fffff	0x0000ffff
v_cmp_nlg_f16		0xbf800000 0x7f800000	0x0000ffff
v_cmp_nlg_f16		0xbf800000 0xff800000	0x0000ffff
v_cmp_nlg_f16		0xbf800000 0x7fc00000	0x0000ffff
v_cmp_nlg_f16		0x800000 0x0	0x0000ffff
v_cmp_nlg_f16		0x800000 0x80000000	0x0000ffff
v_cmp_nlg_f16		0x800000 0x3f000000	0x0000ffff
v_cmp_nlg_f16		0x800000 0x3f800000	0x0000ffff
v_cmp_nlg_f16		0x800000 0xbf800000	0x0000ffff
v_cmp_nlg_f16		0x800000 0x800000	0x0000ffff
v_cmp_nlg_f16		0x800000 0x7f7fffff	0x0000ffff
v_cmp_nlg_f16		0x800000 0x7f800000	0x0000ffff
v_cmp_nlg_f16		0x800000 0xff800000	0x0000ffff
v_cmp_nlg_f16		0x800000 0x7fc00000	0x0000ffff
v_cmp_nlg_f16		0x7f7fffff 0x0	0x0000ffff
v_cmp_nlg_f16		0x7f7fffff 0x80000000	0x0000ffff
v_cmp_nlg_f16		0x7f7fffff 0x3f000000	0x0000ffff
v_cmp_nlg_f16		0x7f7fffff 0x3f800000	0x0000ffff
v_cmp_nlg_f16		0x7f7fffff 0xbf800000	0x0000ffff
v_cmp_nlg_f16		0x7f7fffff 0x800000	0x0000ffff
v_cmp_nlg_f16		0x7f7fffff 0x7f7fffff	0x0000ffff
v_cmp_nlg_f16		0x7f7fffff 0x7f800000	0x0000ffff
v_cmp_nlg_f16		0x7f7fffff 0xff800000	0x0000ffff
v_cmp_nlg_f16		0x7f7fffff 0x7fc00000	0x0000ffff
v_cmp_nlg_f16		0x7f800000 0x0	0x0000ffff
v_cmp_nlg_f16		0x7f800000 0x80000000	0x0000ffff
v_cmp_nlg_f16		0x7f800000 0x3f000000	0x0000ffff
v_cmp_nlg_f16		0x7f800000 0x3f800000	0x0000ffff
v_cmp_nlg_f16		0x7f800000 0xbf800000	0x0000ffff
v_cmp_nlg_f16		0x7f800000 0x800000	0x0000ffff
v_cmp_nlg_f16		0x7f800000 0x7f7fffff	0x0000ffff
v_cmp_nlg_f16		0x7f800000 0x7f800000	0x0000ffff
v_cmp_nlg_f16		0x7f800000 0xff800000	0x0000ffff
v_cmp_nlg_f16		0x7f800000 0x7fc00000	0x0000ffff
v_cmp_nlg_f16		0xff800000 0x0	0x0000ffff
v_cmp_nlg_f16		0xff800000 0x80000000	0x0000ffff
v_cmp_nlg_f16		0xff800000 0x3f000000	0x0000ffff
v_cmp_nlg_f16		0xff800000 0x3f800000	0x0000ffff
v_cmp_nlg_f16		0xff800000 0xbf800000	0x0000ffff
v_cmp_nlg_f16		0xff800000 0x800000	0x0000ffff
v_cmp_nlg_f16		0xff800000 0x7f7fffff	0x0000ffff
v_cmp_nlg_f16		0xff800000 0x7f800000	0x0000ffff
v_cmp_nlg_f16		0xff800000 0xff800000	0x0000ffff
v_cmp_nlg_f16		0xff800000 0x7fc00000	0x0000ffff
v_cmp_nlg_f16		0x7fc00000 0x0	0x0000ffff
v_cmp_nlg_f16		0x7fc00000 0x80000000	0x0000ffff
v_cmp_nlg_f16		0x7fc00000 0x3f000000	0x0000ffff
v_cmp_nlg_f16		0x7fc00000 0x3f800000	0x0000ffff
v_cmp_nlg_f16		0x7fc00000 0xbf800000	0x0000ffff
v_cmp_nlg_f16		0x7fc00000 0x800000	0x0000ffff
v_cmp_nlg_f16		0x7fc00000 0x7f7fffff	0x0000ffff
v_cmp_nlg_f16		0x7fc00000 0x7f800000	0x0000ffff
v_cmp_nlg_f16		0x7fc00000 0xff800000	0x0000ffff
v_cmp_nlg_f16		0x7fc00000 0x7fc00000	0x0000ffff
v_cmp_nlg_f32		0x0 0x0	0x0000ffff
v_cmp_nlg_f32		0x0 0x80000000	0x0000ffff
v_cmp_nlg_f32		0x0 0x3f000000	0x00000000
v_cmp_nlg_f32		0x0 0x3f800000	0x00000000
v_cmp_nlg_f32		0x0 0xbf800000	0x00000000
v_cmp_nlg_f32		0x0 0x800000	0x00000000
v_cmp_nlg_f32		0x0 0x7f7fffff	0x00000000
v_cmp_nlg_f32		0x0 0x7f800000	0x00000000
v_cmp_nlg_f32		0x0 0xff800000	0x00000000
v_cmp_nlg_f32		0x0 0x7fc00000	0x0000ffff
v_cmp_nlg_f32		0x80000000 0x0	0x0000ffff
v_cmp_nlg_f32		0x80000000 0x80000000	0x0000ffff
v_cmp_nlg_f32		0x80000000 0x3f000000	0x00000000
v_cmp_nlg_f32		0x80000000 0x3f800000	0x00000000
v_cmp_nlg_f32		0x80000000 0xbf800000	0x00000000
v_cmp_nlg_f32		0x80000000 0x800000	0x00000000
v_cmp_nlg_f32		0x80000000 0x7f7fffff	0x00000000
v_cmp_nlg_f32		0x80000000 0x7f800000	0x00000000
v_cmp_nlg_f32		0x80000000 0xff800000	0x00000000
v_cmp_nlg_f32		0x80000000 0x7fc00000	0x0000ffff
v_cmp_nlg_f32		0x3f000000 0x0	0x00000000
v_cmp_nlg_f32		0x3f000000 0x80000000	0x00000000
v_cmp_nlg_f32		0x3f000000 0x3f000000	0x0000ffff
v_cmp_nlg_f32		0x3f000000 0x3f800000	0x00000000
v_cmp_nlg_f32		0x3f000000 0xbf800000	0x00000000
v_cmp_nlg_f32		0x3f000000 0x800000	0x00000000
v_cmp_nlg_f32		0x3f000000 0x7f7fffff	0x00000000
v_cmp_nlg_f32		0x3f000000 0x7f800000	0x00000000
v_cmp_nlg_f32		0x3f000000 0xff800000	0x00000000
v_cmp_nlg_f32		0x3f000000 0x7fc00000	0x0000ffff
v_cmp_nlg_f32		0x3f800000 0x0	0x00000000
v_cmp_nlg_f32		0x3f800000 0x80000000	0x00000000
v_cmp_nlg_f32		0x3f800000 0x3f000000	0x00000000
v_cmp_nlg_f32		0x3f800000 0x3f800000	0x0000ffff
v_cmp_nlg_f32		0x3f800000 0xbf800000	0x00000000
v_cmp_nlg_f32		0x3f800000 0x800000	0x00000000
v_cmp_nlg_f32		0x3f800000 0x7f7fffff	0x00000000
v_cmp_nlg_f32		0x3f800000 0x7f800000	0x00000000
v_cmp_nlg_f32		0x3f800000 0xff800000	0x00000000
v_cmp_nlg_f32		0x3f800000 0x7fc00000	0x0000ffff
v_cmp_nlg_f32		0xbf800000 0x0	0x00000000
v_cmp_nlg_f32		0xbf800000 0x80000000	0x00000000
v_cmp_nlg_f32		0xbf800000 0x3f000000	0x00000000
v_cmp_nlg_f32		0xbf800000 0x3f800000	0x00000000
v_cmp_nlg_f32		0xbf800000 0xbf800000	0x0000ffff
v_cmp_nlg_f32		0xbf800000 0x800000	0x00000000
v_cmp_nlg_f32		0xbf800000 0x7f7fffff	0x00000000
v_cmp_nlg_f32		0xbf800000 0x7f800000	0x00000000
v_cmp_nlg_f32		0xbf800000 0xff800000	0x00000000
v_cmp_nlg_f32		0xbf800000 0x7fc00000	0x0000ffff
v_cmp_nlg_f32		0x800000 0x0	0x00000000
v_cmp_nlg_f32		0x800000 0x80000000	0x00000000
v_cmp_nlg_f32		0x800000 0x3f000000	0x00000000
v_cmp_nlg_f32		0x800000 0x3f800000	0x00000000
v_cmp_nlg_f32		0x800000 0xbf800000	0x00000000
v_cmp_nlg_f32		0x800000 0x800000	0x0000ffff
v_cmp_nlg_f32		0x800000 0x7f7fffff	0x00000000
v_cmp_nlg_f32		0x800000 0x7f800000	0x00000000
v_cmp_nlg_f32		0x800000 0xff800000	0x00000000
v_cmp_nlg_f32		0x800000 0x7fc00000	0x0000ffff
v_cmp_nlg_f32		0x7f7fffff 0x0	0x00000000
v_cmp_nlg_f32		0x7f7fffff 0x80000000	0x00000000
v_cmp_nlg_f32		0x7f7fffff 0x3f000000	0x00000000
v_cmp_nlg_f32		0x7f7fffff 0x3f800000	0x00000000
v_cmp_nlg_f32		0x7f7fffff 0xbf800000	0x00000000
v_cmp_nlg_f32		0x7f7fffff 0x800000	0x00000000
v_cmp_nlg_f32		0x7f7fffff 0x7f7fffff	0x0000ffff
v_cmp_nlg_f32		0x7f7fffff 0x7f800000	0x00000000
v_cmp_nlg_f32		0x7f7fffff 0xff800000	0x00000000
v_cmp_nlg_f32		0x7f7fffff 0x7fc00000	0x0000ffff
v_cmp_nlg_f32		0x7f800000 0x0	0x00000000
v_cmp_nlg_f32		0x7f800000 0x80000000	0x00000000
v_cmp_nlg_f32		0x7f800000 0x3f000000	0x00000000
v_cmp_nlg_f32		0x7f800000 0x3f800000	0x00000000
v_cmp_nlg_f32		0x7f800000 0xbf800000	0x00000000
v_cmp_nlg_f32		0x7f800000 0x800000	0x00000000
v_cmp_nlg_f32		0x7f800000 0x7f7fffff	0x00000000
v_cmp_nlg_f32		0x7f800000 0x7f800000	0x0000ffff
v_cmp_nlg_f32		0x7f800000 0xff800000	0x00000000
v_cmp_nlg_f32		0x7f800000 0x7fc00000	0x0000ffff
v_cmp_nlg_f32		0xff800000 0x0	0x00000000
v_cmp_nlg_f32		0xff800000 0x80000000	0x00000000
v_cmp_nlg_f32		0xff800000 0x3f000000	0x00000000
v_cmp_nlg_f32		0xff800000 0x3f800000	0x00000000
v_cmp_nlg_f32		0xff800000 0xbf800000	0x00000000
v_cmp_nlg_f32		0xff800000 0x800000	0x00000000
v_cmp_nlg_f32		0xff800000 0x7f7fffff	0x00000000
v_cmp_nlg_f32		0xff800000 0x7f800000	0x00000000
v_cmp_nlg_f32		0xff800000 0xff800000	0x0000ffff
v_cmp_nlg_f32		0xff800000 0x7fc00000	0x0000ffff
v_cmp_nlg_f32		0x7fc00000 0x0	0x0000ffff
v_cmp_nlg_f32		0x7fc00000 0x80000000	0x0000ffff
v_cmp_nlg_f32		0x7fc00000 0x3f000000	0x0000ffff
v_cmp_nlg_f32		0x7fc00000 0x3f800000	0x0000ffff
v_cmp_nlg_f32		0x7fc00000 0xbf800000	0x0000ffff
v_cmp_nlg_f32		0x7fc00000 0x800000	0x0000ffff
v_cmp_nlg_f32		0x7fc00000 0x7f7fffff	0x0000ffff
v_cmp_nlg_f32		0x7fc00000 0x7f800000	0x0000ffff
v_cmp_nlg_f32		0x7fc00000 0xff800000	0x0000ffff
v_cmp_nlg_f32		0x7fc00000 0x7fc00000	0x0000ffff
v_cmp_nlt_f16		0x0 0x0	0x0000ffff
v_cmp_nlt_f16		0x0 0x80000000	0x0000ffff
v_cmp_nlt_f16		0x0 0x3f000000	0x0000ffff
v_cmp_nlt_f16		0x0 0x3f800000	0x0000ffff
v_cmp_nlt_f16		0x0 0xbf800000	0x0000ffff
v_cmp_nlt_f16		0x0 0x800000	0x0000ffff
v_cmp_nlt_f16		0x0 0x7f7fffff	0x0000ffff
v_cmp_nlt_f16		0x0 0x7f800000	0x0000ffff
v_cmp_nlt_f16		0x0 0xff800000	0x0000ffff
v_cmp_nlt_f16		0x0 0x7fc00000	0x0000ffff
v_cmp_nlt_f16		0x80000000 0x0	0x0000ffff
v_cmp_nlt_f16		0x80000000 0x80000000	0x0000ffff
v_cmp_nlt_f16		0x80000000 0x3f000000	0x0000ffff
v_cmp_nlt_f16		0x80000000 0x3f800000	0x0000ffff
v_cmp_nlt_f16		0x80000000 0xbf800000	0x0000ffff
v_cmp_nlt_f16		0x80000000 0x800000	0x0000ffff
v_cmp_nlt_f16		0x80000000 0x7f7fffff	0x0000ffff
v_cmp_nlt_f16		0x80000000 0x7f800000	0x0000ffff
v_cmp_nlt_f16		0x80000000 0xff800000	0x0000ffff
v_cmp_nlt_f16		0x80000000 0x7fc00000	0x0000ffff
v_cmp_nlt_f16		0x3f000000 0x0	0x0000ffff
v_cmp_nlt_f16		0x3f000000 0x80000000	0x0000ffff
v_cmp_nlt_f16		0x3f000000 0x3f000000	0x0000ffff
v_cmp_nlt_f16		0x3f000000 0x3f800000	0x0000ffff
v_cmp_nlt_f16		0x3f000000 0xbf800000	0x0000ffff
v_cmp_nlt_f16		0x3f000000 0x800000	0x0000ffff
v_cmp_nlt_f16		0x3f000000 0x7f7fffff	0x0000ffff
v_cmp_nlt_f16		0x3f000000 0x7f800000	0x0000ffff
v_cmp_nlt_f16		0x3f000000 0xff800000	0x0000ffff
v_cmp_nlt_f16		0x3f000000 0x7fc00000	0x0000ffff
v_cmp_nlt_f16		0x3f800000 0x0	0x0000ffff
v_cmp_nlt_f16		0x3f800000 0x80000000	0x0000ffff
v_cmp_nlt_f16		0x3f800000 0x3f000000	0x0000ffff
v_cmp_nlt_f16		0x3f800000 0x3f800000	0x0000ffff
v_cmp_nlt_f16		0x3f800000 0xbf800000	0x0000ffff
v_cmp_nlt_f16		0x3f800000 0x800000	0x0000ffff
v_cmp_nlt_f16		0x3f800000 0x7f7fffff	0x0000ffff
v_cmp_nlt_f16		0x3f800000 0x7f800000	0x0000ffff
v_cmp_nlt_f16		0x3f800000 0xff800000	0x0000ffff
v_cmp_nlt_f16		0x3f800000 0x7fc00000	0x0000ffff
v_cmp_nlt_f16		0xbf800000 0x0	0x0000ffff
v_cmp_nlt_f16		0xbf800000 0x80000000	0x0000ffff
v_cmp_nlt_f16		0xbf800000 0x3f000000	0x0000ffff
v_cmp_nlt_f16		0xbf800000 0x3f800000	0x0000ffff
v_cmp_nlt_f16		0xbf800000 0xbf800000	0x0000ffff
v_cmp_nlt_f16		0xbf800000 0x800000	0x0000ffff
v_cmp_nlt_f16		0xbf800000 0x7f7fffff	0x0000ffff
v_cmp_nlt_f16		0xbf800000 0x7f800000	0x0000ffff
v_cmp_nlt_f16		0xbf800000 0xff800000	0x0000ffff
v_cmp_nlt_f16		0xbf800000 0x7fc00000	0x0000ffff
v_cmp_nlt_f16		0x800000 0x0	0x0000ffff
v_cmp_nlt_f16		0x800000 0x80000000	0x0000ffff
v_cmp_nlt_f16		0x800000 0x3f000000	0x0000ffff
v_cmp_nlt_f16		0x800000 0x3f800000	0x0000ffff
v_cmp_nlt_f16		0x800000 0xbf800000	0x0000ffff
v_cmp_nlt_f16		0x800000 0x800000	0x0000ffff
v_cmp_nlt_f16		0x800000 0x7f7fffff	0x0000ffff
v_cmp_nlt_f16		0x800000 0x7f800000	0x0000ffff
v_cmp_nlt_f16		0x800000 0xff800000	0x0000ffff
v_cmp_nlt_f16		0x800000 0x7fc00000	0x0000ffff
v_cmp_nlt_f16		0x7f7fffff 0x0	0x0000ffff
v_cmp_nlt_f16		0x7f7fffff 0x80000000	0x0000ffff
v_cmp_nlt_f16		0x7f7fffff 0x3f000000	0x0000ffff
v_cmp_nlt_f16		0x7f7fffff 0x3f800000	0x0000ffff
v_cmp_nlt_f16		0x7f7fffff 0xbf800000	0x0000ffff
v_cmp_nlt_f16		0x7f7fffff 0x800000	0x0000ffff
v_cmp_nlt_f16		0x7f7fffff 0x7f7fffff	0x0000ffff
v_cmp_nlt_f16		0x7f7fffff 0x7f800000	0x0000ffff
v_cmp_nlt_f16		0x7f7fffff 0xff800000	0x0000ffff
v_cmp_nlt_f16		0x7f7fffff 0x7fc00000	0x0000ffff
v_cmp_nlt_f16		0x7f800000 0x0	0x0000ffff
v_cmp_nlt_f16		0x7f800000 0x80000000	0x0000ffff
v_cmp_nlt_f16		0x7f800000 0x3f000000	0x0000ffff
v_cmp_nlt_f16		0x7f800000 0x3f800000	0x0000ffff
v_cmp_nlt_f16		0x7f800000 0xbf800000	0x0000ffff
v_cmp_nlt_f16		0x7f800000 0x800000	0x0000ffff
v_cmp_nlt_f16		0x7f800000 0x7f7fffff	0x0000ffff
v_cmp_nlt_f16		0x7f800000 0x7f800000	0x0000ffff
v_cmp_nlt_f16		0x7f800000 0xff800000	0x0000ffff
v_cmp_nlt_f16		0x7f800000 0x7fc00000	0x0000ffff
v_cmp_nlt_f16		0xff800000 0x0	0x0000ffff
v_cmp_nlt_f16		0xff800000 0x80000000	0x0000ffff
v_cmp_nlt_f16		0xff800000 0x3f000000	0x0000ffff
v_cmp_nlt_f16		0xff800000 0x3f800000	0x0000ffff
v_cmp_nlt_f16		0xff800000 0xbf800000	0x0000ffff
v_cmp_nlt_f16		0xff800000 0x800000	0x0000ffff
v_cmp_nlt_f16		0xff800000 0x7f7fffff	0x0000ffff
v_cmp_nlt_f16		0xff800000 0x7f800000	0x0000ffff
v_cmp_nlt_f16		0xff800000 0xff800000	0x0000ffff
v_cmp_nlt_f16		0xff800000 0x7fc00000	0x0000ffff
v_cmp_nlt_f16		0x7fc00000 0x0	0x0000ffff
v_cmp_nlt_f16		0x7fc00000 0x80000000	0x0000ffff
v_cmp_nlt_f16		0x7fc00000 0x3f000000	0x0000ffff
v_cmp_nlt_f16		0x7fc00000 0x3f800000	0x0000ffff
v_cmp_nlt_f16		0x7fc00000 0xbf800000	0x0000ffff
v_cmp_nlt_f16		0x7fc00000 0x800000	0x0000ffff
v_cmp_nlt_f16		0x7fc00000 0x7f7fffff	0x0000ffff
v_cmp_nlt_f16		0x7fc00000 0x7f800000	0x0000ffff
v_cmp_nlt_f16		0x7fc00000 0xff800000	0x0000ffff
v_cmp_nlt_f16		0x7fc00000 0x7fc00000	0x0000ffff
v_cmp_nlt_f32		0x0 0x0	0x0000ffff
v_cmp_nlt_f32		0x0 0x80000000	0x0000ffff
v_cmp_nlt_f32		0x0 0x3f000000	0x00000000
v_cmp_nlt_f32		0x0 0x3f800000	0x00000000
v_cmp_nlt_f32		0x0 0xbf800000	0x0000ffff
v_cmp_nlt_f32		0x0 0x800000	0x00000000
v_cmp_nlt_f32		0x0 0x7f7fffff	0x00000000
v_cmp_nlt_f32		0x0 0x7f800000	0x00000000
v_cmp_nlt_f32		0x0 0xff800000	0x0000ffff
v_cmp_nlt_f32		0x0 0x7fc00000	0x0000ffff
v_cmp_nlt_f32		0x80000000 0x0	0x0000ffff
v_cmp_nlt_f32		0x80000000 0x80000000	0x0000ffff
v_cmp_nlt_f32		0x80000000 0x3f000000	0x00000000
v_cmp_nlt_f32		0x80000000 0x3f800000	0x00000000
v_cmp_nlt_f32		0x80000000 0xbf800000	0x0000ffff
v_cmp_nlt_f32		0x80000000 0x800000	0x00000000
v_cmp_nlt_f32		0x80000000 0x7f7fffff	0x00000000
v_cmp_nlt_f32		0x80000000 0x7f800000	0x00000000
v_cmp_nlt_f32		0x80000000 0xff800000	0x0000ffff
v_cmp_nlt_f32		0x80000000 0x7fc00000	0x0000ffff
v_cmp_nlt_f32		0x3f000000 0x0	0x0000ffff
v_cmp_nlt_f32		0x3f000000 0x80000000	0x0000ffff
v_cmp_nlt_f32		0x3f000000 0x3f000000	0x0000ffff
v_cmp_nlt_f32		0x3f000000 0x3f800000	0x00000000
v_cmp_nlt_f32		0x3f000000 0xbf800000	0x0000ffff
v_cmp_nlt_f32		0x3f000000 0x800000	0x0000ffff
v_cmp_nlt_f32		0x3f000000 0x7f7fffff	0x00000000
v_cmp_nlt_f32		0x3f000000 0x7f800000	0x00000000
v_cmp_nlt_f32		0x3f000000 0xff800000	0x0000ffff
v_cmp_nlt_f32		0x3f000000 0x7fc00000	0x0000ffff
v_cmp_nlt_f32		0x3f800000 0x0	0x0000ffff
v_cmp_nlt_f32		0x3f800000 0x80000000	0x0000ffff
v_cmp_nlt_f32		0x3f800000 0x3f000000	0x0000ffff
v_cmp_nlt_f32		0x3f800000 0x3f800000	0x0000ffff
v_cmp_nlt_f32		0x3f800000 0xbf800000	0x0000ffff
v_cmp_nlt_f32		0x3f800000 0x800000	0x0000ffff
v_cmp_nlt_f32		0x3f800000 0x7f7fffff	0x00000000
v_cmp_nlt_f32		0x3f800000 0x7f800000	0x00000000
v_cmp_nlt_f32		0x3f800000 0xff800000	0x0000ffff
v_cmp_nlt_f32		0x3f800000 0x7fc00000	0x0000ffff
v_cmp_nlt_f32		0xbf800000 0x0	0x00000000
v_cmp_nlt_f32		0xbf800000 0x80000000	0x00000000
v_cmp_nlt_f32		0xbf800000 0x3f000000	0x00000000
v_cmp_nlt_f32		0xbf800000 0x3f800000	0x00000000
v_cmp_nlt_f32		0xbf800000 0xbf800000	0x0000ffff
v_cmp_nlt_f32		0xbf800000 0x800000	0x00000000
v_cmp_nlt_f32		0xbf800000 0x7f7fffff	0x00000000
v_cmp_nlt_f32		0xbf800000 0x7f800000	0x00000000
v_cmp_nlt_f32		0xbf800000 0xff800000	0x0000ffff
v_cmp_nlt_f32		0xbf800000 0x7fc00000	0x0000ffff
v_cmp_nlt_f32		0x800000 0x0	0x0000ffff
v_cmp_nlt_f32		0x800000 0x80000000	0x0000ffff
v_cmp_nlt_f32		0x800000 0x3f000000	0x00000000
v_cmp_nlt_f32		0x800000 0x3f800000	0x00000000
v_cmp_nlt_f32		0x800000 0xbf800000	0x0000ffff
v_cmp_nlt_f32		0x800000 0x800000	0x0000ffff
v_cmp_nlt_f32		0x800000 0x7f7fffff	0x00000000
v_cmp_nlt_f32		0x800000 0x7f800000	0x00000000
v_cmp_nlt_f32		0x800000 0xff800000	0x0000ffff
v_cmp_nlt_f32		0x800000 0x7fc00000	0x0000ffff
v_cmp_nlt_f32		0x7f7fffff 0x0	0x0000ffff
v_cmp_nlt_f32		0x7f7fffff 0x80000000	0x0000ffff
v_cmp_nlt_f32		0x7f7fffff 0x3f000000	0x0000ffff
v_cmp_nlt_f32		0x7f7fffff 0x3f800000	0x0000ffff
v_cmp_nlt_f32		0x7f7fffff 0xbf800000	0x0000ffff
v_cmp_nlt_f32		0x7f7fffff 0x800000	0x0000ffff
v_cmp_nlt_f32		0x7f7fffff 0x7f7fffff	0x0000ffff
v_cmp_nlt_f32		0x7f7fffff 0x7f800000	0x00000000
v_cmp_nlt_f32		0x7f7fffff 0xff800000	0x0000ffff
v_cmp_nlt_f32		0x7f7fffff 0x7fc00000	0x0000ffff
v_cmp_nlt_f32		0x7f800000 0x0	0x0000ffff
v_cmp_nlt_f32		0x7f800000 0x80000000	0x0000ffff
v_cmp_nlt_f32		0x7f800000 0x3f000000	0x0000ffff
v_cmp_nlt_f32		0x7f800000 0x3f800000	0x0000ffff
v_cmp_nlt_f32		0x7f800000 0xbf800000	0x0000ffff
v_cmp_nlt_f32		0x7f800000 0x800000	0x0000ffff
v_cmp_nlt_f32		0x7f800000 0x7f7fffff	0x0000ffff
v_cmp_nlt_f32		0x7f800000 0x7f800000	0x0000ffff
v_cmp_nlt_f32		0x7f800000 0xff800000	0x0000ffff
v_cmp_nlt_f32		0x7f800000 0x7fc00000	0x0000ffff
v_cmp_nlt_f32		0xff800000 0x0	0x00000000
v_cmp_nlt_f32		0xff800000 0x80000000	0x00000000
v_cmp_nlt_f32		0xff800000 0x3f000000	0x00000000
v_cmp_nlt_f32		0xff800000 0x3f800000	0x00000000
v_cmp_nlt_f32		0xff800000 0xbf800000	0x00000000
v_cmp_nlt_f32		0xff800000 0x800000	0x00000000
v_cmp_nlt_f32		0xff800000 0x7f7fffff	0x00000000
v_cmp_nlt_f32		0xff800000 0x7f800000	0x00000000
v_cmp_nlt_f32		0xff800000 0xff800000	0x0000ffff
v_cmp_nlt_f32		0xff800000 0x7fc00000	0x0000ffff
v_cmp_nlt_f32		0x7fc00000 0x0	0x0000ffff
v_cmp_nlt_f32		0x7fc00000 0x80000000	0x0000ffff
v_cmp_nlt_f32		0x7fc00000 0x3f000000	0x0000ffff
v_cmp_nlt_f32		0x7fc00000 0x3f800000	0x0000ffff
v_cmp_nlt_f32		0x7fc00000 0xbf800000	0x0000ffff
v_cmp_nlt_f32		0x7fc00000 0x800000	0x0000ffff
v_cmp_nlt_f32		0x7fc00000 0x7f7fffff	0x0000ffff
v_cmp_nlt_f32		0x7fc00000 0x7f800000	0x0000ffff
v_cmp_nlt_f32		0x7fc00000 0xff800000	0x0000ffff
v_cmp_nlt_f32		0x7fc00000 0x7fc00000	0x0000ffff
v_cmp_o_f16		0x0 0x0	0x0000ffff
v_cmp_o_f16		0x0 0x80000000	0x0000ffff
v_cmp_o_f16		0x0 0x3f000000	0x0000ffff
v_cmp_o_f16		0x0 0x3f800000	0x0000ffff
v_cmp_o_f16		0x0 0xbf800000	0x0000ffff
v_cmp_o_f16		0x0 0x800000	0x0000ffff
v_cmp_o_f16		0x0 0x7f7fffff	0x00000000
v_cmp_o_f16		0x0 0x7f800000	0x0000ffff
v_cmp_o_f16		0x0 0xff800000	0x0000ffff
v_cmp_o_f16		0x0 0x7fc00000	0x0000ffff
v_cmp_o_f16		0x80000000 0x0	0x0000ffff
v_cmp_o_f16		0x80000000 0x80000000	0x0000ffff
v_cmp_o_f16		0x80000000 0x3f000000	0x0000ffff
v_cmp_o_f16		0x80000000 0x3f800000	0x0000ffff
v_cmp_o_f16		0x80000000 0xbf800000	0x0000ffff
v_cmp_o_f16		0x80000000 0x800000	0x0000ffff
v_cmp_o_f16		0x80000000 0x7f7fffff	0x00000000
v_cmp_o_f16		0x80000000 0x7f800000	0x0000ffff
v_cmp_o_f16		0x80000000 0xff800000	0x0000ffff
v_cmp_o_f16		0x80000000 0x7fc00000	0x0000ffff
v_cmp_o_f16		0x3f000000 0x0	0x0000ffff
v_cmp_o_f16		0x3f000000 0x80000000	0x0000ffff
v_cmp_o_f16		0x3f000000 0x3f000000	0x0000ffff
v_cmp_o_f16		0x3f000000 0x3f800000	0x0000ffff
v_cmp_o_f16		0x3f000000 0xbf800000	0x0000ffff
v_cmp_o_f16		0x3f000000 0x800000	0x0000ffff
v_cmp_o_f16		0x3f000000 0x7f7fffff	0x00000000
v_cmp_o_f16		0x3f000000 0x7f800000	0x0000ffff
v_cmp_o_f16		0x3f000000 0xff800000	0x0000ffff
v_cmp_o_f16		0x3f000000 0x7fc00000	0x0000ffff
v_cmp_o_f16		0x3f800000 0x0	0x0000ffff
v_cmp_o_f16		0x3f800000 0x80000000	0x0000ffff
v_cmp_o_f16		0x3f800000 0x3f000000	0x0000ffff
v_cmp_o_f16		0x3f800000 0x3f800000	0x0000ffff
v_cmp_o_f16		0x3f800000 0xbf800000	0x0000ffff
v_cmp_o_f16		0x3f800000 0x800000	0x0000ffff
v_cmp_o_f16		0x3f800000 0x7f7fffff	0x00000000
v_cmp_o_f16		0x3f800000 0x7f800000	0x0000ffff
v_cmp_o_f16		0x3f800000 0xff800000	0x0000ffff
v_cmp_o_f16		0x3f800000 0x7fc00000	0x0000ffff
v_cmp_o_f16		0xbf800000 0x0	0x0000ffff
v_cmp_o_f16		0xbf800000 0x80000000	0x0000ffff
v_cmp_o_f16		0xbf800000 0x3f000000	0x0000ffff
v_cmp_o_f16		0xbf800000 0x3f800000	0x0000ffff
v_cmp_o_f16		0xbf800000 0xbf800000	0x0000ffff
v_cmp_o_f16		0xbf800000 0x800000	0x0000ffff
v_cmp_o_f16		0xbf800000 0x7f7fffff	0x00000000
v_cmp_o_f16		0xbf800000 0x7f800000	0x0000ffff
v_cmp_o_f16		0xbf800000 0xff800000	0x0000ffff
v_cmp_o_f16		0xbf800000 0x7fc00000	0x0000ffff
v_cmp_o_f16		0x800000 0x0	0x0000ffff
v_cmp_o_f16		0x800000 0x80000000	0x0000ffff
v_cmp_o_f16		0x800000 0x3f000000	0x0000ffff
v_cmp_o_f16		0x800000 0x3f800000	0x0000ffff
v_cmp_o_f16		0x800000 0xbf800000	0x0000ffff
v_cmp_o_f16		0x800000 0x800000	0x0000ffff
v_cmp_o_f16		0x800000 0x7f7fffff	0x00000000
v_cmp_o_f16		0x800000 0x7f800000	0x0000ffff
v_cmp_o_f16		0x800000 0xff800000	0x0000ffff
v_cmp_o_f16		0x800000 0x7fc00000	0x0000ffff
v_cmp_o_f16		0x7f7fffff 0x0	0x00000000
v_cmp_o_f16		0x7f7fffff 0x80000000	0x00000000
v_cmp_o_f16		0x7f7fffff 0x3f000000	0x00000000
v_cmp_o_f16		0x7f7fffff 0x3f800000	0x00000000
v_cmp_o_f16		0x7f7fffff 0xbf800000	0x00000000
v_cmp_o_f16		0x7f7fffff 0x800000	0x00000000
v_cmp_o_f16		0x7f7fffff 0x7f7fffff	0x00000000
v_cmp_o_f16		0x7f7fffff 0x7f800000	0x00000000
v_cmp_o_f16		0x7f7fffff 0xff800000	0x00000000
v_cmp_o_f16		0x7f7fffff 0x7fc00000	0x00000000
v_cmp_o_f16		0x7f800000 0x0	0x0000ffff
v_cmp_o_f16		0x7f800000 0x80000000	0x0000ffff
v_cmp_o_f16		0x7f800000 0x3f000000	0x0000ffff
v_cmp_o_f16		0x7f800000 0x3f800000	0x0000ffff
v_cmp_o_f16		0x7f800000 0xbf800000	0x0000ffff
v_cmp_o_f16		0x7f800000 0x800000	0x0000ffff
v_cmp_o_f16		0x7f800000 0x7f7fffff	0x00000000
v_cmp_o_f16		0x7f800000 0x7f800000	0x0000ffff
v_cmp_o_f16		0x7f800000 0xff800000	0x0000ffff
v_cmp_o_f16		0x7f800000 0x7fc00000	0x0000ffff
v_cmp_o_f16		0xff800000 0x0	0x0000ffff
v_cmp_o_f16		0xff800000 0x80000000	0x0000ffff
v_cmp_o_f16		0xff800000 0x3f000000	0x0000ffff
v_cmp_o_f16		0xff800000 0x3f800000	0x0000ffff
v_cmp_o_f16		0xff800000 0xbf800000	0x0000ffff
v_cmp_o_f16		0xff800000 0x800000	0x0000ffff
v_cmp_o_f16		0xff800000 0x7f7fffff	0x00000000
v_cmp_o_f16		0xff800000 0x7f800000	0x0000ffff
v_cmp_o_f16		0xff800000 0xff800000	0x0000ffff
v_cmp_o_f16		0xff800000 0x7fc00000	0x0000ffff
v_cmp_o_f16		0x7fc00000 0x0	0x0000ffff
v_cmp_o_f16		0x7fc00000 0x80000000	0x0000ffff
v_cmp_o_f16		0x7fc00000 0x3f000000	0x0000ffff
v_cmp_o_f16		0x7fc00000 0x3f800000	0x0000ffff
v_cmp_o_f16		0x7fc00000 0xbf800000	0x0000ffff
v_cmp_o_f16		0x7fc00000 0x800000	0x0000ffff
v_cmp_o_f16		0x7fc00000 0x7f7fffff	0x00000000
v_cmp_o_f16		0x7fc00000 0x7f800000	0x0000ffff
v_cmp_o_f16		0x7fc00000 0xff800000	0x0000ffff
v_cmp_o_f16		0x7fc00000 0x7fc00000	0x0000ffff
v_cmp_o_f32		0x0 0x0	0x0000ffff
v_cmp_o_f32		0x0 0x80000000	0x0000ffff
v_cmp_o_f32		0x0 0x3f000000	0x0000ffff
v_cmp_o_f32		0x0 0x3f800000	0x0000ffff
v_cmp_o_f32		0x0 0xbf800000	0x0000ffff
v_cmp_o_f32		0x0 0x800000	0x0000ffff
v_cmp_o_f32		0x0 0x7f7fffff	0x0000ffff
v_cmp_o_f32		0x0 0x7f800000	0x0000ffff
v_cmp_o_f32		0x0 0xff800000	0x0000ffff
v_cmp_o_f32		0x0 0x7fc00000	0x00000000
v_cmp_o_f32		0x80000000 0x0	0x0000ffff
v_cmp_o_f32		0x80000000 0x80000000	0x0000ffff
v_cmp_o_f32		0x80000000 0x3f000000	0x0000ffff
v_cmp_o_f32		0x80000000 0x3f800000	0x0000ffff
v_cmp_o_f32		0x80000000 0xbf800000	0x0000ffff
v_cmp_o_f32		0x80000000 0x800000	0x0000ffff
v_cmp_o_f32		0x80000000 0x7f7fffff	0x0000ffff
v_cmp_o_f32		0x80000000 0x7f800000	0x0000ffff
v_cmp_o_f32		0x80000000 0xff800000	0x0000ffff
v_cmp_o_f32		0x80000000 0x7fc00000	0x00000000
v_cmp_o_f32		0x3f000000 0x0	0x0000ffff
v_cmp_o_f32		0x3f000000 0x80000000	0x0000ffff
v_cmp_o_f32		0x3f000000 0x3f000000	0x0000ffff
v_cmp_o_f32		0x3f000000 0x3f800000	0x0000ffff
v_cmp_o_f32		0x3f000000 0xbf800000	0x0000ffff
v_cmp_o_f32		0x3f000000 0x800000	0x0000ffff
v_cmp_o_f32		0x3f000000 0x7f7fffff	0x0000ffff
v_cmp_o_f32		0x3f000000 0x7f800000	0x0000ffff
v_cmp_o_f32		0x3f000000 0xff800000	0x0000ffff
v_cmp_o_f32		0x3f000000 0x7fc00000	0x00000000
v_cmp_o_f32		0x3f800000 0x0	0x0000ffff
v_cmp_o_f32		0x3f800000 0x80000000	0x0000ffff
v_cmp_o_f32		0x3f800000 0x3f000000	0x0000ffff
v_cmp_o_f32		0x3f800000 0x3f800000	0x0000ffff
v_cmp_o_f32		0x3f800000 0xbf800000	0x0000ffff
v_cmp_o_f32		0x3f800000 0x800000	0x0000ffff
v_cmp_o_f32		0x3f800000 0x7f7fffff	0x0000ffff
v_cmp_o_f32		0x3f800000 0x7f800000	0x0000ffff
v_cmp_o_f32		0x3f800000 0xff800000	0x0000ffff
v_cmp_o_f32		0x3f800000 0x7fc00000	0x00000000
v_cmp_o_f32		0xbf800000 0x0	0x0000ffff
v_cmp_o_f32		0xbf800000 0x80000000	0x0000ffff
v_cmp_o_f32		0xbf800000 0x3f000000	0x0000ffff
v_cmp_o_f32		0xbf800000 0x3f800000	0x0000ffff
v_cmp_o_f32		0xbf800000 0xbf800000	0x0000ffff
v_cmp_o_f32		0xbf800000 0x800000	0x0000ffff
v_cmp_o_f32		0xbf800000 0x7f7fffff	0x0000ffff
v_cmp_o_f32		0xbf800000 0x7f800000	0x0000ffff
v_cmp_o_f32		0xbf800000 0xff800000	0x0000ffff
v_cmp_o_f32		0xbf800000 0x7fc00000	0x00000000
v_cmp_o_f32		0x800000 0x0	0x0000ffff
v_cmp_o_f32		0x800000 0x80000000	0x0000ffff
v_cmp_o_f32		0x800000 0x3f000000	0x0000ffff
v_cmp_o_f32		0x800000 0x3f800000	0x0000ffff
v_cmp_o_f32		0x800000 0xbf800000	0x0000ffff
v_cmp_o_f32		0x800000 0x800000	0x0000ffff
v_cmp_o_f32		0x800000 0x7f7fffff	0x0000ffff
v_cmp_o_f32		0x800000 0x7f800000	0x0000ffff
v_cmp_o_f32		0x800000 0xff800000	0x0000ffff
v_cmp_o_f32		0x800000 0x7fc00000	0x00000000
v_cmp_o_f32		0x7f7fffff 0x0	0x0000ffff
v_cmp_o_f32		0x7f7fffff 0x80000000	0x0000ffff
v_cmp_o_f32		0x7f7fffff 0x3f000000	0x0000ffff
v_cmp_o_f32		0x7f7fffff 0x3f800000	0x0000ffff
v_cmp_o_f32		0x7f7fffff 0xbf800000	0x0000ffff
v_cmp_o_f32		0x7f7fffff 0x800000	0x0000ffff
v_cmp_o_f32		0x7f7fffff 0x7f7fffff	0x0000ffff
v_cmp_o_f32		0x7f7fffff 0x7f800000	0x0000ffff
v_cmp_o_f32		0x7f7fffff 0xff800000	0x0000ffff
v_cmp_o_f32		0x7f7fffff 0x7fc00000	0x00000000
v_cmp_o_f32		0x7f800000 0x0	0x0000ffff
v_cmp_o_f32		0x7f800000 0x80000000	0x0000ffff
v_cmp_o_f32		0x7f800000 0x3f000000	0x0000ffff
v_cmp_o_f32		0x7f800000 0x3f800000	0x0000ffff
v_cmp_o_f32		0x7f800000 0xbf800000	0x0000ffff
v_cmp_o_f32		0x7f800000 0x800000	0x0000ffff
v_cmp_o_f32		0x7f800000 0x7f7fffff	0x0000ffff
v_cmp_o_f32		0x7f800000 0x7f800000	0x0000ffff
v_cmp_o_f32		0x7f800000 0xff800000	0x0000ffff
v_cmp_o_f32		0x7f800000 0x7fc00000	0x00000000
v_cmp_o_f32		0xff800000 0x0	0x0000ffff
v_cmp_o_f32		0xff800000 0x80000000	0x0000ffff
v_cmp_o_f32		0xff800000 0x3f000000	0x0000ffff
v_cmp_o_f32		0xff800000 0x3f800000	0x0000ffff
v_cmp_o_f32		0xff800000 0xbf800000	0x0000ffff
v_cmp_o_f32		0xff800000 0x800000	0x0000ffff
v_cmp_o_f32		0xff800000 0x7f7fffff	0x0000ffff
v_cmp_o_f32		0xff800000 0x7f800000	0x0000ffff
v_cmp_o_f32		0xff800000 0xff800000	0x0000ffff
v_cmp_o_f32		0xff800000 0x7fc00000	0x00000000
v_cmp_o_f32		0x7fc00000 0x0	0x00000000
v_cmp_o_f32		0x7fc00000 0x80000000	0x00000000
v_cmp_o_f32		0x7fc00000 0x3f000000	0x00000000
v_cmp_o_f32		0x7fc00000 0x3f800000	0x00000000
v_cmp_o_f32		0x7fc00000 0xbf800000	0x00000000
v_cmp_o_f32		0x7fc00000 0x800000	0x00000000
v_cmp_o_f32		0x7fc00000 0x7f7fffff	0x00000000
v_cmp_o_f32		0x7fc00000 0x7f800000	0x00000000
v_cmp_o_f32		0x7fc00000 0xff800000	0x00000000
v_cmp_o_f32		0x7fc00000 0x7fc00000	0x00000000
v_cmp_tru_f16		0x0 0x0	0x0000ffff
v_cmp_tru_f16		0x0 0x80000000	0x0000ffff
v_cmp_tru_f16		0x0 0x3f000000	0x0000ffff
v_cmp_tru_f16		0x0 0x3f800000	0x0000ffff
v_cmp_tru_f16		0x0 0xbf800000	0x0000ffff
v_cmp_tru_f16		0x0 0x800000	0x0000ffff
v_cmp_tru_f16		0x0 0x7f7fffff	0x0000ffff
v_cmp_tru_f16		0x0 0x7f800000	0x0000ffff
v_cmp_tru_f16		0x0 0xff800000	0x0000ffff
v_cmp_tru_f16		0x0 0x7fc00000	0x0000ffff
v_cmp_tru_f16		0x80000000 0x0	0x0000ffff
v_cmp_tru_f16		0x80000000 0x80000000	0x0000ffff
v_cmp_tru_f16		0x80000000 0x3f000000	0x0000ffff
v_cmp_tru_f16		0x80000000 0x3f800000	0x0000ffff
v_cmp_tru_f16		0x80000000 0xbf800000	0x0000ffff
v_cmp_tru_f16		0x80000000 0x800000	0x0000ffff
v_cmp_tru_f16		0x80000000 0x7f7fffff	0x0000ffff
v_cmp_tru_f16		0x80000000 0x7f800000	0x0000ffff
v_cmp_tru_f16		0x80000000 0xff800000	0x0000ffff
v_cmp_tru_f16		0x80000000 0x7fc00000	0x0000ffff
v_cmp_tru_f16		0x3f000000 0x0	0x0000ffff
v_cmp_tru_f16		0x3f000000 0x80000000	0x0000ffff
v_cmp_tru_f16		0x3f000000 0x3f000000	0x0000ffff
v_cmp_tru_f16		0x3f000000 0x3f800000	0x0000ffff
v_cmp_tru_f16		0x3f000000 0xbf800000	0x0000ffff
v_cmp_tru_f16		0x3f000000 0x800000	0x0000ffff
v_cmp_tru_f16		0x3f000000 0x7f7fffff	0x0000ffff
v_cmp_tru_f16		0x3f000000 0x7f800000	0x0000ffff
v_cmp_tru_f16		0x3f000000 0xff800000	0x0000ffff
v_cmp_tru_f16		0x3f000000 0x7fc00000	0x0000ffff
v_cmp_tru_f16		0x3f800000 0x0	0x0000ffff
v_cmp_tru_f16		0x3f800000 0x80000000	0x0000ffff
v_cmp_tru_f16		0x3f800000 0x3f000000	0x0000ffff
v_cmp_tru_f16		0x3f800000 0x3f800000	0x0000ffff
v_cmp_tru_f16		0x3f800000 0xbf800000	0x0000ffff
v_cmp_tru_f16		0x3f800000 0x800000	0x0000ffff
v_cmp_tru_f16		0x3f800000 0x7f7fffff	0x0000ffff
v_cmp_tru_f16		0x3f800000 0x7f800000	0x0000ffff
v_cmp_tru_f16		0x3f800000 0xff800000	0x0000ffff
v_cmp_tru_f16		0x3f800000 0x7fc00000	0x0000ffff
v_cmp_tru_f16		0xbf800000 0x0	0x0000ffff
v_cmp_tru_f16		0xbf800000 0x80000000	0x0000ffff
v_cmp_tru_f16		0xbf800000 0x3f000000	0x0000ffff
v_cmp_tru_f16		0xbf800000 0x3f800000	0x0000ffff
v_cmp_tru_f16		0xbf800000 0xbf800000	0x0000ffff
v_cmp_tru_f16		0xbf800000 0x800000	0x0000ffff
v_cmp_tru_f16		0xbf800000 0x7f7fffff	0x0000ffff
v_cmp_tru_f16		0xbf800000 0x7f800000	0x0000ffff
v_cmp_tru_f16		0xbf800000 0xff800000	0x0000ffff
v_cmp_tru_f16		0xbf800000 0x7fc00000	0x0000ffff
v_cmp_tru_f16		0x800000 0x0	0x0000ffff
v_cmp_tru_f16		0x800000 0x80000000	0x0000ffff
v_cmp_tru_f16		0x800000 0x3f000000	0x0000ffff
v_cmp_tru_f16		0x800000 0x3f800000	0x0000ffff
v_cmp_tru_f16		0x800000 0xbf800000	0x0000ffff
v_cmp_tru_f16		0x800000 0x800000	0x0000ffff
v_cmp_tru_f16		0x800000 0x7f7fffff	0x0000ffff
v_cmp_tru_f16		0x800000 0x7f800000	0x0000ffff
v_cmp_tru_f16		0x800000 0xff800000	0x0000ffff
v_cmp_tru_f16		0x800000 0x7fc00000	0x0000ffff
v_cmp_tru_f16		0x7f7fffff 0x0	0x0000ffff
v_cmp_tru_f16		0x7f7fffff 0x80000000	0x0000ffff
v_cmp_tru_f16		0x7f7fffff 0x3f000000	0x0000ffff
v_cmp_tru_f16		0x7f7fffff 0x3f800000	0x0000ffff
v_cmp_tru_f16		0x7f7fffff 0xbf800000	0x0000ffff
v_cmp_tru_f16		0x7f7fffff 0x800000	0x0000ffff
v_cmp_tru_f16		0x7f7fffff 0x7f7fffff	0x0000ffff
v_cmp_tru_f16		0x7f7fffff 0x7f800000	0x0000ffff
v_cmp_tru_f16		0x7f7fffff 0xff800000	0x0000ffff
v_cmp_tru_f16		0x7f7fffff 0x7fc00000	0x0000ffff
v_cmp_tru_f16		0x7f800000 0x0	0x0000ffff
v_cmp_tru_f16		0x7f800000 0x80000000	0x0000ffff
v_cmp_tru_f16		0x7f800000 0x3f000000	0x0000ffff
v_cmp_tru_f16		0x7f800000 0x3f800000	0x0000ffff
v_cmp_tru_f16		0x7f800000 0xbf800000	0x0000ffff
v_cmp_tru_f16		0x7f800000 0x800000	0x0000ffff
v_cmp_tru_f16		0x7f800000 0x7f7fffff	0x0000ffff
v_cmp_tru_f16		0x7f800000 0x7f800000	0x0000ffff
v_cmp_tru_f16		0x7f800000 0xff800000	0x0000ffff
v_cmp_tru_f16		0x7f800000 0x7fc00000	0x0000ffff
v_cmp_tru_f16		0xff800000 0x0	0x0000ffff
v_cmp_tru_f16		0xff800000 0x80000000	0x0000ffff
v_cmp_tru_f16		0xff800000 0x3f000000	0x0000ffff
v_cmp_tru_f16		0xff800000 0x3f800000	0x0000ffff
v_cmp_tru_f16		0xff800000 0xbf800000	0x0000ffff
v_cmp_tru_f16		0xff800000 0x800000	0x0000ffff
v_cmp_tru_f16		0xff800000 0x7f7fffff	0x0000ffff
v_cmp_tru_f16		0xff800000 0x7f800000	0x0000ffff
v_cmp_tru_f16		0xff800000 0xff800000	0x0000ffff
v_cmp_tru_f16		0xff800000 0x7fc00000	0x0000ffff
v_cmp_tru_f16		0x7fc00000 0x0	0x0000ffff
v_cmp_tru_f16		0x7fc00000 0x80000000	0x0000ffff
v_cmp_tru_f16		0x7fc00000 0x3f000000	0x0000ffff
v_cmp_tru_f16		0x7fc00000 0x3f800000	0x0000ffff
v_cmp_tru_f16		0x7fc00000 0xbf800000	0x0000ffff
v_cmp_tru_f16		0x7fc00000 0x800000	0x0000ffff
v_cmp_tru_f16		0x7fc00000 0x7f7fffff	0x0000ffff
v_cmp_tru_f16		0x7fc00000 0x7f800000	0x0000ffff
v_cmp_tru_f16		0x7fc00000 0xff800000	0x0000ffff
v_cmp_tru_f16		0x7fc00000 0x7fc00000	0x0000ffff
v_cmp_tru_f32		0x0 0x0	0x0000ffff
v_cmp_tru_f32		0x0 0x80000000	0x0000ffff
v_cmp_tru_f32		0x0 0x3f000000	0x0000ffff
v_cmp_tru_f32		0x0 0x3f800000	0x0000ffff
v_cmp_tru_f32		0x0 0xbf800000	0x0000ffff
v_cmp_tru_f32		0x0 0x800000	0x0000ffff
v_cmp_tru_f32		0x0 0x7f7fffff	0x0000ffff
v_cmp_tru_f32		0x0 0x7f800000	0x0000ffff
v_cmp_tru_f32		0x0 0xff800000	0x0000ffff
v_cmp_tru_f32		0x0 0x7fc00000	0x0000ffff
v_cmp_tru_f32		0x80000000 0x0	0x0000ffff
v_cmp_tru_f32		0x80000000 0x80000000	0x0000ffff
v_cmp_tru_f32		0x80000000 0x3f000000	0x0000ffff
v_cmp_tru_f32		0x80000000 0x3f800000	0x0000ffff
v_cmp_tru_f32		0x80000000 0xbf800000	0x0000ffff
v_cmp_tru_f32		0x80000000 0x800000	0x0000ffff
v_cmp_tru_f32		0x80000000 0x7f7fffff	0x0000ffff
v_cmp_tru_f32		0x80000000 0x7f800000	0x0000ffff
v_cmp_tru_f32		0x80000000 0xff800000	0x0000ffff
v_cmp_tru_f32		0x80000000 0x7fc00000	0x0000ffff
v_cmp_tru_f32		0x3f000000 0x0	0x0000ffff
v_cmp_tru_f32		0x3f000000 0x80000000	0x0000ffff
v_cmp_tru_f32		0x3f000000 0x3f000000	0x0000ffff
v_cmp_tru_f32		0x3f000000 0x3f800000	0x0000ffff
v_cmp_tru_f32		0x3f000000 0xbf800000	0x0000ffff
v_cmp_tru_f32		0x3f000000 0x800000	0x0000ffff
v_cmp_tru_f32		0x3f000000 0x7f7fffff	0x0000ffff
v_cmp_tru_f32		0x3f000000 0x7f800000	0x0000ffff
v_cmp_tru_f32		0x3f000000 0xff800000	0x0000ffff
v_cmp_tru_f32		0x3f000000 0x7fc00000	0x0000ffff
v_cmp_tru_f32		0x3f800000 0x0	0x0000ffff
v_cmp_tru_f32		0x3f800000 0x80000000	0x0000ffff
v_cmp_tru_f32		0x3f800000 0x3f000000	0x0000ffff
v_cmp_tru_f32		0x3f800000 0x3f800000	0x0000ffff
v_cmp_tru_f32		0x3f800000 0xbf800000	0x0000ffff
v_cmp_tru_f32		0x3f800000 0x800000	0x0000ffff
v_cmp_tru_f32		0x3f800000 0x7f7fffff	0x0000ffff
v_cmp_tru_f32		0x3f800000 0x7f800000	0x0000ffff
v_cmp_tru_f32		0x3f800000 0xff800000	0x0000ffff
v_cmp_tru_f32		0x3f800000 0x7fc00000	0x0000ffff
v_cmp_tru_f32		0xbf800000 0x0	0x0000ffff
v_cmp_tru_f32		0xbf800000 0x80000000	0x0000ffff
v_cmp_tru_f32		0xbf800000 0x3f000000	0x0000ffff
v_cmp_tru_f32		0xbf800000 0x3f800000	0x0000ffff
v_cmp_tru_f32		0xbf800000 0xbf800000	0x0000ffff
v_cmp_tru_f32		0xbf800000 0x800000	0x0000ffff
v_cmp_tru_f32		0xbf800000 0x7f7fffff	0x0000ffff
v_cmp_tru_f32		0xbf800000 0x7f800000	0x0000ffff
v_cmp_tru_f32		0xbf800000 0xff800000	0x0000ffff
v_cmp_tru_f32		0xbf800000 0x7fc00000	0x0000ffff
v_cmp_tru_f32		0x800000 0x0	0x0000ffff
v_cmp_tru_f32		0x800000 0x80000000	0x0000ffff
v_cmp_tru_f32		0x800000 0x3f000000	0x0000ffff
v_cmp_tru_f32		0x800000 0x3f800000	0x0000ffff
v_cmp_tru_f32		0x800000 0xbf800000	0x0000ffff
v_cmp_tru_f32		0x800000 0x800000	0x0000ffff
v_cmp_tru_f32		0x800000 0x7f7fffff	0x0000ffff
v_cmp_tru_f32		0x800000 0x7f800000	0x0000ffff
v_cmp_tru_f32		0x800000 0xff800000	0x0000ffff
v_cmp_tru_f32		0x800000 0x7fc00000	0x0000ffff
v_cmp_tru_f32		0x7f7fffff 0x0	0x0000ffff
v_cmp_tru_f32		0x7f7fffff 0x80000000	0x0000ffff
v_cmp_tru_f32		0x7f7fffff 0x3f000000	0x0000ffff
v_cmp_tru_f32		0x7f7fffff 0x3f800000	0x0000ffff
v_cmp_tru_f32		0x7f7fffff 0xbf800000	0x0000ffff
v_cmp_tru_f32		0x7f7fffff 0x800000	0x0000ffff
v_cmp_tru_f32		0x7f7fffff 0x7f7fffff	0x0000ffff
v_cmp_tru_f32		0x7f7fffff 0x7f800000	0x0000ffff
v_cmp_tru_f32		0x7f7fffff 0xff800000	0x0000ffff
v_cmp_tru_f32		0x7f7fffff 0x7fc00000	0x0000ffff
v_cmp_tru_f32		0x7f800000 0x0	0x0000ffff
v_cmp_tru_f32		0x7f800000 0x80000000	0x0000ffff
v_cmp_tru_f32		0x7f800000 0x3f000000	0x0000ffff
v_cmp_tru_f32		0x7f800000 0x3f800000	0x0000ffff
v_cmp_tru_f32		0x7f800000 0xbf800000	0x0000ffff
v_cmp_tru_f32		0x7f800000 0x800000	0x0000ffff
v_cmp_tru_f32		0x7f800000 0x7f7fffff	0x0000ffff
v_cmp_tru_f32		0x7f800000 0x7f800000	0x0000ffff
v_cmp_tru_f32		0x7f800000 0xff800000	0x0000ffff
v_cmp_tru_f32		0x7f800000 0x7fc00000	0x0000ffff
v_cmp_tru_f32		0xff800000 0x0	0x0000ffff
v_cmp_tru_f32		0xff800000 0x80000000	0x0000ffff
v_cmp_tru_f32		0xff800000 0x3f000000	0x0000ffff
v_cmp_tru_f32		0xff800000 0x3f800000	0x0000ffff
v_cmp_tru_f32		0xff800000 0xbf800000	0x0000ffff
v_cmp_tru_f32		0xff800000 0x800000	0x0000ffff
v_cmp_tru_f32		0xff800000 0x7f7fffff	0x0000ffff
v_cmp_tru_f32		0xff800000 0x7f800000	0x0000ffff
v_cmp_tru_f32		0xff800000 0xff800000	0x0000ffff
v_cmp_tru_f32		0xff800000 0x7fc00000	0x0000ffff
v_cmp_tru_f32		0x7fc00000 0x0	0x0000ffff
v_cmp_tru_f32		0x7fc00000 0x80000000	0x0000ffff
v_cmp_tru_f32		0x7fc00000 0x3f000000	0x0000ffff
v_cmp_tru_f32		0x7fc00000 0x3f800000	0x0000ffff
v_cmp_tru_f32		0x7fc00000 0xbf800000	0x0000ffff
v_cmp_tru_f32		0x7fc00000 0x800000	0x0000ffff
v_cmp_tru_f32		0x7fc00000 0x7f7fffff	0x0000ffff
v_cmp_tru_f32		0x7fc00000 0x7f800000	0x0000ffff
v_cmp_tru_f32		0x7fc00000 0xff800000	0x0000ffff
v_cmp_tru_f32		0x7fc00000 0x7fc00000	0x0000ffff
v_cmp_tru_i16		0x0 0x0	0x0000ffff
v_cmp_tru_i16		0x0 0x1	0x0000ffff
v_cmp_tru_i16		0x0 0x7fffffff	0x0000ffff
v_cmp_tru_i16		0x0 0x80000000	0x0000ffff
v_cmp_tru_i16		0x0 0xfffffffe	0x0000ffff
v_cmp_tru_i16		0x0 0xffffffff	0x0000ffff
v_cmp_tru_i16		0x1 0x0	0x0000ffff
v_cmp_tru_i16		0x1 0x1	0x0000ffff
v_cmp_tru_i16		0x1 0x7fffffff	0x0000ffff
v_cmp_tru_i16		0x1 0x80000000	0x0000ffff
v_cmp_tru_i16		0x1 0xfffffffe	0x0000ffff
v_cmp_tru_i16		0x1 0xffffffff	0x0000ffff
v_cmp_tru_i16		0x7fffffff 0x0	0x0000ffff
v_cmp_tru_i16		0x7fffffff 0x1	0x0000ffff
v_cmp_tru_i16		0x7fffffff 0x7fffffff	0x0000ffff
v_cmp_tru_i16		0x7fffffff 0x80000000	0x0000ffff
v_cmp_tru_i16		0x7fffffff 0xfffffffe	0x0000ffff
v_cmp_tru_i16		0x7fffffff 0xffffffff	0x0000ffff
v_cmp_tru_i16		0x80000000 0x0	0x0000ffff
v_cmp_tru_i16		0x80000000 0x1	0x0000ffff
v_cmp_tru_i16		0x80000000 0x7fffffff	0x0000ffff
v_cmp_tru_i16		0x80000000 0x80000000	0x0000ffff
v_cmp_tru_i16		0x80000000 0xfffffffe	0x0000ffff
v_cmp_tru_i16		0x80000000 0xffffffff	0x0000ffff
v_cmp_tru_i16		0xfffffffe 0x0	0x0000ffff
v_cmp_tru_i16		0xfffffffe 0x1	0x0000ffff
v_cmp_tru_i16		0xfffffffe 0x7fffffff	0x0000ffff
v_cmp_tru_i16		0xfffffffe 0x80000000	0x0000ffff
v_cmp_tru_i16		0xfffffffe 0xfffffffe	0x0000ffff
v_cmp_tru_i16		0xfffffffe 0xffffffff	0x0000ffff
v_cmp_tru_i16		0xffffffff 0x0	0x0000ffff
v_cmp_tru_i16		0xffffffff 0x1	0x0000ffff
v_cmp_tru_i16		0xffffffff 0x7fffffff	0x0000ffff
v_cmp_tru_i16		0xffffffff 0x80000000	0x0000ffff
v_cmp_tru_i16		0xffffffff 0xfffffffe	0x0000ffff
v_cmp_tru_i16		0xffffffff 0xffffffff	0x0000ffff
v_cmp_tru_i32		0x0 0x0	0x0000ffff
v_cmp_tru_i32		0x0 0x1	0x0000ffff
v_cmp_tru_i32		0x0 0x7fffffff	0x0000ffff
v_cmp_tru_i32		0x0 0x80000000	0x0000ffff
v_cmp_tru_i32		0x0 0xfffffffe	0x0000ffff
v_cmp_tru_i32		0x0 0xffffffff	0x0000ffff
v_cmp_tru_i32		0x1 0x0	0x0000ffff
v_cmp_tru_i32		0x1 0x1	0x0000ffff
v_cmp_tru_i32		0x1 0x7fffffff	0x0000ffff
v_cmp_tru_i32		0x1 0x80000000	0x0000ffff
v_cmp_tru_i32		0x1 0xfffffffe	0x0000ffff
v_cmp_tru_i32		0x1 0xffffffff	0x0000ffff
v_cmp_tru_i32		0x7fffffff 0x0	0x0000ffff
v_cmp_tru_i32		0x7fffffff 0x1	0x0000ffff
v_cmp_tru_i32		0x7fffffff 0x7fffffff	0x0000ffff
v_cmp_tru_i32		0x7fffffff 0x80000000	0x0000ffff
v_cmp_tru_i32		0x7fffffff 0xfffffffe	0x0000ffff
v_cmp_tru_i32		0x7fffffff 0xffffffff	0x0000ffff
v_cmp_tru_i32		0x80000000 0x0	0x0000ffff
v_cmp_tru_i32		0x80000000 0x1	0x0000ffff
v_cmp_tru_i32		0x80000000 0x7fffffff	0x0000ffff
v_cmp_tru_i32		0x80000000 0x80000000	0x0000ffff
v_cmp_tru_i32		0x80000000 0xfffffffe	0x0000ffff
v_cmp_tru_i32		0x80000000 0xffffffff	0x0000ffff
v_cmp_tru_i32		0xfffffffe 0x0	0x0000ffff
v_cmp_tru_i32		0xfffffffe 0x1	0x0000ffff
v_cmp_tru_i32		0xfffffffe 0x7fffffff	0x0000ffff
v_cmp_tru_i32		0xfffffffe 0x80000000	0x0000ffff
v_cmp_tru_i32		0xfffffffe 0xfffffffe	0x0000ffff
v_cmp_tru_i32		0xfffffffe 0xffffffff	0x0000ffff
v_cmp_tru_i32		0xffffffff 0x0	0x0000ffff
v_cmp_tru_i32		0xffffffff 0x1	0x0000ffff
v_cmp_tru_i32		0xffffffff 0x7fffffff	0x0000ffff
v_cmp_tru_i32		0xffffffff 0x80000000	0x0000ffff
v_cmp_tru_i32		0xffffffff 0xfffffffe	0x0000ffff
v_cmp_tru_i32		0xffffffff 0xffffffff	0x0000ffff
v_cmp_tru_u16		0x0 0x0	0x0000ffff
v_cmp_tru_u16		0x0 0x1	0x0000ffff
v_cmp_tru_u16		0x0 0x7fffffff	0x0000ffff
v_cmp_tru_u16		0x0 0x80000000	0x0000ffff
v_cmp_tru_u16		0x0 0xfffffffe	0x0000ffff
v_cmp_tru_u16		0x0 0xffffffff	0x0000ffff
v_cmp_tru_u16		0x1 0x0	0x0000ffff
v_cmp_tru_u16		0x1 0x1	0x0000ffff
v_cmp_tru_u16		0x1 0x7fffffff	0x0000ffff
v_cmp_tru_u16		0x1 0x80000000	0x0000ffff
v_cmp_tru_u16		0x1 0xfffffffe	0x0000ffff
v_cmp_tru_u16		0x1 0xffffffff	0x0000ffff
v_cmp_tru_u16		0x7fffffff 0x0	0x0000ffff
v_cmp_tru_u16		0x7fffffff 0x1	0x0000ffff
v_cmp_tru_u16		0x7fffffff 0x7fffffff	0x0000ffff
v_cmp_tru_u16		0x7fffffff 0x80000000	0x0000ffff
v_cmp_tru_u16		0x7fffffff 0xfffffffe	0x0000ffff
v_cmp_tru_u16		0x7fffffff 0xffffffff	0x0000ffff
v_cmp_tru_u16		0x80000000 0x0	0x0000ffff
v_cmp_tru_u16		0x80000000 0x1	0x0000ffff
v_cmp_tru_u16		0x80000000 0x7fffffff	0x0000ffff
v_cmp_tru_u16		0x80000000 0x80000000	0x0000ffff
v_cmp_tru_u16		0x80000000 0xfffffffe	0x0000ffff
v_cmp_tru_u16		0x80000000 0xffffffff	0x0000ffff
v_cmp_tru_u16		0xfffffffe 0x0	0x0000ffff
v_cmp_tru_u16		0xfffffffe 0x1	0x0000ffff
v_cmp_tru_u16		0xfffffffe 0x7fffffff	0x0000ffff
v_cmp_tru_u16		0xfffffffe 0x80000000	0x0000ffff
v_cmp_tru_u16		0xfffffffe 0xfffffffe	0x0000ffff
v_cmp_tru_u16		0xfffffffe 0xffffffff	0x0000ffff
v_cmp_tru_u16		0xffffffff 0x0	0x0000ffff
v_cmp_tru_u16		0xffffffff 0x1	0x0000ffff
v_cmp_tru_u16		0xffffffff 0x7fffffff	0x0000ffff
v_cmp_tru_u16		0xffffffff 0x80000000	0x0000ffff
v_cmp_tru_u16		0xffffffff 0xfffffffe	0x0000ffff
v_cmp_tru_u16		0xffffffff 0xffffffff	0x0000ffff
v_cmp_tru_u32		0x0 0x0	0x0000ffff
v_cmp_tru_u32		0x0 0x1	0x0000ffff
v_cmp_tru_u32		0x0 0x7fffffff	0x0000ffff
v_cmp_tru_u32		0x0 0x80000000	0x0000ffff
v_cmp_tru_u32		0x0 0xfffffffe	0x0000ffff
v_cmp_tru_u32		0x0 0xffffffff	0x0000ffff
v_cmp_tru_u32		0x1 0x0	0x0000ffff
v_cmp_tru_u32		0x1 0x1	0x0000ffff
v_cmp_tru_u32		0x1 0x7fffffff	0x0000ffff
v_cmp_tru_u32		0x1 0x80000000	0x0000ffff
v_cmp_tru_u32		0x1 0xfffffffe	0x0000ffff
v_cmp_tru_u32		0x1 0xffffffff	0x0000ffff
v_cmp_tru_u32		0x7fffffff 0x0	0x0000ffff
v_cmp_tru_u32		0x7fffffff 0x1	0x0000ffff
v_cmp_tru_u32		0x7fffffff 0x7fffffff	0x0000ffff
v_cmp_tru_u32		0x7fffffff 0x80000000	0x0000ffff
v_cmp_tru_u32		0x7fffffff 0xfffffffe	0x0000ffff
v_cmp_tru_u32		0x7fffffff 0xffffffff	0x0000ffff
v_cmp_tru_u32		0x80000000 0x0	0x0000ffff
v_cmp_tru_u32		0x80000000 0x1	0x0000ffff
v_cmp_tru_u32		0x80000000 0x7fffffff	0x0000ffff
v_cmp_tru_u32		0x80000000 0x80000000	0x0000ffff
v_cmp_tru_u32		0x80000000 0xfffffffe	0x0000ffff
v_cmp_tru_u32		0x80000000 0xffffffff	0x0000ffff
v_cmp_tru_u32		0xfffffffe 0x0	0x0000ffff
v_cmp_tru_u32		0xfffffffe 0x1	0x0000ffff
v_cmp_tru_u32		0xfffffffe 0x7fffffff	0x0000ffff
v_cmp_tru_u32		0xfffffffe 0x80000000	0x0000ffff
v_cmp_tru_u32		0xfffffffe 0xfffffffe	0x0000ffff
v_cmp_tru_u32		0xfffffffe 0xffffffff	0x0000ffff
v_cmp_tru_u32		0xffffffff 0x0	0x0000ffff
v_cmp_tru_u32		0xffffffff 0x1	0x0000ffff
v_cmp_tru_u32		0xffffffff 0x7fffffff	0x0000ffff
v_cmp_tru_u32		0xffffffff 0x80000000	0x0000ffff
v_cmp_tru_u32		0xffffffff 0xfffffffe	0x0000ffff
v_cmp_tru_u32		0xffffffff 0xffffffff	0x0000ffff
v_cmp_u_f16		0x0 0x0	0x00000000
v_cmp_u_f16		0x0 0x80000000	0x00000000
v_cmp_u_f16		0x0 0x3f000000	0x00000000
v_cmp_u_f16		0x0 0x3f800000	0x00000000
v_cmp_u_f16		0x0 0xbf800000	0x00000000
v_cmp_u_f16		0x0 0x800000	0x00000000
v_cmp_u_f16		0x0 0x7f7fffff	0x0000ffff
v_cmp_u_f16		0x0 0x7f800000	0x00000000
v_cmp_u_f16		0x0 0xff800000	0x00000000
v_cmp_u_f16		0x0 0x7fc00000	0x00000000
v_cmp_u_f16		0x80000000 0x0	0x00000000
v_cmp_u_f16		0x80000000 0x80000000	0x00000000
v_cmp_u_f16		0x80000000 0x3f000000	0x00000000
v_cmp_u_f16		0x80000000 0x3f800000	0x00000000
v_cmp_u_f16		0x80000000 0xbf800000	0x00000000
v_cmp_u_f16		0x80000000 0x800000	0x00000000
v_cmp_u_f16		0x80000000 0x7f7fffff	0x0000ffff
v_cmp_u_f16		0x80000000 0x7f800000	0x00000000
v_cmp_u_f16		0x80000000 0xff800000	0x00000000
v_cmp_u_f16		0x80000000 0x7fc00000	0x00000000
v_cmp_u_f16		0x3f000000 0x0	0x00000000
v_cmp_u_f16		0x3f000000 0x80000000	0x00000000
v_cmp_u_f16		0x3f000000 0x3f000000	0x00000000
v_cmp_u_f16		0x3f000000 0x3f800000	0x00000000
v_cmp_u_f16		0x3f000000 0xbf800000	0x00000000
v_cmp_u_f16		0x3f000000 0x800000	0x00000000
v_cmp_u_f16		0x3f000000 0x7f7fffff	0x0000ffff
v_cmp_u_f16		0x3f000000 0x7f800000	0x00000000
v_cmp_u_f16		0x3f000000 0xff800000	0x00000000
v_cmp_u_f16		0x3f000000 0x7fc00000	0x00000000
v_cmp_u_f16		0x3f800000 0x0	0x00000000
v_cmp_u_f16		0x3f800000 0x80000000	0x00000000
v_cmp_u_f16		0x3f800000 0x3f000000	0x00000000
v_cmp_u_f16		0x3f800000 0x3f800000	0x00000000
v_cmp_u_f16		0x3f800000 0xbf800000	0x00000000
v_cmp_u_f16		0x3f800000 0x800000	0x00000000
v_cmp_u_f16		0x3f800000 0x7f7fffff	0x0000ffff
v_cmp_u_f16		0x3f800000 0x7f800000	0x00000000
v_cmp_u_f16		0x3f800000 0xff800000	0x00000000
v_cmp_u_f16		0x3f800000 0x7fc00000	0x00000000
v_cmp_u_f16		0xbf800000 0x0	0x00000000
v_cmp_u_f16		0xbf800000 0x80000000	0x00000000
v_cmp_u_f16		0xbf800000 0x3f000000	0x00000000
v_cmp_u_f16		0xbf800000 0x3f800000	0x00000000
v_cmp_u_f16		0xbf800000 0xbf800000	0x00000000
v_cmp_u_f16		0xbf800000 0x800000	0x00000000
v_cmp_u_f16		0xbf800000 0x7f7fffff	0x0000ffff
v_cmp_u_f16		0xbf800000 0x7f800000	0x00000000
v_cmp_u_f16		0xbf800000 0xff800000	0x00000000
v_cmp_u_f16		0xbf800000 0x7fc00000	0x00000000
v_cmp_u_f16		0x800000 0x0	0x00000000
v_cmp_u_f16		0x800000 0x80000000	0x00000000
v_cmp_u_f16		0x800000 0x3f000000	0x00000000
v_cmp_u_f16		0x800000 0x3f800000	0x00000000
v_cmp_u_f16		0x800000 0xbf800000	0x00000000
v_cmp_u_f16		0x800000 0x800000	0x00000000
v_cmp_u_f16		0x800000 0x7f7fffff	0x0000ffff
v_cmp_u_f16		0x800000 0x7f800000	0x00000000
v_cmp_u_f16		0x800000 0xff800000	0x00000000
v_cmp_u_f16		0x800000 0x7fc00000	0x00000000
v_cmp_u_f16		0x7f7fffff 0x0	0x0000ffff
v_cmp_u_f16		0x7f7fffff 0x80000000	0x0000ffff
v_cmp_u_f16		0x7f7fffff 0x3f000000	0x0000ffff
v_cmp_u_f16		0x7f7fffff 0x3f800000	0x0000ffff
v_cmp_u_f16		0x7f7fffff 0xbf800000	0x0000ffff
v_cmp_u_f16		0x7f7fffff 0x800000	0x0000ffff
v_cmp_u_f16		0x7f7fffff 0x7f7fffff	0x0000ffff
v_cmp_u_f16		0x7f7fffff 0x7f800000	0x0000ffff
v_cmp_u_f16		0x7f7fffff 0xff800000	0x0000ffff
v_cmp_u_f16		0x7f7fffff 0x7fc00000	0x0000ffff
v_cmp_u_f16		0x7f800000 0x0	0x00000000
v_cmp_u_f16		0x7f800000 0x80000000	0x00000000
v_cmp_u_f16		0x7f800000 0x3f000000	0x00000000
v_cmp_u_f16		0x7f800000 0x3f800000	0x00000000
v_cmp_u_f16		0x7f800000 0xbf800000	0x00000000
v_cmp_u_f16		0x7f800000 0x800000	0x00000000
v_cmp_u_f16		0x7f800000 0x7f7fffff	0x0000ffff
v_cmp_u_f16		0x7f800000 0x7f800000	0x00000000
v_cmp_u_f16		0x7f800000 0xff800000	0x00000000
v_cmp_u_f16		0x7f800000 0x7fc00000	0x00000000
v_cmp_u_f16		0xff800000 0x0	0x00000000
v_cmp_u_f16		0xff800000 0x80000000	0x00000000
v_cmp_u_f16		0xff800000 0x3f000000	0x00000000
v_cmp_u_f16		0xff800000 0x3f800000	0x00000000
v_cmp_u_f16		0xff800000 0xbf800000	0x00000000
v_cmp_u_f16		0xff800000 0x800000	0x00000000
v_cmp_u_f16		0xff800000 0x7f7fffff	0x0000ffff
v_cmp_u_f16		0xff800000 0x7f800000	0x00000000
v_cmp_u_f16		0xff800000 0xff800000	0x00000000
v_cmp_u_f16		0xff800000 0x7fc00000	0x00000000
v_cmp_u_f16		0x7fc00000 0x0	0x00000000
v_cmp_u_f16		0x7fc00000 0x80000000	0x00000000
v_cmp_u_f16		0x7fc00000 0x3f000000	0x00000000
v_cmp_u_f16		0x7fc00000 0x3f800000	0x00000000
v_cmp_u_f16		0x7fc00000 0xbf800000	0x00000000
v_cmp_u_f16		0x7fc00000 0x800000	0x00000000
v_cmp_u_f16		0x7fc00000 0x7f7fffff	0x0000ffff
v_cmp_u_f16		0x7fc00000 0x7f800000	0x00000000
v_cmp_u_f16		0x7fc00000 0xff800000	0x00000000
v_cmp_u_f16		0x7fc00000 0x7fc00000	0x00000000
v_cmp_u_f32		0x0 0x0	0x00000000
v_cmp_u_f32		0x0 0x80000000	0x00000000
v_cmp_u_f32		0x0 0x3f000000	0x00000000
v_cmp_u_f32		0x0 0x3f800000	0x00000000
v_cmp_u_f32		0x0 0xbf800000	0x00000000
v_cmp_u_f32		0x0 0x800000	0x00000000
v_cmp_u_f32		0x0 0x7f7fffff	0x00000000
v_cmp_u_f32		0x0 0x7f800000	0x00000000
v_cmp_u_f32		0x0 0xff800000	0x00000000
v_cmp_u_f32		0x0 0x7fc00000	0x0000ffff
v_cmp_u_f32		0x80000000 0x0	0x00000000
v_cmp_u_f32		0x80000000 0x80000000	0x00000000
v_cmp_u_f32		0x80000000 0x3f000000	0x00000000
v_cmp_u_f32		0x80000000 0x3f800000	0x00000000
v_cmp_u_f32		0x80000000 0xbf800000	0x00000000
v_cmp_u_f32		0x80000000 0x800000	0x00000000
v_cmp_u_f32		0x80000000 0x7f7fffff	0x00000000
v_cmp_u_f32		0x80000000 0x7f800000	0x00000000
v_cmp_u_f32		0x80000000 0xff800000	0x00000000
v_cmp_u_f32		0x80000000 0x7fc00000	0x0000ffff
v_cmp_u_f32		0x3f000000 0x0	0x00000000
v_cmp_u_f32		0x3f000000 0x80000000	0x00000000
v_cmp_u_f32		0x3f000000 0x3f000000	0x00000000
v_cmp_u_f32		0x3f000000 0x3f800000	0x00000000
v_cmp_u_f32		0x3f000000 0xbf800000	0x00000000
v_cmp_u_f32		0x3f000000 0x800000	0x00000000
v_cmp_u_f32		0x3f000000 0x7f7fffff	0x00000000
v_cmp_u_f32		0x3f000000 0x7f800000	0x00000000
v_cmp_u_f32		0x3f000000 0xff800000	0x00000000
v_cmp_u_f32		0x3f000000 0x7fc00000	0x0000ffff
v_cmp_u_f32		0x3f800000 0x0	0x00000000
v_cmp_u_f32		0x3f800000 0x80000000	0x00000000
v_cmp_u_f32		0x3f800000 0x3f000000	0x00000000
v_cmp_u_f32		0x3f800000 0x3f800000	0x00000000
v_cmp_u_f32		0x3f800000 0xbf800000	0x00000000
v_cmp_u_f32		0x3f800000 0x800000	0x00000000
v_cmp_u_f32		0x3f800000 0x7f7fffff	0x00000000
v_cmp_u_f32		0x3f800000 0x7f800000	0x00000000
v_cmp_u_f32		0x3f800000 0xff800000	0x00000000
v_cmp_u_f32		0x3f800000 0x7fc00000	0x0000ffff
v_cmp_u_f32		0xbf800000 0x0	0x00000000
v_cmp_u_f32		0xbf800000 0x80000000	0x00000000
v_cmp_u_f32		0xbf800000 0x3f000000	0x00000000
v_cmp_u_f32		0xbf800000 0x3f800000	0x00000000
v_cmp_u_f32		0xbf800000 0xbf800000	0x00000000
v_cmp_u_f32		0xbf800000 0x800000	0x00000000
v_cmp_u_f32		0xbf800000 0x7f7fffff	0x00000000
v_cmp_u_f32		0xbf800000 0x7f800000	0x00000000
v_cmp_u_f32		0xbf800000 0xff800000	0x00000000
v_cmp_u_f32		0xbf800000 0x7fc00000	0x0000ffff
v_cmp_u_f32		0x800000 0x0	0x00000000
v_cmp_u_f32		0x800000 0x80000000	0x00000000
v_cmp_u_f32		0x800000 0x3f000000	0x00000000
v_cmp_u_f32		0x800000 0x3f800000	0x00000000
v_cmp_u_f32		0x800000 0xbf800000	0x00000000
v_cmp_u_f32		0x800000 0x800000	0x00000000
v_cmp_u_f32		0x800000 0x7f7fffff	0x00000000
v_cmp_u_f32		0x800000 0x7f800000	0x00000000
v_cmp_u_f32		0x800000 0xff800000	0x00000000
v_cmp_u_f32		0x800000 0x7fc00000	0x0000ffff
v_cmp_u_f32		0x7f7fffff 0x0	0x00000000
v_cmp_u_f32		0x7f7fffff 0x80000000	0x00000000
v_cmp_u_f32		0x7f7fffff 0x3f000000	0x00000000
v_cmp_u_f32		0x7f7fffff 0x3f800000	0x00000000
v_cmp_u_f32		0x7f7fffff 0xbf800000	0x00000000
v_cmp_u_f32		0x7f7fffff 0x800000	0x00000000
v_cmp_u_f32		0x7f7fffff 0x7f7fffff	0x00000000
v_cmp_u_f32		0x7f7fffff 0x7f800000	0x00000000
v_cmp_u_f32		0x7f7fffff 0xff800000	0x00000000
v_cmp_u_f32		0x7f7fffff 0x7fc00000	0x0000ffff
v_cmp_u_f32		0x7f800000 0x0	0x00000000
v_cmp_u_f32		0x7f800000 0x80000000	0x00000000
v_cmp_u_f32		0x7f800000 0x3f000000	0x00000000
v_cmp_u_f32		0x7f800000 0x3f800000	0x00000000
v_cmp_u_f32		0x7f800000 0xbf800000	0x00000000
v_cmp_u_f32		0x7f800000 0x800000	0x00000000
v_cmp_u_f32		0x7f800000 0x7f7fffff	0x00000000
v_cmp_u_f32		0x7f800000 0x7f800000	0x00000000
v_cmp_u_f32		0x7f800000 0xff800000	0x00000000
v_cmp_u_f32		0x7f800000 0x7fc00000	0x0000ffff
v_cmp_u_f32		0xff800000 0x0	0x00000000
v_cmp_u_f32		0xff800000 0x80000000	0x00000000
v_cmp_u_f32		0xff800000 0x3f000000	0x00000000
v_cmp_u_f32		0xff800000 0x3f800000	0x00000000
v_cmp_u_f32		0xff800000 0xbf800000	0x00000000
v_cmp_u_f32		0xff800000 0x800000	0x00000000
v_cmp_u_f32		0xff800000 0x7f7fffff	0x00000000
v_cmp_u_f32		0xff800000 0x7f800000	0x00000000
v_cmp_u_f32		0xff800000 0xff800000	0x00000000
v_cmp_u_f32		0xff800000 0x7fc00000	0x0000ffff
v_cmp_u_f32		0x7fc00000 0x0	0x0000ffff
v_cmp_u_f32		0x7fc00000 0x80000000	0x0000ffff
v_cmp_u_f32		0x7fc00000 0x3f000000	0x0000ffff
v_cmp_u_f32		0x7fc00000 0x3f800000	0x0000ffff
v_cmp_u_f32		0x7fc00000 0xbf800000	0x0000ffff
v_cmp_u_f32		0x7fc00000 0x800000	0x0000ffff
v_cmp_u_f32		0x7fc00000 0x7f7fffff	0x0000ffff
v_cmp_u_f32		0x7fc00000 0x7f800000	0x0000ffff
v_cmp_u_f32		0x7fc00000 0xff800000	0x0000ffff
v_cmp_u_f32		0x7fc00000 0x7fc00000	0x0000ffff
v_cmpclass_f16		0x0 0x0	0x00000000
v_cmpclass_f16		0x0 0x80000000	0x00000000
v_cmpclass_f16		0x0 0x3f000000	0x00000000
v_cmpclass_f16		0x0 0x3f800000	0x00000000
v_cmpclass_f16		0x0 0xbf800000	0x00000000
v_cmpclass_f16		0x0 0x800000	0x00000000
v_cmpclass_f16		0x0 0x7f7fffff	0x0000ffff
v_cmpclass_f16		0x0 0x7f800000	0x00000000
v_cmpclass_f16		0x0 0xff800000	0x00000000
v_cmpclass_f16		0x0 0x7fc00000	0x00000000
v_cmpclass_f16		0x80000000 0x0	0x00000000
v_cmpclass_f16		0x80000000 0x80000000	0x00000000
v_cmpclass_f16		0x80000000 0x3f000000	0x00000000
v_cmpclass_f16		0x80000000 0x3f800000	0x00000000
v_cmpclass_f16		0x80000000 0xbf800000	0x00000000
v_cmpclass_f16		0x80000000 0x800000	0x00000000
v_cmpclass_f16		0x80000000 0x7f7fffff	0x0000ffff
v_cmpclass_f16		0x80000000 0x7f800000	0x00000000
v_cmpclass_f16		0x80000000 0xff800000	0x00000000
v_cmpclass_f16		0x80000000 0x7fc00000	0x00000000
v_cmpclass_f16		0x3f000000 0x0	0x00000000
v_cmpclass_f16		0x3f000000 0x80000000	0x00000000
v_cmpclass_f16		0x3f000000 0x3f000000	0x00000000
v_cmpclass_f16		0x3f000000 0x3f800000	0x00000000
v_cmpclass_f16		0x3f000000 0xbf800000	0x00000000
v_cmpclass_f16		0x3f000000 0x800000	0x00000000
v_cmpclass_f16		0x3f000000 0x7f7fffff	0x0000ffff
v_cmpclass_f16		0x3f000000 0x7f800000	0x00000000
v_cmpclass_f16		0x3f000000 0xff800000	0x00000000
v_cmpclass_f16		0x3f000000 0x7fc00000	0x00000000
v_cmpclass_f16		0x3f800000 0x0	0x00000000
v_cmpclass_f16		0x3f800000 0x80000000	0x00000000
v_cmpclass_f16		0x3f800000 0x3f000000	0x00000000
v_cmpclass_f16		0x3f800000 0x3f800000	0x00000000
v_cmpclass_f16		0x3f800000 0xbf800000	0x00000000
v_cmpclass_f16		0x3f800000 0x800000	0x00000000
v_cmpclass_f16		0x3f800000 0x7f7fffff	0x0000ffff
v_cmpclass_f16		0x3f800000 0x7f800000	0x00000000
v_cmpclass_f16		0x3f800000 0xff800000	0x00000000
v_cmpclass_f16		0x3f800000 0x7fc00000	0x00000000
v_cmpclass_f16		0xbf800000 0x0	0x00000000
v_cmpclass_f16		0xbf800000 0x80000000	0x00000000
v_cmpclass_f16		0xbf800000 0x3f000000	0x00000000
v_cmpclass_f16		0xbf800000 0x3f800000	0x00000000
v_cmpclass_f16		0xbf800000 0xbf800000	0x00000000
v_cmpclass_f16		0xbf800000 0x800000	0x00000000
v_cmpclass_f16		0xbf800000 0x7f7fffff	0x0000ffff
v_cmpclass_f16		0xbf800000 0x7f800000	0x00000000
v_cmpclass_f16		0xbf800000 0xff800000	0x00000000
v_cmpclass_f16		0xbf800000 0x7fc00000	0x00000000
v_cmpclass_f16		0x800000 0x0	0x00000000
v_cmpclass_f16		0x800000 0x80000000	0x00000000
v_cmpclass_f16		0x800000 0x3f000000	0x00000000
v_cmpclass_f16		0x800000 0x3f800000	0x00000000
v_cmpclass_f16		0x800000 0xbf800000	0x00000000
v_cmpclass_f16		0x800000 0x800000	0x00000000
v_cmpclass_f16		0x800000 0x7f7fffff	0x0000ffff
v_cmpclass_f16		0x800000 0x7f800000	0x00000000
v_cmpclass_f16		0x800000 0xff800000	0x00000000
v_cmpclass_f16		0x800000 0x7fc00000	0x00000000
v_cmpclass_f16		0x7f7fffff 0x0	0x00000000
v_cmpclass_f16		0x7f7fffff 0x80000000	0x00000000
v_cmpclass_f16		0x7f7fffff 0x3f000000	0x00000000
v_cmpclass_f16		0x7f7fffff 0x3f800000	0x00000000
v_cmpclass_f16		0x7f7fffff 0xbf800000	0x00000000
v_cmpclass_f16		0x7f7fffff 0x800000	0x00000000
v_cmpclass_f16		0x7f7fffff 0x7f7fffff	0x0000ffff
v_cmpclass_f16		0x7f7fffff 0x7f800000	0x00000000
v_cmpclass_f16		0x7f7fffff 0xff800000	0x00000000
v_cmpclass_f16		0x7f7fffff 0x7fc00000	0x00000000
v_cmpclass_f16		0x7f800000 0x0	0x00000000
v_cmpclass_f16		0x7f800000 0x80000000	0x00000000
v_cmpclass_f16		0x7f800000 0x3f000000	0x00000000
v_cmpclass_f16		0x7f800000 0x3f800000	0x00000000
v_cmpclass_f16		0x7f800000 0xbf800000	0x00000000
v_cmpclass_f16		0x7f800000 0x800000	0x00000000
v_cmpclass_f16		0x7f800000 0x7f7fffff	0x0000ffff
v_cmpclass_f16		0x7f800000 0x7f800000	0x00000000
v_cmpclass_f16		0x7f800000 0xff800000	0x00000000
v_cmpclass_f16		0x7f800000 0x7fc00000	0x00000000
v_cmpclass_f16		0xff800000 0x0	0x00000000
v_cmpclass_f16		0xff800000 0x80000000	0x00000000
v_cmpclass_f16		0xff800000 0x3f000000	0x00000000
v_cmpclass_f16		0xff800000 0x3f800000	0x00000000
v_cmpclass_f16		0xff800000 0xbf800000	0x00000000
v_cmpclass_f16		0xff800000 0x800000	0x00000000
v_cmpclass_f16		0xff800000 0x7f7fffff	0x0000ffff
v_cmpclass_f16		0xff800000 0x7f800000	0x00000000
v_cmpclass_f16		0xff800000 0xff800000	0x00000000
v_cmpclass_f16		0xff800000 0x7fc00000	0x00000000
v_cmpclass_f16		0x7fc00000 0x0	0x00000000
v_cmpclass_f16		0x7fc00000 0x80000000	0x00000000
v_cmpclass_f16		0x7fc00000 0x3f000000	0x00000000
v_cmpclass_f16		0x7fc00000 0x3f800000	0x00000000
v_cmpclass_f16		0x7fc00000 0xbf800000	0x00000000
v_cmpclass_f16		0x7fc00000 0x800000	0x00000000
v_cmpclass_f16		0x7fc00000 0x7f7fffff	0x0000ffff
v_cmpclass_f16		0x7fc00000 0x7f800000	0x00000000
v_cmpclass_f16		0x7fc00000 0xff800000	0x00000000
v_cmpclass_f16		0x7fc00000 0x7fc00000	0x00000000
v_cmpclass_f32		0x0 0x0	0x00000000
v_cmpclass_f32		0x0 0x80000000	0x00000000
v_cmpclass_f32		0x0 0x3f000000	0x00000000
v_cmpclass_f32		0x0 0x3f800000	0x00000000
v_cmpclass_f32		0x0 0xbf800000	0x00000000
v_cmpclass_f32		0x0 0x800000	0x00000000
v_cmpclass_f32		0x0 0x7f7fffff	0x0000ffff
v_cmpclass_f32		0x0 0x7f800000	0x00000000
v_cmpclass_f32		0x0 0xff800000	0x00000000
v_cmpclass_f32		0x0 0x7fc00000	0x00000000
v_cmpclass_f32		0x80000000 0x0	0x00000000
v_cmpclass_f32		0x80000000 0x80000000	0x00000000
v_cmpclass_f32		0x80000000 0x3f000000	0x00000000
v_cmpclass_f32		0x80000000 0x3f800000	0x00000000
v_cmpclass_f32		0x80000000 0xbf800000	0x00000000
v_cmpclass_f32		0x80000000 0x800000	0x00000000
v_cmpclass_f32		0x80000000 0x7f7fffff	0x0000ffff
v_cmpclass_f32		0x80000000 0x7f800000	0x00000000
v_cmpclass_f32		0x80000000 0xff800000	0x00000000
v_cmpclass_f32		0x80000000 0x7fc00000	0x00000000
v_cmpclass_f32		0x3f000000 0x0	0x00000000
v_cmpclass_f32		0x3f000000 0x80000000	0x00000000
v_cmpclass_f32		0x3f000000 0x3f000000	0x00000000
v_cmpclass_f32		0x3f000000 0x3f800000	0x00000000
v_cmpclass_f32		0x3f000000 0xbf800000	0x00000000
v_cmpclass_f32		0x3f000000 0x800000	0x00000000
v_cmpclass_f32		0x3f000000 0x7f7fffff	0x0000ffff
v_cmpclass_f32		0x3f000000 0x7f800000	0x00000000
v_cmpclass_f32		0x3f000000 0xff800000	0x00000000
v_cmpclass_f32		0x3f000000 0x7fc00000	0x00000000
v_cmpclass_f32		0x3f800000 0x0	0x00000000
v_cmpclass_f32		0x3f800000 0x80000000	0x00000000
v_cmpclass_f32		0x3f800000 0x3f000000	0x00000000
v_cmpclass_f32		0x3f800000 0x3f800000	0x00000000
v_cmpclass_f32		0x3f800000 0xbf800000	0x00000000
v_cmpclass_f32		0x3f800000 0x800000	0x00000000
v_cmpclass_f32		0x3f800000 0x7f7fffff	0x0000ffff
v_cmpclass_f32		0x3f800000 0x7f800000	0x00000000
v_cmpclass_f32		0x3f800000 0xff800000	0x00000000
v_cmpclass_f32		0x3f800000 0x7fc00000	0x00000000
v_cmpclass_f32		0xbf800000 0x0	0x00000000
v_cmpclass_f32		0xbf800000 0x80000000	0x00000000
v_cmpclass_f32		0xbf800000 0x3f000000	0x00000000
v_cmpclass_f32		0xbf800000 0x3f800000	0x00000000
v_cmpclass_f32		0xbf800000 0xbf800000	0x00000000
v_cmpclass_f32		0xbf800000 0x800000	0x00000000
v_cmpclass_f32		0xbf800000 0x7f7fffff	0x0000ffff
v_cmpclass_f32		0xbf800000 0x7f800000	0x00000000
v_cmpclass_f32		0xbf800000 0xff800000	0x00000000
v_cmpclass_f32		0xbf800000 0x7fc00000	0x00000000
v_cmpclass_f32		0x800000 0x0	0x00000000
v_cmpclass_f32		0x800000 0x80000000	0x00000000
v_cmpclass_f32		0x800000 0x3f000000	0x00000000
v_cmpclass_f32		0x800000 0x3f800000	0x00000000
v_cmpclass_f32		0x800000 0xbf800000	0x00000000
v_cmpclass_f32		0x800000 0x800000	0x00000000
v_cmpclass_f32		0x800000 0x7f7fffff	0x0000ffff
v_cmpclass_f32		0x800000 0x7f800000	0x00000000
v_cmpclass_f32		0x800000 0xff800000	0x00000000
v_cmpclass_f32		0x800000 0x7fc00000	0x00000000
v_cmpclass_f32		0x7f7fffff 0x0	0x00000000
v_cmpclass_f32		0x7f7fffff 0x80000000	0x00000000
v_cmpclass_f32		0x7f7fffff 0x3f000000	0x00000000
v_cmpclass_f32		0x7f7fffff 0x3f800000	0x00000000
v_cmpclass_f32		0x7f7fffff 0xbf800000	0x00000000
v_cmpclass_f32		0x7f7fffff 0x800000	0x00000000
v_cmpclass_f32		0x7f7fffff 0x7f7fffff	0x0000ffff
v_cmpclass_f32		0x7f7fffff 0x7f800000	0x00000000
v_cmpclass_f32		0x7f7fffff 0xff800000	0x00000000
v_cmpclass_f32		0x7f7fffff 0x7fc00000	0x00000000
v_cmpclass_f32		0x7f800000 0x0	0x00000000
v_cmpclass_f32		0x7f800000 0x80000000	0x00000000
v_cmpclass_f32		0x7f800000 0x3f000000	0x00000000
v_cmpclass_f32		0x7f800000 0x3f800000	0x00000000
v_cmpclass_f32		0x7f800000 0xbf800000	0x00000000
v_cmpclass_f32		0x7f800000 0x800000	0x00000000
v_cmpclass_f32		0x7f800000 0x7f7fffff	0x0000ffff
v_cmpclass_f32		0x7f800000 0x7f800000	0x00000000
v_cmpclass_f32		0x7f800000 0xff800000	0x00000000
v_cmpclass_f32		0x7f800000 0x7fc00000	0x00000000
v_cmpclass_f32		0xff800000 0x0	0x00000000
v_cmpclass_f32		0xff800000 0x80000000	0x00000000
v_cmpclass_f32		0xff800000 0x3f000000	0x00000000
v_cmpclass_f32		0xff800000 0x3f800000	0x00000000
v_cmpclass_f32		0xff800000 0xbf800000	0x00000000
v_cmpclass_f32		0xff800000 0x800000	0x00000000
v_cmpclass_f32		0xff800000 0x7f7fffff	0x0000ffff
v_cmpclass_f32		0xff800000 0x7f800000	0x00000000
v_cmpclass_f32		0xff800000 0xff800000	0x00000000
v_cmpclass_f32		0xff800000 0x7fc00000	0x00000000
v_cmpclass_f32		0x7fc00000 0x0	0x00000000
v_cmpclass_f32		0x7fc00000 0x80000000	0x00000000
v_cmpclass_f32		0x7fc00000 0x3f000000	0x00000000
v_cmpclass_f32		0x7fc00000 0x3f800000	0x00000000
v_cmpclass_f32		0x7fc00000 0xbf800000	0x00000000
v_cmpclass_f32		0x7fc00000 0x800000	0x00000000
v_cmpclass_f32		0x7fc00000 0x7f7fffff	0x0000ffff
v_cmpclass_f32		0x7fc00000 0x7f800000	0x00000000
v_cmpclass_f32		0x7fc00000 0xff800000	0x00000000
v_cmpclass_f32		0x7fc00000 0x7fc00000	0x00000000
v_copysign_f32		0x0 0x0	0x00000000
v_copysign_f32		0x0 0x80000000	0x80000000
v_copysign_f32		0x0 0x3f000000	0x00000000
v_copysign_f32		0x0 0x3f800000	0x00000000
v_copysign_f32		0x0 0xbf800000	0x80000000
v_copysign_f32		0x0 0x800000	0x00000000
v_copysign_f32		0x0 0x7f7fffff	0x00000000
v_copysign_f32		0x0 0x7f800000	0x00000000
v_copysign_f32		0x0 0xff800000	0x80000000
v_copysign_f32		0x0 0x7fc00000	0x00000000
v_copysign_f32		0x80000000 0x0	0x00000000
v_copysign_f32		0x80000000 0x80000000	0x80000000
v_copysign_f32		0x80000000 0x3f000000	0x00000000
v_copysign_f32		0x80000000 0x3f800000	0x00000000
v_copysign_f32		0x80000000 0xbf800000	0x80000000
v_copysign_f32		0x80000000 0x800000	0x00000000
v_copysign_f32		0x80000000 0x7f7fffff	0x00000000
v_copysign_f32		0x80000000 0x7f800000	0x00000000
v_copysign_f32		0x80000000 0xff800000	0x80000000
v_copysign_f32		0x80000000 0x7fc00000	0x00000000
v_copysign_f32		0x3f000000 0x0	0x3f000000
v_copysign_f32		0x3f000000 0x80000000	0xbf000000
v_copysign_f32		0x3f000000 0x3f000000	0x3f000000
v_copysign_f32		0x3f000000 0x3f800000	0x3f000000
v_copysign_f32		0x3f000000 0xbf800000	0xbf000000
v_copysign_f32		0x3f000000 0x800000	0x3f000000
v_copysign_f32		0x3f000000 0x7f7fffff	0x3f000000
v_copysign_f32		0x3f000000 0x7f800000	0x3f000000
v_copysign_f32		0x3f000000 0xff800000	0xbf000000
v_copysign_f32		0x3f000000 0x7fc00000	0x3f000000
v_copysign_f32		0x3f800000 0x0	0x3f800000
v_copysign_f32		0x3f800000 0x80000000	0xbf800000
v_copysign_f32		0x3f800000 0x3f000000	0x3f800000
v_copysign_f32		0x3f800000 0x3f800000	0x3f800000
v_copysign_f32		0x3f800000 0xbf800000	0xbf800000
v_copysign_f32		0x3f800000 0x800000	0x3f800000
v_copysign_f32		0x3f800000 0x7f7fffff	0x3f800000
v_copysign_f32		0x3f800000 0x7f800000	0x3f800000
v_copysign_f32		0x3f800000 0xff800000	0xbf800000
v_copysign_f32		0x3f800000 0x7fc00000	0x3f800000
v_copysign_f32		0xbf800000 0x0	0x3f800000
v_copysign_f32		0xbf800000 0x80000000	0xbf800000
v_copysign_f32		0xbf800000 0x3f000000	0x3f800000
v_copysign_f32		0xbf800000 0x3f800000	0x3f800000
v_copysign_f32		0xbf800000 0xbf800000	0xbf800000
v_copysign_f32		0xbf800000 0x800000	0x3f800000
v_copysign_f32		0xbf800000 0x7f7fffff	0x3f800000
v_copysign_f32		0xbf800000 0x7f800000	0x3f800000
v_copysign_f32		0xbf800000 0xff800000	0xbf800000
v_copysign_f32		0xbf800000 0x7fc00000	0x3f800000
v_copysign_f32		0x800000 0x0	0x00800000
v_copysign_f32		0x800000 0x80000000	0x80800000
v_copysign_f32		0x800000 0x3f000000	0x00800000
v_copysign_f32		0x800000 0x3f800000	0x00800000
v_copysign_f32		0x800000 0xbf800000	0x80800000
v_copysign_f32		0x800000 0x800000	0x00800000
v_copysign_f32		0x800000 0x7f7fffff	0x00800000
v_copysign_f32		0x800000 0x7f800000	0x00800000
v_copysign_f32		0x800000 0xff800000	0x80800000
v_copysign_f32		0x800000 0x7fc00000	0x00800000
v_copysign_f32		0x7f7fffff 0x0	0x7f7fffff
v_copysign_f32		0x7f7fffff 0x80000000	0xff7fffff
v_copysign_f32		0x7f7fffff 0x3f000000	0x7f7fffff
v_copysign_f32		0x7f7fffff 0x3f800000	0x7f7fffff
v_copysign_f32		0x7f7fffff 0xbf800000	0xff7fffff
v_copysign_f32		0x7f7fffff 0x800000	0x7f7fffff
v_copysign_f32		0x7f7fffff 0x7f7fffff	0x7f7fffff
v_copysign_f32		0x7f7fffff 0x7f800000	0x7f7fffff
v_copysign_f32		0x7f7fffff 0xff800000	0xff7fffff
v_copysign_f32		0x7f7fffff 0x7fc00000	0x7f7fffff
v_copysign_f32		0x7f800000 0x0	0x7f800000
v_copysign_f32		0x7f800000 0x80000000	0xff800000
v_copysign_f32		0x7f800000 0x3f000000	0x7f800000
v_copysign_f32		0x7f800000 0x3f800000	0x7f800000
v_copysign_f32		0x7f800000 0xbf800000	0xff800000
v_copysign_f32		0x7f800000 0x800000	0x7f800000
v_copysign_f32		0x7f800000 0x7f7fffff	0x7f800000
v_copysign_f32		0x7f800000 0x7f800000	0x7f800000
v_copysign_f32		0x7f800000 0xff800000	0xff800000
v_copysign_f32		0x7f800000 0x7fc00000	0x7f800000
v_copysign_f32		0xff800000 0x0	0x7f800000
v_copysign_f32		0xff800000 0x80000000	0xff800000
v_copysign_f32		0xff800000 0x3f000000	0x7f800000
v_copysign_f32		0xff800000 0x3f800000	0x7f800000
v_copysign_f32		0xff800000 0xbf800000	0xff800000
v_copysign_f32		0xff800000 0x800000	0x7f800000
v_copysign_f32		0xff800000 0x7f7fffff	0x7f800000
v_copysign_f32		0xff800000 0x7f800000	0x7f800000
v_copysign_f32		0xff800000 0xff800000	0xff800000
v_copysign_f32		0xff800000 0x7fc00000	0x7f800000
v_copysign_f32		0x7fc00000 0x0	0x7fc00000
v_copysign_f32		0x7fc00000 0x80000000	0xffc00000
v_copysign_f32		0x7fc00000 0x3f000000	0x7fc00000
v_copysign_f32		0x7fc00000 0x3f800000	0x7fc00000
v_copysign_f32		0x7fc00000 0xbf800000	0xffc00000
v_copysign_f32		0x7fc00000 0x800000	0x7fc00000
v_copysign_f32		0x7fc00000 0x7f7fffff	0x7fc00000
v_copysign_f32		0x7fc00000 0x7f800000	0x7fc00000
v_copysign_f32		0x7fc00000 0xff800000	0xffc00000
v_copysign_f32		0x7fc00000 0x7fc00000	0x7fc00000
v_cos_f32		0x0	0x3f800000
v_cos_f32		0x80000000	0x3f800000
v_cos_f32		0x3f000000	0xbf800000
v_cos_f32		0x3f800000	0x3f800000
v_cos_f32		0xbf800000	0x3f800000
v_cos_f32		0x800000	0x3f800000
v_cos_f32		0x7f7fffff	0x3f800000
v_cos_f32		0x7f800000	0x7fc00015
v_cos_f32		0xff800000	0xffc00015
v_cos_f32		0x7fc00000	0x7fc00000
v_cto_u32		0x0	0x00000000
v_cto_u32		0x1	0x00000001
v_cto_u32		0x7fffffff	0x0000001f
v_cto_u32		0x80000000	0x00000000
v_cto_u32		0xfffffffe	0x00000000
v_cto_u32		0xffffffff	0x00000020
v_ctz_u32		0x0	0x00000020
v_ctz_u32		0x1	0x00000000
v_ctz_u32		0x7fffffff	0x00000000
v_ctz_u32		0x80000000	0x0000001f
v_ctz_u32		0xfffffffe	0x00000001
v_ctz_u32		0xffffffff	0x00000000
v_cubeface_f32		0x0 0x0 0x0	0x40800000
v_cubeface_f32		0x0 0x1 0x0	0x40800000
v_cubeface_f32		0x0 0x0 0x0	0x40800000
v_cubeface_f32		0x0 0x80000000 0x0	0x40800000
v_cubeface_f32		0x0 0x1 0x80000000	0x40a00000
v_cubeface_f32		0x0 0x0 0x80000000	0x40a00000
v_cubeface_f32		0x0 0x3f000000 0x0	0x40000000
v_cubeface_f32		0x0 0x1 0x3f000000	0x40800000
v_cubeface_f32		0x0 0x0 0x3f000000	0x40800000
v_cubeface_f32		0x0 0x3f800000 0x0	0x40000000
v_cubeface_f32		0x0 0x1 0x3f800000	0x40800000
v_cubeface_f32		0x0 0x0 0x3f800000	0x40800000
v_cubeface_f32		0x0 0xbf800000 0x0	0x40400000
v_cubeface_f32		0x0 0x1 0xbf800000	0x40a00000
v_cubeface_f32		0x0 0x0 0xbf800000	0x40a00000
v_cubeface_f32		0x0 0x800000 0x0	0x40000000
v_cubeface_f32		0x0 0x1 0x800000	0x40800000
v_cubeface_f32		0x0 0x0 0x800000	0x40800000
v_cubeface_f32		0x0 0x7f7fffff 0x0	0x40000000
v_cubeface_f32		0x0 0x1 0x7f7fffff	0x40800000
v_cubeface_f32		0x0 0x0 0x7f7fffff	0x40800000
v_cubeface_f32		0x0 0x7f800000 0x0	0x40000000
v_cubeface_f32		0x0 0x1 0x7f800000	0x40800000
v_cubeface_f32		0x0 0x0 0x7f800000	0x40800000
v_cubeface_f32		0x0 0xff800000 0x0	0x40400000
v_cubeface_f32		0x0 0x1 0xff800000	0x40a00000
v_cubeface_f32		0x0 0x0 0xff800000	0x40a00000
v_cubeface_f32		0x0 0x7fc00000 0x0	0x7fc00000
v_cubeface_f32		0x0 0x1 0x7fc00000	0x7fc00000
v_cubeface_f32		0x0 0x0 0x7fc00000	0x7fc00000
v_cubeface_f32		0x80000000 0x0 0x0	0x40800000
v_cubeface_f32		0x80000000 0x1 0x0	0x40800000
v_cubeface_f32		0x0 0x80000000 0x0	0x40800000
v_cubeface_f32		0x80000000 0x80000000 0x0	0x40800000
v_cubeface_f32		0x80000000 0x1 0x80000000	0x40a00000
v_cubeface_f32		0x0 0x80000000 0x80000000	0x40a00000
v_cubeface_f32		0x80000000 0x3f000000 0x0	0x40000000
v_cubeface_f32		0x80000000 0x1 0x3f000000	0x40800000
v_cubeface_f32		0x0 0x80000000 0x3f000000	0x40800000
v_cubeface_f32		0x80000000 0x3f800000 0x0	0x40000000
v_cubeface_f32		0x80000000 0x1 0x3f800000	0x40800000
v_cubeface_f32		0x0 0x80000000 0x3f800000	0x40800000
v_cubeface_f32		0x80000000 0xbf800000 0x0	0x40400000
v_cubeface_f32		0x80000000 0x1 0xbf800000	0x40a00000
v_cubeface_f32		0x0 0x80000000 0xbf800000	0x40a00000
v_cubeface_f32		0x80000000 0x800000 0x0	0x40000000
v_cubeface_f32		0x80000000 0x1 0x800000	0x40800000
v_cubeface_f32		0x0 0x80000000 0x800000	0x40800000
v_cubeface_f32		0x80000000 0x7f7fffff 0x0	0x40000000
v_cubeface_f32		0x80000000 0x1 0x7f7fffff	0x40800000
v_cubeface_f32		0x0 0x80000000 0x7f7fffff	0x40800000
v_cubeface_f32		0x80000000 0x7f800000 0x0	0x40000000
v_cubeface_f32		0x80000000 0x1 0x7f800000	0x40800000
v_cubeface_f32		0x0 0x80000000 0x7f800000	0x40800000
v_cubeface_f32		0x80000000 0xff800000 0x0	0x40400000
v_cubeface_f32		0x80000000 0x1 0xff800000	0x40a00000
v_cubeface_f32		0x0 0x80000000 0xff800000	0x40a00000
v_cubeface_f32		0x80000000 0x7fc00000 0x0	0x7fc00000
v_cubeface_f32		0x80000000 0x1 0x7fc00000	0x7fc00000
v_cubeface_f32		0x0 0x80000000 0x7fc00000	0x7fc00000
v_cubeface_f32		0x3f000000 0x0 0x0	0x00000000
v_cubeface_f32		0x3f000000 0x1 0x0	0x00000000
v_cubeface_f32		0x0 0x3f000000 0x0	0x40000000
v_cubeface_f32		0x3f000000 0x80000000 0x0	0x00000000
v_cubeface_f32		0x3f000000 0x1 0x80000000	0x00000000
v_cubeface_f32		0x0 0x3f000000 0x80000000	0x40000000
v_cubeface_f32		0x3f000000 0x3f000000 0x0	0x40000000
v_cubeface_f32		0x3f000000 0x1 0x3f000000	0x40800000
v_cubeface_f32		0x0 0x3f000000 0x3f000000	0x40800000
v_cubeface_f32		0x3f000000 0x3f800000 0x0	0x40000000
v_cubeface_f32		0x3f000000 0x1 0x3f800000	0x40800000
v_cubeface_f32		0x0 0x3f000000 0x3f800000	0x40800000
v_cubeface_f32		0x3f000000 0xbf800000 0x0	0x40400000
v_cubeface_f32		0x3f000000 0x1 0xbf800000	0x40a00000
v_cubeface_f32		0x0 0x3f000000 0xbf800000	0x40a00000
v_cubeface_f32		0x3f000000 0x800000 0x0	0x00000000
v_cubeface_f32		0x3f000000 0x1 0x800000	0x00000000
v_cubeface_f32		0x0 0x3f000000 0x800000	0x40000000
v_cubeface_f32		0x3f000000 0x7f7fffff 0x0	0x40000000
v_cubeface_f32		0x3f000000 0x1 0x7f7fffff	0x40800000
v_cubeface_f32		0x0 0x3f000000 0x7f7fffff	0x40800000
v_cubeface_f32		0x3f000000 0x7f800000 0x0	0x40000000
v_cubeface_f32		0x3f000000 0x1 0x7f800000	0x40800000
v_cubeface_f32		0x0 0x3f000000 0x7f800000	0x40800000
v_cubeface_f32		0x3f000000 0xff800000 0x0	0x40400000
v_cubeface_f32		0x3f000000 0x1 0xff800000	0x40a00000
v_cubeface_f32		0x0 0x3f000000 0xff800000	0x40a00000
v_cubeface_f32		0x3f000000 0x7fc00000 0x0	0x7fc00000
v_cubeface_f32		0x3f000000 0x1 0x7fc00000	0x7fc00000
v_cubeface_f32		0x0 0x3f000000 0x7fc00000	0x7fc00000
v_cubeface_f32		0x3f800000 0x0 0x0	0x00000000
v_cubeface_f32		0x3f800000 0x1 0x0	0x00000000
v_cubeface_f32		0x0 0x3f800000 0x0	0x40000000
v_cubeface_f32		0x3f800000 0x80000000 0x0	0x00000000
v_cubeface_f32		0x3f800000 0x1 0x80000000	0x00000000
v_cubeface_f32		0x0 0x3f800000 0x80000000	0x40000000
v_cubeface_f32		0x3f800000 0x3f000000 0x0	0x00000000
v_cubeface_f32		0x3f800000 0x1 0x3f000000	0x00000000
v_cubeface_f32		0x0 0x3f800000 0x3f000000	0x40000000
v_cubeface_f32		0x3f800000 0x3f800000 0x0	0x40000000
v_cubeface_f32		0x3f800000 0x1 0x3f800000	0x40800000
v_cubeface_f32		0x0 0x3f800000 0x3f800000	0x40800000
v_cubeface_f32		0x3f800000 0xbf800000 0x0	0x40400000
v_cubeface_f32		0x3f800000 0x1 0xbf800000	0x40a00000
v_cubeface_f32		0x0 0x3f800000 0xbf800000	0x40a00000
v_cubeface_f32		0x3f800000 0x800000 0x0	0x00000000
v_cubeface_f32		0x3f800000 0x1 0x800000	0x00000000
v_cubeface_f32		0x0 0x3f800000 0x800000	0x40000000
v_cubeface_f32		0x3f800000 0x7f7fffff 0x0	0x40000000
v_cubeface_f32		0x3f800000 0x1 0x7f7fffff	0x40800000
v_cubeface_f32		0x0 0x3f800000 0x7f7fffff	0x40800000
v_cubeface_f32		0x3f800000 0x7f800000 0x0	0x40000000
v_cubeface_f32		0x3f800000 0x1 0x7f800000	0x40800000
v_cubeface_f32		0x0 0x3f800000 0x7f800000	0x40800000
v_cubeface_f32		0x3f800000 0xff800000 0x0	0x40400000
v_cubeface_f32		0x3f800000 0x1 0xff800000	0x40a00000
v_cubeface_f32		0x0 0x3f800000 0xff800000	0x40a00000
v_cubeface_f32		0x3f800000 0x7fc00000 0x0	0x7fc00000
v_cubeface_f32		0x3f800000 0x1 0x7fc00000	0x7fc00000
v_cubeface_f32		0x0 0x3f800000 0x7fc00000	0x7fc00000
v_cubeface_f32		0xbf800000 0x0 0x0	0x3f800000
v_cubeface_f32		0xbf800000 0x1 0x0	0x3f800000
v_cubeface_f32		0x0 0xbf800000 0x0	0x40400000
v_cubeface_f32		0xbf800000 0x80000000 0x0	0x3f800000
v_cubeface_f32		0xbf800000 0x1 0x80000000	0x3f800000
v_cubeface_f32		0x0 0xbf800000 0x80000000	0x40400000
v_cubeface_f32		0xbf800000 0x3f000000 0x0	0x3f800000
v_cubeface_f32		0xbf800000 0x1 0x3f000000	0x3f800000
v_cubeface_f32		0x0 0xbf800000 0x3f000000	0x40400000
v_cubeface_f32		0xbf800000 0x3f800000 0x0	0x40000000
v_cubeface_f32		0xbf800000 0x1 0x3f800000	0x40800000
v_cubeface_f32		0x0 0xbf800000 0x3f800000	0x40800000
v_cubeface_f32		0xbf800000 0xbf800000 0x0	0x40400000
v_cubeface_f32		0xbf800000 0x1 0xbf800000	0x40a00000
v_cubeface_f32		0x0 0xbf800000 0xbf800000	0x40a00000
v_cubeface_f32		0xbf800000 0x800000 0x0	0x3f800000
v_cubeface_f32		0xbf800000 0x1 0x800000	0x3f800000
v_cubeface_f32		0x0 0xbf800000 0x800000	0x40400000
v_cubeface_f32		0xbf800000 0x7f7fffff 0x0	0x40000000
v_cubeface_f32		0xbf800000 0x1 0x7f7fffff	0x40800000
v_cubeface_f32		0x0 0xbf800000 0x7f7fffff	0x40800000
v_cubeface_f32		0xbf800000 0x7f800000 0x0	0x40000000
v_cubeface_f32		0xbf800000 0x1 0x7f800000	0x40800000
v_cubeface_f32		0x0 0xbf800000 0x7f800000	0x40800000
v_cubeface_f32		0xbf800000 0xff800000 0x0	0x40400000
v_cubeface_f32		0xbf800000 0x1 0xff800000	0x40a00000
v_cubeface_f32		0x0 0xbf800000 0xff800000	0x40a00000
v_cubeface_f32		0xbf800000 0x7fc00000 0x0	0x7fc00000
v_cubeface_f32		0xbf800000 0x1 0x7fc00000	0x7fc00000
v_cubeface_f32		0x0 0xbf800000 0x7fc00000	0x7fc00000
v_cubeface_f32		0x800000 0x0 0x0	0x00000000
v_cubeface_f32		0x800000 0x1 0x0	0x00000000
v_cubeface_f32		0x0 0x800000 0x0	0x40000000
v_cubeface_f32		0x800000 0x80000000 0x0	0x00000000
v_cubeface_f32		0x800000 0x1 0x80000000	0x00000000
v_cubeface_f32		0x0 0x800000 0x80000000	0x40000000
v_cubeface_f32		0x800000 0x3f000000 0x0	0x40000000
v_cubeface_f32		0x800000 0x1 0x3f000000	0x40800000
v_cubeface_f32		0x0 0x800000 0x3f000000	0x40800000
v_cubeface_f32		0x800000 0x3f800000 0x0	0x40000000
v_cubeface_f32		0x800000 0x1 0x3f800000	0x40800000
v_cubeface_f32		0x0 0x800000 0x3f800000	0x40800000
v_cubeface_f32		0x800000 0xbf800000 0x0	0x40400000
v_cubeface_f32		0x800000 0x1 0xbf800000	0x40a00000
v_cubeface_f32		0x0 0x800000 0xbf800000	0x40a00000
v_cubeface_f32		0x800000 0x800000 0x0	0x40000000
v_cubeface_f32		0x800000 0x1 0x800000	0x40800000
v_cubeface_f32		0x0 0x800000 0x800000	0x40800000
v_cubeface_f32		0x800000 0x7f7fffff 0x0	0x40000000
v_cubeface_f32		0x800000 0x1 0x7f7fffff	0x40800000
v_cubeface_f32		0x0 0x800000 0x7f7fffff	0x40800000
v_cubeface_f32		0x800000 0x7f800000 0x0	0x40000000
v_cubeface_f32		0x800000 0x1 0x7f800000	0x40800000
v_cubeface_f32		0x0 0x800000 0x7f800000	0x40800000
v_cubeface_f32		0x800000 0xff800000 0x0	0x40400000
v_cubeface_f32		0x800000 0x1 0xff800000	0x40a00000
v_cubeface_f32		0x0 0x800000 0xff800000	0x40a00000
v_cubeface_f32		0x800000 0x7fc00000 0x0	0x7fc00000
v_cubeface_f32		0x800000 0x1 0x7fc00000	0x7fc00000
v_cubeface_f32		0x0 0x800000 0x7fc00000	0x7fc00000
v_cubeface_f32		0x7f7fffff 0x0 0x0	0x00000000
v_cubeface_f32		0x7f7fffff 0x1 0x0	0x00000000
v_cubeface_f32		0x0 0x7f7fffff 0x0	0x40000000
v_cubeface_f32		0x7f7fffff 0x80000000 0x0	0x00000000
v_cubeface_f32		0x7f7fffff 0x1 0x80000000	0x00000000
v_cubeface_f32		0x0 0x7f7fffff 0x80000000	0x40000000
v_cubeface_f32		0x7f7fffff 0x3f000000 0x0	0x00000000
v_cubeface_f32		0x7f7fffff 0x1 0x3f000000	0x00000000
v_cubeface_f32		0x0 0x7f7fffff 0x3f000000	0x40000000
v_cubeface_f32		0x7f7fffff 0x3f800000 0x0	0x00000000
v_cubeface_f32		0x7f7fffff 0x1 0x3f800000	0x00000000
v_cubeface_f32		0x0 0x7f7fffff 0x3f800000	0x40000000
v_cubeface_f32		0x7f7fffff 0xbf800000 0x0	0x00000000
v_cubeface_f32		0x7f7fffff 0x1 0xbf800000	0x00000000
v_cubeface_f32		0x0 0x7f7fffff 0xbf800000	0x40000000
v_cubeface_f32		0x7f7fffff 0x800000 0x0	0x00000000
v_cubeface_f32		0x7f7fffff 0x1 0x800000	0x00000000
v_cubeface_f32		0x0 0x7f7fffff 0x800000	0x40000000
v_cubeface_f32		0x7f7fffff 0x7f7fffff 0x0	0x40000000
v_cubeface_f32		0x7f7fffff 0x1 0x7f7fffff	0x40800000
v_cubeface_f32		0x0 0x7f7fffff 0x7f7fffff	0x40800000
v_cubeface_f32		0x7f7fffff 0x7f800000 0x0	0x40000000
v_cubeface_f32		0x7f7fffff 0x1 0x7f800000	0x40800000
v_cubeface_f32		0x0 0x7f7fffff 0x7f800000	0x40800000
v_cubeface_f32		0x7f7fffff 0xff800000 0x0	0x40400000
v_cubeface_f32		0x7f7fffff 0x1 0xff800000	0x40a00000
v_cubeface_f32		0x0 0x7f7fffff 0xff800000	0x40a00000
v_cubeface_f32		0x7f7fffff 0x7fc00000 0x0	0x7fc00000
v_cubeface_f32		0x7f7fffff 0x1 0x7fc00000	0x7fc00000
v_cubeface_f32		0x0 0x7f7fffff 0x7fc00000	0x7fc00000
v_cubeface_f32		0x7f800000 0x0 0x0	0x00000000
v_cubeface_f32		0x7f800000 0x1 0x0	0x00000000
v_cubeface_f32		0x0 0x7f800000 0x0	0x40000000
v_cubeface_f32		0x7f800000 0x80000000 0x0	0x00000000
v_cubeface_f32		0x7f800000 0x1 0x80000000	0x00000000
v_cubeface_f32		0x0 0x7f800000 0x80000000	0x40000000
v_cubeface_f32		0x7f800000 0x3f000000 0x0	0x00000000
v_cubeface_f32		0x7f800000 0x1 0x3f000000	0x00000000
v_cubeface_f32		0x0 0x7f800000 0x3f000000	0x40000000
v_cubeface_f32		0x7f800000 0x3f800000 0x0	0x00000000
v_cubeface_f32		0x7f800000 0x1 0x3f800000	0x00000000
v_cubeface_f32		0x0 0x7f800000 0x3f800000	0x40000000
v_cubeface_f32		0x7f800000 0xbf800000 0x0	0x00000000
v_cubeface_f32		0x7f800000 0x1 0xbf800000	0x00000000
v_cubeface_f32		0x0 0x7f800000 0xbf800000	0x40000000
v_cubeface_f32		0x7f800000 0x800000 0x0	0x00000000
v_cubeface_f32		0x7f800000 0x1 0x800000	0x00000000
v_cubeface_f32		0x0 0x7f800000 0x800000	0x40000000
v_cubeface_f32		0x7f800000 0x7f7fffff 0x0	0x00000000
v_cubeface_f32		0x7f800000 0x1 0x7f7fffff	0x00000000
v_cubeface_f32		0x0 0x7f800000 0x7f7fffff	0x40000000
v_cubeface_f32		0x7f800000 0x7f800000 0x0	0x40000000
v_cubeface_f32		0x7f800000 0x1 0x7f800000	0x40800000
v_cubeface_f32		0x0 0x7f800000 0x7f800000	0x40800000
v_cubeface_f32		0x7f800000 0xff800000 0x0	0x40400000
v_cubeface_f32		0x7f800000 0x1 0xff800000	0x40a00000
v_cubeface_f32		0x0 0x7f800000 0xff800000	0x40a00000
v_cubeface_f32		0x7f800000 0x7fc00000 0x0	0x7fc00000
v_cubeface_f32		0x7f800000 0x1 0x7fc00000	0x7fc00000
v_cubeface_f32		0x0 0x7f800000 0x7fc00000	0x7fc00000
v_cubeface_f32		0xff800000 0x0 0x0	0x3f800000
v_cubeface_f32		0xff800000 0x1 0x0	0x3f800000
v_cubeface_f32		0x0 0xff800000 0x0	0x40400000
v_cubeface_f32		0xff800000 0x80000000 0x0	0x3f800000
v_cubeface_f32		0xff800000 0x1 0x80000000	0x3f800000
v_cubeface_f32		0x0 0xff800000 0x80000000	0x40400000
v_cubeface_f32		0xff800000 0x3f000000 0x0	0x3f800000
v_cubeface_f32		0xff800000 0x1 0x3f000000	0x3f800000
v_cubeface_f32		0x0 0xff800000 0x3f000000	0x40400000
v_cubeface_f32		0xff800000 0x3f800000 0x0	0x3f800000
v_cubeface_f32		0xff800000 0x1 0x3f800000	0x3f800000
v_cubeface_f32		0x0 0xff800000 0x3f800000	0x40400000
v_cubeface_f32		0xff800000 0xbf800000 0x0	0x3f800000
v_cubeface_f32		0xff800000 0x1 0xbf800000	0x3f800000
v_cubeface_f32		0x0 0xff800000 0xbf800000	0x40400000
v_cubeface_f32		0xff800000 0x800000 0x0	0x3f800000
v_cubeface_f32		0xff800000 0x1 0x800000	0x3f800000
v_cubeface_f32		0x0 0xff800000 0x800000	0x40400000
v_cubeface_f32		0xff800000 0x7f7fffff 0x0	0x3f800000
v_cubeface_f32		0xff800000 0x1 0x7f7fffff	0x3f800000
v_cubeface_f32		0x0 0xff800000 0x7f7fffff	0x40400000
v_cubeface_f32		0xff800000 0x7f800000 0x0	0x40000000
v_cubeface_f32		0xff800000 0x1 0x7f800000	0x40800000
v_cubeface_f32		0x0 0xff800000 0x7f800000	0x40800000
v_cubeface_f32		0xff800000 0xff800000 0x0	0x40400000
v_cubeface_f32		0xff800000 0x1 0xff800000	0x40a00000
v_cubeface_f32		0x0 0xff800000 0xff800000	0x40a00000
v_cubeface_f32		0xff800000 0x7fc00000 0x0	0x7fc00000
v_cubeface_f32		0xff800000 0x1 0x7fc00000	0x7fc00000
v_cubeface_f32		0x0 0xff800000 0x7fc00000	0x7fc00000
v_cubeface_f32		0x7fc00000 0x0 0x0	0x7fc00000
v_cubeface_f32		0x7fc00000 0x1 0x0	0x7fc00000
v_cubeface_f32		0x0 0x7fc00000 0x0	0x7fc00000
v_cubeface_f32		0x7fc00000 0x80000000 0x0	0x7fc00000
v_cubeface_f32		0x7fc00000 0x1 0x80000000	0x7fc00000
v_cubeface_f32		0x0 0x7fc00000 0x80000000	0x7fc00000
v_cubeface_f32		0x7fc00000 0x3f000000 0x0	0x7fc00000
v_cubeface_f32		0x7fc00000 0x1 0x3f000000	0x7fc00000
v_cubeface_f32		0x0 0x7fc00000 0x3f000000	0x7fc00000
v_cubeface_f32		0x7fc00000 0x3f800000 0x0	0x7fc00000
v_cubeface_f32		0x7fc00000 0x1 0x3f800000	0x7fc00000
v_cubeface_f32		0x0 0x7fc00000 0x3f800000	0x7fc00000
v_cubeface_f32		0x7fc00000 0xbf800000 0x0	0x7fc00000
v_cubeface_f32		0x7fc00000 0x1 0xbf800000	0x7fc00000
v_cubeface_f32		0x0 0x7fc00000 0xbf800000	0x7fc00000
v_cubeface_f32		0x7fc00000 0x800000 0x0	0x7fc00000
v_cubeface_f32		0x7fc00000 0x1 0x800000	0x7fc00000
v_cubeface_f32		0x0 0x7fc00000 0x800000	0x7fc00000
v_cubeface_f32		0x7fc00000 0x7f7fffff 0x0	0x7fc00000
v_cubeface_f32		0x7fc00000 0x1 0x7f7fffff	0x7fc00000
v_cubeface_f32		0x0 0x7fc00000 0x7f7fffff	0x7fc00000
v_cubeface_f32		0x7fc00000 0x7f800000 0x0	0x7fc00000
v_cubeface_f32		0x7fc00000 0x1 0x7f800000	0x7fc00000
v_cubeface_f32		0x0 0x7fc00000 0x7f800000	0x7fc00000
v_cubeface_f32		0x7fc00000 0xff800000 0x0	0x7fc00000
v_cubeface_f32		0x7fc00000 0x1 0xff800000	0x7fc00000
v_cubeface_f32		0x0 0x7fc00000 0xff800000	0x7fc00000
v_cubeface_f32		0x7fc00000 0x7fc00000 0x0	0x7fc00000
v_cubeface_f32		0x7fc00000 0x1 0x7fc00000	0x7fc00000
v_cubeface_f32		0x0 0x7fc00000 0x7fc00000	0x7fc00000
v_cubeface_f32		0x0 0x0 0x0	0x40800000
v_cubeface_f32		0x80000000 0x80000000 0x80000000	0x40a00000
v_cubeface_f32		0x3f000000 0x3f000000 0x3f000000	0x40800000
v_cubeface_f32		0x3f800000 0x3f800000 0x3f800000	0x40800000
v_cubeface_f32		0xbf800000 0xbf800000 0xbf800000	0x40a00000
v_cubeface_f32		0x800000 0x800000 0x800000	0x40800000
v_cubeface_f32		0x7f7fffff 0x7f7fffff 0x7f7fffff	0x40800000
v_cubeface_f32		0x7f800000 0x7f800000 0x7f800000	0x40800000
v_cubeface_f32		0xff800000 0xff800000 0xff800000	0x40a00000
v_cubeface_f32		0x7fc00000 0x7fc00000 0x7fc00000	0x7fc00000
v_cubema_f32		0x0 0x0 0x0	0x00000000
v_cubema_f32		0x0 0x1 0x0	0x00000000
v_cubema_f32		0x0 0x0 0x0	0x00000000
v_cubema_f32		0x0 0x80000000 0x0	0x00000000
v_cubema_f32		0x0 0x1 0x80000000	0x80000000
v_cubema_f32		0x0 0x0 0x80000000	0x80000000
v_cubema_f32		0x0 0x3f000000 0x0	0x3f800000
v_cubema_f32		0x0 0x1 0x3f000000	0x3f800000
v_cubema_f32		0x0 0x0 0x3f000000	0x3f800000
v_cubema_f32		0x0 0x3f800000 0x0	0x40000000
v_cubema_f32		0x0 0x1 0x3f800000	0x40000000
v_cubema_f32		0x0 0x0 0x3f800000	0x40000000
v_cubema_f32		0x0 0xbf800000 0x0	0xc0000000
v_cubema_f32		0x0 0x1 0xbf800000	0xc0000000
v_cubema_f32		0x0 0x0 0xbf800000	0xc0000000
v_cubema_f32		0x0 0x800000 0x0	0x01000000
v_cubema_f32		0x0 0x1 0x800000	0x01000000
v_cubema_f32		0x0 0x0 0x800000	0x01000000
v_cubema_f32		0x0 0x7f7fffff 0x0	0x7f800000
v_cubema_f32		0x0 0x1 0x7f7fffff	0x7f800000
v_cubema_f32		0x0 0x0 0x7f7fffff	0x7f800000
v_cubema_f32		0x0 0x7f800000 0x0	0x7f800000
v_cubema_f32		0x0 0x1 0x7f800000	0x7f800000
v_cubema_f32		0x0 0x0 0x7f800000	0x7f800000
v_cubema_f32		0x0 0xff800000 0x0	0xff800000
v_cubema_f32		0x0 0x1 0xff800000	0xff800000
v_cubema_f32		0x0 0x0 0xff800000	0xff800000
v_cubema_f32		0x0 0x7fc00000 0x0	0x7fc00000
v_cubema_f32		0x0 0x1 0x7fc00000	0x7fc00000
v_cubema_f32		0x0 0x0 0x7fc00000	0x7fc00000
v_cubema_f32		0x80000000 0x0 0x0	0x00000000
v_cubema_f32		0x80000000 0x1 0x0	0x00000000
v_cubema_f32		0x0 0x80000000 0x0	0x00000000
v_cubema_f32		0x80000000 0x80000000 0x0	0x00000000
v_cubema_f32		0x80000000 0x1 0x80000000	0x80000000
v_cubema_f32		0x0 0x80000000 0x80000000	0x80000000
v_cubema_f32		0x80000000 0x3f000000 0x0	0x3f800000
v_cubema_f32		0x80000000 0x1 0x3f000000	0x3f800000
v_cubema_f32		0x0 0x80000000 0x3f000000	0x3f800000
v_cubema_f32		0x80000000 0x3f800000 0x0	0x40000000
v_cubema_f32		0x80000000 0x1 0x3f800000	0x40000000
v_cubema_f32		0x0 0x80000000 0x3f800000	0x40000000
v_cubema_f32		0x80000000 0xbf800000 0x0	0xc0000000
v_cubema_f32		0x80000000 0x1 0xbf800000	0xc0000000
v_cubema_f32		0x0 0x80000000 0xbf800000	0xc0000000
v_cubema_f32		0x80000000 0x800000 0x0	0x01000000
v_cubema_f32		0x80000000 0x1 0x800000	0x01000000
v_cubema_f32		0x0 0x80000000 0x800000	0x01000000
v_cubema_f32		0x80000000 0x7f7fffff 0x0	0x7f800000
v_cubema_f32		0x80000000 0x1 0x7f7fffff	0x7f800000
v_cubema_f32		0x0 0x80000000 0x7f7fffff	0x7f800000
v_cubema_f32		0x80000000 0x7f800000 0x0	0x7f800000
v_cubema_f32		0x80000000 0x1 0x7f800000	0x7f800000
v_cubema_f32		0x0 0x80000000 0x7f800000	0x7f800000
v_cubema_f32		0x80000000 0xff800000 0x0	0xff800000
v_cubema_f32		0x80000000 0x1 0xff800000	0xff800000
v_cubema_f32		0x0 0x80000000 0xff800000	0xff800000
v_cubema_f32		0x80000000 0x7fc00000 0x0	0x7fc00000
v_cubema_f32		0x80000000 0x1 0x7fc00000	0x7fc00000
v_cubema_f32		0x0 0x80000000 0x7fc00000	0x7fc00000
v_cubema_f32		0x3f000000 0x0 0x0	0x3f800000
v_cubema_f32		0x3f000000 0x1 0x0	0x3f800000
v_cubema_f32		0x0 0x3f000000 0x0	0x3f800000
v_cubema_f32		0x3f000000 0x80000000 0x0	0x3f800000
v_cubema_f32		0x3f000000 0x1 0x80000000	0x3f800000
v_cubema_f32		0x0 0x3f000000 0x80000000	0x3f800000
v_cubema_f32		0x3f000000 0x3f000000 0x0	0x3f800000
v_cubema_f32		0x3f000000 0x1 0x3f000000	0x3f800000
v_cubema_f32		0x0 0x3f000000 0x3f000000	0x3f800000
v_cubema_f32		0x3f000000 0x3f800000 0x0	0x40000000
v_cubema_f32		0x3f000000 0x1 0x3f800000	0x40000000
v_cubema_f32		0x0 0x3f000000 0x3f800000	0x40000000
v_cubema_f32		0x3f000000 0xbf800000 0x0	0xc0000000
v_cubema_f32		0x3f000000 0x1 0xbf800000	0xc0000000
v_cubema_f32		0x0 0x3f000000 0xbf800000	0xc0000000
v_cubema_f32		0x3f000000 0x800000 0x0	0x3f800000
v_cubema_f32		0x3f000000 0x1 0x800000	0x3f800000
v_cubema_f32		0x0 0x3f000000 0x800000	0x3f800000
v_cubema_f32		0x3f000000 0x7f7fffff 0x0	0x7f800000
v_cubema_f32		0x3f000000 0x1 0x7f7fffff	0x7f800000
v_cubema_f32		0x0 0x3f000000 0x7f7fffff	0x7f800000
v_cubema_f32		0x3f000000 0x7f800000 0x0	0x7f800000
v_cubema_f32		0x3f000000 0x1 0x7f800000	0x7f800000
v_cubema_f32		0x0 0x3f000000 0x7f800000	0x7f800000
v_cubema_f32		0x3f000000 0xff800000 0x0	0xff800000
v_cubema_f32		0x3f000000 0x1 0xff800000	0xff800000
v_cubema_f32		0x0 0x3f000000 0xff800000	0xff800000
v_cubema_f32		0x3f000000 0x7fc00000 0x0	0x7fc00000
v_cubema_f32		0x3f000000 0x1 0x7fc00000	0x7fc00000
v_cubema_f32		0x0 0x3f000000 0x7fc00000	0x7fc00000
v_cubema_f32		0x3f800000 0x0 0x0	0x40000000
v_cubema_f32		0x3f800000 0x1 0x0	0x40000000
v_cubema_f32		0x0 0x3f800000 0x0	0x40000000
v_cubema_f32		0x3f800000 0x80000000 0x0	0x40000000
v_cubema_f32		0x3f800000 0x1 0x80000000	0x40000000
v_cubema_f32		0x0 0x3f800000 0x80000000	0x40000000
v_cubema_f32		0x3f800000 0x3f000000 0x0	0x40000000
v_cubema_f32		0x3f800000 0x1 0x3f000000	0x40000000
v_cubema_f32		0x0 0x3f800000 0x3f000000	0x40000000
v_cubema_f32		0x3f800000 0x3f800000 0x0	0x40000000
v_cubema_f32		0x3f800000 0x1 0x3f800000	0x40000000
v_cubema_f32		0x0 0x3f800000 0x3f800000	0x40000000
v_cubema_f32		0x3f800000 0xbf800000 0x0	0xc0000000
v_cubema_f32		0x3f800000 0x1 0xbf800000	0xc0000000
v_cubema_f32		0x0 0x3f800000 0xbf800000	0xc0000000
v_cubema_f32		0x3f800000 0x800000 0x0	0x40000000
v_cubema_f32		0x3f800000 0x1 0x800000	0x40000000
v_cubema_f32		0x0 0x3f800000 0x800000	0x40000000
v_cubema_f32		0x3f800000 0x7f7fffff 0x0	0x7f800000
v_cubema_f32		0x3f800000 0x1 0x7f7fffff	0x7f800000
v_cubema_f32		0x0 0x3f800000 0x7f7fffff	0x7f800000
v_cubema_f32		0x3f800000 0x7f800000 0x0	0x7f800000
v_cubema_f32		0x3f800000 0x1 0x7f800000	0x7f800000
v_cubema_f32		0x0 0x3f800000 0x7f800000	0x7f800000
v_cubema_f32		0x3f800000 0xff800000 0x0	0xff800000
v_cubema_f32		0x3f800000 0x1 0xff800000	0xff800000
v_cubema_f32		0x0 0x3f800000 0xff800000	0xff800000
v_cubema_f32		0x3f800000 0x7fc00000 0x0	0x7fc00000
v_cubema_f32		0x3f800000 0x1 0x7fc00000	0x7fc00000
v_cubema_f32		0x0 0x3f800000 0x7fc00000	0x7fc00000
v_cubema_f32		0xbf800000 0x0 0x0	0xc0000000
v_cubema_f32		0xbf800000 0x1 0x0	0xc0000000
v_cubema_f32		0x0 0xbf800000 0x0	0xc0000000
v_cubema_f32		0xbf800000 0x80000000 0x0	0xc0000000
v_cubema_f32		0xbf800000 0x1 0x80000000	0xc0000000
v_cubema_f32		0x0 0xbf800000 0x80000000	0xc0000000
v_cubema_f32		0xbf800000 0x3f000000 0x0	0xc0000000
v_cubema_f32		0xbf800000 0x1 0x3f000000	0xc0000000
v_cubema_f32		0x0 0xbf800000 0x3f000000	0xc0000000
v_cubema_f32		0xbf800000 0x3f800000 0x0	0x40000000
v_cubema_f32		0xbf800000 0x1 0x3f800000	0x40000000
v_cubema_f32		0x0 0xbf800000 0x3f800000	0x40000000
v_cubema_f32		0xbf800000 0xbf800000 0x0	0xc0000000
v_cubema_f32		0xbf800000 0x1 0xbf800000	0xc0000000
v_cubema_f32		0x0 0xbf800000 0xbf800000	0xc0000000
v_cubema_f32		0xbf800000 0x800000 0x0	0xc0000000
v_cubema_f32		0xbf800000 0x1 0x800000	0xc0000000
v_cubema_f32		0x0 0xbf800000 0x800000	0xc0000000
v_cubema_f32		0xbf800000 0x7f7fffff 0x0	0x7f800000
v_cubema_f32		0xbf800000 0x1 0x7f7fffff	0x7f800000
v_cubema_f32		0x0 0xbf800000 0x7f7fffff	0x7f800000
v_cubema_f32		0xbf800000 0x7f800000 0x0	0x7f800000
v_cubema_f32		0xbf800000 0x1 0x7f800000	0x7f800000
v_cubema_f32		0x0 0xbf800000 0x7f800000	0x7f800000
v_cubema_f32		0xbf800000 0xff800000 0x0	0xff800000
v_cubema_f32		0xbf800000 0x1 0xff800000	0xff800000
v_cubema_f32		0x0 0xbf800000 0xff800000	0xff800000
v_cubema_f32		0xbf800000 0x7fc00000 0x0	0x7fc00000
v_cubema_f32		0xbf800000 0x1 0x7fc00000	0x7fc00000
v_cubema_f32		0x0 0xbf800000 0x7fc00000	0x7fc00000
v_cubema_f32		0x800000 0x0 0x0	0x01000000
v_cubema_f32		0x800000 0x1 0x0	0x01000000
v_cubema_f32		0x0 0x800000 0x0	0x01000000
v_cubema_f32		0x800000 0x80000000 0x0	0x01000000
v_cubema_f32		0x800000 0x1 0x80000000	0x01000000
v_cubema_f32		0x0 0x800000 0x80000000	0x01000000
v_cubema_f32		0x800000 0x3f000000 0x0	0x3f800000
v_cubema_f32		0x800000 0x1 0x3f000000	0x3f800000
v_cubema_f32		0x0 0x800000 0x3f000000	0x3f800000
v_cubema_f32		0x800000 0x3f800000 0x0	0x40000000
v_cubema_f32		0x800000 0x1 0x3f800000	0x40000000
v_cubema_f32		0x0 0x800000 0x3f800000	0x40000000
v_cubema_f32		0x800000 0xbf800000 0x0	0xc0000000
v_cubema_f32		0x800000 0x1 0xbf800000	0xc0000000
v_cubema_f32		0x0 0x800000 0xbf800000	0xc0000000
v_cubema_f32		0x800000 0x800000 0x0	0x01000000
v_cubema_f32		0x800000 0x1 0x800000	0x01000000
v_cubema_f32		0x0 0x800000 0x800000	0x01000000
v_cubema_f32		0x800000 0x7f7fffff 0x0	0x7f800000
v_cubema_f32		0x800000 0x1 0x7f7fffff	0x7f800000
v_cubema_f32		0x0 0x800000 0x7f7fffff	0x7f800000
v_cubema_f32		0x800000 0x7f800000 0x0	0x7f800000
v_cubema_f32		0x800000 0x1 0x7f800000	0x7f800000
v_cubema_f32		0x0 0x800000 0x7f800000	0x7f800000
v_cubema_f32		0x800000 0xff800000 0x0	0xff800000
v_cubema_f32		0x800000 0x1 0xff800000	0xff800000
v_cubema_f32		0x0 0x800000 0xff800000	0xff800000
v_cubema_f32		0x800000 0x7fc00000 0x0	0x7fc00000
v_cubema_f32		0x800000 0x1 0x7fc00000	0x7fc00000
v_cubema_f32		0x0 0x800000 0x7fc00000	0x7fc00000
v_cubema_f32		0x7f7fffff 0x0 0x0	0x7f800000
v_cubema_f32		0x7f7fffff 0x1 0x0	0x7f800000
v_cubema_f32		0x0 0x7f7fffff 0x0	0x7f800000
v_cubema_f32		0x7f7fffff 0x80000000 0x0	0x7f800000
v_cubema_f32		0x7f7fffff 0x1 0x80000000	0x7f800000
v_cubema_f32		0x0 0x7f7fffff 0x80000000	0x7f800000
v_cubema_f32		0x7f7fffff 0x3f000000 0x0	0x7f800000
v_cubema_f32		0x7f7fffff 0x1 0x3f000000	0x7f800000
v_cubema_f32		0x0 0x7f7fffff 0x3f000000	0x7f800000
v_cubema_f32		0x7f7fffff 0x3f800000 0x0	0x7f800000
v_cubema_f32		0x7f7fffff 0x1 0x3f800000	0x7f800000
v_cubema_f32		0x0 0x7f7fffff 0x3f800000	0x7f800000
v_cubema_f32		0x7f7fffff 0xbf800000 0x0	0x7f800000
v_cubema_f32		0x7f7fffff 0x1 0xbf800000	0x7f800000
v_cubema_f32		0x0 0x7f7fffff 0xbf800000	0x7f800000
v_cubema_f32		0x7f7fffff 0x800000 0x0	0x7f800000
v_cubema_f32		0x7f7fffff 0x1 0x800000	0x7f800000
v_cubema_f32		0x0 0x7f7fffff 0x800000	0x7f800000
v_cubema_f32		0x7f7fffff 0x7f7fffff 0x0	0x7f800000
v_cubema_f32		0x7f7fffff 0x1 0x7f7fffff	0x7f800000
v_cubema_f32		0x0 0x7f7fffff 0x7f7fffff	0x7f800000
v_cubema_f32		0x7f7fffff 0x7f800000 0x0	0x7f800000
v_cubema_f32		0x7f7fffff 0x1 0x7f800000	0x7f800000
v_cubema_f32		0x0 0x7f7fffff 0x7f800000	0x7f800000
v_cubema_f32		0x7f7fffff 0xff800000 0x0	0xff800000
v_cubema_f32		0x7f7fffff 0x1 0xff800000	0xff800000
v_cubema_f32		0x0 0x7f7fffff 0xff800000	0xff800000
v_cubema_f32		0x7f7fffff 0x7fc00000 0x0	0x7fc00000
v_cubema_f32		0x7f7fffff 0x1 0x7fc00000	0x7fc00000
v_cubema_f32		0x0 0x7f7fffff 0x7fc00000	0x7fc00000
v_cubema_f32		0x7f800000 0x0 0x0	0x7f800000
v_cubema_f32		0x7f800000 0x1 0x0	0x7f800000
v_cubema_f32		0x0 0x7f800000 0x0	0x7f800000
v_cubema_f32		0x7f800000 0x80000000 0x0	0x7f800000
v_cubema_f32		0x7f800000 0x1 0x80000000	0x7f800000
v_cubema_f32		0x0 0x7f800000 0x80000000	0x7f800000
v_cubema_f32		0x7f800000 0x3f000000 0x0	0x7f800000
v_cubema_f32		0x7f800000 0x1 0x3f000000	0x7f800000
v_cubema_f32		0x0 0x7f800000 0x3f000000	0x7f800000
v_cubema_f32		0x7f800000 0x3f800000 0x0	0x7f800000
v_cubema_f32		0x7f800000 0x1 0x3f800000	0x7f800000
v_cubema_f32		0x0 0x7f800000 0x3f800000	0x7f800000
v_cubema_f32		0x7f800000 0xbf800000 0x0	0x7f800000
v_cubema_f32		0x7f800000 0x1 0xbf800000	0x7f800000
v_cubema_f32		0x0 0x7f800000 0xbf800000	0x7f800000
v_cubema_f32		0x7f800000 0x800000 0x0	0x7f800000
v_cubema_f32		0x7f800000 0x1 0x800000	0x7f800000
v_cubema_f32		0x0 0x7f800000 0x800000	0x7f800000
v_cubema_f32		0x7f800000 0x7f7fffff 0x0	0x7f800000
v_cubema_f32		0x7f800000 0x1 0x7f7fffff	0x7f800000
v_cubema_f32		0x0 0x7f800000 0x7f7fffff	0x7f800000
v_cubema_f32		0x7f800000 0x7f800000 0x0	0x7f800000
v_cubema_f32		0x7f800000 0x1 0x7f800000	0x7f800000
v_cubema_f32		0x0 0x7f800000 0x7f800000	0x7f800000
v_cubema_f32		0x7f800000 0xff800000 0x0	0xff800000
v_cubema_f32		0x7f800000 0x1 0xff800000	0xff800000
v_cubema_f32		0x0 0x7f800000 0xff800000	0xff800000
v_cubema_f32		0x7f800000 0x7fc00000 0x0	0x7fc00000
v_cubema_f32		0x7f800000 0x1 0x7fc00000	0x7fc00000
v_cubema_f32		0x0 0x7f800000 0x7fc00000	0x7fc00000
v_cubema_f32		0xff800000 0x0 0x0	0xff800000
v_cubema_f32		0xff800000 0x1 0x0	0xff800000
v_cubema_f32		0x0 0xff800000 0x0	0xff800000
v_cubema_f32		0xff800000 0x80000000 0x0	0xff800000
v_cubema_f32		0xff800000 0x1 0x80000000	0xff800000
v_cubema_f32		0x0 0xff800000 0x80000000	0xff800000
v_cubema_f32		0xff800000 0x3f000000 0x0	0xff800000
v_cubema_f32		0xff800000 0x1 0x3f000000	0xff800000
v_cubema_f32		0x0 0xff800000 0x3f000000	0xff800000
v_cubema_f32		0xff800000 0x3f800000 0x0	0xff800000
v_cubema_f32		0xff800000 0x1 0x3f800000	0xff800000
v_cubema_f32		0x0 0xff800000 0x3f800000	0xff800000
v_cubema_f32		0xff800000 0xbf800000 0x0	0xff800000
v_cubema_f32		0xff800000 0x1 0xbf800000	0xff800000
v_cubema_f32		0x0 0xff800000 0xbf800000	0xff800000
v_cubema_f32		0xff800000 0x800000 0x0	0xff800000
v_cubema_f32		0xff800000 0x1 0x800000	0xff800000
v_cubema_f32		0x0 0xff800000 0x800000	0xff800000
v_cubema_f32		0xff800000 0x7f7fffff 0x0	0xff800000
v_cubema_f32		0xff800000 0x1 0x7f7fffff	0xff800000
v_cubema_f32		0x0 0xff800000 0x7f7fffff	0xff800000
v_cubema_f32		0xff800000 0x7f800000 0x0	0x7f800000
v_cubema_f32		0xff800000 0x1 0x7f800000	0x7f800000
v_cubema_f32		0x0 0xff800000 0x7f800000	0x7f800000
v_cubema_f32		0xff800000 0xff800000 0x0	0xff800000
v_cubema_f32		0xff800000 0x1 0xff800000	0xff800000
v_cubema_f32		0x0 0xff800000 0xff800000	0xff800000
v_cubema_f32		0xff800000 0x7fc00000 0x0	0x7fc00000
v_cubema_f32		0xff800000 0x1 0x7fc00000	0x7fc00000
v_cubema_f32		0x0 0xff800000 0x7fc00000	0x7fc00000
v_cubema_f32		0x7fc00000 0x0 0x0	0x7fc00000
v_cubema_f32		0x7fc00000 0x1 0x0	0x7fc00000
v_cubema_f32		0x0 0x7fc00000 0x0	0x7fc00000
v_cubema_f32		0x7fc00000 0x80000000 0x0	0x7fc00000
v_cubema_f32		0x7fc00000 0x1 0x80000000	0x7fc00000
v_cubema_f32		0x0 0x7fc00000 0x80000000	0x7fc00000
v_cubema_f32		0x7fc00000 0x3f000000 0x0	0x7fc00000
v_cubema_f32		0x7fc00000 0x1 0x3f000000	0x7fc00000
v_cubema_f32		0x0 0x7fc00000 0x3f000000	0x7fc00000
v_cubema_f32		0x7fc00000 0x3f800000 0x0	0x7fc00000
v_cubema_f32		0x7fc00000 0x1 0x3f800000	0x7fc00000
v_cubema_f32		0x0 0x7fc00000 0x3f800000	0x7fc00000
v_cubema_f32		0x7fc00000 0xbf800000 0x0	0x7fc00000
v_cubema_f32		0x7fc00000 0x1 0xbf800000	0x7fc00000
v_cubema_f32		0x0 0x7fc00000 0xbf800000	0x7fc00000
v_cubema_f32		0x7fc00000 0x800000 0x0	0x7fc00000
v_cubema_f32		0x7fc00000 0x1 0x800000	0x7fc00000
v_cubema_f32		0x0 0x7fc00000 0x800000	0x7fc00000
v_cubema_f32		0x7fc00000 0x7f7fffff 0x0	0x7fc00000
v_cubema_f32		0x7fc00000 0x1 0x7f7fffff	0x7fc00000
v_cubema_f32		0x0 0x7fc00000 0x7f7fffff	0x7fc00000
v_cubema_f32		0x7fc00000 0x7f800000 0x0	0x7fc00000
v_cubema_f32		0x7fc00000 0x1 0x7f800000	0x7fc00000
v_cubema_f32		0x0 0x7fc00000 0x7f800000	0x7fc00000
v_cubema_f32		0x7fc00000 0xff800000 0x0	0x7fc00000
v_cubema_f32		0x7fc00000 0x1 0xff800000	0x7fc00000
v_cubema_f32		0x0 0x7fc00000 0xff800000	0x7fc00000
v_cubema_f32		0x7fc00000 0x7fc00000 0x0	0x7fc00000
v_cubema_f32		0x7fc00000 0x1 0x7fc00000	0x7fc00000
v_cubema_f32		0x0 0x7fc00000 0x7fc00000	0x7fc00000
v_cubema_f32		0x0 0x0 0x0	0x00000000
v_cubema_f32		0x80000000 0x80000000 0x80000000	0x80000000
v_cubema_f32		0x3f000000 0x3f000000 0x3f000000	0x3f800000
v_cubema_f32		0x3f800000 0x3f800000 0x3f800000	0x40000000
v_cubema_f32		0xbf800000 0xbf800000 0xbf800000	0xc0000000
v_cubema_f32		0x800000 0x800000 0x800000	0x01000000
v_cubema_f32		0x7f7fffff 0x7f7fffff 0x7f7fffff	0x7f800000
v_cubema_f32		0x7f800000 0x7f800000 0x7f800000	0x7f800000
v_cubema_f32		0xff800000 0xff800000 0xff800000	0xff800000
v_cubema_f32		0x7fc00000 0x7fc00000 0x7fc00000	0x7fc00000
v_cubes_f32		0x0 0x0 0x0	0x00000000
v_cubes_f32		0x0 0x1 0x0	0x00000000
v_cubes_f32		0x0 0x0 0x0	0x00000000
v_cubes_f32		0x0 0x80000000 0x0	0x00000000
v_cubes_f32		0x0 0x1 0x80000000	0x80000000
v_cubes_f32		0x0 0x0 0x80000000	0x80000000
v_cubes_f32		0x0 0x3f000000 0x0	0x00000000
v_cubes_f32		0x0 0x1 0x3f000000	0x00000000
v_cubes_f32		0x0 0x0 0x3f000000	0x00000000
v_cubes_f32		0x0 0x3f800000 0x0	0x00000000
v_cubes_f32		0x0 0x1 0x3f800000	0x00000000
v_cubes_f32		0x0 0x0 0x3f800000	0x00000000
v_cubes_f32		0x0 0xbf800000 0x0	0x00000000
v_cubes_f32		0x0 0x1 0xbf800000	0x80000000
v_cubes_f32		0x0 0x0 0xbf800000	0x80000000
v_cubes_f32		0x0 0x800000 0x0	0x00000000
v_cubes_f32		0x0 0x1 0x800000	0x00000000
v_cubes_f32		0x0 0x0 0x800000	0x00000000
v_cubes_f32		0x0 0x7f7fffff 0x0	0x00000000
v_cubes_f32		0x0 0x1 0x7f7fffff	0x00000000
v_cubes_f32		0x0 0x0 0x7f7fffff	0x00000000
v_cubes_f32		0x0 0x7f800000 0x0	0x00000000
v_cubes_f32		0x0 0x1 0x7f800000	0x00000000
v_cubes_f32		0x0 0x0 0x7f800000	0x00000000
v_cubes_f32		0x0 0xff800000 0x0	0x00000000
v_cubes_f32		0x0 0x1 0xff800000	0x80000000
v_cubes_f32		0x0 0x0 0xff800000	0x80000000
v_cubes_f32		0x0 0x7fc00000 0x0	0x7fc00000
v_cubes_f32		0x0 0x1 0x7fc00000	0x7fc00000
v_cubes_f32		0x0 0x0 0x7fc00000	0x7fc00000
v_cubes_f32		0x80000000 0x0 0x0	0x80000000
v_cubes_f32		0x80000000 0x1 0x0	0x80000000
v_cubes_f32		0x0 0x80000000 0x0	0x00000000
v_cubes_f32		0x80000000 0x80000000 0x0	0x80000000
v_cubes_f32		0x80000000 0x1 0x80000000	0x00000000
v_cubes_f32		0x0 0x80000000 0x80000000	0x80000000
v_cubes_f32		0x80000000 0x3f000000 0x0	0x80000000
v_cubes_f32		0x80000000 0x1 0x3f000000	0x80000000
v_cubes_f32		0x0 0x80000000 0x3f000000	0x00000000
v_cubes_f32		0x80000000 0x3f800000 0x0	0x80000000
v_cubes_f32		0x80000000 0x1 0x3f800000	0x80000000
v_cubes_f32		0x0 0x80000000 0x3f800000	0x00000000
v_cubes_f32		0x80000000 0xbf800000 0x0	0x80000000
v_cubes_f32		0x80000000 0x1 0xbf800000	0x00000000
v_cubes_f32		0x0 0x80000000 0xbf800000	0x80000000
v_cubes_f32		0x80000000 0x800000 0x0	0x80000000
v_cubes_f32		0x80000000 0x1 0x800000	0x80000000
v_cubes_f32		0x0 0x80000000 0x800000	0x00000000
v_cubes_f32		0x80000000 0x7f7fffff 0x0	0x80000000
v_cubes_f32		0x80000000 0x1 0x7f7fffff	0x80000000
v_cubes_f32		0x0 0x80000000 0x7f7fffff	0x00000000
v_cubes_f32		0x80000000 0x7f800000 0x0	0x80000000
v_cubes_f32		0x80000000 0x1 0x7f800000	0x80000000
v_cubes_f32		0x0 0x80000000 0x7f800000	0x00000000
v_cubes_f32		0x80000000 0xff800000 0x0	0x80000000
v_cubes_f32		0x80000000 0x1 0xff800000	0x00000000
v_cubes_f32		0x0 0x80000000 0xff800000	0x80000000
v_cubes_f32		0x80000000 0x7fc00000 0x0	0x7fc00000
v_cubes_f32		0x80000000 0x1 0x7fc00000	0x7fc00000
v_cubes_f32		0x0 0x80000000 0x7fc00000	0x7fc00000
v_cubes_f32		0x3f000000 0x0 0x0	0x80000000
v_cubes_f32		0x3f000000 0x1 0x0	0x80000000
v_cubes_f32		0x0 0x3f000000 0x0	0x00000000
v_cubes_f32		0x3f000000 0x80000000 0x0	0x80000000
v_cubes_f32		0x3f000000 0x1 0x80000000	0x00000000
v_cubes_f32		0x0 0x3f000000 0x80000000	0x00000000
v_cubes_f32		0x3f000000 0x3f000000 0x0	0x3f000000
v_cubes_f32		0x3f000000 0x1 0x3f000000	0x3f000000
v_cubes_f32		0x0 0x3f000000 0x3f000000	0x00000000
v_cubes_f32		0x3f000000 0x3f800000 0x0	0x3f000000
v_cubes_f32		0x3f000000 0x1 0x3f800000	0x3f000000
v_cubes_f32		0x0 0x3f000000 0x3f800000	0x00000000
v_cubes_f32		0x3f000000 0xbf800000 0x0	0x3f000000
v_cubes_f32		0x3f000000 0x1 0xbf800000	0xbf000000
v_cubes_f32		0x0 0x3f000000 0xbf800000	0x80000000
v_cubes_f32		0x3f000000 0x800000 0x0	0x80000000
v_cubes_f32		0x3f000000 0x1 0x800000	0x80800000
v_cubes_f32		0x0 0x3f000000 0x800000	0x00000000
v_cubes_f32		0x3f000000 0x7f7fffff 0x0	0x3f000000
v_cubes_f32		0x3f000000 0x1 0x7f7fffff	0x3f000000
v_cubes_f32		0x0 0x3f000000 0x7f7fffff	0x00000000
v_cubes_f32		0x3f000000 0x7f800000 0x0	0x3f000000
v_cubes_f32		0x3f000000 0x1 0x7f800000	0x3f000000
v_cubes_f32		0x0 0x3f000000 0x7f800000	0x00000000
v_cubes_f32		0x3f000000 0xff800000 0x0	0x3f000000
v_cubes_f32		0x3f000000 0x1 0xff800000	0xbf000000
v_cubes_f32		0x0 0x3f000000 0xff800000	0x80000000
v_cubes_f32		0x3f000000 0x7fc00000 0x0	0x7fc00000
v_cubes_f32		0x3f000000 0x1 0x7fc00000	0x7fc00000
v_cubes_f32		0x0 0x3f000000 0x7fc00000	0x7fc00000
v_cubes_f32		0x3f800000 0x0 0x0	0x80000000
v_cubes_f32		0x3f800000 0x1 0x0	0x80000000
v_cubes_f32		0x0 0x3f800000 0x0	0x00000000
v_cubes_f32		0x3f800000 0x80000000 0x0	0x80000000
v_cubes_f32		0x3f800000 0x1 0x80000000	0x00000000
v_cubes_f32		0x0 0x3f800000 0x80000000	0x00000000
v_cubes_f32		0x3f800000 0x3f000000 0x0	0x80000000
v_cubes_f32		0x3f800000 0x1 0x3f000000	0xbf000000
v_cubes_f32		0x0 0x3f800000 0x3f000000	0x00000000
v_cubes_f32		0x3f800000 0x3f800000 0x0	0x3f800000
v_cubes_f32		0x3f800000 0x1 0x3f800000	0x3f800000
v_cubes_f32		0x0 0x3f800000 0x3f800000	0x00000000
v_cubes_f32		0x3f800000 0xbf800000 0x0	0x3f800000
v_cubes_f32		0x3f800000 0x1 0xbf800000	0xbf800000
v_cubes_f32		0x0 0x3f800000 0xbf800000	0x80000000
v_cubes_f32		0x3f800000 0x800000 0x0	0x80000000
v_cubes_f32		0x3f800000 0x1 0x800000	0x80800000
v_cubes_f32		0x0 0x3f800000 0x800000	0x00000000
v_cubes_f32		0x3f800000 0x7f7fffff 0x0	0x3f800000
v_cubes_f32		0x3f800000 0x1 0x7f7fffff	0x3f800000
v_cubes_f32		0x0 0x3f800000 0x7f7fffff	0x00000000
v_cubes_f32		0x3f800000 0x7f800000 0x0	0x3f800000
v_cubes_f32		0x3f800000 0x1 0x7f800000	0x3f800000
v_cubes_f32		0x0 0x3f800000 0x7f800000	0x00000000
v_cubes_f32		0x3f800000 0xff800000 0x0	0x3f800000
v_cubes_f32		0x3f800000 0x1 0xff800000	0xbf800000
v_cubes_f32		0x0 0x3f800000 0xff800000	0x80000000
v_cubes_f32		0x3f800000 0x7fc00000 0x0	0x7fc00000
v_cubes_f32		0x3f800000 0x1 0x7fc00000	0x7fc00000
v_cubes_f32		0x0 0x3f800000 0x7fc00000	0x7fc00000
v_cubes_f32		0xbf800000 0x0 0x0	0x00000000
v_cubes_f32		0xbf800000 0x1 0x0	0x00000000
v_cubes_f32		0x0 0xbf800000 0x0	0x00000000
v_cubes_f32		0xbf800000 0x80000000 0x0	0x00000000
v_cubes_f32		0xbf800000 0x1 0x80000000	0x80000000
v_cubes_f32		0x0 0xbf800000 0x80000000	0x00000000
v_cubes_f32		0xbf800000 0x3f000000 0x0	0x00000000
v_cubes_f32		0xbf800000 0x1 0x3f000000	0x3f000000
v_cubes_f32		0x0 0xbf800000 0x3f000000	0x00000000
v_cubes_f32		0xbf800000 0x3f800000 0x0	0xbf800000
v_cubes_f32		0xbf800000 0x1 0x3f800000	0xbf800000
v_cubes_f32		0x0 0xbf800000 0x3f800000	0x00000000
v_cubes_f32		0xbf800000 0xbf800000 0x0	0xbf800000
v_cubes_f32		0xbf800000 0x1 0xbf800000	0x3f800000
v_cubes_f32		0x0 0xbf800000 0xbf800000	0x80000000
v_cubes_f32		0xbf800000 0x800000 0x0	0x00000000
v_cubes_f32		0xbf800000 0x1 0x800000	0x00800000
v_cubes_f32		0x0 0xbf800000 0x800000	0x00000000
v_cubes_f32		0xbf800000 0x7f7fffff 0x0	0xbf800000
v_cubes_f32		0xbf800000 0x1 0x7f7fffff	0xbf800000
v_cubes_f32		0x0 0xbf800000 0x7f7fffff	0x00000000
v_cubes_f32		0xbf800000 0x7f800000 0x0	0xbf800000
v_cubes_f32		0xbf800000 0x1 0x7f800000	0xbf800000
v_cubes_f32		0x0 0xbf800000 0x7f800000	0x00000000
v_cubes_f32		0xbf800000 0xff800000 0x0	0xbf800000
v_cubes_f32		0xbf800000 0x1 0xff800000	0x3f800000
v_cubes_f32		0x0 0xbf800000 0xff800000	0x80000000
v_cubes_f32		0xbf800000 0x7fc00000 0x0	0x7fc00000
v_cubes_f32		0xbf800000 0x1 0x7fc00000	0x7fc00000
v_cubes_f32		0x0 0xbf800000 0x7fc00000	0x7fc00000
v_cubes_f32		0x800000 0x0 0x0	0x80000000
v_cubes_f32		0x800000 0x1 0x0	0x80000000
v_cubes_f32		0x0 0x800000 0x0	0x00000000
v_cubes_f32		0x800000 0x80000000 0x0	0x80000000
v_cubes_f32		0x800000 0x1 0x80000000	0x00000000
v_cubes_f32		0x0 0x800000 0x80000000	0x00000000
v_cubes_f32		0x800000 0x3f000000 0x0	0x00800000
v_cubes_f32		0x800000 0x1 0x3f000000	0x00800000
v_cubes_f32		0x0 0x800000 0x3f000000	0x00000000
v_cubes_f32		0x800000 0x3f800000 0x0	0x00800000
v_cubes_f32		0x800000 0x1 0x3f800000	0x00800000
v_cubes_f32		0x0 0x800000 0x3f800000	0x00000000
v_cubes_f32		0x800000 0xbf800000 0x0	0x00800000
v_cubes_f32		0x800000 0x1 0xbf800000	0x80800000
v_cubes_f32		0x0 0x800000 0xbf800000	0x80000000
v_cubes_f32		0x800000 0x800000 0x0	0x00800000
v_cubes_f32		0x800000 0x1 0x800000	0x00800000
v_cubes_f32		0x0 0x800000 0x800000	0x00000000
v_cubes_f32		0x800000 0x7f7fffff 0x0	0x00800000
v_cubes_f32		0x800000 0x1 0x7f7fffff	0x00800000
v_cubes_f32		0x0 0x800000 0x7f7fffff	0x00000000
v_cubes_f32		0x800000 0x7f800000 0x0	0x00800000
v_cubes_f32		0x800000 0x1 0x7f800000	0x00800000
v_cubes_f32		0x0 0x800000 0x7f800000	0x00000000
v_cubes_f32		0x800000 0xff800000 0x0	0x00800000
v_cubes_f32		0x800000 0x1 0xff800000	0x80800000
v_cubes_f32		0x0 0x800000 0xff800000	0x80000000
v_cubes_f32		0x800000 0x7fc00000 0x0	0x7fc00000
v_cubes_f32		0x800000 0x1 0x7fc00000	0x7fc00000
v_cubes_f32		0x0 0x800000 0x7fc00000	0x7fc00000
v_cubes_f32		0x7f7fffff 0x0 0x0	0x80000000
v_cubes_f32		0x7f7fffff 0x1 0x0	0x80000000
v_cubes_f32		0x0 0x7f7fffff 0x0	0x00000000
v_cubes_f32		0x7f7fffff 0x80000000 0x0	0x80000000
v_cubes_f32		0x7f7fffff 0x1 0x80000000	0x00000000
v_cubes_f32		0x0 0x7f7fffff 0x80000000	0x00000000
v_cubes_f32		0x7f7fffff 0x3f000000 0x0	0x80000000
v_cubes_f32		0x7f7fffff 0x1 0x3f000000	0xbf000000
v_cubes_f32		0x0 0x7f7fffff 0x3f000000	0x00000000
v_cubes_f32		0x7f7fffff 0x3f800000 0x0	0x80000000
v_cubes_f32		0x7f7fffff 0x1 0x3f800000	0xbf800000
v_cubes_f32		0x0 0x7f7fffff 0x3f800000	0x00000000
v_cubes_f32		0x7f7fffff 0xbf800000 0x0	0x80000000
v_cubes_f32		0x7f7fffff 0x1 0xbf800000	0x3f800000
v_cubes_f32		0x0 0x7f7fffff 0xbf800000	0x00000000
v_cubes_f32		0x7f7fffff 0x800000 0x0	0x80000000
v_cubes_f32		0x7f7fffff 0x1 0x800000	0x80800000
v_cubes_f32		0x0 0x7f7fffff 0x800000	0x00000000
v_cubes_f32		0x7f7fffff 0x7f7fffff 0x0	0x7f7fffff
v_cubes_f32		0x7f7fffff 0x1 0x7f7fffff	0x7f7fffff
v_cubes_f32		0x0 0x7f7fffff 0x7f7fffff	0x00000000
v_cubes_f32		0x7f7fffff 0x7f800000 0x0	0x7f7fffff
v_cubes_f32		0x7f7fffff 0x1 0x7f800000	0x7f7fffff
v_cubes_f32		0x0 0x7f7fffff 0x7f800000	0x00000000
v_cubes_f32		0x7f7fffff 0xff800000 0x0	0x7f7fffff
v_cubes_f32		0x7f7fffff 0x1 0xff800000	0xff7fffff
v_cubes_f32		0x0 0x7f7fffff 0xff800000	0x80000000
v_cubes_f32		0x7f7fffff 0x7fc00000 0x0	0x7fc00000
v_cubes_f32		0x7f7fffff 0x1 0x7fc00000	0x7fc00000
v_cubes_f32		0x0 0x7f7fffff 0x7fc00000	0x7fc00000
v_cubes_f32		0x7f800000 0x0 0x0	0x80000000
v_cubes_f32		0x7f800000 0x1 0x0	0x80000000
v_cubes_f32		0x0 0x7f800000 0x0	0x00000000
v_cubes_f32		0x7f800000 0x80000000 0x0	0x80000000
v_cubes_f32		0x7f800000 0x1 0x80000000	0x00000000
v_cubes_f32		0x0 0x7f800000 0x80000000	0x00000000
v_cubes_f32		0x7f800000 0x3f000000 0x0	0x80000000
v_cubes_f32		0x7f800000 0x1 0x3f000000	0xbf000000
v_cubes_f32		0x0 0x7f800000 0x3f000000	0x00000000
v_cubes_f32		0x7f800000 0x3f800000 0x0	0x80000000
v_cubes_f32		0x7f800000 0x1 0x3f800000	0xbf800000
v_cubes_f32		0x0 0x7f800000 0x3f800000	0x00000000
v_cubes_f32		0x7f800000 0xbf800000 0x0	0x80000000
v_cubes_f32		0x7f800000 0x1 0xbf800000	0x3f800000
v_cubes_f32		0x0 0x7f800000 0xbf800000	0x00000000
v_cubes_f32		0x7f800000 0x800000 0x0	0x80000000
v_cubes_f32		0x7f800000 0x1 0x800000	0x80800000
v_cubes_f32		0x0 0x7f800000 0x800000	0x00000000
v_cubes_f32		0x7f800000 0x7f7fffff 0x0	0x80000000
v_cubes_f32		0x7f800000 0x1 0x7f7fffff	0xff7fffff
v_cubes_f32		0x0 0x7f800000 0x7f7fffff	0x00000000
v_cubes_f32		0x7f800000 0x7f800000 0x0	0x7f800000
v_cubes_f32		0x7f800000 0x1 0x7f800000	0x7f800000
v_cubes_f32		0x0 0x7f800000 0x7f800000	0x00000000
v_cubes_f32		0x7f800000 0xff800000 0x0	0x7f800000
v_cubes_f32		0x7f800000 0x1 0xff800000	0xff800000
v_cubes_f32		0x0 0x7f800000 0xff800000	0x80000000
v_cubes_f32		0x7f800000 0x7fc00000 0x0	0x7fc00000
v_cubes_f32		0x7f800000 0x1 0x7fc00000	0x7fc00000
v_cubes_f32		0x0 0x7f800000 0x7fc00000	0x7fc00000
v_cubes_f32		0xff800000 0x0 0x0	0x00000000
v_cubes_f32		0xff800000 0x1 0x0	0x00000000
v_cubes_f32		0x0 0xff800000 0x0	0x00000000
v_cubes_f32		0xff800000 0x80000000 0x0	0x00000000
v_cubes_f32		0xff800000 0x1 0x80000000	0x80000000
v_cubes_f32		0x0 0xff800000 0x80000000	0x00000000
v_cubes_f32		0xff800000 0x3f000000 0x0	0x00000000
v_cubes_f32		0xff800000 0x1 0x3f000000	0x3f000000
v_cubes_f32		0x0 0xff800000 0x3f000000	0x00000000
v_cubes_f32		0xff800000 0x3f800000 0x0	0x00000000
v_cubes_f32		0xff800000 0x1 0x3f800000	0x3f800000
v_cubes_f32		0x0 0xff800000 0x3f800000	0x00000000
v_cubes_f32		0xff800000 0xbf800000 0x0	0x00000000
v_cubes_f32		0xff800000 0x1 0xbf800000	0xbf800000
v_cubes_f32		0x0 0xff800000 0xbf800000	0x00000000
v_cubes_f32		0xff800000 0x800000 0x0	0x00000000
v_cubes_f32		0xff800000 0x1 0x800000	0x00800000
v_cubes_f32		0x0 0xff800000 0x800000	0x00000000
v_cubes_f32		0xff800000 0x7f7fffff 0x0	0x00000000
v_cubes_f32		0xff800000 0x1 0x7f7fffff	0x7f7fffff
v_cubes_f32		0x0 0xff800000 0x7f7fffff	0x00000000
v_cubes_f32		0xff800000 0x7f800000 0x0	0xff800000
v_cubes_f32		0xff800000 0x1 0x7f800000	0xff800000
v_cubes_f32		0x0 0xff800000 0x7f800000	0x00000000
v_cubes_f32		0xff800000 0xff800000 0x0	0xff800000
v_cubes_f32		0xff800000 0x1 0xff800000	0x7f800000
v_cubes_f32		0x0 0xff800000 0xff800000	0x80000000
v_cubes_f32		0xff800000 0x7fc00000 0x0	0x7fc00000
v_cubes_f32		0xff800000 0x1 0x7fc00000	0x7fc00000
v_cubes_f32		0x0 0xff800000 0x7fc00000	0x7fc00000
v_cubes_f32		0x7fc00000 0x0 0x0	0x7fc00000
v_cubes_f32		0x7fc00000 0x1 0x0	0x7fc00000
v_cubes_f32		0x0 0x7fc00000 0x0	0x7fc00000
v_cubes_f32		0x7fc00000 0x80000000 0x0	0x7fc00000
v_cubes_f32		0x7fc00000 0x1 0x80000000	0x7fc00000
v_cubes_f32		0x0 0x7fc00000 0x80000000	0x7fc00000
v_cubes_f32		0x7fc00000 0x3f000000 0x0	0x7fc00000
v_cubes_f32		0x7fc00000 0x1 0x3f000000	0x7fc00000
v_cubes_f32		0x0 0x7fc00000 0x3f000000	0x7fc00000
v_cubes_f32		0x7fc00000 0x3f800000 0x0	0x7fc00000
v_cubes_f32		0x7fc00000 0x1 0x3f800000	0x7fc00000
v_cubes_f32		0x0 0x7fc00000 0x3f800000	0x7fc00000
v_cubes_f32		0x7fc00000 0xbf800000 0x0	0x7fc00000
v_cubes_f32		0x7fc00000 0x1 0xbf800000	0x7fc00000
v_cubes_f32		0x0 0x7fc00000 0xbf800000	0x7fc00000
v_cubes_f32		0x7fc00000 0x800000 0x0	0x7fc00000
v_cubes_f32		0x7fc00000 0x1 0x800000	0x7fc00000
v_cubes_f32		0x0 0x7fc00000 0x800000	0x7fc00000
v_cubes_f32		0x7fc00000 0x7f7fffff 0x0	0x7fc00000
v_cubes_f32		0x7fc00000 0x1 0x7f7fffff	0x7fc00000
v_cubes_f32		0x0 0x7fc00000 0x7f7fffff	0x7fc00000
v_cubes_f32		0x7fc00000 0x7f800000 0x0	0x7fc00000
v_cubes_f32		0x7fc00000 0x1 0x7f800000	0x7fc00000
v_cubes_f32		0x0 0x7fc00000 0x7f800000	0x7fc00000
v_cubes_f32		0x7fc00000 0xff800000 0x0	0x7fc00000
v_cubes_f32		0x7fc00000 0x1 0xff800000	0x7fc00000
v_cubes_f32		0x0 0x7fc00000 0xff800000	0x7fc00000
v_cubes_f32		0x7fc00000 0x7fc00000 0x0	0x7fc00000
v_cubes_f32		0x7fc00000 0x1 0x7fc00000	0x7fc00000
v_cubes_f32		0x0 0x7fc00000 0x7fc00000	0x7fc00000
v_cubes_f32		0x0 0x0 0x0	0x00000000
v_cubes_f32		0x80000000 0x80000000 0x80000000	0x00000000
v_cubes_f32		0x3f000000 0x3f000000 0x3f000000	0x3f000000
v_cubes_f32		0x3f800000 0x3f800000 0x3f800000	0x3f800000
v_cubes_f32		0xbf800000 0xbf800000 0xbf800000	0x3f800000
v_cubes_f32		0x800000 0x800000 0x800000	0x00800000
v_cubes_f32		0x7f7fffff 0x7f7fffff 0x7f7fffff	0x7f7fffff
v_cubes_f32		0x7f800000 0x7f800000 0x7f800000	0x7f800000
v_cubes_f32		0xff800000 0xff800000 0xff800000	0x7f800000
v_cubes_f32		0x7fc00000 0x7fc00000 0x7fc00000	0x7fc00000
v_cubet_f32		0x0 0x0 0x0	0x80000000
v_cubet_f32		0x0 0x1 0x0	0x80000000
v_cubet_f32		0x0 0x0 0x0	0x80000000
v_cubet_f32		0x0 0x80000000 0x0	0x00000000
v_cubet_f32		0x0 0x1 0x80000000	0x80000000
v_cubet_f32		0x0 0x0 0x80000000	0x80000000
v_cubet_f32		0x0 0x3f000000 0x0	0x00000000
v_cubet_f32		0x0 0x1 0x3f000000	0x80000000
v_cubet_f32		0x0 0x0 0x3f000000	0x80000000
v_cubet_f32		0x0 0x3f800000 0x0	0x00000000
v_cubet_f32		0x0 0x1 0x3f800000	0x80000000
v_cubet_f32		0x0 0x0 0x3f800000	0x80000000
v_cubet_f32		0x0 0xbf800000 0x0	0x80000000
v_cubet_f32		0x0 0x1 0xbf800000	0x80000000
v_cubet_f32		0x0 0x0 0xbf800000	0x80000000
v_cubet_f32		0x0 0x800000 0x0	0x00000000
v_cubet_f32		0x0 0x1 0x800000	0x80000000
v_cubet_f32		0x0 0x0 0x800000	0x80000000
v_cubet_f32		0x0 0x7f7fffff 0x0	0x00000000
v_cubet_f32		0x0 0x1 0x7f7fffff	0x80000000
v_cubet_f32		0x0 0x0 0x7f7fffff	0x80000000
v_cubet_f32		0x0 0x7f800000 0x0	0x00000000
v_cubet_f32		0x0 0x1 0x7f800000	0x80000000
v_cubet_f32		0x0 0x0 0x7f800000	0x80000000
v_cubet_f32		0x0 0xff800000 0x0	0x80000000
v_cubet_f32		0x0 0x1 0xff800000	0x80000000
v_cubet_f32		0x0 0x0 0xff800000	0x80000000
v_cubet_f32		0x0 0x7fc00000 0x0	0x7fc00000
v_cubet_f32		0x0 0x1 0x7fc00000	0x7fc00000
v_cubet_f32		0x0 0x0 0x7fc00000	0x7fc00000
v_cubet_f32		0x80000000 0x0 0x0	0x80000000
v_cubet_f32		0x80000000 0x1 0x0	0x80000000
v_cubet_f32		0x0 0x80000000 0x0	0x00000000
v_cubet_f32		0x80000000 0x80000000 0x0	0x00000000
v_cubet_f32		0x80000000 0x1 0x80000000	0x80000000
v_cubet_f32		0x0 0x80000000 0x80000000	0x00000000
v_cubet_f32		0x80000000 0x3f000000 0x0	0x00000000
v_cubet_f32		0x80000000 0x1 0x3f000000	0x80000000
v_cubet_f32		0x0 0x80000000 0x3f000000	0x00000000
v_cubet_f32		0x80000000 0x3f800000 0x0	0x00000000
v_cubet_f32		0x80000000 0x1 0x3f800000	0x80000000
v_cubet_f32		0x0 0x80000000 0x3f800000	0x00000000
v_cubet_f32		0x80000000 0xbf800000 0x0	0x80000000
v_cubet_f32		0x80000000 0x1 0xbf800000	0x80000000
v_cubet_f32		0x0 0x80000000 0xbf800000	0x00000000
v_cubet_f32		0x80000000 0x800000 0x0	0x00000000
v_cubet_f32		0x80000000 0x1 0x800000	0x80000000
v_cubet_f32		0x0 0x80000000 0x800000	0x00000000
v_cubet_f32		0x80000000 0x7f7fffff 0x0	0x00000000
v_cubet_f32		0x80000000 0x1 0x7f7fffff	0x80000000
v_cubet_f32		0x0 0x80000000 0x7f7fffff	0x00000000
v_cubet_f32		0x80000000 0x7f800000 0x0	0x00000000
v_cubet_f32		0x80000000 0x1 0x7f800000	0x80000000
v_cubet_f32		0x0 0x80000000 0x7f800000	0x00000000
v_cubet_f32		0x80000000 0xff800000 0x0	0x80000000
v_cubet_f32		0x80000000 0x1 0xff800000	0x80000000
v_cubet_f32		0x0 0x80000000 0xff800000	0x00000000
v_cubet_f32		0x80000000 0x7fc00000 0x0	0x7fc00000
v_cubet_f32		0x80000000 0x1 0x7fc00000	0x7fc00000
v_cubet_f32		0x0 0x80000000 0x7fc00000	0x7fc00000
v_cubet_f32		0x3f000000 0x0 0x0	0x80000000
v_cubet_f32		0x3f000000 0x1 0x0	0x80000000
v_cubet_f32		0x0 0x3f000000 0x0	0x00000000
v_cubet_f32		0x3f000000 0x80000000 0x0	0x00000000
v_cubet_f32		0x3f000000 0x1 0x80000000	0x80000000
v_cubet_f32		0x0 0x3f000000 0x80000000	0x80000000
v_cubet_f32		0x3f000000 0x3f000000 0x0	0x00000000
v_cubet_f32		0x3f000000 0x1 0x3f000000	0x80000000
v_cubet_f32		0x0 0x3f000000 0x3f000000	0xbf000000
v_cubet_f32		0x3f000000 0x3f800000 0x0	0x00000000
v_cubet_f32		0x3f000000 0x1 0x3f800000	0x80000000
v_cubet_f32		0x0 0x3f000000 0x3f800000	0xbf000000
v_cubet_f32		0x3f000000 0xbf800000 0x0	0x80000000
v_cubet_f32		0x3f000000 0x1 0xbf800000	0x80000000
v_cubet_f32		0x0 0x3f000000 0xbf800000	0xbf000000
v_cubet_f32		0x3f000000 0x800000 0x0	0x80800000
v_cubet_f32		0x3f000000 0x1 0x800000	0x80000000
v_cubet_f32		0x0 0x3f000000 0x800000	0x00800000
v_cubet_f32		0x3f000000 0x7f7fffff 0x0	0x00000000
v_cubet_f32		0x3f000000 0x1 0x7f7fffff	0x80000000
v_cubet_f32		0x0 0x3f000000 0x7f7fffff	0xbf000000
v_cubet_f32		0x3f000000 0x7f800000 0x0	0x00000000
v_cubet_f32		0x3f000000 0x1 0x7f800000	0x80000000
v_cubet_f32		0x0 0x3f000000 0x7f800000	0xbf000000
v_cubet_f32		0x3f000000 0xff800000 0x0	0x80000000
v_cubet_f32		0x3f000000 0x1 0xff800000	0x80000000
v_cubet_f32		0x0 0x3f000000 0xff800000	0xbf000000
v_cubet_f32		0x3f000000 0x7fc00000 0x0	0x7fc00000
v_cubet_f32		0x3f000000 0x1 0x7fc00000	0x7fc00000
v_cubet_f32		0x0 0x3f000000 0x7fc00000	0x7fc00000
v_cubet_f32		0x3f800000 0x0 0x0	0x80000000
v_cubet_f32		0x3f800000 0x1 0x0	0x80000000
v_cubet_f32		0x0 0x3f800000 0x0	0x00000000
v_cubet_f32		0x3f800000 0x80000000 0x0	0x00000000
v_cubet_f32		0x3f800000 0x1 0x80000000	0x80000000
v_cubet_f32		0x0 0x3f800000 0x80000000	0x80000000
v_cubet_f32		0x3f800000 0x3f000000 0x0	0xbf000000
v_cubet_f32		0x3f800000 0x1 0x3f000000	0x80000000
v_cubet_f32		0x0 0x3f800000 0x3f000000	0x3f000000
v_cubet_f32		0x3f800000 0x3f800000 0x0	0x00000000
v_cubet_f32		0x3f800000 0x1 0x3f800000	0x80000000
v_cubet_f32		0x0 0x3f800000 0x3f800000	0xbf800000
v_cubet_f32		0x3f800000 0xbf800000 0x0	0x80000000
v_cubet_f32		0x3f800000 0x1 0xbf800000	0x80000000
v_cubet_f32		0x0 0x3f800000 0xbf800000	0xbf800000
v_cubet_f32		0x3f800000 0x800000 0x0	0x80800000
v_cubet_f32		0x3f800000 0x1 0x800000	0x80000000
v_cubet_f32		0x0 0x3f800000 0x800000	0x00800000
v_cubet_f32		0x3f800000 0x7f7fffff 0x0	0x00000000
v_cubet_f32		0x3f800000 0x1 0x7f7fffff	0x80000000
v_cubet_f32		0x0 0x3f800000 0x7f7fffff	0xbf800000
v_cubet_f32		0x3f800000 0x7f800000 0x0	0x00000000
v_cubet_f32		0x3f800000 0x1 0x7f800000	0x80000000
v_cubet_f32		0x0 0x3f800000 0x7f800000	0xbf800000
v_cubet_f32		0x3f800000 0xff800000 0x0	0x80000000
v_cubet_f32		0x3f800000 0x1 0xff800000	0x80000000
v_cubet_f32		0x0 0x3f800000 0xff800000	0xbf800000
v_cubet_f32		0x3f800000 0x7fc00000 0x0	0x7fc00000
v_cubet_f32		0x3f800000 0x1 0x7fc00000	0x7fc00000
v_cubet_f32		0x0 0x3f800000 0x7fc00000	0x7fc00000
v_cubet_f32		0xbf800000 0x0 0x0	0x80000000
v_cubet_f32		0xbf800000 0x1 0x0	0x80000000
v_cubet_f32		0x0 0xbf800000 0x0	0x80000000
v_cubet_f32		0xbf800000 0x80000000 0x0	0x00000000
v_cubet_f32		0xbf800000 0x1 0x80000000	0x80000000
v_cubet_f32		0x0 0xbf800000 0x80000000	0x00000000
v_cubet_f32		0xbf800000 0x3f000000 0x0	0xbf000000
v_cubet_f32		0xbf800000 0x1 0x3f000000	0x80000000
v_cubet_f32		0x0 0xbf800000 0x3f000000	0xbf000000
v_cubet_f32		0xbf800000 0x3f800000 0x0	0x00000000
v_cubet_f32		0xbf800000 0x1 0x3f800000	0x80000000
v_cubet_f32		0x0 0xbf800000 0x3f800000	0x3f800000
v_cubet_f32		0xbf800000 0xbf800000 0x0	0x80000000
v_cubet_f32		0xbf800000 0x1 0xbf800000	0x80000000
v_cubet_f32		0x0 0xbf800000 0xbf800000	0x3f800000
v_cubet_f32		0xbf800000 0x800000 0x0	0x80800000
v_cubet_f32		0xbf800000 0x1 0x800000	0x80000000
v_cubet_f32		0x0 0xbf800000 0x800000	0x80800000
v_cubet_f32		0xbf800000 0x7f7fffff 0x0	0x00000000
v_cubet_f32		0xbf800000 0x1 0x7f7fffff	0x80000000
v_cubet_f32		0x0 0xbf800000 0x7f7fffff	0x3f800000
v_cubet_f32		0xbf800000 0x7f800000 0x0	0x00000000
v_cubet_f32		0xbf800000 0x1 0x7f800000	0x80000000
v_cubet_f32		0x0 0xbf800000 0x7f800000	0x3f800000
v_cubet_f32		0xbf800000 0xff800000 0x0	0x80000000
v_cubet_f32		0xbf800000 0x1 0xff800000	0x80000000
v_cubet_f32		0x0 0xbf800000 0xff800000	0x3f800000
v_cubet_f32		0xbf800000 0x7fc00000 0x0	0x7fc00000
v_cubet_f32		0xbf800000 0x1 0x7fc00000	0x7fc00000
v_cubet_f32		0x0 0xbf800000 0x7fc00000	0x7fc00000
v_cubet_f32		0x800000 0x0 0x0	0x80000000
v_cubet_f32		0x800000 0x1 0x0	0x80000000
v_cubet_f32		0x0 0x800000 0x0	0x00000000
v_cubet_f32		0x800000 0x80000000 0x0	0x00000000
v_cubet_f32		0x800000 0x1 0x80000000	0x80000000
v_cubet_f32		0x0 0x800000 0x80000000	0x80000000
v_cubet_f32		0x800000 0x3f000000 0x0	0x00000000
v_cubet_f32		0x800000 0x1 0x3f000000	0x80000000
v_cubet_f32		0x0 0x800000 0x3f000000	0x80800000
v_cubet_f32		0x800000 0x3f800000 0x0	0x00000000
v_cubet_f32		0x800000 0x1 0x3f800000	0x80000000
v_cubet_f32		0x0 0x800000 0x3f800000	0x80800000
v_cubet_f32		0x800000 0xbf800000 0x0	0x80000000
v_cubet_f32		0x800000 0x1 0xbf800000	0x80000000
v_cubet_f32		0x0 0x800000 0xbf800000	0x80800000
v_cubet_f32		0x800000 0x800000 0x0	0x00000000
v_cubet_f32		0x800000 0x1 0x800000	0x80000000
v_cubet_f32		0x0 0x800000 0x800000	0x80800000
v_cubet_f32		0x800000 0x7f7fffff 0x0	0x00000000
v_cubet_f32		0x800000 0x1 0x7f7fffff	0x80000000
v_cubet_f32		0x0 0x800000 0x7f7fffff	0x80800000
v_cubet_f32		0x800000 0x7f800000 0x0	0x00000000
v_cubet_f32		0x800000 0x1 0x7f800000	0x80000000
v_cubet_f32		0x0 0x800000 0x7f800000	0x80800000
v_cubet_f32		0x800000 0xff800000 0x0	0x80000000
v_cubet_f32		0x800000 0x1 0xff800000	0x80000000
v_cubet_f32		0x0 0x800000 0xff800000	0x80800000
v_cubet_f32		0x800000 0x7fc00000 0x0	0x7fc00000
v_cubet_f32		0x800000 0x1 0x7fc00000	0x7fc00000
v_cubet_f32		0x0 0x800000 0x7fc00000	0x7fc00000
v_cubet_f32		0x7f7fffff 0x0 0x0	0x80000000
v_cubet_f32		0x7f7fffff 0x1 0x0	0x80000000
v_cubet_f32		0x0 0x7f7fffff 0x0	0x00000000
v_cubet_f32		0x7f7fffff 0x80000000 0x0	0x00000000
v_cubet_f32		0x7f7fffff 0x1 0x80000000	0x80000000
v_cubet_f32		0x0 0x7f7fffff 0x80000000	0x80000000
v_cubet_f32		0x7f7fffff 0x3f000000 0x0	0xbf000000
v_cubet_f32		0x7f7fffff 0x1 0x3f000000	0x80000000
v_cubet_f32		0x0 0x7f7fffff 0x3f000000	0x3f000000
v_cubet_f32		0x7f7fffff 0x3f800000 0x0	0xbf800000
v_cubet_f32		0x7f7fffff 0x1 0x3f800000	0x80000000
v_cubet_f32		0x0 0x7f7fffff 0x3f800000	0x3f800000
v_cubet_f32		0x7f7fffff 0xbf800000 0x0	0x3f800000
v_cubet_f32		0x7f7fffff 0x1 0xbf800000	0x80000000
v_cubet_f32		0x0 0x7f7fffff 0xbf800000	0xbf800000
v_cubet_f32		0x7f7fffff 0x800000 0x0	0x80800000
v_cubet_f32		0x7f7fffff 0x1 0x800000	0x80000000
v_cubet_f32		0x0 0x7f7fffff 0x800000	0x00800000
v_cubet_f32		0x7f7fffff 0x7f7fffff 0x0	0x00000000
v_cubet_f32		0x7f7fffff 0x1 0x7f7fffff	0x80000000
v_cubet_f32		0x0 0x7f7fffff 0x7f7fffff	0xff7fffff
v_cubet_f32		0x7f7fffff 0x7f800000 0x0	0x00000000
v_cubet_f32		0x7f7fffff 0x1 0x7f800000	0x80000000
v_cubet_f32		0x0 0x7f7fffff 0x7f800000	0xff7fffff
v_cubet_f32		0x7f7fffff 0xff800000 0x0	0x80000000
v_cubet_f32		0x7f7fffff 0x1 0xff800000	0x80000000
v_cubet_f32		0x0 0x7f7fffff 0xff800000	0xff7fffff
v_cubet_f32		0x7f7fffff 0x7fc00000 0x0	0x7fc00000
v_cubet_f32		0x7f7fffff 0x1 0x7fc00000	0x7fc00000
v_cubet_f32		0x0 0x7f7fffff 0x7fc00000	0x7fc00000
v_cubet_f32		0x7f800000 0x0 0x0	0x80000000
v_cubet_f32		0x7f800000 0x1 0x0	0x80000000
v_cubet_f32		0x0 0x7f800000 0x0	0x00000000
v_cubet_f32		0x7f800000 0x80000000 0x0	0x00000000
v_cubet_f32		0x7f800000 0x1 0x80000000	0x80000000
v_cubet_f32		0x0 0x7f800000 0x80000000	0x80000000
v_cubet_f32		0x7f800000 0x3f000000 0x0	0xbf000000
v_cubet_f32		0x7f800000 0x1 0x3f000000	0x80000000
v_cubet_f32		0x0 0x7f800000 0x3f000000	0x3f000000
v_cubet_f32		0x7f800000 0x3f800000 0x0	0xbf800000
v_cubet_f32		0x7f800000 0x1 0x3f800000	0x80000000
v_cubet_f32		0x0 0x7f800000 0x3f800000	0x3f800000
v_cubet_f32		0x7f800000 0xbf800000 0x0	0x3f800000
v_cubet_f32		0x7f800000 0x1 0xbf800000	0x80000000
v_cubet_f32		0x0 0x7f800000 0xbf800000	0xbf800000
v_cubet_f32		0x7f800000 0x800000 0x0	0x80800000
v_cubet_f32		0x7f800000 0x1 0x800000	0x80000000
v_cubet_f32		0x0 0x7f800000 0x800000	0x00800000
v_cubet_f32		0x7f800000 0x7f7fffff 0x0	0xff7fffff
v_cubet_f32		0x7f800000 0x1 0x7f7fffff	0x80000000
v_cubet_f32		0x0 0x7f800000 0x7f7fffff	0x7f7fffff
v_cubet_f32		0x7f800000 0x7f800000 0x0	0x00000000
v_cubet_f32		0x7f800000 0x1 0x7f800000	0x80000000
v_cubet_f32		0x0 0x7f800000 0x7f800000	0xff800000
v_cubet_f32		0x7f800000 0xff800000 0x0	0x80000000
v_cubet_f32		0x7f800000 0x1 0xff800000	0x80000000
v_cubet_f32		0x0 0x7f800000 0xff800000	0xff800000
v_cubet_f32		0x7f800000 0x7fc00000 0x0	0x7fc00000
v_cubet_f32		0x7f800000 0x1 0x7fc00000	0x7fc00000
v_cubet_f32		0x0 0x7f800000 0x7fc00000	0x7fc00000
v_cubet_f32		0xff800000 0x0 0x0	0x80000000
v_cubet_f32		0xff800000 0x1 0x0	0x80000000
v_cubet_f32		0x0 0xff800000 0x0	0x80000000
v_cubet_f32		0xff800000 0x80000000 0x0	0x00000000
v_cubet_f32		0xff800000 0x1 0x80000000	0x80000000
v_cubet_f32		0x0 0xff800000 0x80000000	0x00000000
v_cubet_f32		0xff800000 0x3f000000 0x0	0xbf000000
v_cubet_f32		0xff800000 0x1 0x3f000000	0x80000000
v_cubet_f32		0x0 0xff800000 0x3f000000	0xbf000000
v_cubet_f32		0xff800000 0x3f800000 0x0	0xbf800000
v_cubet_f32		0xff800000 0x1 0x3f800000	0x80000000
v_cubet_f32		0x0 0xff800000 0x3f800000	0xbf800000
v_cubet_f32		0xff800000 0xbf800000 0x0	0x3f800000
v_cubet_f32		0xff800000 0x1 0xbf800000	0x80000000
v_cubet_f32		0x0 0xff800000 0xbf800000	0x3f800000
v_cubet_f32		0xff800000 0x800000 0x0	0x80800000
v_cubet_f32		0xff800000 0x1 0x800000	0x80000000
v_cubet_f32		0x0 0xff800000 0x800000	0x80800000
v_cubet_f32		0xff800000 0x7f7fffff 0x0	0xff7fffff
v_cubet_f32		0xff800000 0x1 0x7f7fffff	0x80000000
v_cubet_f32		0x0 0xff800000 0x7f7fffff	0xff7fffff
v_cubet_f32		0xff800000 0x7f800000 0x0	0x00000000
v_cubet_f32		0xff800000 0x1 0x7f800000	0x80000000
v_cubet_f32		0x0 0xff800000 0x7f800000	0x7f800000
v_cubet_f32		0xff800000 0xff800000 0x0	0x80000000
v_cubet_f32		0xff800000 0x1 0xff800000	0x80000000
v_cubet_f32		0x0 0xff800000 0xff800000	0x7f800000
v_cubet_f32		0xff800000 0x7fc00000 0x0	0x7fc00000
v_cubet_f32		0xff800000 0x1 0x7fc00000	0x7fc00000
v_cubet_f32		0x0 0xff800000 0x7fc00000	0x7fc00000
v_cubet_f32		0x7fc00000 0x0 0x0	0x7fc00000
v_cubet_f32		0x7fc00000 0x1 0x0	0x7fc00000
v_cubet_f32		0x0 0x7fc00000 0x0	0x7fc00000
v_cubet_f32		0x7fc00000 0x80000000 0x0	0x7fc00000
v_cubet_f32		0x7fc00000 0x1 0x80000000	0x7fc00000
v_cubet_f32		0x0 0x7fc00000 0x80000000	0x7fc00000
v_cubet_f32		0x7fc00000 0x3f000000 0x0	0x7fc00000
v_cubet_f32		0x7fc00000 0x1 0x3f000000	0x7fc00000
v_cubet_f32		0x0 0x7fc00000 0x3f000000	0x7fc00000
v_cubet_f32		0x7fc00000 0x3f800000 0x0	0x7fc00000
v_cubet_f32		0x7fc00000 0x1 0x3f800000	0x7fc00000
v_cubet_f32		0x0 0x7fc00000 0x3f800000	0x7fc00000
v_cubet_f32		0x7fc00000 0xbf800000 0x0	0x7fc00000
v_cubet_f32		0x7fc00000 0x1 0xbf800000	0x7fc00000
v_cubet_f32		0x0 0x7fc00000 0xbf800000	0x7fc00000
v_cubet_f32		0x7fc00000 0x800000 0x0	0x7fc00000
v_cubet_f32		0x7fc00000 0x1 0x800000	0x7fc00000
v_cubet_f32		0x0 0x7fc00000 0x800000	0x7fc00000
v_cubet_f32		0x7fc00000 0x7f7fffff 0x0	0x7fc00000
v_cubet_f32		0x7fc00000 0x1 0x7f7fffff	0x7fc00000
v_cubet_f32		0x0 0x7fc00000 0x7f7fffff	0x7fc00000
v_cubet_f32		0x7fc00000 0x7f800000 0x0	0x7fc00000
v_cubet_f32		0x7fc00000 0x1 0x7f800000	0x7fc00000
v_cubet_f32		0x0 0x7fc00000 0x7f800000	0x7fc00000
v_cubet_f32		0x7fc00000 0xff800000 0x0	0x7fc00000
v_cubet_f32		0x7fc00000 0x1 0xff800000	0x7fc00000
v_cubet_f32		0x0 0x7fc00000 0xff800000	0x7fc00000
v_cubet_f32		0x7fc00000 0x7fc00000 0x0	0x7fc00000
v_cubet_f32		0x7fc00000 0x1 0x7fc00000	0x7fc00000
v_cubet_f32		0x0 0x7fc00000 0x7fc00000	0x7fc00000
v_cubet_f32		0x0 0x0 0x0	0x80000000
v_cubet_f32		0x80000000 0x80000000 0x80000000	0x00000000
v_cubet_f32		0x3f000000 0x3f000000 0x3f000000	0xbf000000
v_cubet_f32		0x3f800000 0x3f800000 0x3f800000	0xbf800000
v_cubet_f32		0xbf800000 0xbf800000 0xbf800000	0x3f800000
v_cubet_f32		0x800000 0x800000 0x800000	0x80800000
v_cubet_f32		0x7f7fffff 0x7f7fffff 0x7f7fffff	0xff7fffff
v_cubet_f32		0x7f800000 0x7f800000 0x7f800000	0xff800000
v_cubet_f32		0xff800000 0xff800000 0xff800000	0x7f800000
v_cubet_f32		0x7fc00000 0x7fc00000 0x7fc00000	0x7fc00000
v_dp4a_i8_i8_i32		0x0 0x0	0x00000000
v_dp4a_i8_i8_i32		0x0 0x1	0x00000000
v_dp4a_i8_i8_i32		0x0 0x7fffffff	0x00000000
v_dp4a_i8_i8_i32		0x0 0x80000000	0x00000000
v_dp4a_i8_i8_i32		0x0 0xfffffffe	0x00000000
v_dp4a_i8_i8_i32		0x0 0xffffffff	0x00000000
v_dp4a_i8_i8_i32		0x1 0x0	0x00000000
v_dp4a_i8_i8_i32		0x1 0x1	0x00000001
v_dp4a_i8_i8_i32		0x1 0x7fffffff	0xffffffff
v_dp4a_i8_i8_i32		0x1 0x80000000	0x00000000
v_dp4a_i8_i8_i32		0x1 0xfffffffe	0xfffffffe
v_dp4a_i8_i8_i32		0x1 0xffffffff	0xffffffff
v_dp4a_i8_i8_i32		0x7fffffff 0x0	0x00000000
v_dp4a_i8_i8_i32		0x7fffffff 0x1	0xffffffff
v_dp4a_i8_i8_i32		0x7fffffff 0x7fffffff	0x00003f04
v_dp4a_i8_i8_i32		0x7fffffff 0x80000000	0xffffc080
v_dp4a_i8_i8_i32		0x7fffffff 0xfffffffe	0xffffff85
v_dp4a_i8_i8_i32		0x7fffffff 0xffffffff	0xffffff84
v_dp4a_i8_i8_i32		0x80000000 0x0	0x00000000
v_dp4a_i8_i8_i32		0x80000000 0x1	0x00000000
v_dp4a_i8_i8_i32		0x80000000 0x7fffffff	0xffffc080
v_dp4a_i8_i8_i32		0x80000000 0x80000000	0x00004000
v_dp4a_i8_i8_i32		0x80000000 0xfffffffe	0x00000080
v_dp4a_i8_i8_i32		0x80000000 0xffffffff	0x00000080
v_dp4a_i8_i8_i32		0xfffffffe 0x0	0x00000000
v_dp4a_i8_i8_i32		0xfffffffe 0x1	0xfffffffe
v_dp4a_i8_i8_i32		0xfffffffe 0x7fffffff	0xffffff85
v_dp4a_i8_i8_i32		0xfffffffe 0x80000000	0x00000080
v_dp4a_i8_i8_i32		0xfffffffe 0xfffffffe	0x00000007
v_dp4a_i8_i8_i32		0xfffffffe 0xffffffff	0x00000005
v_dp4a_i8_i8_i32		0xffffffff 0x0	0x00000000
v_dp4a_i8_i8_i32		0xffffffff 0x1	0xffffffff
v_dp4a_i8_i8_i32		0xffffffff 0x7fffffff	0xffffff84
v_dp4a_i8_i8_i32		0xffffffff 0x80000000	0x00000080
v_dp4a_i8_i8_i32		0xffffffff 0xfffffffe	0x00000005
v_dp4a_i8_i8_i32		0xffffffff 0xffffffff	0x00000004
v_dp4a_i8_u8_i32		0x0 0x0	0x00000000
v_dp4a_i8_u8_i32		0x0 0x1	0x00000000
v_dp4a_i8_u8_i32		0x0 0x7fffffff	0x00000000
v_dp4a_i8_u8_i32		0x0 0x80000000	0x00000000
v_dp4a_i8_u8_i32		0x0 0xfffffffe	0x00000000
v_dp4a_i8_u8_i32		0x0 0xffffffff	0x00000000
v_dp4a_i8_u8_i32		0x1 0x0	0x00000000
v_dp4a_i8_u8_i32		0x1 0x1	0x00000001
v_dp4a_i8_u8_i32		0x1 0x7fffffff	0x000000ff
v_dp4a_i8_u8_i32		0x1 0x80000000	0x00000000
v_dp4a_i8_u8_i32		0x1 0xfffffffe	0x000000fe
v_dp4a_i8_u8_i32		0x1 0xffffffff	0x000000ff
v_dp4a_i8_u8_i32		0x7fffffff 0x0	0x00000000
v_dp4a_i8_u8_i32		0x7fffffff 0x1	0xffffffff
v_dp4a_i8_u8_i32		0x7fffffff 0x7fffffff	0x00003c04
v_dp4a_i8_u8_i32		0x7fffffff 0x80000000	0x00003f80
v_dp4a_i8_u8_i32		0x7fffffff 0xfffffffe	0x00007b85
v_dp4a_i8_u8_i32		0x7fffffff 0xffffffff	0x00007b84
v_dp4a_i8_u8_i32		0x80000000 0x0	0x00000000
v_dp4a_i8_u8_i32		0x80000000 0x1	0x00000000
v_dp4a_i8_u8_i32		0x80000000 0x7fffffff	0xffffc080
v_dp4a_i8_u8_i32		0x80000000 0x80000000	0xffffc000
v_dp4a_i8_u8_i32		0x80000000 0xfffffffe	0xffff8080
v_dp4a_i8_u8_i32		0x80000000 0xffffffff	0xffff8080
v_dp4a_i8_u8_i32		0xfffffffe 0x0	0x00000000
v_dp4a_i8_u8_i32		0xfffffffe 0x1	0xfffffffe
v_dp4a_i8_u8_i32		0xfffffffe 0x7fffffff	0xfffffb85
v_dp4a_i8_u8_i32		0xfffffffe 0x80000000	0xffffff80
v_dp4a_i8_u8_i32		0xfffffffe 0xfffffffe	0xfffffb07
v_dp4a_i8_u8_i32		0xfffffffe 0xffffffff	0xfffffb05
v_dp4a_i8_u8_i32		0xffffffff 0x0	0x00000000
v_dp4a_i8_u8_i32		0xffffffff 0x1	0xffffffff
v_dp4a_i8_u8_i32		0xffffffff 0x7fffffff	0xfffffc84
v_dp4a_i8_u8_i32		0xffffffff 0x80000000	0xffffff80
v_dp4a_i8_u8_i32		0xffffffff 0xfffffffe	0xfffffc05
v_dp4a_i8_u8_i32		0xffffffff 0xffffffff	0xfffffc04
v_dp4a_u8_i8_i32		0x0 0x0	0x00000000
v_dp4a_u8_i8_i32		0x0 0x1	0x00000000
v_dp4a_u8_i8_i32		0x0 0x7fffffff	0x00000000
v_dp4a_u8_i8_i32		0x0 0x80000000	0x00000000
v_dp4a_u8_i8_i32		0x0 0xfffffffe	0x00000000
v_dp4a_u8_i8_i32		0x0 0xffffffff	0x00000000
v_dp4a_u8_i8_i32		0x1 0x0	0x00000000
v_dp4a_u8_i8_i32		0x1 0x1	0x00000001
v_dp4a_u8_i8_i32		0x1 0x7fffffff	0xffffffff
v_dp4a_u8_i8_i32		0x1 0x80000000	0x00000000
v_dp4a_u8_i8_i32		0x1 0xfffffffe	0xfffffffe
v_dp4a_u8_i8_i32		0x1 0xffffffff	0xffffffff
v_dp4a_u8_i8_i32		0x7fffffff 0x0	0x00000000
v_dp4a_u8_i8_i32		0x7fffffff 0x1	0x000000ff
v_dp4a_u8_i8_i32		0x7fffffff 0x7fffffff	0x00003c04
v_dp4a_u8_i8_i32		0x7fffffff 0x80000000	0xffffc080
v_dp4a_u8_i8_i32		0x7fffffff 0xfffffffe	0xfffffb85
v_dp4a_u8_i8_i32		0x7fffffff 0xffffffff	0xfffffc84
v_dp4a_u8_i8_i32		0x80000000 0x0	0x00000000
v_dp4a_u8_i8_i32		0x80000000 0x1	0x00000000
v_dp4a_u8_i8_i32		0x80000000 0x7fffffff	0x00003f80
v_dp4a_u8_i8_i32		0x80000000 0x80000000	0xffffc000
v_dp4a_u8_i8_i32		0x80000000 0xfffffffe	0xffffff80
v_dp4a_u8_i8_i32		0x80000000 0xffffffff	0xffffff80
v_dp4a_u8_i8_i32		0xfffffffe 0x0	0x00000000
v_dp4a_u8_i8_i32		0xfffffffe 0x1	0x000000fe
v_dp4a_u8_i8_i32		0xfffffffe 0x7fffffff	0x00007b85
v_dp4a_u8_i8_i32		0xfffffffe 0x80000000	0xffff8080
v_dp4a_u8_i8_i32		0xfffffffe 0xfffffffe	0xfffffb07
v_dp4a_u8_i8_i32		0xfffffffe 0xffffffff	0xfffffc05
v_dp4a_u8_i8_i32		0xffffffff 0x0	0x00000000
v_dp4a_u8_i8_i32		0xffffffff 0x1	0x000000ff
v_dp4a_u8_i8_i32		0xffffffff 0x7fffffff	0x00007b84
v_dp4a_u8_i8_i32		0xffffffff 0x80000000	0xffff8080
v_dp4a_u8_i8_i32		0xffffffff 0xfffffffe	0xfffffb05
v_dp4a_u8_i8_i32		0xffffffff 0xffffffff	0xfffffc04
v_dp4a_u8_u8_i32		0x0 0x0	0x00000000
v_dp4a_u8_u8_i32		0x0 0x1	0x00000000
v_dp4a_u8_u8_i32		0x0 0x7fffffff	0x00000000
v_dp4a_u8_u8_i32		0x0 0x80000000	0x00000000
v_dp4a_u8_u8_i32		0x0 0xfffffffe	0x00000000
v_dp4a_u8_u8_i32		0x0 0xffffffff	0x00000000
v_dp4a_u8_u8_i32		0x1 0x0	0x00000000
v_dp4a_u8_u8_i32		0x1 0x1	0x00000001
v_dp4a_u8_u8_i32		0x1 0x7fffffff	0x000000ff
v_dp4a_u8_u8_i32		0x1 0x80000000	0x00000000
v_dp4a_u8_u8_i32		0x1 0xfffffffe	0x000000fe
v_dp4a_u8_u8_i32		0x1 0xffffffff	0x000000ff
v_dp4a_u8_u8_i32		0x7fffffff 0x0	0x00000000
v_dp4a_u8_u8_i32		0x7fffffff 0x1	0x000000ff
v_dp4a_u8_u8_i32		0x7fffffff 0x7fffffff	0x00033904
v_dp4a_u8_u8_i32		0x7fffffff 0x80000000	0x00003f80
v_dp4a_u8_u8_i32		0x7fffffff 0xfffffffe	0x00037785
v_dp4a_u8_u8_i32		0x7fffffff 0xffffffff	0x00037884
v_dp4a_u8_u8_i32		0x80000000 0x0	0x00000000
v_dp4a_u8_u8_i32		0x80000000 0x1	0x00000000
v_dp4a_u8_u8_i32		0x80000000 0x7fffffff	0x00003f80
v_dp4a_u8_u8_i32		0x80000000 0x80000000	0x00004000
v_dp4a_u8_u8_i32		0x80000000 0xfffffffe	0x00007f80
v_dp4a_u8_u8_i32		0x80000000 0xffffffff	0x00007f80
v_dp4a_u8_u8_i32		0xfffffffe 0x0	0x00000000
v_dp4a_u8_u8_i32		0xfffffffe 0x1	0x000000fe
v_dp4a_u8_u8_i32		0xfffffffe 0x7fffffff	0x00037785
v_dp4a_u8_u8_i32		0xfffffffe 0x80000000	0x00007f80
v_dp4a_u8_u8_i32		0xfffffffe 0xfffffffe	0x0003f607
v_dp4a_u8_u8_i32		0xfffffffe 0xffffffff	0x0003f705
v_dp4a_u8_u8_i32		0xffffffff 0x0	0x00000000
v_dp4a_u8_u8_i32		0xffffffff 0x1	0x000000ff
v_dp4a_u8_u8_i32		0xffffffff 0x7fffffff	0x00037884
v_dp4a_u8_u8_i32		0xffffffff 0x80000000	0x00007f80
v_dp4a_u8_u8_i32		0xffffffff 0xfffffffe	0x0003f705
v_dp4a_u8_u8_i32		0xffffffff 0xffffffff	0x0003f804
v_exp2_f32		0x0	0x3f800000
v_exp2_f32		0x80000000	0x3f800000
v_exp2_f32		0x3f000000	0x3fb504f3
v_exp2_f32		0x3f800000	0x40000000
v_exp2_f32		0xbf800000	0x3f000000
v_exp2_f32		0x800000	0x3f800000
v_exp2_f32		0x7f7fffff	0x7f800000
v_exp2_f32		0x7f800000	0x7f800000
v_exp2_f32		0xff800000	0x00000000
v_exp2_f32		0x7fc00000	0x7fc00000
v_fcvt_f16_f32		0x0	0x00000000
v_fcvt_f16_f32		0x80000000	0x00008000
v_fcvt_f16_f32		0x3f000000	0x00003800
v_fcvt_f16_f32		0x3f800000	0x00003c00
v_fcvt_f16_f32		0xbf800000	0x0000bc00
v_fcvt_f16_f32		0x800000	0x00000000
v_fcvt_f16_f32		0x7f7fffff	0x00007c00
v_fcvt_f16_f32		0x7f800000	0x00007c00
v_fcvt_f16_f32		0xff800000	0x0000fc00
v_fcvt_f16_f32		0x7fc00000	0x00007e00
v_fcvt_f16_i16		0x0	0x00000000
v_fcvt_f16_i16		0x80000000	0x00000000
v_fcvt_f16_i16		0x3f000000	0x00000000
v_fcvt_f16_i16		0x3f800000	0x00000000
v_fcvt_f16_i16		0xbf800000	0x00000000
v_fcvt_f16_i16		0x800000	0x00000000
v_fcvt_f16_i16		0x7f7fffff	0x0000bc00
v_fcvt_f16_i16		0x7f800000	0x00000000
v_fcvt_f16_i16		0xff800000	0x00000000
v_fcvt_f16_i16		0x7fc00000	0x00000000
v_fcvt_f16_u16		0x0	0x00000000
v_fcvt_f16_u16		0x80000000	0x00000000
v_fcvt_f16_u16		0x3f000000	0x00000000
v_fcvt_f16_u16		0x3f800000	0x00000000
v_fcvt_f16_u16		0xbf800000	0x00000000
v_fcvt_f16_u16		0x800000	0x00000000
v_fcvt_f16_u16		0x7f7fffff	0x00007c00
v_fcvt_f16_u16		0x7f800000	0x00000000
v_fcvt_f16_u16		0xff800000	0x00000000
v_fcvt_f16_u16		0x7fc00000	0x00000000
v_fcvt_f32_f16		0x0	0x00000000
v_fcvt_f32_f16		0x80000000	0x00000000
v_fcvt_f32_f16		0x3f000000	0x00000000
v_fcvt_f32_f16		0x3f800000	0x00000000
v_fcvt_f32_f16		0xbf800000	0x00000000
v_fcvt_f32_f16		0x800000	0x00000000
v_fcvt_f32_f16		0x7f7fffff	0xffffe000
v_fcvt_f32_f16		0x7f800000	0x00000000
v_fcvt_f32_f16		0xff800000	0x00000000
v_fcvt_f32_f16		0x7fc00000	0x00000000
v_fcvt_f32_f64		0x0 0x0	0x00000000
v_fcvt_f32_f64		0x0 0x80000000	0x80000000
v_fcvt_f32_f64		0x0 0x3f000000	0x38000000
v_fcvt_f32_f64		0x0 0x3f800000	0x3c000000
v_fcvt_f32_f64		0x0 0xbf800000	0xbc000000
v_fcvt_f32_f64		0x0 0x800000	0x00000000
v_fcvt_f32_f64		0x0 0x7f7fffff	0x7f800000
v_fcvt_f32_f64		0x0 0x7f800000	0x7f800000
v_fcvt_f32_f64		0x0 0xff800000	0xff800000
v_fcvt_f32_f64		0x0 0x7fc00000	0x7f800000
v_fcvt_f32_f64		0x80000000 0x0	0x00000000
v_fcvt_f32_f64		0x80000000 0x80000000	0x80000000
v_fcvt_f32_f64		0x80000000 0x3f000000	0x38000004
v_fcvt_f32_f64		0x80000000 0x3f800000	0x3c000004
v_fcvt_f32_f64		0x80000000 0xbf800000	0xbc000004
v_fcvt_f32_f64		0x80000000 0x800000	0x00000000
v_fcvt_f32_f64		0x80000000 0x7f7fffff	0x7f800000
v_fcvt_f32_f64		0x80000000 0x7f800000	0x7f800000
v_fcvt_f32_f64		0x80000000 0xff800000	0xff800000
v_fcvt_f32_f64		0x80000000 0x7fc00000	0x7f800000
v_fcvt_f32_f64		0x3f000000 0x0	0x00000000
v_fcvt_f32_f64		0x3f000000 0x80000000	0x80000000
v_fcvt_f32_f64		0x3f000000 0x3f000000	0x38000002
v_fcvt_f32_f64		0x3f000000 0x3f800000	0x3c000002
v_fcvt_f32_f64		0x3f000000 0xbf800000	0xbc000002
v_fcvt_f32_f64		0x3f000000 0x800000	0x00000000
v_fcvt_f32_f64		0x3f000000 0x7f7fffff	0x7f800000
v_fcvt_f32_f64		0x3f000000 0x7f800000	0x7f800000
v_fcvt_f32_f64		0x3f000000 0xff800000	0xff800000
v_fcvt_f32_f64		0x3f000000 0x7fc00000	0x7f800000
v_fcvt_f32_f64		0x3f800000 0x0	0x00000000
v_fcvt_f32_f64		0x3f800000 0x80000000	0x80000000
v_fcvt_f32_f64		0x3f800000 0x3f000000	0x38000002
v_fcvt_f32_f64		0x3f800000 0x3f800000	0x3c000002
v_fcvt_f32_f64		0x3f800000 0xbf800000	0xbc000002
v_fcvt_f32_f64		0x3f800000 0x800000	0x00000000
v_fcvt_f32_f64		0x3f800000 0x7f7fffff	0x7f800000
v_fcvt_f32_f64		0x3f800000 0x7f800000	0x7f800000
v_fcvt_f32_f64		0x3f800000 0xff800000	0xff800000
v_fcvt_f32_f64		0x3f800000 0x7fc00000	0x7f800000
v_fcvt_f32_f64		0xbf800000 0x0	0x00000000
v_fcvt_f32_f64		0xbf800000 0x80000000	0x80000000
v_fcvt_f32_f64		0xbf800000 0x3f000000	0x38000006
v_fcvt_f32_f64		0xbf800000 0x3f800000	0x3c000006
v_fcvt_f32_f64		0xbf800000 0xbf800000	0xbc000006
v_fcvt_f32_f64		0xbf800000 0x800000	0x00000000
v_fcvt_f32_f64		0xbf800000 0x7f7fffff	0x7f800000
v_fcvt_f32_f64		0xbf800000 0x7f800000	0x7f800000
v_fcvt_f32_f64		0xbf800000 0xff800000	0xff800000
v_fcvt_f32_f64		0xbf800000 0x7fc00000	0x7f800000
v_fcvt_f32_f64		0x800000 0x0	0x00000000
v_fcvt_f32_f64		0x800000 0x80000000	0x80000000
v_fcvt_f32_f64		0x800000 0x3f000000	0x38000000
v_fcvt_f32_f64		0x800000 0x3f800000	0x3c000000
v_fcvt_f32_f64		0x800000 0xbf800000	0xbc000000
v_fcvt_f32_f64		0x800000 0x800000	0x00000000
v_fcvt_f32_f64		0x800000 0x7f7fffff	0x7f800000
v_fcvt_f32_f64		0x800000 0x7f800000	0x7f800000
v_fcvt_f32_f64		0x800000 0xff800000	0xff800000
v_fcvt_f32_f64		0x800000 0x7fc00000	0x7f800000
v_fcvt_f32_f64		0x7f7fffff 0x0	0x00000000
v_fcvt_f32_f64		0x7f7fffff 0x80000000	0x80000000
v_fcvt_f32_f64		0x7f7fffff 0x3f000000	0x38000004
v_fcvt_f32_f64		0x7f7fffff 0x3f800000	0x3c000004
v_fcvt_f32_f64		0x7f7fffff 0xbf800000	0xbc000004
v_fcvt_f32_f64		0x7f7fffff 0x800000	0x00000000
v_fcvt_f32_f64		0x7f7fffff 0x7f7fffff	0x7f800000
v_fcvt_f32_f64		0x7f7fffff 0x7f800000	0x7f800000
v_fcvt_f32_f64		0x7f7fffff 0xff800000	0xff800000
v_fcvt_f32_f64		0x7f7fffff 0x7fc00000	0x7f800000
v_fcvt_f32_f64		0x7f800000 0x0	0x00000000
v_fcvt_f32_f64		0x7f800000 0x80000000	0x80000000
v_fcvt_f32_f64		0x7f800000 0x3f000000	0x38000004
v_fcvt_f32_f64		0x7f800000 0x3f800000	0x3c000004
v_fcvt_f32_f64		0x7f800000 0xbf800000	0xbc000004
v_fcvt_f32_f64		0x7f800000 0x800000	0x00000000
v_fcvt_f32_f64		0x7f800000 0x7f7fffff	0x7f800000
v_fcvt_f32_f64		0x7f800000 0x7f800000	0x7f800000
v_fcvt_f32_f64		0x7f800000 0xff800000	0xff800000
v_fcvt_f32_f64		0x7f800000 0x7fc00000	0x7f800000
v_fcvt_f32_f64		0xff800000 0x0	0x00000000
v_fcvt_f32_f64		0xff800000 0x80000000	0x80000000
v_fcvt_f32_f64		0xff800000 0x3f000000	0x38000008
v_fcvt_f32_f64		0xff800000 0x3f800000	0x3c000008
v_fcvt_f32_f64		0xff800000 0xbf800000	0xbc000008
v_fcvt_f32_f64		0xff800000 0x800000	0x00000000
v_fcvt_f32_f64		0xff800000 0x7f7fffff	0x7f800000
v_fcvt_f32_f64		0xff800000 0x7f800000	0x7f800000
v_fcvt_f32_f64		0xff800000 0xff800000	0xff800000
v_fcvt_f32_f64		0xff800000 0x7fc00000	0x7f800000
v_fcvt_f32_f64		0x7fc00000 0x0	0x00000000
v_fcvt_f32_f64		0x7fc00000 0x80000000	0x80000000
v_fcvt_f32_f64		0x7fc00000 0x3f000000	0x38000004
v_fcvt_f32_f64		0x7fc00000 0x3f800000	0x3c000004
v_fcvt_f32_f64		0x7fc00000 0xbf800000	0xbc000004
v_fcvt_f32_f64		0x7fc00000 0x800000	0x00000000
v_fcvt_f32_f64		0x7fc00000 0x7f7fffff	0x7f800000
v_fcvt_f32_f64		0x7fc00000 0x7f800000	0x7f800000
v_fcvt_f32_f64		0x7fc00000 0xff800000	0xff800000
v_fcvt_f32_f64		0x7fc00000 0x7fc00000	0x7f800000
v_fcvt_f32_i32		0x0	0x00000000
v_fcvt_f32_i32		0x80000000	0xcf000000
v_fcvt_f32_i32		0x3f000000	0x4e7c0000
v_fcvt_f32_i32		0x3f800000	0x4e7e0000
v_fcvt_f32_i32		0xbf800000	0xce810000
v_fcvt_f32_i32		0x800000	0x4b000000
v_fcvt_f32_i32		0x7f7fffff	0x4eff0000
v_fcvt_f32_i32		0x7f800000	0x4eff0000
v_fcvt_f32_i32		0xff800000	0xcb000000
v_fcvt_f32_i32		0x7fc00000	0x4eff8000
v_fcvt_f32_u32		0x0	0x00000000
v_fcvt_f32_u32		0x80000000	0x4f000000
v_fcvt_f32_u32		0x3f000000	0x4e7c0000
v_fcvt_f32_u32		0x3f800000	0x4e7e0000
v_fcvt_f32_u32		0xbf800000	0x4f3f8000
v_fcvt_f32_u32		0x800000	0x4b000000
v_fcvt_f32_u32		0x7f7fffff	0x4eff0000
v_fcvt_f32_u32		0x7f800000	0x4eff0000
v_fcvt_f32_u32		0xff800000	0x4f7f8000
v_fcvt_f32_u32		0x7fc00000	0x4eff8000
v_fcvt_f32_u80		0x0	0x00000000
v_fcvt_f32_u80		0x80000000	0x00000000
v_fcvt_f32_u80		0x3f000000	0x00000000
v_fcvt_f32_u80		0x3f800000	0x00000000
v_fcvt_f32_u80		0xbf800000	0x00000000
v_fcvt_f32_u80		0x800000	0x00000000
v_fcvt_f32_u80		0x7f7fffff	0x437f0000
v_fcvt_f32_u80		0x7f800000	0x00000000
v_fcvt_f32_u80		0xff800000	0x00000000
v_fcvt_f32_u80		0x7fc00000	0x00000000
v_fcvt_f32_u81		0x0	0x00000000
v_fcvt_f32_u81		0x80000000	0x00000000
v_fcvt_f32_u81		0x3f000000	0x00000000
v_fcvt_f32_u81		0x3f800000	0x00000000
v_fcvt_f32_u81		0xbf800000	0x00000000
v_fcvt_f32_u81		0x800000	0x00000000
v_fcvt_f32_u81		0x7f7fffff	0x437f0000
v_fcvt_f32_u81		0x7f800000	0x00000000
v_fcvt_f32_u81		0xff800000	0x00000000
v_fcvt_f32_u81		0x7fc00000	0x00000000
v_fcvt_f32_u82		0x0	0x00000000
v_fcvt_f32_u82		0x80000000	0x00000000
v_fcvt_f32_u82		0x3f000000	0x00000000
v_fcvt_f32_u82		0x3f800000	0x43000000
v_fcvt_f32_u82		0xbf800000	0x43000000
v_fcvt_f32_u82		0x800000	0x43000000
v_fcvt_f32_u82		0x7f7fffff	0x42fe0000
v_fcvt_f32_u82		0x7f800000	0x43000000
v_fcvt_f32_u82		0xff800000	0x43000000
v_fcvt_f32_u82		0x7fc00000	0x43400000
v_fcvt_f32_u83		0x0	0x00000000
v_fcvt_f32_u83		0x80000000	0x43000000
v_fcvt_f32_u83		0x3f000000	0x427c0000
v_fcvt_f32_u83		0x3f800000	0x427c0000
v_fcvt_f32_u83		0xbf800000	0x433f0000
v_fcvt_f32_u83		0x800000	0x00000000
v_fcvt_f32_u83		0x7f7fffff	0x42fe0000
v_fcvt_f32_u83		0x7f800000	0x42fe0000
v_fcvt_f32_u83		0xff800000	0x437f0000
v_fcvt_f32_u83		0x7fc00000	0x42fe0000
v_fcvt_f32off_i4		0x0	0x00000000
v_fcvt_f32off_i4		0x80000000	0x00000000
v_fcvt_f32off_i4		0x3f000000	0x00000000
v_fcvt_f32off_i4		0x3f800000	0x00000000
v_fcvt_f32off_i4		0xbf800000	0x00000000
v_fcvt_f32off_i4		0x800000	0x00000000
v_fcvt_f32off_i4		0x7f7fffff	0xbd800000
v_fcvt_f32off_i4		0x7f800000	0x00000000
v_fcvt_f32off_i4		0xff800000	0x00000000
v_fcvt_f32off_i4		0x7fc00000	0x00000000
v_fcvt_f64_f32		0x0	0x00000000 0x00000000
v_fcvt_f64_f32		0x80000000	0x00000000 0x80000000
v_fcvt_f64_f32		0x3f000000	0x00000000 0x3fe00000
v_fcvt_f64_f32		0x3f800000	0x00000000 0x3ff00000
v_fcvt_f64_f32		0xbf800000	0x00000000 0xbff00000
v_fcvt_f64_f32		0x800000	0x00000000 0x38100000
v_fcvt_f64_f32		0x7f7fffff	0xe0000000 0x47efffff
v_fcvt_f64_f32		0x7f800000	0x00000000 0x7ff00000
v_fcvt_f64_f32		0xff800000	0x00000000 0xfff00000
v_fcvt_f64_f32		0x7fc00000	0x00000000 0x7ff80000
v_fcvt_f64_i32		0x0	0x00000000 0x00000000
v_fcvt_f64_i32		0x80000000	0x00000000 0xc1e00000
v_fcvt_f64_i32		0x3f000000	0x00000000 0x41cf8000
v_fcvt_f64_i32		0x3f800000	0x00000000 0x41cfc000
v_fcvt_f64_i32		0xbf800000	0x00000000 0xc1d02000
v_fcvt_f64_i32		0x800000	0x00000000 0x41600000
v_fcvt_f64_i32		0x7f7fffff	0xffc00000 0x41dfdfff
v_fcvt_f64_i32		0x7f800000	0x00000000 0x41dfe000
v_fcvt_f64_i32		0xff800000	0x00000000 0xc1600000
v_fcvt_f64_i32		0x7fc00000	0x00000000 0x41dff000
v_fcvt_f64_u32		0x0	0x00000000 0x00000000
v_fcvt_f64_u32		0x80000000	0x00000000 0x41e00000
v_fcvt_f64_u32		0x3f000000	0x00000000 0x41cf8000
v_fcvt_f64_u32		0x3f800000	0x00000000 0x41cfc000
v_fcvt_f64_u32		0xbf800000	0x00000000 0x41e7f000
v_fcvt_f64_u32		0x800000	0x00000000 0x41600000
v_fcvt_f64_u32		0x7f7fffff	0xffc00000 0x41dfdfff
v_fcvt_f64_u32		0x7f800000	0x00000000 0x41dfe000
v_fcvt_f64_u32		0xff800000	0x00000000 0x41eff000
v_fcvt_f64_u32		0x7fc00000	0x00000000 0x41dff000
v_fcvt_i16_f16		0x0	0x00000000
v_fcvt_i16_f16		0x80000000	0x00000000
v_fcvt_i16_f16		0x3f000000	0x00000000
v_fcvt_i16_f16		0x3f800000	0x00000000
v_fcvt_i16_f16		0xbf800000	0x00000000
v_fcvt_i16_f16		0x800000	0x00000000
v_fcvt_i16_f16		0x7f7fffff	0x00000000
v_fcvt_i16_f16		0x7f800000	0x00000000
v_fcvt_i16_f16		0xff800000	0x00000000
v_fcvt_i16_f16		0x7fc00000	0x00000000
v_fcvt_i32_f32		0x0	0x00000000
v_fcvt_i32_f32		0x80000000	0x00000000
v_fcvt_i32_f32		0x3f000000	0x00000000
v_fcvt_i32_f32		0x3f800000	0x00000001
v_fcvt_i32_f32		0xbf800000	0xffffffff
v_fcvt_i32_f32		0x800000	0x00000000
v_fcvt_i32_f32		0x7f7fffff	0x7fffffff
v_fcvt_i32_f32		0x7f800000	0x7fffffff
v_fcvt_i32_f32		0xff800000	0x80000000
v_fcvt_i32_f32		0x7fc00000	0x00000000
v_fcvt_i32_f64		0x0 0x0	0x00000000
v_fcvt_i32_f64		0x0 0x80000000	0x00000000
v_fcvt_i32_f64		0x0 0x3f000000	0x00000000
v_fcvt_i32_f64		0x0 0x3f800000	0x00000000
v_fcvt_i32_f64		0x0 0xbf800000	0x00000000
v_fcvt_i32_f64		0x0 0x800000	0x00000000
v_fcvt_i32_f64		0x0 0x7f7fffff	0x7fffffff
v_fcvt_i32_f64		0x0 0x7f800000	0x7fffffff
v_fcvt_i32_f64		0x0 0xff800000	0x80000000
v_fcvt_i32_f64		0x0 0x7fc00000	0x7fffffff
v_fcvt_i32_f64		0x80000000 0x0	0x00000000
v_fcvt_i32_f64		0x80000000 0x80000000	0x00000000
v_fcvt_i32_f64		0x80000000 0x3f000000	0x00000000
v_fcvt_i32_f64		0x80000000 0x3f800000	0x00000000
v_fcvt_i32_f64		0x80000000 0xbf800000	0x00000000
v_fcvt_i32_f64		0x80000000 0x800000	0x00000000
v_fcvt_i32_f64		0x80000000 0x7f7fffff	0x7fffffff
v_fcvt_i32_f64		0x80000000 0x7f800000	0x7fffffff
v_fcvt_i32_f64		0x80000000 0xff800000	0x80000000
v_fcvt_i32_f64		0x80000000 0x7fc00000	0x7fffffff
v_fcvt_i32_f64		0x3f000000 0x0	0x00000000
v_fcvt_i32_f64		0x3f000000 0x80000000	0x00000000
v_fcvt_i32_f64		0x3f000000 0x3f000000	0x00000000
v_fcvt_i32_f64		0x3f000000 0x3f800000	0x00000000
v_fcvt_i32_f64		0x3f000000 0xbf800000	0x00000000
v_fcvt_i32_f64		0x3f000000 0x800000	0x00000000
v_fcvt_i32_f64		0x3f000000 0x7f7fffff	0x7fffffff
v_fcvt_i32_f64		0x3f000000 0x7f800000	0x7fffffff
v_fcvt_i32_f64		0x3f000000 0xff800000	0x80000000
v_fcvt_i32_f64		0x3f000000 0x7fc00000	0x7fffffff
v_fcvt_i32_f64		0x3f800000 0x0	0x00000000
v_fcvt_i32_f64		0x3f800000 0x80000000	0x00000000
v_fcvt_i32_f64		0x3f800000 0x3f000000	0x00000000
v_fcvt_i32_f64		0x3f800000 0x3f800000	0x00000000
v_fcvt_i32_f64		0x3f800000 0xbf800000	0x00000000
v_fcvt_i32_f64		0x3f800000 0x800000	0x00000000
v_fcvt_i32_f64		0x3f800000 0x7f7fffff	0x7fffffff
v_fcvt_i32_f64		0x3f800000 0x7f800000	0x7fffffff
v_fcvt_i32_f64		0x3f800000 0xff800000	0x80000000
v_fcvt_i32_f64		0x3f800000 0x7fc00000	0x7fffffff
v_fcvt_i32_f64		0xbf800000 0x0	0x00000000
v_fcvt_i32_f64		0xbf800000 0x80000000	0x00000000
v_fcvt_i32_f64		0xbf800000 0x3f000000	0x00000000
v_fcvt_i32_f64		0xbf800000 0x3f800000	0x00000000
v_fcvt_i32_f64		0xbf800000 0xbf800000	0x00000000
v_fcvt_i32_f64		0xbf800000 0x800000	0x00000000
v_fcvt_i32_f64		0xbf800000 0x7f7fffff	0x7fffffff
v_fcvt_i32_f64		0xbf800000 0x7f800000	0x7fffffff
v_fcvt_i32_f64		0xbf800000 0xff800000	0x80000000
v_fcvt_i32_f64		0xbf800000 0x7fc00000	0x7fffffff
v_fcvt_i32_f64		0x800000 0x0	0x00000000
v_fcvt_i32_f64		0x800000 0x80000000	0x00000000
v_fcvt_i32_f64		0x800000 0x3f000000	0x00000000
v_fcvt_i32_f64		0x800000 0x3f800000	0x00000000
v_fcvt_i32_f64		0x800000 0xbf800000	0x00000000
v_fcvt_i32_f64		0x800000 0x800000	0x00000000
v_fcvt_i32_f64		0x800000 0x7f7fffff	0x7fffffff
v_fcvt_i32_f64		0x800000 0x7f800000	0x7fffffff
v_fcvt_i32_f64		0x800000 0xff800000	0x80000000
v_fcvt_i32_f64		0x800000 0x7fc00000	0x7fffffff
v_fcvt_i32_f64		0x7f7fffff 0x0	0x00000000
v_fcvt_i32_f64		0x7f7fffff 0x80000000	0x00000000
v_fcvt_i32_f64		0x7f7fffff 0x3f000000	0x00000000
v_fcvt_i32_f64		0x7f7fffff 0x3f800000	0x00000000
v_fcvt_i32_f64		0x7f7fffff 0xbf800000	0x00000000
v_fcvt_i32_f64		0x7f7fffff 0x800000	0x00000000
v_fcvt_i32_f64		0x7f7fffff 0x7f7fffff	0x7fffffff
v_fcvt_i32_f64		0x7f7fffff 0x7f800000	0x7fffffff
v_fcvt_i32_f64		0x7f7fffff 0xff800000	0x80000000
v_fcvt_i32_f64		0x7f7fffff 0x7fc00000	0x7fffffff
v_fcvt_i32_f64		0x7f800000 0x0	0x00000000
v_fcvt_i32_f64		0x7f800000 0x80000000	0x00000000
v_fcvt_i32_f64		0x7f800000 0x3f000000	0x00000000
v_fcvt_i32_f64		0x7f800000 0x3f800000	0x00000000
v_fcvt_i32_f64		0x7f800000 0xbf800000	0x00000000
v_fcvt_i32_f64		0x7f800000 0x800000	0x00000000
v_fcvt_i32_f64		0x7f800000 0x7f7fffff	0x7fffffff
v_fcvt_i32_f64		0x7f800000 0x7f800000	0x7fffffff
v_fcvt_i32_f64		0x7f800000 0xff800000	0x80000000
v_fcvt_i32_f64		0x7f800000 0x7fc00000	0x7fffffff
v_fcvt_i32_f64		0xff800000 0x0	0x00000000
v_fcvt_i32_f64		0xff800000 0x80000000	0x00000000
v_fcvt_i32_f64		0xff800000 0x3f000000	0x00000000
v_fcvt_i32_f64		0xff800000 0x3f800000	0x00000000
v_fcvt_i32_f64		0xff800000 0xbf800000	0x00000000
v_fcvt_i32_f64		0xff800000 0x800000	0x00000000
v_fcvt_i32_f64		0xff800000 0x7f7fffff	0x7fffffff
v_fcvt_i32_f64		0xff800000 0x7f800000	0x7fffffff
v_fcvt_i32_f64		0xff800000 0xff800000	0x80000000
v_fcvt_i32_f64		0xff800000 0x7fc00000	0x7fffffff
v_fcvt_i32_f64		0x7fc00000 0x0	0x00000000
v_fcvt_i32_f64		0x7fc00000 0x80000000	0x00000000
v_fcvt_i32_f64		0x7fc00000 0x3f000000	0x00000000
v_fcvt_i32_f64		0x7fc00000 0x3f800000	0x00000000
v_fcvt_i32_f64		0x7fc00000 0xbf800000	0x00000000
v_fcvt_i32_f64		0x7fc00000 0x800000	0x00000000
v_fcvt_i32_f64		0x7fc00000 0x7f7fffff	0x7fffffff
v_fcvt_i32_f64		0x7fc00000 0x7f800000	0x7fffffff
v_fcvt_i32_f64		0x7fc00000 0xff800000	0x80000000
v_fcvt_i32_f64		0x7fc00000 0x7fc00000	0x7fffffff
v_fcvt_i32flr_f32		0x0	0x00000000
v_fcvt_i32flr_f32		0x80000000	0x00000000
v_fcvt_i32flr_f32		0x3f000000	0x00000000
v_fcvt_i32flr_f32		0x3f800000	0x00000001
v_fcvt_i32flr_f32		0xbf800000	0xffffffff
v_fcvt_i32flr_f32		0x800000	0x00000000
v_fcvt_i32flr_f32		0x7f7fffff	0x7fffffff
v_fcvt_i32flr_f32		0x7f800000	0x7fffffff
v_fcvt_i32flr_f32		0xff800000	0x80000000
v_fcvt_i32flr_f32		0x7fc00000	0x00000000
v_fcvt_i32rpi_f32		0x0	0x00000000
v_fcvt_i32rpi_f32		0x80000000	0x00000000
v_fcvt_i32rpi_f32		0x3f000000	0x00000001
v_fcvt_i32rpi_f32		0x3f800000	0x00000001
v_fcvt_i32rpi_f32		0xbf800000	0xffffffff
v_fcvt_i32rpi_f32		0x800000	0x00000000
v_fcvt_i32rpi_f32		0x7f7fffff	0x7fffffff
v_fcvt_i32rpi_f32		0x7f800000	0x7fffffff
v_fcvt_i32rpi_f32		0xff800000	0x80000000
v_fcvt_i32rpi_f32		0x7fc00000	0x00000000
v_fcvt_u16_f16		0x0	0x00000000
v_fcvt_u16_f16		0x80000000	0x00000000
v_fcvt_u16_f16		0x3f000000	0x00000000
v_fcvt_u16_f16		0x3f800000	0x00000000
v_fcvt_u16_f16		0xbf800000	0x00000000
v_fcvt_u16_f16		0x800000	0x00000000
v_fcvt_u16_f16		0x7f7fffff	0x00000000
v_fcvt_u16_f16		0x7f800000	0x00000000
v_fcvt_u16_f16		0xff800000	0x00000000
v_fcvt_u16_f16		0x7fc00000	0x00000000
v_fcvt_u32_f32		0x0	0x00000000
v_fcvt_u32_f32		0x80000000	0x00000000
v_fcvt_u32_f32		0x3f000000	0x00000000
v_fcvt_u32_f32		0x3f800000	0x00000001
v_fcvt_u32_f32		0xbf800000	0x00000000
v_fcvt_u32_f32		0x800000	0x00000000
v_fcvt_u32_f32		0x7f7fffff	0xffffffff
v_fcvt_u32_f32		0x7f800000	0xffffffff
v_fcvt_u32_f32		0xff800000	0x00000000
v_fcvt_u32_f32		0x7fc00000	0x00000000
v_fcvt_u32_f64		0x0 0x0	0x00000000
v_fcvt_u32_f64		0x0 0x80000000	0x00000000
v_fcvt_u32_f64		0x0 0x3f000000	0x00000000
v_fcvt_u32_f64		0x0 0x3f800000	0x00000000
v_fcvt_u32_f64		0x0 0xbf800000	0x00000000
v_fcvt_u32_f64		0x0 0x800000	0x00000000
v_fcvt_u32_f64		0x0 0x7f7fffff	0xffffffff
v_fcvt_u32_f64		0x0 0x7f800000	0xffffffff
v_fcvt_u32_f64		0x0 0xff800000	0x00000000
v_fcvt_u32_f64		0x0 0x7fc00000	0xffffffff
v_fcvt_u32_f64		0x80000000 0x0	0x00000000
v_fcvt_u32_f64		0x80000000 0x80000000	0x00000000
v_fcvt_u32_f64		0x80000000 0x3f000000	0x00000000
v_fcvt_u32_f64		0x80000000 0x3f800000	0x00000000
v_fcvt_u32_f64		0x80000000 0xbf800000	0x00000000
v_fcvt_u32_f64		0x80000000 0x800000	0x00000000
v_fcvt_u32_f64		0x80000000 0x7f7fffff	0xffffffff
v_fcvt_u32_f64		0x80000000 0x7f800000	0xffffffff
v_fcvt_u32_f64		0x80000000 0xff800000	0x00000000
v_fcvt_u32_f64		0x80000000 0x7fc00000	0xffffffff
v_fcvt_u32_f64		0x3f000000 0x0	0x00000000
v_fcvt_u32_f64		0x3f000000 0x80000000	0x00000000
v_fcvt_u32_f64		0x3f000000 0x3f000000	0x00000000
v_fcvt_u32_f64		0x3f000000 0x3f800000	0x00000000
v_fcvt_u32_f64		0x3f000000 0xbf800000	0x00000000
v_fcvt_u32_f64		0x3f000000 0x800000	0x00000000
v_fcvt_u32_f64		0x3f000000 0x7f7fffff	0xffffffff
v_fcvt_u32_f64		0x3f000000 0x7f800000	0xffffffff
v_fcvt_u32_f64		0x3f000000 0xff800000	0x00000000
v_fcvt_u32_f64		0x3f000000 0x7fc00000	0xffffffff
v_fcvt_u32_f64		0x3f800000 0x0	0x00000000
v_fcvt_u32_f64		0x3f800000 0x80000000	0x00000000
v_fcvt_u32_f64		0x3f800000 0x3f000000	0x00000000
v_fcvt_u32_f64		0x3f800000 0x3f800000	0x00000000
v_fcvt_u32_f64		0x3f800000 0xbf800000	0x00000000
v_fcvt_u32_f64		0x3f800000 0x800000	0x00000000
v_fcvt_u32_f64		0x3f800000 0x7f7fffff	0xffffffff
v_fcvt_u32_f64		0x3f800000 0x7f800000	0xffffffff
v_fcvt_u32_f64		0x3f800000 0xff800000	0x00000000
v_fcvt_u32_f64		0x3f800000 0x7fc00000	0xffffffff
v_fcvt_u32_f64		0xbf800000 0x0	0x00000000
v_fcvt_u32_f64		0xbf800000 0x80000000	0x00000000
v_fcvt_u32_f64		0xbf800000 0x3f000000	0x00000000
v_fcvt_u32_f64		0xbf800000 0x3f800000	0x00000000
v_fcvt_u32_f64		0xbf800000 0xbf800000	0x00000000
v_fcvt_u32_f64		0xbf800000 0x800000	0x00000000
v_fcvt_u32_f64		0xbf800000 0x7f7fffff	0xffffffff
v_fcvt_u32_f64		0xbf800000 0x7f800000	0xffffffff
v_fcvt_u32_f64		0xbf800000 0xff800000	0x00000000
v_fcvt_u32_f64		0xbf800000 0x7fc00000	0xffffffff
v_fcvt_u32_f64		0x800000 0x0	0x00000000
v_fcvt_u32_f64		0x800000 0x80000000	0x00000000
v_fcvt_u32_f64		0x800000 0x3f000000	0x00000000
v_fcvt_u32_f64		0x800000 0x3f800000	0x00000000
v_fcvt_u32_f64		0x800000 0xbf800000	0x00000000
v_fcvt_u32_f64		0x800000 0x800000	0x00000000
v_fcvt_u32_f64		0x800000 0x7f7fffff	0xffffffff
v_fcvt_u32_f64		0x800000 0x7f800000	0xffffffff
v_fcvt_u32_f64		0x800000 0xff800000	0x00000000
v_fcvt_u32_f64		0x800000 0x7fc00000	0xffffffff
v_fcvt_u32_f64		0x7f7fffff 0x0	0x00000000
v_fcvt_u32_f64		0x7f7fffff 0x80000000	0x00000000
v_fcvt_u32_f64		0x7f7fffff 0x3f000000	0x00000000
v_fcvt_u32_f64		0x7f7fffff 0x3f800000	0x00000000
v_fcvt_u32_f64		0x7f7fffff 0xbf800000	0x00000000
v_fcvt_u32_f64		0x7f7fffff 0x800000	0x00000000
v_fcvt_u32_f64		0x7f7fffff 0x7f7fffff	0xffffffff
v_fcvt_u32_f64		0x7f7fffff 0x7f800000	0xffffffff
v_fcvt_u32_f64		0x7f7fffff 0xff800000	0x00000000
v_fcvt_u32_f64		0x7f7fffff 0x7fc00000	0xffffffff
v_fcvt_u32_f64		0x7f800000 0x0	0x00000000
v_fcvt_u32_f64		0x7f800000 0x80000000	0x00000000
v_fcvt_u32_f64		0x7f800000 0x3f000000	0x00000000
v_fcvt_u32_f64		0x7f800000 0x3f800000	0x00000000
v_fcvt_u32_f64		0x7f800000 0xbf800000	0x00000000
v_fcvt_u32_f64		0x7f800000 0x800000	0x00000000
v_fcvt_u32_f64		0x7f800000 0x7f7fffff	0xffffffff
v_fcvt_u32_f64		0x7f800000 0x7f800000	0xffffffff
v_fcvt_u32_f64		0x7f800000 0xff800000	0x00000000
v_fcvt_u32_f64		0x7f800000 0x7fc00000	0xffffffff
v_fcvt_u32_f64		0xff800000 0x0	0x00000000
v_fcvt_u32_f64		0xff800000 0x80000000	0x00000000
v_fcvt_u32_f64		0xff800000 0x3f000000	0x00000000
v_fcvt_u32_f64		0xff800000 0x3f800000	0x00000000
v_fcvt_u32_f64		0xff800000 0xbf800000	0x00000000
v_fcvt_u32_f64		0xff800000 0x800000	0x00000000
v_fcvt_u32_f64		0xff800000 0x7f7fffff	0xffffffff
v_fcvt_u32_f64		0xff800000 0x7f800000	0xffffffff
v_fcvt_u32_f64		0xff800000 0xff800000	0x00000000
v_fcvt_u32_f64		0xff800000 0x7fc00000	0xffffffff
v_fcvt_u32_f64		0x7fc00000 0x0	0x00000000
v_fcvt_u32_f64		0x7fc00000 0x80000000	0x00000000
v_fcvt_u32_f64		0x7fc00000 0x3f000000	0x00000000
v_fcvt_u32_f64		0x7fc00000 0x3f800000	0x00000000
v_fcvt_u32_f64		0x7fc00000 0xbf800000	0x00000000
v_fcvt_u32_f64		0x7fc00000 0x800000	0x00000000
v_fcvt_u32_f64		0x7fc00000 0x7f7fffff	0xffffffff
v_fcvt_u32_f64		0x7fc00000 0x7f800000	0xffffffff
v_fcvt_u32_f64		0x7fc00000 0xff800000	0x00000000
v_fcvt_u32_f64		0x7fc00000 0x7fc00000	0xffffffff
v_floor_f32		0x0	0x00000000
v_floor_f32		0x80000000	0x80000000
v_floor_f32		0x3f000000	0x00000000
v_floor_f32		0x3f800000	0x3f800000
v_floor_f32		0xbf800000	0xbf800000
v_floor_f32		0x800000	0x00000000
v_floor_f32		0x7f7fffff	0x7f7fffff
v_floor_f32		0x7f800000	0x7f800000
v_floor_f32		0xff800000	0xff800000
v_floor_f32		0x7fc00000	0x7fc00000
v_floor_f64		0x0 0x0	0x00000000 0x00000000
v_floor_f64		0x0 0x80000000	0x00000000 0x80000000
v_floor_f64		0x0 0x3f000000	0x00000000 0x00000000
v_floor_f64		0x0 0x3f800000	0x00000000 0x00000000
v_floor_f64		0x0 0xbf800000	0x00000000 0xbff00000
v_floor_f64		0x0 0x800000	0x00000000 0x00000000
v_floor_f64		0x0 0x7f7fffff	0x00000000 0x7f7fffff
v_floor_f64		0x0 0x7f800000	0x00000000 0x7f800000
v_floor_f64		0x0 0xff800000	0x00000000 0xff800000
v_floor_f64		0x0 0x7fc00000	0x00000000 0x7fc00000
v_floor_f64		0x80000000 0x0	0x00000000 0x00000000
v_floor_f64		0x80000000 0x80000000	0x00000000 0x80000000
v_floor_f64		0x80000000 0x3f000000	0x00000000 0x00000000
v_floor_f64		0x80000000 0x3f800000	0x00000000 0x00000000
v_floor_f64		0x80000000 0xbf800000	0x00000000 0xbff00000
v_floor_f64		0x80000000 0x800000	0x00000000 0x00000000
v_floor_f64		0x80000000 0x7f7fffff	0x80000000 0x7f7fffff
v_floor_f64		0x80000000 0x7f800000	0x80000000 0x7f800000
v_floor_f64		0x80000000 0xff800000	0x80000000 0xff800000
v_floor_f64		0x80000000 0x7fc00000	0x80000000 0x7fc00000
v_floor_f64		0x3f000000 0x0	0x00000000 0x00000000
v_floor_f64		0x3f000000 0x80000000	0x00000000 0x80000000
v_floor_f64		0x3f000000 0x3f000000	0x00000000 0x00000000
v_floor_f64		0x3f000000 0x3f800000	0x00000000 0x00000000
v_floor_f64		0x3f000000 0xbf800000	0x00000000 0xbff00000
v_floor_f64		0x3f000000 0x800000	0x00000000 0x00000000
v_floor_f64		0x3f000000 0x7f7fffff	0x3f000000 0x7f7fffff
v_floor_f64		0x3f000000 0x7f800000	0x3f000000 0x7f800000
v_floor_f64		0x3f000000 0xff800000	0x3f000000 0xff800000
v_floor_f64		0x3f000000 0x7fc00000	0x3f000000 0x7fc00000
v_floor_f64		0x3f800000 0x0	0x00000000 0x00000000
v_floor_f64		0x3f800000 0x80000000	0x00000000 0x80000000
v_floor_f64		0x3f800000 0x3f000000	0x00000000 0x00000000
v_floor_f64		0x3f800000 0x3f800000	0x00000000 0x00000000
v_floor_f64		0x3f800000 0xbf800000	0x00000000 0xbff00000
v_floor_f64		0x3f800000 0x800000	0x00000000 0x00000000
v_floor_f64		0x3f800000 0x7f7fffff	0x3f800000 0x7f7fffff
v_floor_f64		0x3f800000 0x7f800000	0x3f800000 0x7f800000
v_floor_f64		0x3f800000 0xff800000	0x3f800000 0xff800000
v_floor_f64		0x3f800000 0x7fc00000	0x3f800000 0x7fc00000
v_floor_f64		0xbf800000 0x0	0x00000000 0x00000000
v_floor_f64		0xbf800000 0x80000000	0x00000000 0x80000000
v_floor_f64		0xbf800000 0x3f000000	0x00000000 0x00000000
v_floor_f64		0xbf800000 0x3f800000	0x00000000 0x00000000
v_floor_f64		0xbf800000 0xbf800000	0x00000000 0xbff00000
v_floor_f64		0xbf800000 0x800000	0x00000000 0x00000000
v_floor_f64		0xbf800000 0x7f7fffff	0xbf800000 0x7f7fffff
v_floor_f64		0xbf800000 0x7f800000	0xbf800000 0x7f800000
v_floor_f64		0xbf800000 0xff800000	0xbf800000 0xff800000
v_floor_f64		0xbf800000 0x7fc00000	0xbf800000 0x7fc00000
v_floor_f64		0x800000 0x0	0x00000000 0x00000000
v_floor_f64		0x800000 0x80000000	0x00000000 0x80000000
v_floor_f64		0x800000 0x3f000000	0x00000000 0x00000000
v_floor_f64		0x800000 0x3f800000	0x00000000 0x00000000
v_floor_f64		0x800000 0xbf800000	0x00000000 0xbff00000
v_floor_f64		0x800000 0x800000	0x00000000 0x00000000
v_floor_f64		0x800000 0x7f7fffff	0x00800000 0x7f7fffff
v_floor_f64		0x800000 0x7f800000	0x00800000 0x7f800000
v_floor_f64		0x800000 0xff800000	0x00800000 0xff800000
v_floor_f64		0x800000 0x7fc00000	0x00800000 0x7fc00000
v_floor_f64		0x7f7fffff 0x0	0x00000000 0x00000000
v_floor_f64		0x7f7fffff 0x80000000	0x00000000 0x80000000
v_floor_f64		0x7f7fffff 0x3f000000	0x00000000 0x00000000
v_floor_f64		0x7f7fffff 0x3f800000	0x00000000 0x00000000
v_floor_f64		0x7f7fffff 0xbf800000	0x00000000 0xbff00000
v_floor_f64		0x7f7fffff 0x800000	0x00000000 0x00000000
v_floor_f64		0x7f7fffff 0x7f7fffff	0x7f7fffff 0x7f7fffff
v_floor_f64		0x7f7fffff 0x7f800000	0x7f7fffff 0x7f800000
v_floor_f64		0x7f7fffff 0xff800000	0x7f7fffff 0xff800000
v_floor_f64		0x7f7fffff 0x7fc00000	0x7f7fffff 0x7fc00000
v_floor_f64		0x7f800000 0x0	0x00000000 0x00000000
v_floor_f64		0x7f800000 0x80000000	0x00000000 0x80000000
v_floor_f64		0x7f800000 0x3f000000	0x00000000 0x00000000
v_floor_f64		0x7f800000 0x3f800000	0x00000000 0x00000000
v_floor_f64		0x7f800000 0xbf800000	0x00000000 0xbff00000
v_floor_f64		0x7f800000 0x800000	0x00000000 0x00000000
v_floor_f64		0x7f800000 0x7f7fffff	0x7f800000 0x7f7fffff
v_floor_f64		0x7f800000 0x7f800000	0x7f800000 0x7f800000
v_floor_f64		0x7f800000 0xff800000	0x7f800000 0xff800000
v_floor_f64		0x7f800000 0x7fc00000	0x7f800000 0x7fc00000
v_floor_f64		0xff800000 0x0	0x00000000 0x00000000
v_floor_f64		0xff800000 0x80000000	0x00000000 0x80000000
v_floor_f64		0xff800000 0x3f000000	0x00000000 0x00000000
v_floor_f64		0xff800000 0x3f800000	0x00000000 0x00000000
v_floor_f64		0xff800000 0xbf800000	0x00000000 0xbff00000
v_floor_f64		0xff800000 0x800000	0x00000000 0x00000000
v_floor_f64		0xff800000 0x7f7fffff	0xff800000 0x7f7fffff
v_floor_f64		0xff800000 0x7f800000	0xff800000 0x7f800000
v_floor_f64		0xff800000 0xff800000	0xff800000 0xff800000
v_floor_f64		0xff800000 0x7fc00000	0xff800000 0x7fc00000
v_floor_f64		0x7fc00000 0x0	0x00000000 0x00000000
v_floor_f64		0x7fc00000 0x80000000	0x00000000 0x80000000
v_floor_f64		0x7fc00000 0x3f000000	0x00000000 0x00000000
v_floor_f64		0x7fc00000 0x3f800000	0x00000000 0x00000000
v_floor_f64		0x7fc00000 0xbf800000	0x00000000 0xbff00000
v_floor_f64		0x7fc00000 0x800000	0x00000000 0x00000000
v_floor_f64		0x7fc00000 0x7f7fffff	0x7fc00000 0x7f7fffff
v_floor_f64		0x7fc00000 0x7f800000	0x7fc00000 0x7f800000
v_floor_f64		0x7fc00000 0xff800000	0x7fc00000 0xff800000
v_floor_f64		0x7fc00000 0x7fc00000	0x7fc00000 0x7fc00000
v_fma_f32		0x0 0x0 0x0	0x00000000
v_fma_f32		0x0 0x1 0x0	0x00000000
v_fma_f32		0x0 0x0 0x0	0x00000000
v_fma_f32		0x0 0x80000000 0x0	0x00000000
v_fma_f32		0x0 0x1 0x80000000	0x00000000
v_fma_f32		0x0 0x0 0x80000000	0x00000000
v_fma_f32		0x0 0x3f000000 0x0	0x00000000
v_fma_f32		0x0 0x1 0x3f000000	0x3f000000
v_fma_f32		0x0 0x0 0x3f000000	0x3f000000
v_fma_f32		0x0 0x3f800000 0x0	0x00000000
v_fma_f32		0x0 0x1 0x3f800000	0x3f800000
v_fma_f32		0x0 0x0 0x3f800000	0x3f800000
v_fma_f32		0x0 0xbf800000 0x0	0x00000000
v_fma_f32		0x0 0x1 0xbf800000	0xbf800000
v_fma_f32		0x0 0x0 0xbf800000	0xbf800000
v_fma_f32		0x0 0x800000 0x0	0x00000000
v_fma_f32		0x0 0x1 0x800000	0x00800000
v_fma_f32		0x0 0x0 0x800000	0x00800000
v_fma_f32		0x0 0x7f7fffff 0x0	0x00000000
v_fma_f32		0x0 0x1 0x7f7fffff	0x7f7fffff
v_fma_f32		0x0 0x0 0x7f7fffff	0x7f7fffff
v_fma_f32		0x0 0x7f800000 0x0	0x7fc00000
v_fma_f32		0x0 0x1 0x7f800000	0x7f800000
v_fma_f32		0x0 0x0 0x7f800000	0x7f800000
v_fma_f32		0x0 0xff800000 0x0	0x7fc00000
v_fma_f32		0x0 0x1 0xff800000	0xff800000
v_fma_f32		0x0 0x0 0xff800000	0xff800000
v_fma_f32		0x0 0x7fc00000 0x0	0x7fc00000
v_fma_f32		0x0 0x1 0x7fc00000	0x7fc00000
v_fma_f32		0x0 0x0 0x7fc00000	0x7fc00000
v_fma_f32		0x80000000 0x0 0x0	0x00000000
v_fma_f32		0x80000000 0x1 0x0	0x00000000
v_fma_f32		0x0 0x80000000 0x0	0x00000000
v_fma_f32		0x80000000 0x80000000 0x0	0x00000000
v_fma_f32		0x80000000 0x1 0x80000000	0x80000000
v_fma_f32		0x0 0x80000000 0x80000000	0x80000000
v_fma_f32		0x80000000 0x3f000000 0x0	0x00000000
v_fma_f32		0x80000000 0x1 0x3f000000	0x3f000000
v_fma_f32		0x0 0x80000000 0x3f000000	0x3f000000
v_fma_f32		0x80000000 0x3f800000 0x0	0x00000000
v_fma_f32		0x80000000 0x1 0x3f800000	0x3f800000
v_fma_f32		0x0 0x80000000 0x3f800000	0x3f800000
v_fma_f32		0x80000000 0xbf800000 0x0	0x00000000
v_fma_f32		0x80000000 0x1 0xbf800000	0xbf800000
v_fma_f32		0x0 0x80000000 0xbf800000	0xbf800000
v_fma_f32		0x80000000 0x800000 0x0	0x00000000
v_fma_f32		0x80000000 0x1 0x800000	0x00800000
v_fma_f32		0x0 0x80000000 0x800000	0x00800000
v_fma_f32		0x80000000 0x7f7fffff 0x0	0x00000000
v_fma_f32		0x80000000 0x1 0x7f7fffff	0x7f7fffff
v_fma_f32		0x0 0x80000000 0x7f7fffff	0x7f7fffff
v_fma_f32		0x80000000 0x7f800000 0x0	0x7fc00000
v_fma_f32		0x80000000 0x1 0x7f800000	0x7f800000
v_fma_f32		0x0 0x80000000 0x7f800000	0x7f800000
v_fma_f32		0x80000000 0xff800000 0x0	0x7fc00000
v_fma_f32		0x80000000 0x1 0xff800000	0xff800000
v_fma_f32		0x0 0x80000000 0xff800000	0xff800000
v_fma_f32		0x80000000 0x7fc00000 0x0	0x7fc00000
v_fma_f32		0x80000000 0x1 0x7fc00000	0x7fc00000
v_fma_f32		0x0 0x80000000 0x7fc00000	0x7fc00000
v_fma_f32		0x3f000000 0x0 0x0	0x00000000
v_fma_f32		0x3f000000 0x1 0x0	0x00000000
v_fma_f32		0x0 0x3f000000 0x0	0x00000000
v_fma_f32		0x3f000000 0x80000000 0x0	0x00000000
v_fma_f32		0x3f000000 0x1 0x80000000	0x00000000
v_fma_f32		0x0 0x3f000000 0x80000000	0x00000000
v_fma_f32		0x3f000000 0x3f000000 0x0	0x3e800000
v_fma_f32		0x3f000000 0x1 0x3f000000	0x3f000000
v_fma_f32		0x0 0x3f000000 0x3f000000	0x3f000000
v_fma_f32		0x3f000000 0x3f800000 0x0	0x3f000000
v_fma_f32		0x3f000000 0x1 0x3f800000	0x3f800000
v_fma_f32		0x0 0x3f000000 0x3f800000	0x3f800000
v_fma_f32		0x3f000000 0xbf800000 0x0	0xbf000000
v_fma_f32		0x3f000000 0x1 0xbf800000	0xbf800000
v_fma_f32		0x0 0x3f000000 0xbf800000	0xbf800000
v_fma_f32		0x3f000000 0x800000 0x0	0x00000000
v_fma_f32		0x3f000000 0x1 0x800000	0x00800000
v_fma_f32		0x0 0x3f000000 0x800000	0x00800000
v_fma_f32		0x3f000000 0x7f7fffff 0x0	0x7effffff
v_fma_f32		0x3f000000 0x1 0x7f7fffff	0x7f7fffff
v_fma_f32		0x0 0x3f000000 0x7f7fffff	0x7f7fffff
v_fma_f32		0x3f000000 0x7f800000 0x0	0x7f800000
v_fma_f32		0x3f000000 0x1 0x7f800000	0x7f800000
v_fma_f32		0x0 0x3f000000 0x7f800000	0x7f800000
v_fma_f32		0x3f000000 0xff800000 0x0	0xff800000
v_fma_f32		0x3f000000 0x1 0xff800000	0xff800000
v_fma_f32		0x0 0x3f000000 0xff800000	0xff800000
v_fma_f32		0x3f000000 0x7fc00000 0x0	0x7fc00000
v_fma_f32		0x3f000000 0x1 0x7fc00000	0x7fc00000
v_fma_f32		0x0 0x3f000000 0x7fc00000	0x7fc00000
v_fma_f32		0x3f800000 0x0 0x0	0x00000000
v_fma_f32		0x3f800000 0x1 0x0	0x00000000
v_fma_f32		0x0 0x3f800000 0x0	0x00000000
v_fma_f32		0x3f800000 0x80000000 0x0	0x00000000
v_fma_f32		0x3f800000 0x1 0x80000000	0x00000000
v_fma_f32		0x0 0x3f800000 0x80000000	0x00000000
v_fma_f32		0x3f800000 0x3f000000 0x0	0x3f000000
v_fma_f32		0x3f800000 0x1 0x3f000000	0x3f000000
v_fma_f32		0x0 0x3f800000 0x3f000000	0x3f000000
v_fma_f32		0x3f800000 0x3f800000 0x0	0x3f800000
v_fma_f32		0x3f800000 0x1 0x3f800000	0x3f800000
v_fma_f32		0x0 0x3f800000 0x3f800000	0x3f800000
v_fma_f32		0x3f800000 0xbf800000 0x0	0xbf800000
v_fma_f32		0x3f800000 0x1 0xbf800000	0xbf800000
v_fma_f32		0x0 0x3f800000 0xbf800000	0xbf800000
v_fma_f32		0x3f800000 0x800000 0x0	0x00800000
v_fma_f32		0x3f800000 0x1 0x800000	0x00800000
v_fma_f32		0x0 0x3f800000 0x800000	0x00800000
v_fma_f32		0x3f800000 0x7f7fffff 0x0	0x7f7fffff
v_fma_f32		0x3f800000 0x1 0x7f7fffff	0x7f7fffff
v_fma_f32		0x0 0x3f800000 0x7f7fffff	0x7f7fffff
v_fma_f32		0x3f800000 0x7f800000 0x0	0x7f800000
v_fma_f32		0x3f800000 0x1 0x7f800000	0x7f800000
v_fma_f32		0x0 0x3f800000 0x7f800000	0x7f800000
v_fma_f32		0x3f800000 0xff800000 0x0	0xff800000
v_fma_f32		0x3f800000 0x1 0xff800000	0xff800000
v_fma_f32		0x0 0x3f800000 0xff800000	0xff800000
v_fma_f32		0x3f800000 0x7fc00000 0x0	0x7fc00000
v_fma_f32		0x3f800000 0x1 0x7fc00000	0x7fc00000
v_fma_f32		0x0 0x3f800000 0x7fc00000	0x7fc00000
v_fma_f32		0xbf800000 0x0 0x0	0x00000000
v_fma_f32		0xbf800000 0x1 0x0	0x00000000
v_fma_f32		0x0 0xbf800000 0x0	0x00000000
v_fma_f32		0xbf800000 0x80000000 0x0	0x00000000
v_fma_f32		0xbf800000 0x1 0x80000000	0x80000000
v_fma_f32		0x0 0xbf800000 0x80000000	0x80000000
v_fma_f32		0xbf800000 0x3f000000 0x0	0xbf000000
v_fma_f32		0xbf800000 0x1 0x3f000000	0x3f000000
v_fma_f32		0x0 0xbf800000 0x3f000000	0x3f000000
v_fma_f32		0xbf800000 0x3f800000 0x0	0xbf800000
v_fma_f32		0xbf800000 0x1 0x3f800000	0x3f800000
v_fma_f32		0x0 0xbf800000 0x3f800000	0x3f800000
v_fma_f32		0xbf800000 0xbf800000 0x0	0x3f800000
v_fma_f32		0xbf800000 0x1 0xbf800000	0xbf800000
v_fma_f32		0x0 0xbf800000 0xbf800000	0xbf800000
v_fma_f32		0xbf800000 0x800000 0x0	0x80800000
v_fma_f32		0xbf800000 0x1 0x800000	0x00800000
v_fma_f32		0x0 0xbf800000 0x800000	0x00800000
v_fma_f32		0xbf800000 0x7f7fffff 0x0	0xff7fffff
v_fma_f32		0xbf800000 0x1 0x7f7fffff	0x7f7fffff
v_fma_f32		0x0 0xbf800000 0x7f7fffff	0x7f7fffff
v_fma_f32		0xbf800000 0x7f800000 0x0	0xff800000
v_fma_f32		0xbf800000 0x1 0x7f800000	0x7f800000
v_fma_f32		0x0 0xbf800000 0x7f800000	0x7f800000
v_fma_f32		0xbf800000 0xff800000 0x0	0x7f800000
v_fma_f32		0xbf800000 0x1 0xff800000	0xff800000
v_fma_f32		0x0 0xbf800000 0xff800000	0xff800000
v_fma_f32		0xbf800000 0x7fc00000 0x0	0x7fc00000
v_fma_f32		0xbf800000 0x1 0x7fc00000	0x7fc00000
v_fma_f32		0x0 0xbf800000 0x7fc00000	0x7fc00000
v_fma_f32		0x800000 0x0 0x0	0x00000000
v_fma_f32		0x800000 0x1 0x0	0x00000000
v_fma_f32		0x0 0x800000 0x0	0x00000000
v_fma_f32		0x800000 0x80000000 0x0	0x00000000
v_fma_f32		0x800000 0x1 0x80000000	0x00000000
v_fma_f32		0x0 0x800000 0x80000000	0x00000000
v_fma_f32		0x800000 0x3f000000 0x0	0x00000000
v_fma_f32		0x800000 0x1 0x3f000000	0x3f000000
v_fma_f32		0x0 0x800000 0x3f000000	0x3f000000
v_fma_f32		0x800000 0x3f800000 0x0	0x00800000
v_fma_f32		0x800000 0x1 0x3f800000	0x3f800000
v_fma_f32		0x0 0x800000 0x3f800000	0x3f800000
v_fma_f32		0x800000 0xbf800000 0x0	0x80800000
v_fma_f32		0x800000 0x1 0xbf800000	0xbf800000
v_fma_f32		0x0 0x800000 0xbf800000	0xbf800000
v_fma_f32		0x800000 0x800000 0x0	0x00000000
v_fma_f32		0x800000 0x1 0x800000	0x00800000
v_fma_f32		0x0 0x800000 0x800000	0x00800000
v_fma_f32		0x800000 0x7f7fffff 0x0	0x407fffff
v_fma_f32		0x800000 0x1 0x7f7fffff	0x7f7fffff
v_fma_f32		0x0 0x800000 0x7f7fffff	0x7f7fffff
v_fma_f32		0x800000 0x7f800000 0x0	0x7f800000
v_fma_f32		0x800000 0x1 0x7f800000	0x7f800000
v_fma_f32		0x0 0x800000 0x7f800000	0x7f800000
v_fma_f32		0x800000 0xff800000 0x0	0xff800000
v_fma_f32		0x800000 0x1 0xff800000	0xff800000
v_fma_f32		0x0 0x800000 0xff800000	0xff800000
v_fma_f32		0x800000 0x7fc00000 0x0	0x7fc00000
v_fma_f32		0x800000 0x1 0x7fc00000	0x7fc00000
v_fma_f32		0x0 0x800000 0x7fc00000	0x7fc00000
v_fma_f32		0x7f7fffff 0x0 0x0	0x00000000
v_fma_f32		0x7f7fffff 0x1 0x0	0x00000000
v_fma_f32		0x0 0x7f7fffff 0x0	0x00000000
v_fma_f32		0x7f7fffff 0x80000000 0x0	0x00000000
v_fma_f32		0x7f7fffff 0x1 0x80000000	0x00000000
v_fma_f32		0x0 0x7f7fffff 0x80000000	0x00000000
v_fma_f32		0x7f7fffff 0x3f000000 0x0	0x7effffff
v_fma_f32		0x7f7fffff 0x1 0x3f000000	0x3f000000
v_fma_f32		0x0 0x7f7fffff 0x3f000000	0x3f000000
v_fma_f32		0x7f7fffff 0x3f800000 0x0	0x7f7fffff
v_fma_f32		0x7f7fffff 0x1 0x3f800000	0x3f800000
v_fma_f32		0x0 0x7f7fffff 0x3f800000	0x3f800000
v_fma_f32		0x7f7fffff 0xbf800000 0x0	0xff7fffff
v_fma_f32		0x7f7fffff 0x1 0xbf800000	0xbf800000
v_fma_f32		0x0 0x7f7fffff 0xbf800000	0xbf800000
v_fma_f32		0x7f7fffff 0x800000 0x0	0x407fffff
v_fma_f32		0x7f7fffff 0x1 0x800000	0x00800000
v_fma_f32		0x0 0x7f7fffff 0x800000	0x00800000
v_fma_f32		0x7f7fffff 0x7f7fffff 0x0	0x7f800000
v_fma_f32		0x7f7fffff 0x1 0x7f7fffff	0x7f7fffff
v_fma_f32		0x0 0x7f7fffff 0x7f7fffff	0x7f7fffff
v_fma_f32		0x7f7fffff 0x7f800000 0x0	0x7f800000
v_fma_f32		0x7f7fffff 0x1 0x7f800000	0x7f800000
v_fma_f32		0x0 0x7f7fffff 0x7f800000	0x7f800000
v_fma_f32		0x7f7fffff 0xff800000 0x0	0xff800000
v_fma_f32		0x7f7fffff 0x1 0xff800000	0xff800000
v_fma_f32		0x0 0x7f7fffff 0xff800000	0xff800000
v_fma_f32		0x7f7fffff 0x7fc00000 0x0	0x7fc00000
v_fma_f32		0x7f7fffff 0x1 0x7fc00000	0x7fc00000
v_fma_f32		0x0 0x7f7fffff 0x7fc00000	0x7fc00000
v_fma_f32		0x7f800000 0x0 0x0	0x7fc00000
v_fma_f32		0x7f800000 0x1 0x0	0x7fc00000
v_fma_f32		0x0 0x7f800000 0x0	0x7fc00000
v_fma_f32		0x7f800000 0x80000000 0x0	0x7fc00000
v_fma_f32		0x7f800000 0x1 0x80000000	0x7fc00000
v_fma_f32		0x0 0x7f800000 0x80000000	0x7fc00000
v_fma_f32		0x7f800000 0x3f000000 0x0	0x7f800000
v_fma_f32		0x7f800000 0x1 0x3f000000	0x7fc00000
v_fma_f32		0x0 0x7f800000 0x3f000000	0x7fc00000
v_fma_f32		0x7f800000 0x3f800000 0x0	0x7f800000
v_fma_f32		0x7f800000 0x1 0x3f800000	0x7fc00000
v_fma_f32		0x0 0x7f800000 0x3f800000	0x7fc00000
v_fma_f32		0x7f800000 0xbf800000 0x0	0xff800000
v_fma_f32		0x7f800000 0x1 0xbf800000	0x7fc00000
v_fma_f32		0x0 0x7f800000 0xbf800000	0x7fc00000
v_fma_f32		0x7f800000 0x800000 0x0	0x7f800000
v_fma_f32		0x7f800000 0x1 0x800000	0x7fc00000
v_fma_f32		0x0 0x7f800000 0x800000	0x7fc00000
v_fma_f32		0x7f800000 0x7f7fffff 0x0	0x7f800000
v_fma_f32		0x7f800000 0x1 0x7f7fffff	0x7fc00000
v_fma_f32		0x0 0x7f800000 0x7f7fffff	0x7fc00000
v_fma_f32		0x7f800000 0x7f800000 0x0	0x7f800000
v_fma_f32		0x7f800000 0x1 0x7f800000	0x7fc00000
v_fma_f32		0x0 0x7f800000 0x7f800000	0x7fc00000
v_fma_f32		0x7f800000 0xff800000 0x0	0xff800000
v_fma_f32		0x7f800000 0x1 0xff800000	0x7fc00000
v_fma_f32		0x0 0x7f800000 0xff800000	0x7fc00000
v_fma_f32		0x7f800000 0x7fc00000 0x0	0x7fc00000
v_fma_f32		0x7f800000 0x1 0x7fc00000	0x7fc00000
v_fma_f32		0x0 0x7f800000 0x7fc00000	0x7fc00000
v_fma_f32		0xff800000 0x0 0x0	0x7fc00000
v_fma_f32		0xff800000 0x1 0x0	0x7fc00000
v_fma_f32		0x0 0xff800000 0x0	0x7fc00000
v_fma_f32		0xff800000 0x80000000 0x0	0x7fc00000
v_fma_f32		0xff800000 0x1 0x80000000	0x7fc00000
v_fma_f32		0x0 0xff800000 0x80000000	0x7fc00000
v_fma_f32		0xff800000 0x3f000000 0x0	0xff800000
v_fma_f32		0xff800000 0x1 0x3f000000	0x7fc00000
v_fma_f32		0x0 0xff800000 0x3f000000	0x7fc00000
v_fma_f32		0xff800000 0x3f800000 0x0	0xff800000
v_fma_f32		0xff800000 0x1 0x3f800000	0x7fc00000
v_fma_f32		0x0 0xff800000 0x3f800000	0x7fc00000
v_fma_f32		0xff800000 0xbf800000 0x0	0x7f800000
v_fma_f32		0xff800000 0x1 0xbf800000	0x7fc00000
v_fma_f32		0x0 0xff800000 0xbf800000	0x7fc00000
v_fma_f32		0xff800000 0x800000 0x0	0xff800000
v_fma_f32		0xff800000 0x1 0x800000	0x7fc00000
v_fma_f32		0x0 0xff800000 0x800000	0x7fc00000
v_fma_f32		0xff800000 0x7f7fffff 0x0	0xff800000
v_fma_f32		0xff800000 0x1 0x7f7fffff	0x7fc00000
v_fma_f32		0x0 0xff800000 0x7f7fffff	0x7fc00000
v_fma_f32		0xff800000 0x7f800000 0x0	0xff800000
v_fma_f32		0xff800000 0x1 0x7f800000	0x7fc00000
v_fma_f32		0x0 0xff800000 0x7f800000	0x7fc00000
v_fma_f32		0xff800000 0xff800000 0x0	0x7f800000
v_fma_f32		0xff800000 0x1 0xff800000	0x7fc00000
v_fma_f32		0x0 0xff800000 0xff800000	0x7fc00000
v_fma_f32		0xff800000 0x7fc00000 0x0	0x7fc00000
v_fma_f32		0xff800000 0x1 0x7fc00000	0x7fc00000
v_fma_f32		0x0 0xff800000 0x7fc00000	0x7fc00000
v_fma_f32		0x7fc00000 0x0 0x0	0x7fc00000
v_fma_f32		0x7fc00000 0x1 0x0	0x7fc00000
v_fma_f32		0x0 0x7fc00000 0x0	0x7fc00000
v_fma_f32		0x7fc00000 0x80000000 0x0	0x7fc00000
v_fma_f32		0x7fc00000 0x1 0x80000000	0x7fc00000
v_fma_f32		0x0 0x7fc00000 0x80000000	0x7fc00000
v_fma_f32		0x7fc00000 0x3f000000 0x0	0x7fc00000
v_fma_f32		0x7fc00000 0x1 0x3f000000	0x7fc00000
v_fma_f32		0x0 0x7fc00000 0x3f000000	0x7fc00000
v_fma_f32		0x7fc00000 0x3f800000 0x0	0x7fc00000
v_fma_f32		0x7fc00000 0x1 0x3f800000	0x7fc00000
v_fma_f32		0x0 0x7fc00000 0x3f800000	0x7fc00000
v_fma_f32		0x7fc00000 0xbf800000 0x0	0x7fc00000
v_fma_f32		0x7fc00000 0x1 0xbf800000	0x7fc00000
v_fma_f32		0x0 0x7fc00000 0xbf800000	0x7fc00000
v_fma_f32		0x7fc00000 0x800000 0x0	0x7fc00000
v_fma_f32		0x7fc00000 0x1 0x800000	0x7fc00000
v_fma_f32		0x0 0x7fc00000 0x800000	0x7fc00000
v_fma_f32		0x7fc00000 0x7f7fffff 0x0	0x7fc00000
v_fma_f32		0x7fc00000 0x1 0x7f7fffff	0x7fc00000
v_fma_f32		0x0 0x7fc00000 0x7f7fffff	0x7fc00000
v_fma_f32		0x7fc00000 0x7f800000 0x0	0x7fc00000
v_fma_f32		0x7fc00000 0x1 0x7f800000	0x7fc00000
v_fma_f32		0x0 0x7fc00000 0x7f800000	0x7fc00000
v_fma_f32		0x7fc00000 0xff800000 0x0	0x7fc00000
v_fma_f32		0x7fc00000 0x1 0xff800000	0x7fc00000
v_fma_f32		0x0 0x7fc00000 0xff800000	0x7fc00000
v_fma_f32		0x7fc00000 0x7fc00000 0x0	0x7fc00000
v_fma_f32		0x7fc00000 0x1 0x7fc00000	0x7fc00000
v_fma_f32		0x0 0x7fc00000 0x7fc00000	0x7fc00000
v_fma_f32		0x0 0x0 0x0	0x00000000
v_fma_f32		0x80000000 0x80000000 0x80000000	0x00000000
v_fma_f32		0x3f000000 0x3f000000 0x3f000000	0x3f400000
v_fma_f32		0x3f800000 0x3f800000 0x3f800000	0x40000000
v_fma_f32		0xbf800000 0xbf800000 0xbf800000	0x00000000
v_fma_f32		0x800000 0x800000 0x800000	0x00800000
v_fma_f32		0x7f7fffff 0x7f7fffff 0x7f7fffff	0x7f800000
v_fma_f32		0x7f800000 0x7f800000 0x7f800000	0x7f800000
v_fma_f32		0xff800000 0xff800000 0xff800000	0x7fc00000
v_fma_f32		0x7fc00000 0x7fc00000 0x7fc00000	0x7fc00000
v_fma_legacy_f32		0x0 0x0 0x0	0x00000000
v_fma_legacy_f32		0x0 0x1 0x0	0x00000000
v_fma_legacy_f32		0x0 0x0 0x0	0x00000000
v_fma_legacy_f32		0x0 0x80000000 0x0	0x00000000
v_fma_legacy_f32		0x0 0x1 0x80000000	0x80000000
v_fma_legacy_f32		0x0 0x0 0x80000000	0x80000000
v_fma_legacy_f32		0x0 0x3f000000 0x0	0x00000000
v_fma_legacy_f32		0x0 0x1 0x3f000000	0x3f000000
v_fma_legacy_f32		0x0 0x0 0x3f000000	0x3f000000
v_fma_legacy_f32		0x0 0x3f800000 0x0	0x00000000
v_fma_legacy_f32		0x0 0x1 0x3f800000	0x3f800000
v_fma_legacy_f32		0x0 0x0 0x3f800000	0x3f800000
v_fma_legacy_f32		0x0 0xbf800000 0x0	0x00000000
v_fma_legacy_f32		0x0 0x1 0xbf800000	0xbf800000
v_fma_legacy_f32		0x0 0x0 0xbf800000	0xbf800000
v_fma_legacy_f32		0x0 0x800000 0x0	0x00000000
v_fma_legacy_f32		0x0 0x1 0x800000	0x00800000
v_fma_legacy_f32		0x0 0x0 0x800000	0x00800000
v_fma_legacy_f32		0x0 0x7f7fffff 0x0	0x00000000
v_fma_legacy_f32		0x0 0x1 0x7f7fffff	0x7f7fffff
v_fma_legacy_f32		0x0 0x0 0x7f7fffff	0x7f7fffff
v_fma_legacy_f32		0x0 0x7f800000 0x0	0x00000000
v_fma_legacy_f32		0x0 0x1 0x7f800000	0x7f800000
v_fma_legacy_f32		0x0 0x0 0x7f800000	0x7f800000
v_fma_legacy_f32		0x0 0xff800000 0x0	0x00000000
v_fma_legacy_f32		0x0 0x1 0xff800000	0xff800000
v_fma_legacy_f32		0x0 0x0 0xff800000	0xff800000
v_fma_legacy_f32		0x0 0x7fc00000 0x0	0x00000000
v_fma_legacy_f32		0x0 0x1 0x7fc00000	0x7fc00000
v_fma_legacy_f32		0x0 0x0 0x7fc00000	0x7fc00000
v_fma_legacy_f32		0x80000000 0x0 0x0	0x00000000
v_fma_legacy_f32		0x80000000 0x1 0x0	0x00000000
v_fma_legacy_f32		0x0 0x80000000 0x0	0x00000000
v_fma_legacy_f32		0x80000000 0x80000000 0x0	0x00000000
v_fma_legacy_f32		0x80000000 0x1 0x80000000	0x80000000
v_fma_legacy_f32		0x0 0x80000000 0x80000000	0x80000000
v_fma_legacy_f32		0x80000000 0x3f000000 0x0	0x00000000
v_fma_legacy_f32		0x80000000 0x1 0x3f000000	0x3f000000
v_fma_legacy_f32		0x0 0x80000000 0x3f000000	0x3f000000
v_fma_legacy_f32		0x80000000 0x3f800000 0x0	0x00000000
v_fma_legacy_f32		0x80000000 0x1 0x3f800000	0x3f800000
v_fma_legacy_f32		0x0 0x80000000 0x3f800000	0x3f800000
v_fma_legacy_f32		0x80000000 0xbf800000 0x0	0x00000000
v_fma_legacy_f32		0x80000000 0x1 0xbf800000	0xbf800000
v_fma_legacy_f32		0x0 0x80000000 0xbf800000	0xbf800000
v_fma_legacy_f32		0x80000000 0x800000 0x0	0x00000000
v_fma_legacy_f32		0x80000000 0x1 0x800000	0x00800000
v_fma_legacy_f32		0x0 0x80000000 0x800000	0x00800000
v_fma_legacy_f32		0x80000000 0x7f7fffff 0x0	0x00000000
v_fma_legacy_f32		0x80000000 0x1 0x7f7fffff	0x7f7fffff
v_fma_legacy_f32		0x0 0x80000000 0x7f7fffff	0x7f7fffff
v_fma_legacy_f32		0x80000000 0x7f800000 0x0	0x00000000
v_fma_legacy_f32		0x80000000 0x1 0x7f800000	0x7f800000
v_fma_legacy_f32		0x0 0x80000000 0x7f800000	0x7f800000
v_fma_legacy_f32		0x80000000 0xff800000 0x0	0x00000000
v_fma_legacy_f32		0x80000000 0x1 0xff800000	0xff800000
v_fma_legacy_f32		0x0 0x80000000 0xff800000	0xff800000
v_fma_legacy_f32		0x80000000 0x7fc00000 0x0	0x00000000
v_fma_legacy_f32		0x80000000 0x1 0x7fc00000	0x7fc00000
v_fma_legacy_f32		0x0 0x80000000 0x7fc00000	0x7fc00000
v_fma_legacy_f32		0x3f000000 0x0 0x0	0x00000000
v_fma_legacy_f32		0x3f000000 0x1 0x0	0x00000000
v_fma_legacy_f32		0x0 0x3f000000 0x0	0x00000000
v_fma_legacy_f32		0x3f000000 0x80000000 0x0	0x00000000
v_fma_legacy_f32		0x3f000000 0x1 0x80000000	0x80000000
v_fma_legacy_f32		0x0 0x3f000000 0x80000000	0x80000000
v_fma_legacy_f32		0x3f000000 0x3f000000 0x0	0x3e800000
v_fma_legacy_f32		0x3f000000 0x1 0x3f000000	0x3f000000
v_fma_legacy_f32		0x0 0x3f000000 0x3f000000	0x3f000000
v_fma_legacy_f32		0x3f000000 0x3f800000 0x0	0x3f000000
v_fma_legacy_f32		0x3f000000 0x1 0x3f800000	0x3f800000
v_fma_legacy_f32		0x0 0x3f000000 0x3f800000	0x3f800000
v_fma_legacy_f32		0x3f000000 0xbf800000 0x0	0xbf000000
v_fma_legacy_f32		0x3f000000 0x1 0xbf800000	0xbf800000
v_fma_legacy_f32		0x0 0x3f000000 0xbf800000	0xbf800000
v_fma_legacy_f32		0x3f000000 0x800000 0x0	0x00000000
v_fma_legacy_f32		0x3f000000 0x1 0x800000	0x00800000
v_fma_legacy_f32		0x0 0x3f000000 0x800000	0x00800000
v_fma_legacy_f32		0x3f000000 0x7f7fffff 0x0	0x7effffff
v_fma_legacy_f32		0x3f000000 0x1 0x7f7fffff	0x7f7fffff
v_fma_legacy_f32		0x0 0x3f000000 0x7f7fffff	0x7f7fffff
v_fma_legacy_f32		0x3f000000 0x7f800000 0x0	0x7f800000
v_fma_legacy_f32		0x3f000000 0x1 0x7f800000	0x7f800000
v_fma_legacy_f32		0x0 0x3f000000 0x7f800000	0x7f800000
v_fma_legacy_f32		0x3f000000 0xff800000 0x0	0xff800000
v_fma_legacy_f32		0x3f000000 0x1 0xff800000	0xff800000
v_fma_legacy_f32		0x0 0x3f000000 0xff800000	0xff800000
v_fma_legacy_f32		0x3f000000 0x7fc00000 0x0	0x7fc00000
v_fma_legacy_f32		0x3f000000 0x1 0x7fc00000	0x7fc00000
v_fma_legacy_f32		0x0 0x3f000000 0x7fc00000	0x7fc00000
v_fma_legacy_f32		0x3f800000 0x0 0x0	0x00000000
v_fma_legacy_f32		0x3f800000 0x1 0x0	0x00000000
v_fma_legacy_f32		0x0 0x3f800000 0x0	0x00000000
v_fma_legacy_f32		0x3f800000 0x80000000 0x0	0x00000000
v_fma_legacy_f32		0x3f800000 0x1 0x80000000	0x80000000
v_fma_legacy_f32		0x0 0x3f800000 0x80000000	0x80000000
v_fma_legacy_f32		0x3f800000 0x3f000000 0x0	0x3f000000
v_fma_legacy_f32		0x3f800000 0x1 0x3f000000	0x3f000000
v_fma_legacy_f32		0x0 0x3f800000 0x3f000000	0x3f000000
v_fma_legacy_f32		0x3f800000 0x3f800000 0x0	0x3f800000
v_fma_legacy_f32		0x3f800000 0x1 0x3f800000	0x3f800000
v_fma_legacy_f32		0x0 0x3f800000 0x3f800000	0x3f800000
v_fma_legacy_f32		0x3f800000 0xbf800000 0x0	0xbf800000
v_fma_legacy_f32		0x3f800000 0x1 0xbf800000	0xbf800000
v_fma_legacy_f32		0x0 0x3f800000 0xbf800000	0xbf800000
v_fma_legacy_f32		0x3f800000 0x800000 0x0	0x00800000
v_fma_legacy_f32		0x3f800000 0x1 0x800000	0x00800000
v_fma_legacy_f32		0x0 0x3f800000 0x800000	0x00800000
v_fma_legacy_f32		0x3f800000 0x7f7fffff 0x0	0x7f7fffff
v_fma_legacy_f32		0x3f800000 0x1 0x7f7fffff	0x7f7fffff
v_fma_legacy_f32		0x0 0x3f800000 0x7f7fffff	0x7f7fffff
v_fma_legacy_f32		0x3f800000 0x7f800000 0x0	0x7f800000
v_fma_legacy_f32		0x3f800000 0x1 0x7f800000	0x7f800000
v_fma_legacy_f32		0x0 0x3f800000 0x7f800000	0x7f800000
v_fma_legacy_f32		0x3f800000 0xff800000 0x0	0xff800000
v_fma_legacy_f32		0x3f800000 0x1 0xff800000	0xff800000
v_fma_legacy_f32		0x0 0x3f800000 0xff800000	0xff800000
v_fma_legacy_f32		0x3f800000 0x7fc00000 0x0	0x7fc00000
v_fma_legacy_f32		0x3f800000 0x1 0x7fc00000	0x7fc00000
v_fma_legacy_f32		0x0 0x3f800000 0x7fc00000	0x7fc00000
v_fma_legacy_f32		0xbf800000 0x0 0x0	0x00000000
v_fma_legacy_f32		0xbf800000 0x1 0x0	0x00000000
v_fma_legacy_f32		0x0 0xbf800000 0x0	0x00000000
v_fma_legacy_f32		0xbf800000 0x80000000 0x0	0x00000000
v_fma_legacy_f32		0xbf800000 0x1 0x80000000	0x80000000
v_fma_legacy_f32		0x0 0xbf800000 0x80000000	0x80000000
v_fma_legacy_f32		0xbf800000 0x3f000000 0x0	0xbf000000
v_fma_legacy_f32		0xbf800000 0x1 0x3f000000	0x3f000000
v_fma_legacy_f32		0x0 0xbf800000 0x3f000000	0x3f000000
v_fma_legacy_f32		0xbf800000 0x3f800000 0x0	0xbf800000
v_fma_legacy_f32		0xbf800000 0x1 0x3f800000	0x3f800000
v_fma_legacy_f32		0x0 0xbf800000 0x3f800000	0x3f800000
v_fma_legacy_f32		0xbf800000 0xbf800000 0x0	0x3f800000
v_fma_legacy_f32		0xbf800000 0x1 0xbf800000	0xbf800000
v_fma_legacy_f32		0x0 0xbf800000 0xbf800000	0xbf800000
v_fma_legacy_f32		0xbf800000 0x800000 0x0	0x80800000
v_fma_legacy_f32		0xbf800000 0x1 0x800000	0x00800000
v_fma_legacy_f32		0x0 0xbf800000 0x800000	0x00800000
v_fma_legacy_f32		0xbf800000 0x7f7fffff 0x0	0xff7fffff
v_fma_legacy_f32		0xbf800000 0x1 0x7f7fffff	0x7f7fffff
v_fma_legacy_f32		0x0 0xbf800000 0x7f7fffff	0x7f7fffff
v_fma_legacy_f32		0xbf800000 0x7f800000 0x0	0xff800000
v_fma_legacy_f32		0xbf800000 0x1 0x7f800000	0x7f800000
v_fma_legacy_f32		0x0 0xbf800000 0x7f800000	0x7f800000
v_fma_legacy_f32		0xbf800000 0xff800000 0x0	0x7f800000
v_fma_legacy_f32		0xbf800000 0x1 0xff800000	0xff800000
v_fma_legacy_f32		0x0 0xbf800000 0xff800000	0xff800000
v_fma_legacy_f32		0xbf800000 0x7fc00000 0x0	0x7fc00000
v_fma_legacy_f32		0xbf800000 0x1 0x7fc00000	0x7fc00000
v_fma_legacy_f32		0x0 0xbf800000 0x7fc00000	0x7fc00000
v_fma_legacy_f32		0x800000 0x0 0x0	0x00000000
v_fma_legacy_f32		0x800000 0x1 0x0	0x00000000
v_fma_legacy_f32		0x0 0x800000 0x0	0x00000000
v_fma_legacy_f32		0x800000 0x80000000 0x0	0x00000000
v_fma_legacy_f32		0x800000 0x1 0x80000000	0x80000000
v_fma_legacy_f32		0x0 0x800000 0x80000000	0x80000000
v_fma_legacy_f32		0x800000 0x3f000000 0x0	0x00000000
v_fma_legacy_f32		0x800000 0x1 0x3f000000	0x3f000000
v_fma_legacy_f32		0x0 0x800000 0x3f000000	0x3f000000
v_fma_legacy_f32		0x800000 0x3f800000 0x0	0x00800000
v_fma_legacy_f32		0x800000 0x1 0x3f800000	0x3f800000
v_fma_legacy_f32		0x0 0x800000 0x3f800000	0x3f800000
v_fma_legacy_f32		0x800000 0xbf800000 0x0	0x80800000
v_fma_legacy_f32		0x800000 0x1 0xbf800000	0xbf800000
v_fma_legacy_f32		0x0 0x800000 0xbf800000	0xbf800000
v_fma_legacy_f32		0x800000 0x800000 0x0	0x00000000
v_fma_legacy_f32		0x800000 0x1 0x800000	0x00800000
v_fma_legacy_f32		0x0 0x800000 0x800000	0x00800000
v_fma_legacy_f32		0x800000 0x7f7fffff 0x0	0x407fffff
v_fma_legacy_f32		0x800000 0x1 0x7f7fffff	0x7f7fffff
v_fma_legacy_f32		0x0 0x800000 0x7f7fffff	0x7f7fffff
v_fma_legacy_f32		0x800000 0x7f800000 0x0	0x7f800000
v_fma_legacy_f32		0x800000 0x1 0x7f800000	0x7f800000
v_fma_legacy_f32		0x0 0x800000 0x7f800000	0x7f800000
v_fma_legacy_f32		0x800000 0xff800000 0x0	0xff800000
v_fma_legacy_f32		0x800000 0x1 0xff800000	0xff800000
v_fma_legacy_f32		0x0 0x800000 0xff800000	0xff800000
v_fma_legacy_f32		0x800000 0x7fc00000 0x0	0x7fc00000
v_fma_legacy_f32		0x800000 0x1 0x7fc00000	0x7fc00000
v_fma_legacy_f32		0x0 0x800000 0x7fc00000	0x7fc00000
v_fma_legacy_f32		0x7f7fffff 0x0 0x0	0x00000000
v_fma_legacy_f32		0x7f7fffff 0x1 0x0	0x00000000
v_fma_legacy_f32		0x0 0x7f7fffff 0x0	0x00000000
v_fma_legacy_f32		0x7f7fffff 0x80000000 0x0	0x00000000
v_fma_legacy_f32		0x7f7fffff 0x1 0x80000000	0x80000000
v_fma_legacy_f32		0x0 0x7f7fffff 0x80000000	0x80000000
v_fma_legacy_f32		0x7f7fffff 0x3f000000 0x0	0x7effffff
v_fma_legacy_f32		0x7f7fffff 0x1 0x3f000000	0x3f000000
v_fma_legacy_f32		0x0 0x7f7fffff 0x3f000000	0x3f000000
v_fma_legacy_f32		0x7f7fffff 0x3f800000 0x0	0x7f7fffff
v_fma_legacy_f32		0x7f7fffff 0x1 0x3f800000	0x3f800000
v_fma_legacy_f32		0x0 0x7f7fffff 0x3f800000	0x3f800000
v_fma_legacy_f32		0x7f7fffff 0xbf800000 0x0	0xff7fffff
v_fma_legacy_f32		0x7f7fffff 0x1 0xbf800000	0xbf800000
v_fma_legacy_f32		0x0 0x7f7fffff 0xbf800000	0xbf800000
v_fma_legacy_f32		0x7f7fffff 0x800000 0x0	0x407fffff
v_fma_legacy_f32		0x7f7fffff 0x1 0x800000	0x00800000
v_fma_legacy_f32		0x0 0x7f7fffff 0x800000	0x00800000
v_fma_legacy_f32		0x7f7fffff 0x7f7fffff 0x0	0x7f800000
v_fma_legacy_f32		0x7f7fffff 0x1 0x7f7fffff	0x7f7fffff
v_fma_legacy_f32		0x0 0x7f7fffff 0x7f7fffff	0x7f7fffff
v_fma_legacy_f32		0x7f7fffff 0x7f800000 0x0	0x7f800000
v_fma_legacy_f32		0x7f7fffff 0x1 0x7f800000	0x7f800000
v_fma_legacy_f32		0x0 0x7f7fffff 0x7f800000	0x7f800000
v_fma_legacy_f32		0x7f7fffff 0xff800000 0x0	0xff800000
v_fma_legacy_f32		0x7f7fffff 0x1 0xff800000	0xff800000
v_fma_legacy_f32		0x0 0x7f7fffff 0xff800000	0xff800000
v_fma_legacy_f32		0x7f7fffff 0x7fc00000 0x0	0x7fc00000
v_fma_legacy_f32		0x7f7fffff 0x1 0x7fc00000	0x7fc00000
v_fma_legacy_f32		0x0 0x7f7fffff 0x7fc00000	0x7fc00000
v_fma_legacy_f32		0x7f800000 0x0 0x0	0x00000000
v_fma_legacy_f32		0x7f800000 0x1 0x0	0x00000000
v_fma_legacy_f32		0x0 0x7f800000 0x0	0x00000000
v_fma_legacy_f32		0x7f800000 0x80000000 0x0	0x00000000
v_fma_legacy_f32		0x7f800000 0x1 0x80000000	0x80000000
v_fma_legacy_f32		0x0 0x7f800000 0x80000000	0x80000000
v_fma_legacy_f32		0x7f800000 0x3f000000 0x0	0x7f800000
v_fma_legacy_f32		0x7f800000 0x1 0x3f000000	0x3f000000
v_fma_legacy_f32		0x0 0x7f800000 0x3f000000	0x3f000000
v_fma_legacy_f32		0x7f800000 0x3f800000 0x0	0x7f800000
v_fma_legacy_f32		0x7f800000 0x1 0x3f800000	0x3f800000
v_fma_legacy_f32		0x0 0x7f800000 0x3f800000	0x3f800000
v_fma_legacy_f32		0x7f800000 0xbf800000 0x0	0xff800000
v_fma_legacy_f32		0x7f800000 0x1 0xbf800000	0xbf800000
v_fma_legacy_f32		0x0 0x7f800000 0xbf800000	0xbf800000
v_fma_legacy_f32		0x7f800000 0x800000 0x0	0x7f800000
v_fma_legacy_f32		0x7f800000 0x1 0x800000	0x00800000
v_fma_legacy_f32		0x0 0x7f800000 0x800000	0x00800000
v_fma_legacy_f32		0x7f800000 0x7f7fffff 0x0	0x7f800000
v_fma_legacy_f32		0x7f800000 0x1 0x7f7fffff	0x7f7fffff
v_fma_legacy_f32		0x0 0x7f800000 0x7f7fffff	0x7f7fffff
v_fma_legacy_f32		0x7f800000 0x7f800000 0x0	0x7f800000
v_fma_legacy_f32		0x7f800000 0x1 0x7f800000	0x7f800000
v_fma_legacy_f32		0x0 0x7f800000 0x7f800000	0x7f800000
v_fma_legacy_f32		0x7f800000 0xff800000 0x0	0xff800000
v_fma_legacy_f32		0x7f800000 0x1 0xff800000	0xff800000
v_fma_legacy_f32		0x0 0x7f800000 0xff800000	0xff800000
v_fma_legacy_f32		0x7f800000 0x7fc00000 0x0	0x7fc00000
v_fma_legacy_f32		0x7f800000 0x1 0x7fc00000	0x7fc00000
v_fma_legacy_f32		0x0 0x7f800000 0x7fc00000	0x7fc00000
v_fma_legacy_f32		0xff800000 0x0 0x0	0x00000000
v_fma_legacy_f32		0xff800000 0x1 0x0	0x00000000
v_fma_legacy_f32		0x0 0xff800000 0x0	0x00000000
v_fma_legacy_f32		0xff800000 0x80000000 0x0	0x00000000
v_fma_legacy_f32		0xff800000 0x1 0x80000000	0x80000000
v_fma_legacy_f32		0x0 0xff800000 0x80000000	0x80000000
v_fma_legacy_f32		0xff800000 0x3f000000 0x0	0xff800000
v_fma_legacy_f32		0xff800000 0x1 0x3f000000	0x3f000000
v_fma_legacy_f32		0x0 0xff800000 0x3f000000	0x3f000000
v_fma_legacy_f32		0xff800000 0x3f800000 0x0	0xff800000
v_fma_legacy_f32		0xff800000 0x1 0x3f800000	0x3f800000
v_fma_legacy_f32		0x0 0xff800000 0x3f800000	0x3f800000
v_fma_legacy_f32		0xff800000 0xbf800000 0x0	0x7f800000
v_fma_legacy_f32		0xff800000 0x1 0xbf800000	0xbf800000
v_fma_legacy_f32		0x0 0xff800000 0xbf800000	0xbf800000
v_fma_legacy_f32		0xff800000 0x800000 0x0	0xff800000
v_fma_legacy_f32		0xff800000 0x1 0x800000	0x00800000
v_fma_legacy_f32		0x0 0xff800000 0x800000	0x00800000
v_fma_legacy_f32		0xff800000 0x7f7fffff 0x0	0xff800000
v_fma_legacy_f32		0xff800000 0x1 0x7f7fffff	0x7f7fffff
v_fma_legacy_f32		0x0 0xff800000 0x7f7fffff	0x7f7fffff
v_fma_legacy_f32		0xff800000 0x7f800000 0x0	0xff800000
v_fma_legacy_f32		0xff800000 0x1 0x7f800000	0x7f800000
v_fma_legacy_f32		0x0 0xff800000 0x7f800000	0x7f800000
v_fma_legacy_f32		0xff800000 0xff800000 0x0	0x7f800000
v_fma_legacy_f32		0xff800000 0x1 0xff800000	0xff800000
v_fma_legacy_f32		0x0 0xff800000 0xff800000	0xff800000
v_fma_legacy_f32		0xff800000 0x7fc00000 0x0	0x7fc00000
v_fma_legacy_f32		0xff800000 0x1 0x7fc00000	0x7fc00000
v_fma_legacy_f32		0x0 0xff800000 0x7fc00000	0x7fc00000
v_fma_legacy_f32		0x7fc00000 0x0 0x0	0x00000000
v_fma_legacy_f32		0x7fc00000 0x1 0x0	0x00000000
v_fma_legacy_f32		0x0 0x7fc00000 0x0	0x00000000
v_fma_legacy_f32		0x7fc00000 0x80000000 0x0	0x00000000
v_fma_legacy_f32		0x7fc00000 0x1 0x80000000	0x80000000
v_fma_legacy_f32		0x0 0x7fc00000 0x80000000	0x80000000
v_fma_legacy_f32		0x7fc00000 0x3f000000 0x0	0x7fc00000
v_fma_legacy_f32		0x7fc00000 0x1 0x3f000000	0x3f000000
v_fma_legacy_f32		0x0 0x7fc00000 0x3f000000	0x3f000000
v_fma_legacy_f32		0x7fc00000 0x3f800000 0x0	0x7fc00000
v_fma_legacy_f32		0x7fc00000 0x1 0x3f800000	0x3f800000
v_fma_legacy_f32		0x0 0x7fc00000 0x3f800000	0x3f800000
v_fma_legacy_f32		0x7fc00000 0xbf800000 0x0	0x7fc00000
v_fma_legacy_f32		0x7fc00000 0x1 0xbf800000	0xbf800000
v_fma_legacy_f32		0x0 0x7fc00000 0xbf800000	0xbf800000
v_fma_legacy_f32		0x7fc00000 0x800000 0x0	0x7fc00000
v_fma_legacy_f32		0x7fc00000 0x1 0x800000	0x00800000
v_fma_legacy_f32		0x0 0x7fc00000 0x800000	0x00800000
v_fma_legacy_f32		0x7fc00000 0x7f7fffff 0x0	0x7fc00000
v_fma_legacy_f32		0x7fc00000 0x1 0x7f7fffff	0x7f7fffff
v_fma_legacy_f32		0x0 0x7fc00000 0x7f7fffff	0x7f7fffff
v_fma_legacy_f32		0x7fc00000 0x7f800000 0x0	0x7fc00000
v_fma_legacy_f32		0x7fc00000 0x1 0x7f800000	0x7f800000
v_fma_legacy_f32		0x0 0x7fc00000 0x7f800000	0x7f800000
v_fma_legacy_f32		0x7fc00000 0xff800000 0x0	0x7fc00000
v_fma_legacy_f32		0x7fc00000 0x1 0xff800000	0xff800000
v_fma_legacy_f32		0x0 0x7fc00000 0xff800000	0xff800000
v_fma_legacy_f32		0x7fc00000 0x7fc00000 0x0	0x7fc00000
v_fma_legacy_f32		0x7fc00000 0x1 0x7fc00000	0x7fc00000
v_fma_legacy_f32		0x0 0x7fc00000 0x7fc00000	0x7fc00000
v_fma_legacy_f32		0x0 0x0 0x0	0x00000000
v_fma_legacy_f32		0x80000000 0x80000000 0x80000000	0x80000000
v_fma_legacy_f32		0x3f000000 0x3f000000 0x3f000000	0x3f400000
v_fma_legacy_f32		0x3f800000 0x3f800000 0x3f800000	0x40000000
v_fma_legacy_f32		0xbf800000 0xbf800000 0xbf800000	0x00000000
v_fma_legacy_f32		0x800000 0x800000 0x800000	0x00800000
v_fma_legacy_f32		0x7f7fffff 0x7f7fffff 0x7f7fffff	0x7f800000
v_fma_legacy_f32		0x7f800000 0x7f800000 0x7f800000	0x7f800000
v_fma_legacy_f32		0xff800000 0xff800000 0xff800000	0x7fc00000
v_fma_legacy_f32		0x7fc00000 0x7fc00000 0x7fc00000	0x7fc00000
v_fract_f32		0x0	0x00000000
v_fract_f32		0x80000000	0x00000000
v_fract_f32		0x3f000000	0x3f000000
v_fract_f32		0x3f800000	0x00000000
v_fract_f32		0xbf800000	0x00000000
v_fract_f32		0x800000	0x00800000
v_fract_f32		0x7f7fffff	0x00000000
v_fract_f32		0x7f800000	0x00000000
v_fract_f32		0xff800000	0x00000000
v_fract_f32		0x7fc00000	0x7fc00000
v_fract_f64		0x0 0x0	0x00000000 0x00000000
v_fract_f64		0x0 0x80000000	0x00000000 0x00000000
v_fract_f64		0x0 0x3f000000	0x00000000 0x3f000000
v_fract_f64		0x0 0x3f800000	0x00000000 0x3f800000
v_fract_f64		0x0 0xbf800000	0x00000000 0x3fefc000
v_fract_f64		0x0 0x800000	0x00000000 0x00800000
v_fract_f64		0x0 0x7f7fffff	0x00000000 0x00000000
v_fract_f64		0x0 0x7f800000	0x00000000 0x00000000
v_fract_f64		0x0 0xff800000	0x00000000 0x00000000
v_fract_f64		0x0 0x7fc00000	0x00000000 0x00000000
v_fract_f64		0x80000000 0x0	0x00000000 0x00000000
v_fract_f64		0x80000000 0x80000000	0x00000000 0x00000000
v_fract_f64		0x80000000 0x3f000000	0x80000000 0x3f000000
v_fract_f64		0x80000000 0x3f800000	0x80000000 0x3f800000
v_fract_f64		0x80000000 0xbf800000	0xfe000000 0x3fefbfff
v_fract_f64		0x80000000 0x800000	0x80000000 0x00800000
v_fract_f64		0x80000000 0x7f7fffff	0x00000000 0x00000000
v_fract_f64		0x80000000 0x7f800000	0x00000000 0x00000000
v_fract_f64		0x80000000 0xff800000	0x00000000 0x00000000
v_fract_f64		0x80000000 0x7fc00000	0x00000000 0x00000000
v_fract_f64		0x3f000000 0x0	0x00000000 0x00000000
v_fract_f64		0x3f000000 0x80000000	0x00000000 0x00000000
v_fract_f64		0x3f000000 0x3f000000	0x3f000000 0x3f000000
v_fract_f64		0x3f000000 0x3f800000	0x3f000000 0x3f800000
v_fract_f64		0x3f000000 0xbf800000	0xff040000 0x3fefbfff
v_fract_f64		0x3f000000 0x800000	0x3f000000 0x00800000
v_fract_f64		0x3f000000 0x7f7fffff	0x00000000 0x00000000
v_fract_f64		0x3f000000 0x7f800000	0x00000000 0x00000000
v_fract_f64		0x3f000000 0xff800000	0x00000000 0x00000000
v_fract_f64		0x3f000000 0x7fc00000	0x00000000 0x00000000
v_fract_f64		0x3f800000 0x0	0x00000000 0x00000000
v_fract_f64		0x3f800000 0x80000000	0x00000000 0x00000000
v_fract_f64		0x3f800000 0x3f000000	0x3f800000 0x3f000000
v_fract_f64		0x3f800000 0x3f800000	0x3f800000 0x3f800000
v_fract_f64		0x3f800000 0xbf800000	0xff020000 0x3fefbfff
v_fract_f64		0x3f800000 0x800000	0x3f800000 0x00800000
v_fract_f64		0x3f800000 0x7f7fffff	0x00000000 0x00000000
v_fract_f64		0x3f800000 0x7f800000	0x00000000 0x00000000
v_fract_f64		0x3f800000 0xff800000	0x00000000 0x00000000
v_fract_f64		0x3f800000 0x7fc00000	0x00000000 0x00000000
v_fract_f64		0xbf800000 0x0	0x00000000 0x00000000
v_fract_f64		0xbf800000 0x80000000	0x00000000 0x00000000
v_fract_f64		0xbf800000 0x3f000000	0xbf800000 0x3f000000
v_fract_f64		0xbf800000 0x3f800000	0xbf800000 0x3f800000
v_fract_f64		0xbf800000 0xbf800000	0xfd020000 0x3fefbfff
v_fract_f64		0xbf800000 0x800000	0xbf800000 0x00800000
v_fract_f64		0xbf800000 0x7f7fffff	0x00000000 0x00000000
v_fract_f64		0xbf800000 0x7f800000	0x00000000 0x00000000
v_fract_f64		0xbf800000 0xff800000	0x00000000 0x00000000
v_fract_f64		0xbf800000 0x7fc00000	0x00000000 0x00000000
v_fract_f64		0x800000 0x0	0x00000000 0x00000000
v_fract_f64		0x800000 0x80000000	0x00000000 0x00000000
v_fract_f64		0x800000 0x3f000000	0x00800000 0x3f000000
v_fract_f64		0x800000 0x3f800000	0x00800000 0x3f800000
v_fract_f64		0x800000 0xbf800000	0xfffe0000 0x3fefbfff
v_fract_f64		0x800000 0x800000	0x00800000 0x00800000
v_fract_f64		0x800000 0x7f7fffff	0x00000000 0x00000000
v_fract_f64		0x800000 0x7f800000	0x00000000 0x00000000
v_fract_f64		0x800000 0xff800000	0x00000000 0x00000000
v_fract_f64		0x800000 0x7fc00000	0x00000000 0x00000000
v_fract_f64		0x7f7fffff 0x0	0x00000000 0x00000000
v_fract_f64		0x7f7fffff 0x80000000	0x00000000 0x00000000
v_fract_f64		0x7f7fffff 0x3f000000	0x7f7fffff 0x3f000000
v_fract_f64		0x7f7fffff 0x3f800000	0x7f7fffff 0x3f800000
v_fract_f64		0x7f7fffff 0xbf800000	0xfe020000 0x3fefbfff
v_fract_f64		0x7f7fffff 0x800000	0x7f7fffff 0x00800000
v_fract_f64		0x7f7fffff 0x7f7fffff	0x00000000 0x00000000
v_fract_f64		0x7f7fffff 0x7f800000	0x00000000 0x00000000
v_fract_f64		0x7f7fffff 0xff800000	0x00000000 0x00000000
v_fract_f64		0x7f7fffff 0x7fc00000	0x00000000 0x00000000
v_fract_f64		0x7f800000 0x0	0x00000000 0x00000000
v_fract_f64		0x7f800000 0x80000000	0x00000000 0x00000000
v_fract_f64		0x7f800000 0x3f000000	0x7f800000 0x3f000000
v_fract_f64		0x7f800000 0x3f800000	0x7f800000 0x3f800000
v_fract_f64		0x7f800000 0xbf800000	0xfe020000 0x3fefbfff
v_fract_f64		0x7f800000 0x800000	0x7f800000 0x00800000
v_fract_f64		0x7f800000 0x7f7fffff	0x00000000 0x00000000
v_fract_f64		0x7f800000 0x7f800000	0x00000000 0x00000000
v_fract_f64		0x7f800000 0xff800000	0x00000000 0x00000000
v_fract_f64		0x7f800000 0x7fc00000	0x00000000 0x00000000
v_fract_f64		0xff800000 0x0	0x00000000 0x00000000
v_fract_f64		0xff800000 0x80000000	0x00000000 0x00000000
v_fract_f64		0xff800000 0x3f000000	0xff800000 0x3f000000
v_fract_f64		0xff800000 0x3f800000	0xff800000 0x3f800000
v_fract_f64		0xff800000 0xbf800000	0xfc020000 0x3fefbfff
v_fract_f64		0xff800000 0x800000	0xff800000 0x00800000
v_fract_f64		0xff800000 0x7f7fffff	0x00000000 0x00000000
v_fract_f64		0xff800000 0x7f800000	0x00000000 0x00000000
v_fract_f64		0xff800000 0xff800000	0x00000000 0x00000000
v_fract_f64		0xff800000 0x7fc00000	0x00000000 0x00000000
v_fract_f64		0x7fc00000 0x0	0x00000000 0x00000000
v_fract_f64		0x7fc00000 0x80000000	0x00000000 0x00000000
v_fract_f64		0x7fc00000 0x3f000000	0x7fc00000 0x3f000000
v_fract_f64		0x7fc00000 0x3f800000	0x7fc00000 0x3f800000
v_fract_f64		0x7fc00000 0xbf800000	0xfe010000 0x3fefbfff
v_fract_f64		0x7fc00000 0x800000	0x7fc00000 0x00800000
v_fract_f64		0x7fc00000 0x7f7fffff	0x00000000 0x00000000
v_fract_f64		0x7fc00000 0x7f800000	0x00000000 0x00000000
v_fract_f64		0x7fc00000 0xff800000	0x00000000 0x00000000
v_fract_f64		0x7fc00000 0x7fc00000	0x00000000 0x00000000
v_frexp_exp_i32_f32		0x0	0x00000000
v_frexp_exp_i32_f32		0x80000000	0x00000000
v_frexp_exp_i32_f32		0x3f000000	0x00000000
v_frexp_exp_i32_f32		0x3f800000	0x00000001
v_frexp_exp_i32_f32		0xbf800000	0x00000001
v_frexp_exp_i32_f32		0x800000	0xffffff83
v_frexp_exp_i32_f32		0x7f7fffff	0x00000080
v_frexp_exp_i32_f32		0x7f800000	0x00000000
v_frexp_exp_i32_f32		0xff800000	0x00000000
v_frexp_exp_i32_f32		0x7fc00000	0x00000000
v_frexp_exp_i32_f64		0x0 0x0	0x00000000
v_frexp_exp_i32_f64		0x0 0x80000000	0x00000000
v_frexp_exp_i32_f64		0x0 0x3f000000	0xfffffff2
v_frexp_exp_i32_f64		0x0 0x3f800000	0xfffffffa
v_frexp_exp_i32_f64		0x0 0xbf800000	0xfffffffa
v_frexp_exp_i32_f64		0x0 0x800000	0xfffffc0a
v_frexp_exp_i32_f64		0x0 0x7f7fffff	0x000003f9
v_frexp_exp_i32_f64		0x0 0x7f800000	0x000003fa
v_frexp_exp_i32_f64		0x0 0xff800000	0x000003fa
v_frexp_exp_i32_f64		0x0 0x7fc00000	0x000003fe
v_frexp_exp_i32_f64		0x80000000 0x0	0x00000000
v_frexp_exp_i32_f64		0x80000000 0x80000000	0x00000000
v_frexp_exp_i32_f64		0x80000000 0x3f000000	0xfffffff2
v_frexp_exp_i32_f64		0x80000000 0x3f800000	0xfffffffa
v_frexp_exp_i32_f64		0x80000000 0xbf800000	0xfffffffa
v_frexp_exp_i32_f64		0x80000000 0x800000	0xfffffc0a
v_frexp_exp_i32_f64		0x80000000 0x7f7fffff	0x000003f9
v_frexp_exp_i32_f64		0x80000000 0x7f800000	0x000003fa
v_frexp_exp_i32_f64		0x80000000 0xff800000	0x000003fa
v_frexp_exp_i32_f64		0x80000000 0x7fc00000	0x000003fe
v_frexp_exp_i32_f64		0x3f000000 0x0	0x00000000
v_frexp_exp_i32_f64		0x3f000000 0x80000000	0x00000000
v_frexp_exp_i32_f64		0x3f000000 0x3f000000	0xfffffff2
v_frexp_exp_i32_f64		0x3f000000 0x3f800000	0xfffffffa
v_frexp_exp_i32_f64		0x3f000000 0xbf800000	0xfffffffa
v_frexp_exp_i32_f64		0x3f000000 0x800000	0xfffffc0a
v_frexp_exp_i32_f64		0x3f000000 0x7f7fffff	0x000003f9
v_frexp_exp_i32_f64		0x3f000000 0x7f800000	0x000003fa
v_frexp_exp_i32_f64		0x3f000000 0xff800000	0x000003fa
v_frexp_exp_i32_f64		0x3f000000 0x7fc00000	0x000003fe
v_frexp_exp_i32_f64		0x3f800000 0x0	0x00000000
v_frexp_exp_i32_f64		0x3f800000 0x80000000	0x00000000
v_frexp_exp_i32_f64		0x3f800000 0x3f000000	0xfffffff2
v_frexp_exp_i32_f64		0x3f800000 0x3f800000	0xfffffffa
v_frexp_exp_i32_f64		0x3f800000 0xbf800000	0xfffffffa
v_frexp_exp_i32_f64		0x3f800000 0x800000	0xfffffc0a
v_frexp_exp_i32_f64		0x3f800000 0x7f7fffff	0x000003f9
v_frexp_exp_i32_f64		0x3f800000 0x7f800000	0x000003fa
v_frexp_exp_i32_f64		0x3f800000 0xff800000	0x000003fa
v_frexp_exp_i32_f64		0x3f800000 0x7fc00000	0x000003fe
v_frexp_exp_i32_f64		0xbf800000 0x0	0x00000000
v_frexp_exp_i32_f64		0xbf800000 0x80000000	0x00000000
v_frexp_exp_i32_f64		0xbf800000 0x3f000000	0xfffffff2
v_frexp_exp_i32_f64		0xbf800000 0x3f800000	0xfffffffa
v_frexp_exp_i32_f64		0xbf800000 0xbf800000	0xfffffffa
v_frexp_exp_i32_f64		0xbf800000 0x800000	0xfffffc0a
v_frexp_exp_i32_f64		0xbf800000 0x7f7fffff	0x000003f9
v_frexp_exp_i32_f64		0xbf800000 0x7f800000	0x000003fa
v_frexp_exp_i32_f64		0xbf800000 0xff800000	0x000003fa
v_frexp_exp_i32_f64		0xbf800000 0x7fc00000	0x000003fe
v_frexp_exp_i32_f64		0x800000 0x0	0x00000000
v_frexp_exp_i32_f64		0x800000 0x80000000	0x00000000
v_frexp_exp_i32_f64		0x800000 0x3f000000	0xfffffff2
v_frexp_exp_i32_f64		0x800000 0x3f800000	0xfffffffa
v_frexp_exp_i32_f64		0x800000 0xbf800000	0xfffffffa
v_frexp_exp_i32_f64		0x800000 0x800000	0xfffffc0a
v_frexp_exp_i32_f64		0x800000 0x7f7fffff	0x000003f9
v_frexp_exp_i32_f64		0x800000 0x7f800000	0x000003fa
v_frexp_exp_i32_f64		0x800000 0xff800000	0x000003fa
v_frexp_exp_i32_f64		0x800000 0x7fc00000	0x000003fe
v_frexp_exp_i32_f64		0x7f7fffff 0x0	0x00000000
v_frexp_exp_i32_f64		0x7f7fffff 0x80000000	0x00000000
v_frexp_exp_i32_f64		0x7f7fffff 0x3f000000	0xfffffff2
v_frexp_exp_i32_f64		0x7f7fffff 0x3f800000	0xfffffffa
v_frexp_exp_i32_f64		0x7f7fffff 0xbf800000	0xfffffffa
v_frexp_exp_i32_f64		0x7f7fffff 0x800000	0xfffffc0a
v_frexp_exp_i32_f64		0x7f7fffff 0x7f7fffff	0x000003f9
v_frexp_exp_i32_f64		0x7f7fffff 0x7f800000	0x000003fa
v_frexp_exp_i32_f64		0x7f7fffff 0xff800000	0x000003fa
v_frexp_exp_i32_f64		0x7f7fffff 0x7fc00000	0x000003fe
v_frexp_exp_i32_f64		0x7f800000 0x0	0x00000000
v_frexp_exp_i32_f64		0x7f800000 0x80000000	0x00000000
v_frexp_exp_i32_f64		0x7f800000 0x3f000000	0xfffffff2
v_frexp_exp_i32_f64		0x7f800000 0x3f800000	0xfffffffa
v_frexp_exp_i32_f64		0x7f800000 0xbf800000	0xfffffffa
v_frexp_exp_i32_f64		0x7f800000 0x800000	0xfffffc0a
v_frexp_exp_i32_f64		0x7f800000 0x7f7fffff	0x000003f9
v_frexp_exp_i32_f64		0x7f800000 0x7f800000	0x000003fa
v_frexp_exp_i32_f64		0x7f800000 0xff800000	0x000003fa
v_frexp_exp_i32_f64		0x7f800000 0x7fc00000	0x000003fe
v_frexp_exp_i32_f64		0xff800000 0x0	0x00000000
v_frexp_exp_i32_f64		0xff800000 0x80000000	0x00000000
v_frexp_exp_i32_f64		0xff800000 0x3f000000	0xfffffff2
v_frexp_exp_i32_f64		0xff800000 0x3f800000	0xfffffffa
v_frexp_exp_i32_f64		0xff800000 0xbf800000	0xfffffffa
v_frexp_exp_i32_f64		0xff800000 0x800000	0xfffffc0a
v_frexp_exp_i32_f64		0xff800000 0x7f7fffff	0x000003f9
v_frexp_exp_i32_f64		0xff800000 0x7f800000	0x000003fa
v_frexp_exp_i32_f64		0xff800000 0xff800000	0x000003fa
v_frexp_exp_i32_f64		0xff800000 0x7fc00000	0x000003fe
v_frexp_exp_i32_f64		0x7fc00000 0x0	0x00000000
v_frexp_exp_i32_f64		0x7fc00000 0x80000000	0x00000000
v_frexp_exp_i32_f64		0x7fc00000 0x3f000000	0xfffffff2
v_frexp_exp_i32_f64		0x7fc00000 0x3f800000	0xfffffffa
v_frexp_exp_i32_f64		0x7fc00000 0xbf800000	0xfffffffa
v_frexp_exp_i32_f64		0x7fc00000 0x800000	0xfffffc0a
v_frexp_exp_i32_f64		0x7fc00000 0x7f7fffff	0x000003f9
v_frexp_exp_i32_f64		0x7fc00000 0x7f800000	0x000003fa
v_frexp_exp_i32_f64		0x7fc00000 0xff800000	0x000003fa
v_frexp_exp_i32_f64		0x7fc00000 0x7fc00000	0x000003fe
v_frexp_mant_f32		0x0	0x00000000
v_frexp_mant_f32		0x80000000	0x80000000
v_frexp_mant_f32		0x3f000000	0x3f000000
v_frexp_mant_f32		0x3f800000	0x3f000000
v_frexp_mant_f32		0xbf800000	0xbf000000
v_frexp_mant_f32		0x800000	0x3f000000
v_frexp_mant_f32		0x7f7fffff	0x3f7fffff
v_frexp_mant_f32		0x7f800000	0x7f800000
v_frexp_mant_f32		0xff800000	0xff800000
v_frexp_mant_f32		0x7fc00000	0x7fc00000
v_frexp_mant_f64		0x0 0x0	0x00000000 0x00000000
v_frexp_mant_f64		0x0 0x80000000	0x00000000 0x80000000
v_frexp_mant_f64		0x0 0x3f000000	0x00000000 0x3fe00000
v_frexp_mant_f64		0x0 0x3f800000	0x00000000 0x3fe00000
v_frexp_mant_f64		0x0 0xbf800000	0x00000000 0xbfe00000
v_frexp_mant_f64		0x0 0x800000	0x00000000 0x3fe00000
v_frexp_mant_f64		0x0 0x7f7fffff	0x00000000 0x3fefffff
v_frexp_mant_f64		0x0 0x7f800000	0x00000000 0x3fe00000
v_frexp_mant_f64		0x0 0xff800000	0x00000000 0xbfe00000
v_frexp_mant_f64		0x0 0x7fc00000	0x00000000 0x3fe00000
v_frexp_mant_f64		0x80000000 0x0	0x00000000 0x00000000
v_frexp_mant_f64		0x80000000 0x80000000	0x00000000 0x80000000
v_frexp_mant_f64		0x80000000 0x3f000000	0x80000000 0x3fe00000
v_frexp_mant_f64		0x80000000 0x3f800000	0x80000000 0x3fe00000
v_frexp_mant_f64		0x80000000 0xbf800000	0x80000000 0xbfe00000
v_frexp_mant_f64		0x80000000 0x800000	0x80000000 0x3fe00000
v_frexp_mant_f64		0x80000000 0x7f7fffff	0x80000000 0x3fefffff
v_frexp_mant_f64		0x80000000 0x7f800000	0x80000000 0x3fe00000
v_frexp_mant_f64		0x80000000 0xff800000	0x80000000 0xbfe00000
v_frexp_mant_f64		0x80000000 0x7fc00000	0x80000000 0x3fe00000
v_frexp_mant_f64		0x3f000000 0x0	0x00000000 0x00000000
v_frexp_mant_f64		0x3f000000 0x80000000	0x00000000 0x80000000
v_frexp_mant_f64		0x3f000000 0x3f000000	0x3f000000 0x3fe00000
v_frexp_mant_f64		0x3f000000 0x3f800000	0x3f000000 0x3fe00000
v_frexp_mant_f64		0x3f000000 0xbf800000	0x3f000000 0xbfe00000
v_frexp_mant_f64		0x3f000000 0x800000	0x3f000000 0x3fe00000
v_frexp_mant_f64		0x3f000000 0x7f7fffff	0x3f000000 0x3fefffff
v_frexp_mant_f64		0x3f000000 0x7f800000	0x3f000000 0x3fe00000
v_frexp_mant_f64		0x3f000000 0xff800000	0x3f000000 0xbfe00000
v_frexp_mant_f64		0x3f000000 0x7fc00000	0x3f000000 0x3fe00000
v_frexp_mant_f64		0x3f800000 0x0	0x00000000 0x00000000
v_frexp_mant_f64		0x3f800000 0x80000000	0x00000000 0x80000000
v_frexp_mant_f64		0x3f800000 0x3f000000	0x3f800000 0x3fe00000
v_frexp_mant_f64		0x3f800000 0x3f800000	0x3f800000 0x3fe00000
v_frexp_mant_f64		0x3f800000 0xbf800000	0x3f800000 0xbfe00000
v_frexp_mant_f64		0x3f800000 0x800000	0x3f800000 0x3fe00000
v_frexp_mant_f64		0x3f800000 0x7f7fffff	0x3f800000 0x3fefffff
v_frexp_mant_f64		0x3f800000 0x7f800000	0x3f800000 0x3fe00000
v_frexp_mant_f64		0x3f800000 0xff800000	0x3f800000 0xbfe00000
v_frexp_mant_f64		0x3f800000 0x7fc00000	0x3f800000 0x3fe00000
v_frexp_mant_f64		0xbf800000 0x0	0x00000000 0x00000000
v_frexp_mant_f64		0xbf800000 0x80000000	0x00000000 0x80000000
v_frexp_mant_f64		0xbf800000 0x3f000000	0xbf800000 0x3fe00000
v_frexp_mant_f64		0xbf800000 0x3f800000	0xbf800000 0x3fe00000
v_frexp_mant_f64		0xbf800000 0xbf800000	0xbf800000 0xbfe00000
v_frexp_mant_f64		0xbf800000 0x800000	0xbf800000 0x3fe00000
v_frexp_mant_f64		0xbf800000 0x7f7fffff	0xbf800000 0x3fefffff
v_frexp_mant_f64		0xbf800000 0x7f800000	0xbf800000 0x3fe00000
v_frexp_mant_f64		0xbf800000 0xff800000	0xbf800000 0xbfe00000
v_frexp_mant_f64		0xbf800000 0x7fc00000	0xbf800000 0x3fe00000
v_frexp_mant_f64		0x800000 0x0	0x00000000 0x00000000
v_frexp_mant_f64		0x800000 0x80000000	0x00000000 0x80000000
v_frexp_mant_f64		0x800000 0x3f000000	0x00800000 0x3fe00000
v_frexp_mant_f64		0x800000 0x3f800000	0x00800000 0x3fe00000
v_frexp_mant_f64		0x800000 0xbf800000	0x00800000 0xbfe00000
v_frexp_mant_f64		0x800000 0x800000	0x00800000 0x3fe00000
v_frexp_mant_f64		0x800000 0x7f7fffff	0x00800000 0x3fefffff
v_frexp_mant_f64		0x800000 0x7f800000	0x00800000 0x3fe00000
v_frexp_mant_f64		0x800000 0xff800000	0x00800000 0xbfe00000
v_frexp_mant_f64		0x800000 0x7fc00000	0x00800000 0x3fe00000
v_frexp_mant_f64		0x7f7fffff 0x0	0x00000000 0x00000000
v_frexp_mant_f64		0x7f7fffff 0x80000000	0x00000000 0x80000000
v_frexp_mant_f64		0x7f7fffff 0x3f000000	0x7f7fffff 0x3fe00000
v_frexp_mant_f64		0x7f7fffff 0x3f800000	0x7f7fffff 0x3fe00000
v_frexp_mant_f64		0x7f7fffff 0xbf800000	0x7f7fffff 0xbfe00000
v_frexp_mant_f64		0x7f7fffff 0x800000	0x7f7fffff 0x3fe00000
v_frexp_mant_f64		0x7f7fffff 0x7f7fffff	0x7f7fffff 0x3fefffff
v_frexp_mant_f64		0x7f7fffff 0x7f800000	0x7f7fffff 0x3fe00000
v_frexp_mant_f64		0x7f7fffff 0xff800000	0x7f7fffff 0xbfe00000
v_frexp_mant_f64		0x7f7fffff 0x7fc00000	0x7f7fffff 0x3fe00000
v_frexp_mant_f64		0x7f800000 0x0	0x00000000 0x00000000
v_frexp_mant_f64		0x7f800000 0x80000000	0x00000000 0x80000000
v_frexp_mant_f64		0x7f800000 0x3f000000	0x7f800000 0x3fe00000
v_frexp_mant_f64		0x7f800000 0x3f800000	0x7f800000 0x3fe00000
v_frexp_mant_f64		0x7f800000 0xbf800000	0x7f800000 0xbfe00000
v_frexp_mant_f64		0x7f800000 0x800000	0x7f800000 0x3fe00000
v_frexp_mant_f64		0x7f800000 0x7f7fffff	0x7f800000 0x3fefffff
v_frexp_mant_f64		0x7f800000 0x7f800000	0x7f800000 0x3fe00000
v_frexp_mant_f64		0x7f800000 0xff800000	0x7f800000 0xbfe00000
v_frexp_mant_f64		0x7f800000 0x7fc00000	0x7f800000 0x3fe00000
v_frexp_mant_f64		0xff800000 0x0	0x00000000 0x00000000
v_frexp_mant_f64		0xff800000 0x80000000	0x00000000 0x80000000
v_frexp_mant_f64		0xff800000 0x3f000000	0xff800000 0x3fe00000
v_frexp_mant_f64		0xff800000 0x3f800000	0xff800000 0x3fe00000
v_frexp_mant_f64		0xff800000 0xbf800000	0xff800000 0xbfe00000
v_frexp_mant_f64		0xff800000 0x800000	0xff800000 0x3fe00000
v_frexp_mant_f64		0xff800000 0x7f7fffff	0xff800000 0x3fefffff
v_frexp_mant_f64		0xff800000 0x7f800000	0xff800000 0x3fe00000
v_frexp_mant_f64		0xff800000 0xff800000	0xff800000 0xbfe00000
v_frexp_mant_f64		0xff800000 0x7fc00000	0xff800000 0x3fe00000
v_frexp_mant_f64		0x7fc00000 0x0	0x00000000 0x00000000
v_frexp_mant_f64		0x7fc00000 0x80000000	0x00000000 0x80000000
v_frexp_mant_f64		0x7fc00000 0x3f000000	0x7fc00000 0x3fe00000
v_frexp_mant_f64		0x7fc00000 0x3f800000	0x7fc00000 0x3fe00000
v_frexp_mant_f64		0x7fc00000 0xbf800000	0x7fc00000 0xbfe00000
v_frexp_mant_f64		0x7fc00000 0x800000	0x7fc00000 0x3fe00000
v_frexp_mant_f64		0x7fc00000 0x7f7fffff	0x7fc00000 0x3fefffff
v_frexp_mant_f64		0x7fc00000 0x7f800000	0x7fc00000 0x3fe00000
v_frexp_mant_f64		0x7fc00000 0xff800000	0x7fc00000 0xbfe00000
v_frexp_mant_f64		0x7fc00000 0x7fc00000	0x7fc00000 0x3fe00000
v_ineg_i32		0x0	0x00000000
v_ineg_i32		0x1	0xffffffff
v_ineg_i32		0x7fffffff	0x80000001
v_ineg_i32		0x80000000	0x80000000
v_ineg_i32		0xfffffffe	0x00000002
v_ineg_i32		0xffffffff	0x00000001
v_ldexp_f32		0x0 0x0	0x00000000
v_ldexp_f32		0x0 0x1	0x00000000
v_ldexp_f32		0x0 0x7fffffff	0x00000000
v_ldexp_f32		0x0 0x80000000	0x00000000
v_ldexp_f32		0x0 0xfffffffe	0x00000000
v_ldexp_f32		0x0 0xffffffff	0x00000000
v_ldexp_f32		0x80000000 0x0	0x80000000
v_ldexp_f32		0x80000000 0x1	0x80000000
v_ldexp_f32		0x80000000 0x7fffffff	0x80000000
v_ldexp_f32		0x80000000 0x80000000	0x80000000
v_ldexp_f32		0x80000000 0xfffffffe	0x80000000
v_ldexp_f32		0x80000000 0xffffffff	0x80000000
v_ldexp_f32		0x3f000000 0x0	0x3f000000
v_ldexp_f32		0x3f000000 0x1	0x3f800000
v_ldexp_f32		0x3f000000 0x7fffffff	0x7f800000
v_ldexp_f32		0x3f000000 0x80000000	0x00000000
v_ldexp_f32		0x3f000000 0xfffffffe	0x3e000000
v_ldexp_f32		0x3f000000 0xffffffff	0x3e800000
v_ldexp_f32		0x3f800000 0x0	0x3f800000
v_ldexp_f32		0x3f800000 0x1	0x40000000
v_ldexp_f32		0x3f800000 0x7fffffff	0x7f800000
v_ldexp_f32		0x3f800000 0x80000000	0x00000000
v_ldexp_f32		0x3f800000 0xfffffffe	0x3e800000
v_ldexp_f32		0x3f800000 0xffffffff	0x3f000000
v_ldexp_f32		0xbf800000 0x0	0xbf800000
v_ldexp_f32		0xbf800000 0x1	0xc0000000
v_ldexp_f32		0xbf800000 0x7fffffff	0xff800000
v_ldexp_f32		0xbf800000 0x80000000	0x80000000
v_ldexp_f32		0xbf800000 0xfffffffe	0xbe800000
v_ldexp_f32		0xbf800000 0xffffffff	0xbf000000
v_ldexp_f32		0x800000 0x0	0x00800000
v_ldexp_f32		0x800000 0x1	0x01000000
v_ldexp_f32		0x800000 0x7fffffff	0x7f800000
v_ldexp_f32		0x800000 0x80000000	0x00000000
v_ldexp_f32		0x800000 0xfffffffe	0x00000000
v_ldexp_f32		0x800000 0xffffffff	0x00000000
v_ldexp_f32		0x7f7fffff 0x0	0x7f7fffff
v_ldexp_f32		0x7f7fffff 0x1	0x7f800000
v_ldexp_f32		0x7f7fffff 0x7fffffff	0x7f800000
v_ldexp_f32		0x7f7fffff 0x80000000	0x00000000
v_ldexp_f32		0x7f7fffff 0xfffffffe	0x7e7fffff
v_ldexp_f32		0x7f7fffff 0xffffffff	0x7effffff
v_ldexp_f32		0x7f800000 0x0	0x7f800000
v_ldexp_f32		0x7f800000 0x1	0x7f800000
v_ldexp_f32		0x7f800000 0x7fffffff	0x7f800000
v_ldexp_f32		0x7f800000 0x80000000	0x7f800000
v_ldexp_f32		0x7f800000 0xfffffffe	0x7f800000
v_ldexp_f32		0x7f800000 0xffffffff	0x7f800000
v_ldexp_f32		0xff800000 0x0	0xff800000
v_ldexp_f32		0xff800000 0x1	0xff800000
v_ldexp_f32		0xff800000 0x7fffffff	0xff800000
v_ldexp_f32		0xff800000 0x80000000	0xff800000
v_ldexp_f32		0xff800000 0xfffffffe	0xff800000
v_ldexp_f32		0xff800000 0xffffffff	0xff800000
v_ldexp_f32		0x7fc00000 0x0	0x7fc00000
v_ldexp_f32		0x7fc00000 0x1	0x7fc00000
v_ldexp_f32		0x7fc00000 0x7fffffff	0x7fc00000
v_ldexp_f32		0x7fc00000 0x80000000	0x7fc00000
v_ldexp_f32		0x7fc00000 0xfffffffe	0x7fc00000
v_ldexp_f32		0x7fc00000 0xffffffff	0x7fc00000
v_ldexp_f64		0x0 0x0 0x0	0x00000000 0x00000000
v_ldexp_f64		0x0 0x0 0x1	0x00000000 0x00000000
v_ldexp_f64		0x0 0x0 0x7fffffff	0x00000000 0x00000000
v_ldexp_f64		0x0 0x0 0x80000000	0x00000000 0x00000000
v_ldexp_f64		0x0 0x0 0xfffffffe	0x00000000 0x00000000
v_ldexp_f64		0x0 0x0 0xffffffff	0x00000000 0x00000000
v_ldexp_f64		0x0 0x80000000 0x0	0x00000000 0x80000000
v_ldexp_f64		0x0 0x80000000 0x1	0x00000000 0x80000000
v_ldexp_f64		0x0 0x80000000 0x7fffffff	0x00000000 0x80000000
v_ldexp_f64		0x0 0x80000000 0x80000000	0x00000000 0x80000000
v_ldexp_f64		0x0 0x80000000 0xfffffffe	0x00000000 0x80000000
v_ldexp_f64		0x0 0x80000000 0xffffffff	0x00000000 0x80000000
v_ldexp_f64		0x0 0x3f000000 0x0	0x00000000 0x3f000000
v_ldexp_f64		0x0 0x3f000000 0x1	0x00000000 0x3f100000
v_ldexp_f64		0x0 0x3f000000 0x7fffffff	0x00000000 0x7ff00000
v_ldexp_f64		0x0 0x3f000000 0x80000000	0x00000000 0x00000000
v_ldexp_f64		0x0 0x3f000000 0xfffffffe	0x00000000 0x3ee00000
v_ldexp_f64		0x0 0x3f000000 0xffffffff	0x00000000 0x3ef00000
v_ldexp_f64		0x0 0x3f800000 0x0	0x00000000 0x3f800000
v_ldexp_f64		0x0 0x3f800000 0x1	0x00000000 0x3f900000
v_ldexp_f64		0x0 0x3f800000 0x7fffffff	0x00000000 0x7ff00000
v_ldexp_f64		0x0 0x3f800000 0x80000000	0x00000000 0x00000000
v_ldexp_f64		0x0 0x3f800000 0xfffffffe	0x00000000 0x3f600000
v_ldexp_f64		0x0 0x3f800000 0xffffffff	0x00000000 0x3f700000
v_ldexp_f64		0x0 0xbf800000 0x0	0x00000000 0xbf800000
v_ldexp_f64		0x0 0xbf800000 0x1	0x00000000 0xbf900000
v_ldexp_f64		0x0 0xbf800000 0x7fffffff	0x00000000 0xfff00000
v_ldexp_f64		0x0 0xbf800000 0x80000000	0x00000000 0x80000000
v_ldexp_f64		0x0 0xbf800000 0xfffffffe	0x00000000 0xbf600000
v_ldexp_f64		0x0 0xbf800000 0xffffffff	0x00000000 0xbf700000
v_ldexp_f64		0x0 0x800000 0x0	0x00000000 0x00800000
v_ldexp_f64		0x0 0x800000 0x1	0x00000000 0x00900000
v_ldexp_f64		0x0 0x800000 0x7fffffff	0x00000000 0x7ff00000
v_ldexp_f64		0x0 0x800000 0x80000000	0x00000000 0x00000000
v_ldexp_f64		0x0 0x800000 0xfffffffe	0x00000000 0x00600000
v_ldexp_f64		0x0 0x800000 0xffffffff	0x00000000 0x00700000
v_ldexp_f64		0x0 0x7f7fffff 0x0	0x00000000 0x7f7fffff
v_ldexp_f64		0x0 0x7f7fffff 0x1	0x00000000 0x7f8fffff
v_ldexp_f64		0x0 0x7f7fffff 0x7fffffff	0x00000000 0x7ff00000
v_ldexp_f64		0x0 0x7f7fffff 0x80000000	0x00000000 0x00000000
v_ldexp_f64		0x0 0x7f7fffff 0xfffffffe	0x00000000 0x7f5fffff
v_ldexp_f64		0x0 0x7f7fffff 0xffffffff	0x00000000 0x7f6fffff
v_ldexp_f64		0x0 0x7f800000 0x0	0x00000000 0x7f800000
v_ldexp_f64		0x0 0x7f800000 0x1	0x00000000 0x7f900000
v_ldexp_f64		0x0 0x7f800000 0x7fffffff	0x00000000 0x7ff00000
v_ldexp_f64		0x0 0x7f800000 0x80000000	0x00000000 0x00000000
v_ldexp_f64		0x0 0x7f800000 0xfffffffe	0x00000000 0x7f600000
v_ldexp_f64		0x0 0x7f800000 0xffffffff	0x00000000 0x7f700000
v_ldexp_f64		0x0 0xff800000 0x0	0x00000000 0xff800000
v_ldexp_f64		0x0 0xff800000 0x1	0x00000000 0xff900000
v_ldexp_f64		0x0 0xff800000 0x7fffffff	0x00000000 0xfff00000
v_ldexp_f64		0x0 0xff800000 0x80000000	0x00000000 0x80000000
v_ldexp_f64		0x0 0xff800000 0xfffffffe	0x00000000 0xff600000
v_ldexp_f64		0x0 0xff800000 0xffffffff	0x00000000 0xff700000
v_ldexp_f64		0x0 0x7fc00000 0x0	0x00000000 0x7fc00000
v_ldexp_f64		0x0 0x7fc00000 0x1	0x00000000 0x7fd00000
v_ldexp_f64		0x0 0x7fc00000 0x7fffffff	0x00000000 0x7ff00000
v_ldexp_f64		0x0 0x7fc00000 0x80000000	0x00000000 0x00000000
v_ldexp_f64		0x0 0x7fc00000 0xfffffffe	0x00000000 0x7fa00000
v_ldexp_f64		0x0 0x7fc00000 0xffffffff	0x00000000 0x7fb00000
v_ldexp_f64		0x80000000 0x0 0x0	0x00000000 0x00000000
v_ldexp_f64		0x80000000 0x0 0x1	0x00000000 0x00000000
v_ldexp_f64		0x80000000 0x0 0x7fffffff	0x00000000 0x7ff00000
v_ldexp_f64		0x80000000 0x0 0x80000000	0x00000000 0x00000000
v_ldexp_f64		0x80000000 0x0 0xfffffffe	0x00000000 0x00000000
v_ldexp_f64		0x80000000 0x0 0xffffffff	0x00000000 0x00000000
v_ldexp_f64		0x80000000 0x80000000 0x0	0x00000000 0x80000000
v_ldexp_f64		0x80000000 0x80000000 0x1	0x00000000 0x80000000
v_ldexp_f64		0x80000000 0x80000000 0x7fffffff	0x00000000 0xfff00000
v_ldexp_f64		0x80000000 0x80000000 0x80000000	0x00000000 0x80000000
v_ldexp_f64		0x80000000 0x80000000 0xfffffffe	0x00000000 0x80000000
v_ldexp_f64		0x80000000 0x80000000 0xffffffff	0x00000000 0x80000000
v_ldexp_f64		0x80000000 0x3f000000 0x0	0x80000000 0x3f000000
v_ldexp_f64		0x80000000 0x3f000000 0x1	0x80000000 0x3f100000
v_ldexp_f64		0x80000000 0x3f000000 0x7fffffff	0x00000000 0x7ff00000
v_ldexp_f64		0x80000000 0x3f000000 0x80000000	0x00000000 0x00000000
v_ldexp_f64		0x80000000 0x3f000000 0xfffffffe	0x80000000 0x3ee00000
v_ldexp_f64		0x80000000 0x3f000000 0xffffffff	0x80000000 0x3ef00000
v_ldexp_f64		0x80000000 0x3f800000 0x0	0x80000000 0x3f800000
v_ldexp_f64		0x80000000 0x3f800000 0x1	0x80000000 0x3f900000
v_ldexp_f64		0x80000000 0x3f800000 0x7fffffff	0x00000000 0x7ff00000
v_ldexp_f64		0x80000000 0x3f800000 0x80000000	0x00000000 0x00000000
v_ldexp_f64		0x80000000 0x3f800000 0xfffffffe	0x80000000 0x3f600000
v_ldexp_f64		0x80000000 0x3f800000 0xffffffff	0x80000000 0x3f700000
v_ldexp_f64		0x80000000 0xbf800000 0x0	0x80000000 0xbf800000
v_ldexp_f64		0x80000000 0xbf800000 0x1	0x80000000 0xbf900000
v_ldexp_f64		0x80000000 0xbf800000 0x7fffffff	0x00000000 0xfff00000
v_ldexp_f64		0x80000000 0xbf800000 0x80000000	0x00000000 0x80000000
v_ldexp_f64		0x80000000 0xbf800000 0xfffffffe	0x80000000 0xbf600000
v_ldexp_f64		0x80000000 0xbf800000 0xffffffff	0x80000000 0xbf700000
v_ldexp_f64		0x80000000 0x800000 0x0	0x80000000 0x00800000
v_ldexp_f64		0x80000000 0x800000 0x1	0x80000000 0x00900000
v_ldexp_f64		0x80000000 0x800000 0x7fffffff	0x00000000 0x7ff00000
v_ldexp_f64		0x80000000 0x800000 0x80000000	0x00000000 0x00000000
v_ldexp_f64		0x80000000 0x800000 0xfffffffe	0x80000000 0x00600000
v_ldexp_f64		0x80000000 0x800000 0xffffffff	0x80000000 0x00700000
v_ldexp_f64		0x80000000 0x7f7fffff 0x0	0x80000000 0x7f7fffff
v_ldexp_f64		0x80000000 0x7f7fffff 0x1	0x80000000 0x7f8fffff
v_ldexp_f64		0x80000000 0x7f7fffff 0x7fffffff	0x00000000 0x7ff00000
v_ldexp_f64		0x80000000 0x7f7fffff 0x80000000	0x00000000 0x00000000
v_ldexp_f64		0x80000000 0x7f7fffff 0xfffffffe	0x80000000 0x7f5fffff
v_ldexp_f64		0x80000000 0x7f7fffff 0xffffffff	0x80000000 0x7f6fffff
v_ldexp_f64		0x80000000 0x7f800000 0x0	0x80000000 0x7f800000
v_ldexp_f64		0x80000000 0x7f800000 0x1	0x80000000 0x7f900000
v_ldexp_f64		0x80000000 0x7f800000 0x7fffffff	0x00000000 0x7ff00000
v_ldexp_f64		0x80000000 0x7f800000 0x80000000	0x00000000 0x00000000
v_ldexp_f64		0x80000000 0x7f800000 0xfffffffe	0x80000000 0x7f600000
v_ldexp_f64		0x80000000 0x7f800000 0xffffffff	0x80000000 0x7f700000
v_ldexp_f64		0x80000000 0xff800000 0x0	0x80000000 0xff800000
v_ldexp_f64		0x80000000 0xff800000 0x1	0x80000000 0xff900000
v_ldexp_f64		0x80000000 0xff800000 0x7fffffff	0x00000000 0xfff00000
v_ldexp_f64		0x80000000 0xff800000 0x80000000	0x00000000 0x80000000
v_ldexp_f64		0x80000000 0xff800000 0xfffffffe	0x80000000 0xff600000
v_ldexp_f64		0x80000000 0xff800000 0xffffffff	0x80000000 0xff700000
v_ldexp_f64		0x80000000 0x7fc00000 0x0	0x80000000 0x7fc00000
v_ldexp_f64		0x80000000 0x7fc00000 0x1	0x80000000 0x7fd00000
v_ldexp_f64		0x80000000 0x7fc00000 0x7fffffff	0x00000000 0x7ff00000
v_ldexp_f64		0x80000000 0x7fc00000 0x80000000	0x00000000 0x00000000
v_ldexp_f64		0x80000000 0x7fc00000 0xfffffffe	0x80000000 0x7fa00000
v_ldexp_f64		0x80000000 0x7fc00000 0xffffffff	0x80000000 0x7fb00000
v_ldexp_f64		0x3f000000 0x0 0x0	0x00000000 0x00000000
v_ldexp_f64		0x3f000000 0x0 0x1	0x00000000 0x00000000
v_ldexp_f64		0x3f000000 0x0 0x7fffffff	0x00000000 0x7ff00000
v_ldexp_f64		0x3f000000 0x0 0x80000000	0x00000000 0x00000000
v_ldexp_f64		0x3f000000 0x0 0xfffffffe	0x00000000 0x00000000
v_ldexp_f64		0x3f000000 0x0 0xffffffff	0x00000000 0x00000000
v_ldexp_f64		0x3f000000 0x80000000 0x0	0x00000000 0x80000000
v_ldexp_f64		0x3f000000 0x80000000 0x1	0x00000000 0x80000000
v_ldexp_f64		0x3f000000 0x80000000 0x7fffffff	0x00000000 0xfff00000
v_ldexp_f64		0x3f000000 0x80000000 0x80000000	0x00000000 0x80000000
v_ldexp_f64		0x3f000000 0x80000000 0xfffffffe	0x00000000 0x80000000
v_ldexp_f64		0x3f000000 0x80000000 0xffffffff	0x00000000 0x80000000
v_ldexp_f64		0x3f000000 0x3f000000 0x0	0x3f000000 0x3f000000
v_ldexp_f64		0x3f000000 0x3f000000 0x1	0x3f000000 0x3f100000
v_ldexp_f64		0x3f000000 0x3f000000 0x7fffffff	0x00000000 0x7ff00000
v_ldexp_f64		0x3f000000 0x3f000000 0x80000000	0x00000000 0x00000000
v_ldexp_f64		0x3f000000 0x3f000000 0xfffffffe	0x3f000000 0x3ee00000
v_ldexp_f64		0x3f000000 0x3f000000 0xffffffff	0x3f000000 0x3ef00000
v_ldexp_f64		0x3f000000 0x3f800000 0x0	0x3f000000 0x3f800000
v_ldexp_f64		0x3f000000 0x3f800000 0x1	0x3f000000 0x3f900000
v_ldexp_f64		0x3f000000 0x3f800000 0x7fffffff	0x00000000 0x7ff00000
v_ldexp_f64		0x3f000000 0x3f800000 0x80000000	0x00000000 0x00000000
v_ldexp_f64		0x3f000000 0x3f800000 0xfffffffe	0x3f000000 0x3f600000
v_ldexp_f64		0x3f000000 0x3f800000 0xffffffff	0x3f000000 0x3f700000
v_ldexp_f64		0x3f000000 0xbf800000 0x0	0x3f000000 0xbf800000
v_ldexp_f64		0x3f000000 0xbf800000 0x1	0x3f000000 0xbf900000
v_ldexp_f64		0x3f000000 0xbf800000 0x7fffffff	0x00000000 0xfff00000
v_ldexp_f64		0x3f000000 0xbf800000 0x80000000	0x00000000 0x80000000
v_ldexp_f64		0x3f000000 0xbf800000 0xfffffffe	0x3f000000 0xbf600000
v_ldexp_f64		0x3f000000 0xbf800000 0xffffffff	0x3f000000 0xbf700000
v_ldexp_f64		0x3f000000 0x800000 0x0	0x3f000000 0x00800000
v_ldexp_f64		0x3f000000 0x800000 0x1	0x3f000000 0x00900000
v_ldexp_f64		0x3f000000 0x800000 0x7fffffff	0x00000000 0x7ff00000
v_ldexp_f64		0x3f000000 0x800000 0x80000000	0x00000000 0x00000000
v_ldexp_f64		0x3f000000 0x800000 0xfffffffe	0x3f000000 0x00600000
v_ldexp_f64		0x3f000000 0x800000 0xffffffff	0x3f000000 0x00700000
v_ldexp_f64		0x3f000000 0x7f7fffff 0x0	0x3f000000 0x7f7fffff
v_ldexp_f64		0x3f000000 0x7f7fffff 0x1	0x3f000000 0x7f8fffff
v_ldexp_f64		0x3f000000 0x7f7fffff 0x7fffffff	0x00000000 0x7ff00000
v_ldexp_f64		0x3f000000 0x7f7fffff 0x80000000	0x00000000 0x00000000
v_ldexp_f64		0x3f000000 0x7f7fffff 0xfffffffe	0x3f000000 0x7f5fffff
v_ldexp_f64		0x3f000000 0x7f7fffff 0xffffffff	0x3f000000 0x7f6fffff
v_ldexp_f64		0x3f000000 0x7f800000 0x0	0x3f000000 0x7f800000
v_ldexp_f64		0x3f000000 0x7f800000 0x1	0x3f000000 0x7f900000
v_ldexp_f64		0x3f000000 0x7f800000 0x7fffffff	0x00000000 0x7ff00000
v_ldexp_f64		0x3f000000 0x7f800000 0x80000000	0x00000000 0x00000000
v_ldexp_f64		0x3f000000 0x7f800000 0xfffffffe	0x3f000000 0x7f600000
v_ldexp_f64		0x3f000000 0x7f800000 0xffffffff	0x3f000000 0x7f700000
v_ldexp_f64		0x3f000000 0xff800000 0x0	0x3f000000 0xff800000
v_ldexp_f64		0x3f000000 0xff800000 0x1	0x3f000000 0xff900000
v_ldexp_f64		0x3f000000 0xff800000 0x7fffffff	0x00000000 0xfff00000
v_ldexp_f64		0x3f000000 0xff800000 0x80000000	0x00000000 0x80000000
v_ldexp_f64		0x3f000000 0xff800000 0xfffffffe	0x3f000000 0xff600000
v_ldexp_f64		0x3f000000 0xff800000 0xffffffff	0x3f000000 0xff700000
v_ldexp_f64		0x3f000000 0x7fc00000 0x0	0x3f000000 0x7fc00000
v_ldexp_f64		0x3f000000 0x7fc00000 0x1	0x3f000000 0x7fd00000
v_ldexp_f64		0x3f000000 0x7fc00000 0x7fffffff	0x00000000 0x7ff00000
v_ldexp_f64		0x3f000000 0x7fc00000 0x80000000	0x00000000 0x00000000
v_ldexp_f64		0x3f000000 0x7fc00000 0xfffffffe	0x3f000000 0x7fa00000
v_ldexp_f64		0x3f000000 0x7fc00000 0xffffffff	0x3f000000 0x7fb00000
v_ldexp_f64		0x3f800000 0x0 0x0	0x00000000 0x00000000
v_ldexp_f64		0x3f800000 0x0 0x1	0x00000000 0x00000000
v_ldexp_f64		0x3f800000 0x0 0x7fffffff	0x00000000 0x7ff00000
v_ldexp_f64		0x3f800000 0x0 0x80000000	0x00000000 0x00000000
v_ldexp_f64		0x3f800000 0x0 0xfffffffe	0x00000000 0x00000000
v_ldexp_f64		0x3f800000 0x0 0xffffffff	0x00000000 0x00000000
v_ldexp_f64		0x3f800000 0x80000000 0x0	0x00000000 0x80000000
v_ldexp_f64		0x3f800000 0x80000000 0x1	0x00000000 0x80000000
v_ldexp_f64		0x3f800000 0x80000000 0x7fffffff	0x00000000 0xfff00000
v_ldexp_f64		0x3f800000 0x80000000 0x80000000	0x00000000 0x80000000
v_ldexp_f64		0x3f800000 0x80000000 0xfffffffe	0x00000000 0x80000000
v_ldexp_f64		0x3f800000 0x80000000 0xffffffff	0x00000000 0x80000000
v_ldexp_f64		0x3f800000 0x3f000000 0x0	0x3f800000 0x3f000000
v_ldexp_f64		0x3f800000 0x3f000000 0x1	0x3f800000 0x3f100000
v_ldexp_f64		0x3f800000 0x3f000000 0x7fffffff	0x00000000 0x7ff00000
v_ldexp_f64		0x3f800000 0x3f000000 0x80000000	0x00000000 0x00000000
v_ldexp_f64		0x3f800000 0x3f000000 0xfffffffe	0x3f800000 0x3ee00000
v_ldexp_f64		0x3f800000 0x3f000000 0xffffffff	0x3f800000 0x3ef00000
v_ldexp_f64		0x3f800000 0x3f800000 0x0	0x3f800000 0x3f800000
v_ldexp_f64		0x3f800000 0x3f800000 0x1	0x3f800000 0x3f900000
v_ldexp_f64		0x3f800000 0x3f800000 0x7fffffff	0x00000000 0x7ff00000
v_ldexp_f64		0x3f800000 0x3f800000 0x80000000	0x00000000 0x00000000
v_ldexp_f64		0x3f800000 0x3f800000 0xfffffffe	0x3f800000 0x3f600000
v_ldexp_f64		0x3f800000 0x3f800000 0xffffffff	0x3f800000 0x3f700000
v_ldexp_f64		0x3f800000 0xbf800000 0x0	0x3f800000 0xbf800000
v_ldexp_f64		0x3f800000 0xbf800000 0x1	0x3f800000 0xbf900000
v_ldexp_f64		0x3f800000 0xbf800000 0x7fffffff	0x00000000 0xfff00000
v_ldexp_f64		0x3f800000 0xbf800000 0x80000000	0x00000000 0x80000000
v_ldexp_f64		0x3f800000 0xbf800000 0xfffffffe	0x3f800000 0xbf600000
v_ldexp_f64		0x3f800000 0xbf800000 0xffffffff	0x3f800000 0xbf700000
v_ldexp_f64		0x3f800000 0x800000 0x0	0x3f800000 0x00800000
v_ldexp_f64		0x3f800000 0x800000 0x1	0x3f800000 0x00900000
v_ldexp_f64		0x3f800000 0x800000 0x7fffffff	0x00000000 0x7ff00000
v_ldexp_f64		0x3f800000 0x800000 0x80000000	0x00000000 0x00000000
v_ldexp_f64		0x3f800000 0x800000 0xfffffffe	0x3f800000 0x00600000
v_ldexp_f64		0x3f800000 0x800000 0xffffffff	0x3f800000 0x00700000
v_ldexp_f64		0x3f800000 0x7f7fffff 0x0	0x3f800000 0x7f7fffff
v_ldexp_f64		0x3f800000 0x7f7fffff 0x1	0x3f800000 0x7f8fffff
v_ldexp_f64		0x3f800000 0x7f7fffff 0x7fffffff	0x00000000 0x7ff00000
v_ldexp_f64		0x3f800000 0x7f7fffff 0x80000000	0x00000000 0x00000000
v_ldexp_f64		0x3f800000 0x7f7fffff 0xfffffffe	0x3f800000 0x7f5fffff
v_ldexp_f64		0x3f800000 0x7f7fffff 0xffffffff	0x3f800000 0x7f6fffff
v_ldexp_f64		0x3f800000 0x7f800000 0x0	0x3f800000 0x7f800000
v_ldexp_f64		0x3f800000 0x7f800000 0x1	0x3f800000 0x7f900000
v_ldexp_f64		0x3f800000 0x7f800000 0x7fffffff	0x00000000 0x7ff00000
v_ldexp_f64		0x3f800000 0x7f800000 0x80000000	0x00000000 0x00000000
v_ldexp_f64		0x3f800000 0x7f800000 0xfffffffe	0x3f800000 0x7f600000
v_ldexp_f64		0x3f800000 0x7f800000 0xffffffff	0x3f800000 0x7f700000
v_ldexp_f64		0x3f800000 0xff800000 0x0	0x3f800000 0xff800000
v_ldexp_f64		0x3f800000 0xff800000 0x1	0x3f800000 0xff900000
v_ldexp_f64		0x3f800000 0xff800000 0x7fffffff	0x00000000 0xfff00000
v_ldexp_f64		0x3f800000 0xff800000 0x80000000	0x00000000 0x80000000
v_ldexp_f64		0x3f800000 0xff800000 0xfffffffe	0x3f800000 0xff600000
v_ldexp_f64		0x3f800000 0xff800000 0xffffffff	0x3f800000 0xff700000
v_ldexp_f64		0x3f800000 0x7fc00000 0x0	0x3f800000 0x7fc00000
v_ldexp_f64		0x3f800000 0x7fc00000 0x1	0x3f800000 0x7fd00000
v_ldexp_f64		0x3f800000 0x7fc00000 0x7fffffff	0x00000000 0x7ff00000
v_ldexp_f64		0x3f800000 0x7fc00000 0x80000000	0x00000000 0x00000000
v_ldexp_f64		0x3f800000 0x7fc00000 0xfffffffe	0x3f800000 0x7fa00000
v_ldexp_f64		0x3f800000 0x7fc00000 0xffffffff	0x3f800000 0x7fb00000
v_ldexp_f64		0xbf800000 0x0 0x0	0x00000000 0x00000000
v_ldexp_f64		0xbf800000 0x0 0x1	0x00000000 0x00000000
v_ldexp_f64		0xbf800000 0x0 0x7fffffff	0x00000000 0x7ff00000
v_ldexp_f64		0xbf800000 0x0 0x80000000	0x00000000 0x00000000
v_ldexp_f64		0xbf800000 0x0 0xfffffffe	0x00000000 0x00000000
v_ldexp_f64		0xbf800000 0x0 0xffffffff	0x00000000 0x00000000
v_ldexp_f64		0xbf800000 0x80000000 0x0	0x00000000 0x80000000
v_ldexp_f64		0xbf800000 0x80000000 0x1	0x00000000 0x80000000
v_ldexp_f64		0xbf800000 0x80000000 0x7fffffff	0x00000000 0xfff00000
v_ldexp_f64		0xbf800000 0x80000000 0x80000000	0x00000000 0x80000000
v_ldexp_f64		0xbf800000 0x80000000 0xfffffffe	0x00000000 0x80000000
v_ldexp_f64		0xbf800000 0x80000000 0xffffffff	0x00000000 0x80000000
v_ldexp_f64		0xbf800000 0x3f000000 0x0	0xbf800000 0x3f000000
v_ldexp_f64		0xbf800000 0x3f000000 0x1	0xbf800000 0x3f100000
v_ldexp_f64		0xbf800000 0x3f000000 0x7fffffff	0x00000000 0x7ff00000
v_ldexp_f64		0xbf800000 0x3f000000 0x80000000	0x00000000 0x00000000
v_ldexp_f64		0xbf800000 0x3f000000 0xfffffffe	0xbf800000 0x3ee00000
v_ldexp_f64		0xbf800000 0x3f000000 0xffffffff	0xbf800000 0x3ef00000
v_ldexp_f64		0xbf800000 0x3f800000 0x0	0xbf800000 0x3f800000
v_ldexp_f64		0xbf800000 0x3f800000 0x1	0xbf800000 0x3f900000
v_ldexp_f64		0xbf800000 0x3f800000 0x7fffffff	0x00000000 0x7ff00000
v_ldexp_f64		0xbf800000 0x3f800000 0x80000000	0x00000000 0x00000000
v_ldexp_f64		0xbf800000 0x3f800000 0xfffffffe	0xbf800000 0x3f600000
v_ldexp_f64		0xbf800000 0x3f800000 0xffffffff	0xbf800000 0x3f700000
v_ldexp_f64		0xbf800000 0xbf800000 0x0	0xbf800000 0xbf800000
v_ldexp_f64		0xbf800000 0xbf800000 0x1	0xbf800000 0xbf900000
v_ldexp_f64		0xbf800000 0xbf800000 0x7fffffff	0x00000000 0xfff00000
v_ldexp_f64		0xbf800000 0xbf800000 0x80000000	0x00000000 0x80000000
v_ldexp_f64		0xbf800000 0xbf800000 0xfffffffe	0xbf800000 0xbf600000
v_ldexp_f64		0xbf800000 0xbf800000 0xffffffff	0xbf800000 0xbf700000
v_ldexp_f64		0xbf800000 0x800000 0x0	0xbf800000 0x00800000
v_ldexp_f64		0xbf800000 0x800000 0x1	0xbf800000 0x00900000
v_ldexp_f64		0xbf800000 0x800000 0x7fffffff	0x00000000 0x7ff00000
v_ldexp_f64		0xbf800000 0x800000 0x80000000	0x00000000 0x00000000
v_ldexp_f64		0xbf800000 0x800000 0xfffffffe	0xbf800000 0x00600000
v_ldexp_f64		0xbf800000 0x800000 0xffffffff	0xbf800000 0x00700000
v_ldexp_f64		0xbf800000 0x7f7fffff 0x0	0xbf800000 0x7f7fffff
v_ldexp_f64		0xbf800000 0x7f7fffff 0x1	0xbf800000 0x7f8fffff
v_ldexp_f64		0xbf800000 0x7f7fffff 0x7fffffff	0x00000000 0x7ff00000
v_ldexp_f64		0xbf800000 0x7f7fffff 0x80000000	0x00000000 0x00000000
v_ldexp_f64		0xbf800000 0x7f7fffff 0xfffffffe	0xbf800000 0x7f5fffff
v_ldexp_f64		0xbf800000 0x7f7fffff 0xffffffff	0xbf800000 0x7f6fffff
v_ldexp_f64		0xbf800000 0x7f800000 0x0	0xbf800000 0x7f800000
v_ldexp_f64		0xbf800000 0x7f800000 0x1	0xbf800000 0x7f900000
v_ldexp_f64		0xbf800000 0x7f800000 0x7fffffff	0x00000000 0x7ff00000
v_ldexp_f64		0xbf800000 0x7f800000 0x80000000	0x00000000 0x00000000
v_ldexp_f64		0xbf800000 0x7f800000 0xfffffffe	0xbf800000 0x7f600000
v_ldexp_f64		0xbf800000 0x7f800000 0xffffffff	0xbf800000 0x7f700000
v_ldexp_f64		0xbf800000 0xff800000 0x0	0xbf800000 0xff800000
v_ldexp_f64		0xbf800000 0xff800000 0x1	0xbf800000 0xff900000
v_ldexp_f64		0xbf800000 0xff800000 0x7fffffff	0x00000000 0xfff00000
v_ldexp_f64		0xbf800000 0xff800000 0x80000000	0x00000000 0x80000000
v_ldexp_f64		0xbf800000 0xff800000 0xfffffffe	0xbf800000 0xff600000
v_ldexp_f64		0xbf800000 0xff800000 0xffffffff	0xbf800000 0xff700000
v_ldexp_f64		0xbf800000 0x7fc00000 0x0	0xbf800000 0x7fc00000
v_ldexp_f64		0xbf800000 0x7fc00000 0x1	0xbf800000 0x7fd00000
v_ldexp_f64		0xbf800000 0x7fc00000 0x7fffffff	0x00000000 0x7ff00000
v_ldexp_f64		0xbf800000 0x7fc00000 0x80000000	0x00000000 0x00000000
v_ldexp_f64		0xbf800000 0x7fc00000 0xfffffffe	0xbf800000 0x7fa00000
v_ldexp_f64		0xbf800000 0x7fc00000 0xffffffff	0xbf800000 0x7fb00000
v_ldexp_f64		0x800000 0x0 0x0	0x00000000 0x00000000
v_ldexp_f64		0x800000 0x0 0x1	0x00000000 0x00000000
v_ldexp_f64		0x800000 0x0 0x7fffffff	0x00000000 0x7ff00000
v_ldexp_f64		0x800000 0x0 0x80000000	0x00000000 0x00000000
v_ldexp_f64		0x800000 0x0 0xfffffffe	0x00000000 0x00000000
v_ldexp_f64		0x800000 0x0 0xffffffff	0x00000000 0x00000000
v_ldexp_f64		0x800000 0x80000000 0x0	0x00000000 0x80000000
v_ldexp_f64		0x800000 0x80000000 0x1	0x00000000 0x80000000
v_ldexp_f64		0x800000 0x80000000 0x7fffffff	0x00000000 0xfff00000
v_ldexp_f64		0x800000 0x80000000 0x80000000	0x00000000 0x80000000
v_ldexp_f64		0x800000 0x80000000 0xfffffffe	0x00000000 0x80000000
v_ldexp_f64		0x800000 0x80000000 0xffffffff	0x00000000 0x80000000
v_ldexp_f64		0x800000 0x3f000000 0x0	0x00800000 0x3f000000
v_ldexp_f64		0x800000 0x3f000000 0x1	0x00800000 0x3f100000
v_ldexp_f64		0x800000 0x3f000000 0x7fffffff	0x00000000 0x7ff00000
v_ldexp_f64		0x800000 0x3f000000 0x80000000	0x00000000 0x00000000
v_ldexp_f64		0x800000 0x3f000000 0xfffffffe	0x00800000 0x3ee00000
v_ldexp_f64		0x800000 0x3f000000 0xffffffff	0x00800000 0x3ef00000
v_ldexp_f64		0x800000 0x3f800000 0x0	0x00800000 0x3f800000
v_ldexp_f64		0x800000 0x3f800000 0x1	0x00800000 0x3f900000
v_ldexp_f64		0x800000 0x3f800000 0x7fffffff	0x00000000 0x7ff00000
v_ldexp_f64		0x800000 0x3f800000 0x80000000	0x00000000 0x00000000
v_ldexp_f64		0x800000 0x3f800000 0xfffffffe	0x00800000 0x3f600000
v_ldexp_f64		0x800000 0x3f800000 0xffffffff	0x00800000 0x3f700000
v_ldexp_f64		0x800000 0xbf800000 0x0	0x00800000 0xbf800000
v_ldexp_f64		0x800000 0xbf800000 0x1	0x00800000 0xbf900000
v_ldexp_f64		0x800000 0xbf800000 0x7fffffff	0x00000000 0xfff00000
v_ldexp_f64		0x800000 0xbf800000 0x80000000	0x00000000 0x80000000
v_ldexp_f64		0x800000 0xbf800000 0xfffffffe	0x00800000 0xbf600000
v_ldexp_f64		0x800000 0xbf800000 0xffffffff	0x00800000 0xbf700000
v_ldexp_f64		0x800000 0x800000 0x0	0x00800000 0x00800000
v_ldexp_f64		0x800000 0x800000 0x1	0x00800000 0x00900000
v_ldexp_f64		0x800000 0x800000 0x7fffffff	0x00000000 0x7ff00000
v_ldexp_f64		0x800000 0x800000 0x80000000	0x00000000 0x00000000
v_ldexp_f64		0x800000 0x800000 0xfffffffe	0x00800000 0x00600000
v_ldexp_f64		0x800000 0x800000 0xffffffff	0x00800000 0x00700000
v_ldexp_f64		0x800000 0x7f7fffff 0x0	0x00800000 0x7f7fffff
v_ldexp_f64		0x800000 0x7f7fffff 0x1	0x00800000 0x7f8fffff
v_ldexp_f64		0x800000 0x7f7fffff 0x7fffffff	0x00000000 0x7ff00000
v_ldexp_f64		0x800000 0x7f7fffff 0x80000000	0x00000000 0x00000000
v_ldexp_f64		0x800000 0x7f7fffff 0xfffffffe	0x00800000 0x7f5fffff
v_ldexp_f64		0x800000 0x7f7fffff 0xffffffff	0x00800000 0x7f6fffff
v_ldexp_f64		0x800000 0x7f800000 0x0	0x00800000 0x7f800000
v_ldexp_f64		0x800000 0x7f800000 0x1	0x00800000 0x7f900000
v_ldexp_f64		0x800000 0x7f800000 0x7fffffff	0x00000000 0x7ff00000
v_ldexp_f64		0x800000 0x7f800000 0x80000000	0x00000000 0x00000000
v_ldexp_f64		0x800000 0x7f800000 0xfffffffe	0x00800000 0x7f600000
v_ldexp_f64		0x800000 0x7f800000 0xffffffff	0x00800000 0x7f700000
v_ldexp_f64		0x800000 0xff800000 0x0	0x00800000 0xff800000
v_ldexp_f64		0x800000 0xff800000 0x1	0x00800000 0xff900000
v_ldexp_f64		0x800000 0xff800000 0x7fffffff	0x00000000 0xfff00000
v_ldexp_f64		0x800000 0xff800000 0x80000000	0x00000000 0x80000000
v_ldexp_f64		0x800000 0xff800000 0xfffffffe	0x00800000 0xff600000
v_ldexp_f64		0x800000 0xff800000 0xffffffff	0x00800000 0xff700000
v_ldexp_f64		0x800000 0x7fc00000 0x0	0x00800000 0x7fc00000
v_ldexp_f64		0x800000 0x7fc00000 0x1	0x00800000 0x7fd00000
v_ldexp_f64		0x800000 0x7fc00000 0x7fffffff	0x00000000 0x7ff00000
v_ldexp_f64		0x800000 0x7fc00000 0x80000000	0x00000000 0x00000000
v_ldexp_f64		0x800000 0x7fc00000 0xfffffffe	0x00800000 0x7fa00000
v_ldexp_f64		0x800000 0x7fc00000 0xffffffff	0x00800000 0x7fb00000
v_ldexp_f64		0x7f7fffff 0x0 0x0	0x00000000 0x00000000
v_ldexp_f64		0x7f7fffff 0x0 0x1	0x00000000 0x00000000
v_ldexp_f64		0x7f7fffff 0x0 0x7fffffff	0x00000000 0x7ff00000
v_ldexp_f64		0x7f7fffff 0x0 0x80000000	0x00000000 0x00000000
v_ldexp_f64		0x7f7fffff 0x0 0xfffffffe	0x00000000 0x00000000
v_ldexp_f64		0x7f7fffff 0x0 0xffffffff	0x00000000 0x00000000
v_ldexp_f64		0x7f7fffff 0x80000000 0x0	0x00000000 0x80000000
v_ldexp_f64		0x7f7fffff 0x80000000 0x1	0x00000000 0x80000000
v_ldexp_f64		0x7f7fffff 0x80000000 0x7fffffff	0x00000000 0xfff00000
v_ldexp_f64		0x7f7fffff 0x80000000 0x80000000	0x00000000 0x80000000
v_ldexp_f64		0x7f7fffff 0x80000000 0xfffffffe	0x00000000 0x80000000
v_ldexp_f64		0x7f7fffff 0x80000000 0xffffffff	0x00000000 0x80000000
v_ldexp_f64		0x7f7fffff 0x3f000000 0x0	0x7f7fffff 0x3f000000
v_ldexp_f64		0x7f7fffff 0x3f000000 0x1	0x7f7fffff 0x3f100000
v_ldexp_f64		0x7f7fffff 0x3f000000 0x7fffffff	0x00000000 0x7ff00000
v_ldexp_f64		0x7f7fffff 0x3f000000 0x80000000	0x00000000 0x00000000
v_ldexp_f64		0x7f7fffff 0x3f000000 0xfffffffe	0x7f7fffff 0x3ee00000
v_ldexp_f64		0x7f7fffff 0x3f000000 0xffffffff	0x7f7fffff 0x3ef00000
v_ldexp_f64		0x7f7fffff 0x3f800000 0x0	0x7f7fffff 0x3f800000
v_ldexp_f64		0x7f7fffff 0x3f800000 0x1	0x7f7fffff 0x3f900000
v_ldexp_f64		0x7f7fffff 0x3f800000 0x7fffffff	0x00000000 0x7ff00000
v_ldexp_f64		0x7f7fffff 0x3f800000 0x80000000	0x00000000 0x00000000
v_ldexp_f64		0x7f7fffff 0x3f800000 0xfffffffe	0x7f7fffff 0x3f600000
v_ldexp_f64		0x7f7fffff 0x3f800000 0xffffffff	0x7f7fffff 0x3f700000
v_ldexp_f64		0x7f7fffff 0xbf800000 0x0	0x7f7fffff 0xbf800000
v_ldexp_f64		0x7f7fffff 0xbf800000 0x1	0x7f7fffff 0xbf900000
v_ldexp_f64		0x7f7fffff 0xbf800000 0x7fffffff	0x00000000 0xfff00000
v_ldexp_f64		0x7f7fffff 0xbf800000 0x80000000	0x00000000 0x80000000
v_ldexp_f64		0x7f7fffff 0xbf800000 0xfffffffe	0x7f7fffff 0xbf600000
v_ldexp_f64		0x7f7fffff 0xbf800000 0xffffffff	0x7f7fffff 0xbf700000
v_ldexp_f64		0x7f7fffff 0x800000 0x0	0x7f7fffff 0x00800000
v_ldexp_f64		0x7f7fffff 0x800000 0x1	0x7f7fffff 0x00900000
v_ldexp_f64		0x7f7fffff 0x800000 0x7fffffff	0x00000000 0x7ff00000
v_ldexp_f64		0x7f7fffff 0x800000 0x80000000	0x00000000 0x00000000
v_ldexp_f64		0x7f7fffff 0x800000 0xfffffffe	0x7f7fffff 0x00600000
v_ldexp_f64		0x7f7fffff 0x800000 0xffffffff	0x7f7fffff 0x00700000
v_ldexp_f64		0x7f7fffff 0x7f7fffff 0x0	0x7f7fffff 0x7f7fffff
v_ldexp_f64		0x7f7fffff 0x7f7fffff 0x1	0x7f7fffff 0x7f8fffff
v_ldexp_f64		0x7f7fffff 0x7f7fffff 0x7fffffff	0x00000000 0x7ff00000
v_ldexp_f64		0x7f7fffff 0x7f7fffff 0x80000000	0x00000000 0x00000000
v_ldexp_f64		0x7f7fffff 0x7f7fffff 0xfffffffe	0x7f7fffff 0x7f5fffff
v_ldexp_f64		0x7f7fffff 0x7f7fffff 0xffffffff	0x7f7fffff 0x7f6fffff
v_ldexp_f64		0x7f7fffff 0x7f800000 0x0	0x7f7fffff 0x7f800000
v_ldexp_f64		0x7f7fffff 0x7f800000 0x1	0x7f7fffff 0x7f900000
v_ldexp_f64		0x7f7fffff 0x7f800000 0x7fffffff	0x00000000 0x7ff00000
v_ldexp_f64		0x7f7fffff 0x7f800000 0x80000000	0x00000000 0x00000000
v_ldexp_f64		0x7f7fffff 0x7f800000 0xfffffffe	0x7f7fffff 0x7f600000
v_ldexp_f64		0x7f7fffff 0x7f800000 0xffffffff	0x7f7fffff 0x7f700000
v_ldexp_f64		0x7f7fffff 0xff800000 0x0	0x7f7fffff 0xff800000
v_ldexp_f64		0x7f7fffff 0xff800000 0x1	0x7f7fffff 0xff900000
v_ldexp_f64		0x7f7fffff 0xff800000 0x7fffffff	0x00000000 0xfff00000
v_ldexp_f64		0x7f7fffff 0xff800000 0x80000000	0x00000000 0x80000000
v_ldexp_f64		0x7f7fffff 0xff800000 0xfffffffe	0x7f7fffff 0xff600000
v_ldexp_f64		0x7f7fffff 0xff800000 0xffffffff	0x7f7fffff 0xff700000
v_ldexp_f64		0x7f7fffff 0x7fc00000 0x0	0x7f7fffff 0x7fc00000
v_ldexp_f64		0x7f7fffff 0x7fc00000 0x1	0x7f7fffff 0x7fd00000
v_ldexp_f64		0x7f7fffff 0x7fc00000 0x7fffffff	0x00000000 0x7ff00000
v_ldexp_f64		0x7f7fffff 0x7fc00000 0x80000000	0x00000000 0x00000000
v_ldexp_f64		0x7f7fffff 0x7fc00000 0xfffffffe	0x7f7fffff 0x7fa00000
v_ldexp_f64		0x7f7fffff 0x7fc00000 0xffffffff	0x7f7fffff 0x7fb00000
v_ldexp_f64		0x7f800000 0x0 0x0	0x00000000 0x00000000
v_ldexp_f64		0x7f800000 0x0 0x1	0x00000000 0x00000000
v_ldexp_f64		0x7f800000 0x0 0x7fffffff	0x00000000 0x7ff00000
v_ldexp_f64		0x7f800000 0x0 0x80000000	0x00000000 0x00000000
v_ldexp_f64		0x7f800000 0x0 0xfffffffe	0x00000000 0x00000000
v_ldexp_f64		0x7f800000 0x0 0xffffffff	0x00000000 0x00000000
v_ldexp_f64		0x7f800000 0x80000000 0x0	0x00000000 0x80000000
v_ldexp_f64		0x7f800000 0x80000000 0x1	0x00000000 0x80000000
v_ldexp_f64		0x7f800000 0x80000000 0x7fffffff	0x00000000 0xfff00000
v_ldexp_f64		0x7f800000 0x80000000 0x80000000	0x00000000 0x80000000
v_ldexp_f64		0x7f800000 0x80000000 0xfffffffe	0x00000000 0x80000000
v_ldexp_f64		0x7f800000 0x80000000 0xffffffff	0x00000000 0x80000000
v_ldexp_f64		0x7f800000 0x3f000000 0x0	0x7f800000 0x3f000000
v_ldexp_f64		0x7f800000 0x3f000000 0x1	0x7f800000 0x3f100000
v_ldexp_f64		0x7f800000 0x3f000000 0x7fffffff	0x00000000 0x7ff00000
v_ldexp_f64		0x7f800000 0x3f000000 0x80000000	0x00000000 0x00000000
v_ldexp_f64		0x7f800000 0x3f000000 0xfffffffe	0x7f800000 0x3ee00000
v_ldexp_f64		0x7f800000 0x3f000000 0xffffffff	0x7f800000 0x3ef00000
v_ldexp_f64		0x7f800000 0x3f800000 0x0	0x7f800000 0x3f800000
v_ldexp_f64		0x7f800000 0x3f800000 0x1	0x7f800000 0x3f900000
v_ldexp_f64		0x7f800000 0x3f800000 0x7fffffff	0x00000000 0x7ff00000
v_ldexp_f64		0x7f800000 0x3f800000 0x80000000	0x00000000 0x00000000
v_ldexp_f64		0x7f800000 0x3f800000 0xfffffffe	0x7f800000 0x3f600000
v_ldexp_f64		0x7f800000 0x3f800000 0xffffffff	0x7f800000 0x3f700000
v_ldexp_f64		0x7f800000 0xbf800000 0x0	0x7f800000 0xbf800000
v_ldexp_f64		0x7f800000 0xbf800000 0x1	0x7f800000 0xbf900000
v_ldexp_f64		0x7f800000 0xbf800000 0x7fffffff	0x00000000 0xfff00000
v_ldexp_f64		0x7f800000 0xbf800000 0x80000000	0x00000000 0x80000000
v_ldexp_f64		0x7f800000 0xbf800000 0xfffffffe	0x7f800000 0xbf600000
v_ldexp_f64		0x7f800000 0xbf800000 0xffffffff	0x7f800000 0xbf700000
v_ldexp_f64		0x7f800000 0x800000 0x0	0x7f800000 0x00800000
v_ldexp_f64		0x7f800000 0x800000 0x1	0x7f800000 0x00900000
v_ldexp_f64		0x7f800000 0x800000 0x7fffffff	0x00000000 0x7ff00000
v_ldexp_f64		0x7f800000 0x800000 0x80000000	0x00000000 0x00000000
v_ldexp_f64		0x7f800000 0x800000 0xfffffffe	0x7f800000 0x00600000
v_ldexp_f64		0x7f800000 0x800000 0xffffffff	0x7f800000 0x00700000
v_ldexp_f64		0x7f800000 0x7f7fffff 0x0	0x7f800000 0x7f7fffff
v_ldexp_f64		0x7f800000 0x7f7fffff 0x1	0x7f800000 0x7f8fffff
v_ldexp_f64		0x7f800000 0x7f7fffff 0x7fffffff	0x00000000 0x7ff00000
v_ldexp_f64		0x7f800000 0x7f7fffff 0x80000000	0x00000000 0x00000000
v_ldexp_f64		0x7f800000 0x7f7fffff 0xfffffffe	0x7f800000 0x7f5fffff
v_ldexp_f64		0x7f800000 0x7f7fffff 0xffffffff	0x7f800000 0x7f6fffff
v_ldexp_f64		0x7f800000 0x7f800000 0x0	0x7f800000 0x7f800000
v_ldexp_f64		0x7f800000 0x7f800000 0x1	0x7f800000 0x7f900000
v_ldexp_f64		0x7f800000 0x7f800000 0x7fffffff	0x00000000 0x7ff00000
v_ldexp_f64		0x7f800000 0x7f800000 0x80000000	0x00000000 0x00000000
v_ldexp_f64		0x7f800000 0x7f800000 0xfffffffe	0x7f800000 0x7f600000
v_ldexp_f64		0x7f800000 0x7f800000 0xffffffff	0x7f800000 0x7f700000
v_ldexp_f64		0x7f800000 0xff800000 0x0	0x7f800000 0xff800000
v_ldexp_f64		0x7f800000 0xff800000 0x1	0x7f800000 0xff900000
v_ldexp_f64		0x7f800000 0xff800000 0x7fffffff	0x00000000 0xfff00000
v_ldexp_f64		0x7f800000 0xff800000 0x80000000	0x00000000 0x80000000
v_ldexp_f64		0x7f800000 0xff800000 0xfffffffe	0x7f800000 0xff600000
v_ldexp_f64		0x7f800000 0xff800000 0xffffffff	0x7f800000 0xff700000
v_ldexp_f64		0x7f800000 0x7fc00000 0x0	0x7f800000 0x7fc00000
v_ldexp_f64		0x7f800000 0x7fc00000 0x1	0x7f800000 0x7fd00000
v_ldexp_f64		0x7f800000 0x7fc00000 0x7fffffff	0x00000000 0x7ff00000
v_ldexp_f64		0x7f800000 0x7fc00000 0x80000000	0x00000000 0x00000000
v_ldexp_f64		0x7f800000 0x7fc00000 0xfffffffe	0x7f800000 0x7fa00000
v_ldexp_f64		0x7f800000 0x7fc00000 0xffffffff	0x7f800000 0x7fb00000
v_ldexp_f64		0xff800000 0x0 0x0	0x00000000 0x00000000
v_ldexp_f64		0xff800000 0x0 0x1	0x00000000 0x00000000
v_ldexp_f64		0xff800000 0x0 0x7fffffff	0x00000000 0x7ff00000
v_ldexp_f64		0xff800000 0x0 0x80000000	0x00000000 0x00000000
v_ldexp_f64		0xff800000 0x0 0xfffffffe	0x00000000 0x00000000
v_ldexp_f64		0xff800000 0x0 0xffffffff	0x00000000 0x00000000
v_ldexp_f64		0xff800000 0x80000000 0x0	0x00000000 0x80000000
v_ldexp_f64		0xff800000 0x80000000 0x1	0x00000000 0x80000000
v_ldexp_f64		0xff800000 0x80000000 0x7fffffff	0x00000000 0xfff00000
v_ldexp_f64		0xff800000 0x80000000 0x80000000	0x00000000 0x80000000
v_ldexp_f64		0xff800000 0x80000000 0xfffffffe	0x00000000 0x80000000
v_ldexp_f64		0xff800000 0x80000000 0xffffffff	0x00000000 0x80000000
v_ldexp_f64		0xff800000 0x3f000000 0x0	0xff800000 0x3f000000
v_ldexp_f64		0xff800000 0x3f000000 0x1	0xff800000 0x3f100000
v_ldexp_f64		0xff800000 0x3f000000 0x7fffffff	0x00000000 0x7ff00000
v_ldexp_f64		0xff800000 0x3f000000 0x80000000	0x00000000 0x00000000
v_ldexp_f64		0xff800000 0x3f000000 0xfffffffe	0xff800000 0x3ee00000
v_ldexp_f64		0xff800000 0x3f000000 0xffffffff	0xff800000 0x3ef00000
v_ldexp_f64		0xff800000 0x3f800000 0x0	0xff800000 0x3f800000
v_ldexp_f64		0xff800000 0x3f800000 0x1	0xff800000 0x3f900000
v_ldexp_f64		0xff800000 0x3f800000 0x7fffffff	0x00000000 0x7ff00000
v_ldexp_f64		0xff800000 0x3f800000 0x80000000	0x00000000 0x00000000
v_ldexp_f64		0xff800000 0x3f800000 0xfffffffe	0xff800000 0x3f600000
v_ldexp_f64		0xff800000 0x3f800000 0xffffffff	0xff800000 0x3f700000
v_ldexp_f64		0xff800000 0xbf800000 0x0	0xff800000 0xbf800000
v_ldexp_f64		0xff800000 0xbf800000 0x1	0xff800000 0xbf900000
v_ldexp_f64		0xff800000 0xbf800000 0x7fffffff	0x00000000 0xfff00000
v_ldexp_f64		0xff800000 0xbf800000 0x80000000	0x00000000 0x80000000
v_ldexp_f64		0xff800000 0xbf800000 0xfffffffe	0xff800000 0xbf600000
v_ldexp_f64		0xff800000 0xbf800000 0xffffffff	0xff800000 0xbf700000
v_ldexp_f64		0xff800000 0x800000 0x0	0xff800000 0x00800000
v_ldexp_f64		0xff800000 0x800000 0x1	0xff800000 0x00900000
v_ldexp_f64		0xff800000 0x800000 0x7fffffff	0x00000000 0x7ff00000
v_ldexp_f64		0xff800000 0x800000 0x80000000	0x00000000 0x00000000
v_ldexp_f64		0xff800000 0x800000 0xfffffffe	0xff800000 0x00600000
v_ldexp_f64		0xff800000 0x800000 0xffffffff	0xff800000 0x00700000
v_ldexp_f64		0xff800000 0x7f7fffff 0x0	0xff800000 0x7f7fffff
v_ldexp_f64		0xff800000 0x7f7fffff 0x1	0xff800000 0x7f8fffff
v_ldexp_f64		0xff800000 0x7f7fffff 0x7fffffff	0x00000000 0x7ff00000
v_ldexp_f64		0xff800000 0x7f7fffff 0x80000000	0x00000000 0x00000000
v_ldexp_f64		0xff800000 0x7f7fffff 0xfffffffe	0xff800000 0x7f5fffff
v_ldexp_f64		0xff800000 0x7f7fffff 0xffffffff	0xff800000 0x7f6fffff
v_ldexp_f64		0xff800000 0x7f800000 0x0	0xff800000 0x7f800000
v_ldexp_f64		0xff800000 0x7f800000 0x1	0xff800000 0x7f900000
v_ldexp_f64		0xff800000 0x7f800000 0x7fffffff	0x00000000 0x7ff00000
v_ldexp_f64		0xff800000 0x7f800000 0x80000000	0x00000000 0x00000000
v_ldexp_f64		0xff800000 0x7f800000 0xfffffffe	0xff800000 0x7f600000
v_ldexp_f64		0xff800000 0x7f800000 0xffffffff	0xff800000 0x7f700000
v_ldexp_f64		0xff800000 0xff800000 0x0	0xff800000 0xff800000
v_ldexp_f64		0xff800000 0xff800000 0x1	0xff800000 0xff900000
v_ldexp_f64		0xff800000 0xff800000 0x7fffffff	0x00000000 0xfff00000
v_ldexp_f64		0xff800000 0xff800000 0x80000000	0x00000000 0x80000000
v_ldexp_f64		0xff800000 0xff800000 0xfffffffe	0xff800000 0xff600000
v_ldexp_f64		0xff800000 0xff800000 0xffffffff	0xff800000 0xff700000
v_ldexp_f64		0xff800000 0x7fc00000 0x0	0xff800000 0x7fc00000
v_ldexp_f64		0xff800000 0x7fc00000 0x1	0xff800000 0x7fd00000
v_ldexp_f64		0xff800000 0x7fc00000 0x7fffffff	0x00000000 0x7ff00000
v_ldexp_f64		0xff800000 0x7fc00000 0x80000000	0x00000000 0x00000000
v_ldexp_f64		0xff800000 0x7fc00000 0xfffffffe	0xff800000 0x7fa00000
v_ldexp_f64		0xff800000 0x7fc00000 0xffffffff	0xff800000 0x7fb00000
v_ldexp_f64		0x7fc00000 0x0 0x0	0x00000000 0x00000000
v_ldexp_f64		0x7fc00000 0x0 0x1	0x00000000 0x00000000
v_ldexp_f64		0x7fc00000 0x0 0x7fffffff	0x00000000 0x7ff00000
v_ldexp_f64		0x7fc00000 0x0 0x80000000	0x00000000 0x00000000
v_ldexp_f64		0x7fc00000 0x0 0xfffffffe	0x00000000 0x00000000
v_ldexp_f64		0x7fc00000 0x0 0xffffffff	0x00000000 0x00000000
v_ldexp_f64		0x7fc00000 0x80000000 0x0	0x00000000 0x80000000
v_ldexp_f64		0x7fc00000 0x80000000 0x1	0x00000000 0x80000000
v_ldexp_f64		0x7fc00000 0x80000000 0x7fffffff	0x00000000 0xfff00000
v_ldexp_f64		0x7fc00000 0x80000000 0x80000000	0x00000000 0x80000000
v_ldexp_f64		0x7fc00000 0x80000000 0xfffffffe	0x00000000 0x80000000
v_ldexp_f64		0x7fc00000 0x80000000 0xffffffff	0x00000000 0x80000000
v_ldexp_f64		0x7fc00000 0x3f000000 0x0	0x7fc00000 0x3f000000
v_ldexp_f64		0x7fc00000 0x3f000000 0x1	0x7fc00000 0x3f100000
v_ldexp_f64		0x7fc00000 0x3f000000 0x7fffffff	0x00000000 0x7ff00000
v_ldexp_f64		0x7fc00000 0x3f000000 0x80000000	0x00000000 0x00000000
v_ldexp_f64		0x7fc00000 0x3f000000 0xfffffffe	0x7fc00000 0x3ee00000
v_ldexp_f64		0x7fc00000 0x3f000000 0xffffffff	0x7fc00000 0x3ef00000
v_ldexp_f64		0x7fc00000 0x3f800000 0x0	0x7fc00000 0x3f800000
v_ldexp_f64		0x7fc00000 0x3f800000 0x1	0x7fc00000 0x3f900000
v_ldexp_f64		0x7fc00000 0x3f800000 0x7fffffff	0x00000000 0x7ff00000
v_ldexp_f64		0x7fc00000 0x3f800000 0x80000000	0x00000000 0x00000000
v_ldexp_f64		0x7fc00000 0x3f800000 0xfffffffe	0x7fc00000 0x3f600000
v_ldexp_f64		0x7fc00000 0x3f800000 0xffffffff	0x7fc00000 0x3f700000
v_ldexp_f64		0x7fc00000 0xbf800000 0x0	0x7fc00000 0xbf800000
v_ldexp_f64		0x7fc00000 0xbf800000 0x1	0x7fc00000 0xbf900000
v_ldexp_f64		0x7fc00000 0xbf800000 0x7fffffff	0x00000000 0xfff00000
v_ldexp_f64		0x7fc00000 0xbf800000 0x80000000	0x00000000 0x80000000
v_ldexp_f64		0x7fc00000 0xbf800000 0xfffffffe	0x7fc00000 0xbf600000
v_ldexp_f64		0x7fc00000 0xbf800000 0xffffffff	0x7fc00000 0xbf700000
v_ldexp_f64		0x7fc00000 0x800000 0x0	0x7fc00000 0x00800000
v_ldexp_f64		0x7fc00000 0x800000 0x1	0x7fc00000 0x00900000
v_ldexp_f64		0x7fc00000 0x800000 0x7fffffff	0x00000000 0x7ff00000
v_ldexp_f64		0x7fc00000 0x800000 0x80000000	0x00000000 0x00000000
v_ldexp_f64		0x7fc00000 0x800000 0xfffffffe	0x7fc00000 0x00600000
v_ldexp_f64		0x7fc00000 0x800000 0xffffffff	0x7fc00000 0x00700000
v_ldexp_f64		0x7fc00000 0x7f7fffff 0x0	0x7fc00000 0x7f7fffff
v_ldexp_f64		0x7fc00000 0x7f7fffff 0x1	0x7fc00000 0x7f8fffff
v_ldexp_f64		0x7fc00000 0x7f7fffff 0x7fffffff	0x00000000 0x7ff00000
v_ldexp_f64		0x7fc00000 0x7f7fffff 0x80000000	0x00000000 0x00000000
v_ldexp_f64		0x7fc00000 0x7f7fffff 0xfffffffe	0x7fc00000 0x7f5fffff
v_ldexp_f64		0x7fc00000 0x7f7fffff 0xffffffff	0x7fc00000 0x7f6fffff
v_ldexp_f64		0x7fc00000 0x7f800000 0x0	0x7fc00000 0x7f800000
v_ldexp_f64		0x7fc00000 0x7f800000 0x1	0x7fc00000 0x7f900000
v_ldexp_f64		0x7fc00000 0x7f800000 0x7fffffff	0x00000000 0x7ff00000
v_ldexp_f64		0x7fc00000 0x7f800000 0x80000000	0x00000000 0x00000000
v_ldexp_f64		0x7fc00000 0x7f800000 0xfffffffe	0x7fc00000 0x7f600000
v_ldexp_f64		0x7fc00000 0x7f800000 0xffffffff	0x7fc00000 0x7f700000
v_ldexp_f64		0x7fc00000 0xff800000 0x0	0x7fc00000 0xff800000
v_ldexp_f64		0x7fc00000 0xff800000 0x1	0x7fc00000 0xff900000
v_ldexp_f64		0x7fc00000 0xff800000 0x7fffffff	0x00000000 0xfff00000
v_ldexp_f64		0x7fc00000 0xff800000 0x80000000	0x00000000 0x80000000
v_ldexp_f64		0x7fc00000 0xff800000 0xfffffffe	0x7fc00000 0xff600000
v_ldexp_f64		0x7fc00000 0xff800000 0xffffffff	0x7fc00000 0xff700000
v_ldexp_f64		0x7fc00000 0x7fc00000 0x0	0x7fc00000 0x7fc00000
v_ldexp_f64		0x7fc00000 0x7fc00000 0x1	0x7fc00000 0x7fd00000
v_ldexp_f64		0x7fc00000 0x7fc00000 0x7fffffff	0x00000000 0x7ff00000
v_ldexp_f64		0x7fc00000 0x7fc00000 0x80000000	0x00000000 0x00000000
v_ldexp_f64		0x7fc00000 0x7fc00000 0xfffffffe	0x7fc00000 0x7fa00000
v_ldexp_f64		0x7fc00000 0x7fc00000 0xffffffff	0x7fc00000 0x7fb00000
v_log2_f32		0x0	0xff800000
v_log2_f32		0x80000000	0xff800000
v_log2_f32		0x3f000000	0xbf800000
v_log2_f32		0x3f800000	0x00000000
v_log2_f32		0xbf800000	0xffc00012
v_log2_f32		0x800000	0xc2fc0000
v_log2_f32		0x7f7fffff	0x43000000
v_log2_f32		0x7f800000	0x7f800000
v_log2_f32		0xff800000	0xffc00012
v_log2_f32		0x7fc00000	0x7fc00000
v_mac_f32		0x0 0x0 0x0	0x00000000
v_mac_f32		0x0 0x1 0x0	0x00000000
v_mac_f32		0x0 0x0 0x0	0x00000000
v_mac_f32		0x0 0x80000000 0x0	0x00000000
v_mac_f32		0x0 0x1 0x80000000	0x00000000
v_mac_f32		0x0 0x0 0x80000000	0x00000000
v_mac_f32		0x0 0x3f000000 0x0	0x00000000
v_mac_f32		0x0 0x1 0x3f000000	0x3f000000
v_mac_f32		0x0 0x0 0x3f000000	0x3f000000
v_mac_f32		0x0 0x3f800000 0x0	0x00000000
v_mac_f32		0x0 0x1 0x3f800000	0x3f800000
v_mac_f32		0x0 0x0 0x3f800000	0x3f800000
v_mac_f32		0x0 0xbf800000 0x0	0x00000000
v_mac_f32		0x0 0x1 0xbf800000	0xbf800000
v_mac_f32		0x0 0x0 0xbf800000	0xbf800000
v_mac_f32		0x0 0x800000 0x0	0x00000000
v_mac_f32		0x0 0x1 0x800000	0x00800000
v_mac_f32		0x0 0x0 0x800000	0x00800000
v_mac_f32		0x0 0x7f7fffff 0x0	0x00000000
v_mac_f32		0x0 0x1 0x7f7fffff	0x7f7fffff
v_mac_f32		0x0 0x0 0x7f7fffff	0x7f7fffff
v_mac_f32		0x0 0x7f800000 0x0	0x7fc00000
v_mac_f32		0x0 0x1 0x7f800000	0x7f800000
v_mac_f32		0x0 0x0 0x7f800000	0x7f800000
v_mac_f32		0x0 0xff800000 0x0	0x7fc00000
v_mac_f32		0x0 0x1 0xff800000	0xff800000
v_mac_f32		0x0 0x0 0xff800000	0xff800000
v_mac_f32		0x0 0x7fc00000 0x0	0x7fc00000
v_mac_f32		0x0 0x1 0x7fc00000	0x7fc00000
v_mac_f32		0x0 0x0 0x7fc00000	0x7fc00000
v_mac_f32		0x80000000 0x0 0x0	0x00000000
v_mac_f32		0x80000000 0x1 0x0	0x00000000
v_mac_f32		0x0 0x80000000 0x0	0x00000000
v_mac_f32		0x80000000 0x80000000 0x0	0x00000000
v_mac_f32		0x80000000 0x1 0x80000000	0x80000000
v_mac_f32		0x0 0x80000000 0x80000000	0x80000000
v_mac_f32		0x80000000 0x3f000000 0x0	0x00000000
v_mac_f32		0x80000000 0x1 0x3f000000	0x3f000000
v_mac_f32		0x0 0x80000000 0x3f000000	0x3f000000
v_mac_f32		0x80000000 0x3f800000 0x0	0x00000000
v_mac_f32		0x80000000 0x1 0x3f800000	0x3f800000
v_mac_f32		0x0 0x80000000 0x3f800000	0x3f800000
v_mac_f32		0x80000000 0xbf800000 0x0	0x00000000
v_mac_f32		0x80000000 0x1 0xbf800000	0xbf800000
v_mac_f32		0x0 0x80000000 0xbf800000	0xbf800000
v_mac_f32		0x80000000 0x800000 0x0	0x00000000
v_mac_f32		0x80000000 0x1 0x800000	0x00800000
v_mac_f32		0x0 0x80000000 0x800000	0x00800000
v_mac_f32		0x80000000 0x7f7fffff 0x0	0x00000000
v_mac_f32		0x80000000 0x1 0x7f7fffff	0x7f7fffff
v_mac_f32		0x0 0x80000000 0x7f7fffff	0x7f7fffff
v_mac_f32		0x80000000 0x7f800000 0x0	0x7fc00000
v_mac_f32		0x80000000 0x1 0x7f800000	0x7f800000
v_mac_f32		0x0 0x80000000 0x7f800000	0x7f800000
v_mac_f32		0x80000000 0xff800000 0x0	0x7fc00000
v_mac_f32		0x80000000 0x1 0xff800000	0xff800000
v_mac_f32		0x0 0x80000000 0xff800000	0xff800000
v_mac_f32		0x80000000 0x7fc00000 0x0	0x7fc00000
v_mac_f32		0x80000000 0x1 0x7fc00000	0x7fc00000
v_mac_f32		0x0 0x80000000 0x7fc00000	0x7fc00000
v_mac_f32		0x3f000000 0x0 0x0	0x00000000
v_mac_f32		0x3f000000 0x1 0x0	0x00000000
v_mac_f32		0x0 0x3f000000 0x0	0x00000000
v_mac_f32		0x3f000000 0x80000000 0x0	0x00000000
v_mac_f32		0x3f000000 0x1 0x80000000	0x00000000
v_mac_f32		0x0 0x3f000000 0x80000000	0x00000000
v_mac_f32		0x3f000000 0x3f000000 0x0	0x3e800000
v_mac_f32		0x3f000000 0x1 0x3f000000	0x3f000000
v_mac_f32		0x0 0x3f000000 0x3f000000	0x3f000000
v_mac_f32		0x3f000000 0x3f800000 0x0	0x3f000000
v_mac_f32		0x3f000000 0x1 0x3f800000	0x3f800000
v_mac_f32		0x0 0x3f000000 0x3f800000	0x3f800000
v_mac_f32		0x3f000000 0xbf800000 0x0	0xbf000000
v_mac_f32		0x3f000000 0x1 0xbf800000	0xbf800000
v_mac_f32		0x0 0x3f000000 0xbf800000	0xbf800000
v_mac_f32		0x3f000000 0x800000 0x0	0x00000000
v_mac_f32		0x3f000000 0x1 0x800000	0x00800000
v_mac_f32		0x0 0x3f000000 0x800000	0x00800000
v_mac_f32		0x3f000000 0x7f7fffff 0x0	0x7effffff
v_mac_f32		0x3f000000 0x1 0x7f7fffff	0x7f7fffff
v_mac_f32		0x0 0x3f000000 0x7f7fffff	0x7f7fffff
v_mac_f32		0x3f000000 0x7f800000 0x0	0x7f800000
v_mac_f32		0x3f000000 0x1 0x7f800000	0x7f800000
v_mac_f32		0x0 0x3f000000 0x7f800000	0x7f800000
v_mac_f32		0x3f000000 0xff800000 0x0	0xff800000
v_mac_f32		0x3f000000 0x1 0xff800000	0xff800000
v_mac_f32		0x0 0x3f000000 0xff800000	0xff800000
v_mac_f32		0x3f000000 0x7fc00000 0x0	0x7fc00000
v_mac_f32		0x3f000000 0x1 0x7fc00000	0x7fc00000
v_mac_f32		0x0 0x3f000000 0x7fc00000	0x7fc00000
v_mac_f32		0x3f800000 0x0 0x0	0x00000000
v_mac_f32		0x3f800000 0x1 0x0	0x00000000
v_mac_f32		0x0 0x3f800000 0x0	0x00000000
v_mac_f32		0x3f800000 0x80000000 0x0	0x00000000
v_mac_f32		0x3f800000 0x1 0x80000000	0x00000000
v_mac_f32		0x0 0x3f800000 0x80000000	0x00000000
v_mac_f32		0x3f800000 0x3f000000 0x0	0x3f000000
v_mac_f32		0x3f800000 0x1 0x3f000000	0x3f000000
v_mac_f32		0x0 0x3f800000 0x3f000000	0x3f000000
v_mac_f32		0x3f800000 0x3f800000 0x0	0x3f800000
v_mac_f32		0x3f800000 0x1 0x3f800000	0x3f800000
v_mac_f32		0x0 0x3f800000 0x3f800000	0x3f800000
v_mac_f32		0x3f800000 0xbf800000 0x0	0xbf800000
v_mac_f32		0x3f800000 0x1 0xbf800000	0xbf800000
v_mac_f32		0x0 0x3f800000 0xbf800000	0xbf800000
v_mac_f32		0x3f800000 0x800000 0x0	0x00800000
v_mac_f32		0x3f800000 0x1 0x800000	0x00800000
v_mac_f32		0x0 0x3f800000 0x800000	0x00800000
v_mac_f32		0x3f800000 0x7f7fffff 0x0	0x7f7fffff
v_mac_f32		0x3f800000 0x1 0x7f7fffff	0x7f7fffff
v_mac_f32		0x0 0x3f800000 0x7f7fffff	0x7f7fffff
v_mac_f32		0x3f800000 0x7f800000 0x0	0x7f800000
v_mac_f32		0x3f800000 0x1 0x7f800000	0x7f800000
v_mac_f32		0x0 0x3f800000 0x7f800000	0x7f800000
v_mac_f32		0x3f800000 0xff800000 0x0	0xff800000
v_mac_f32		0x3f800000 0x1 0xff800000	0xff800000
v_mac_f32		0x0 0x3f800000 0xff800000	0xff800000
v_mac_f32		0x3f800000 0x7fc00000 0x0	0x7fc00000
v_mac_f32		0x3f800000 0x1 0x7fc00000	0x7fc00000
v_mac_f32		0x0 0x3f800000 0x7fc00000	0x7fc00000
v_mac_f32		0xbf800000 0x0 0x0	0x00000000
v_mac_f32		0xbf800000 0x1 0x0	0x00000000
v_mac_f32		0x0 0xbf800000 0x0	0x00000000
v_mac_f32		0xbf800000 0x80000000 0x0	0x00000000
v_mac_f32		0xbf800000 0x1 0x80000000	0x80000000
v_mac_f32		0x0 0xbf800000 0x80000000	0x80000000
v_mac_f32		0xbf800000 0x3f000000 0x0	0xbf000000
v_mac_f32		0xbf800000 0x1 0x3f000000	0x3f000000
v_mac_f32		0x0 0xbf800000 0x3f000000	0x3f000000
v_mac_f32		0xbf800000 0x3f800000 0x0	0xbf800000
v_mac_f32		0xbf800000 0x1 0x3f800000	0x3f800000
v_mac_f32		0x0 0xbf800000 0x3f800000	0x3f800000
v_mac_f32		0xbf800000 0xbf800000 0x0	0x3f800000
v_mac_f32		0xbf800000 0x1 0xbf800000	0xbf800000
v_mac_f32		0x0 0xbf800000 0xbf800000	0xbf800000
v_mac_f32		0xbf800000 0x800000 0x0	0x80800000
v_mac_f32		0xbf800000 0x1 0x800000	0x00800000
v_mac_f32		0x0 0xbf800000 0x800000	0x00800000
v_mac_f32		0xbf800000 0x7f7fffff 0x0	0xff7fffff
v_mac_f32		0xbf800000 0x1 0x7f7fffff	0x7f7fffff
v_mac_f32		0x0 0xbf800000 0x7f7fffff	0x7f7fffff
v_mac_f32		0xbf800000 0x7f800000 0x0	0xff800000
v_mac_f32		0xbf800000 0x1 0x7f800000	0x7f800000
v_mac_f32		0x0 0xbf800000 0x7f800000	0x7f800000
v_mac_f32		0xbf800000 0xff800000 0x0	0x7f800000
v_mac_f32		0xbf800000 0x1 0xff800000	0xff800000
v_mac_f32		0x0 0xbf800000 0xff800000	0xff800000
v_mac_f32		0xbf800000 0x7fc00000 0x0	0x7fc00000
v_mac_f32		0xbf800000 0x1 0x7fc00000	0x7fc00000
v_mac_f32		0x0 0xbf800000 0x7fc00000	0x7fc00000
v_mac_f32		0x800000 0x0 0x0	0x00000000
v_mac_f32		0x800000 0x1 0x0	0x00000000
v_mac_f32		0x0 0x800000 0x0	0x00000000
v_mac_f32		0x800000 0x80000000 0x0	0x00000000
v_mac_f32		0x800000 0x1 0x80000000	0x00000000
v_mac_f32		0x0 0x800000 0x80000000	0x00000000
v_mac_f32		0x800000 0x3f000000 0x0	0x00000000
v_mac_f32		0x800000 0x1 0x3f000000	0x3f000000
v_mac_f32		0x0 0x800000 0x3f000000	0x3f000000
v_mac_f32		0x800000 0x3f800000 0x0	0x00800000
v_mac_f32		0x800000 0x1 0x3f800000	0x3f800000
v_mac_f32		0x0 0x800000 0x3f800000	0x3f800000
v_mac_f32		0x800000 0xbf800000 0x0	0x80800000
v_mac_f32		0x800000 0x1 0xbf800000	0xbf800000
v_mac_f32		0x0 0x800000 0xbf800000	0xbf800000
v_mac_f32		0x800000 0x800000 0x0	0x00000000
v_mac_f32		0x800000 0x1 0x800000	0x00800000
v_mac_f32		0x0 0x800000 0x800000	0x00800000
v_mac_f32		0x800000 0x7f7fffff 0x0	0x407fffff
v_mac_f32		0x800000 0x1 0x7f7fffff	0x7f7fffff
v_mac_f32		0x0 0x800000 0x7f7fffff	0x7f7fffff
v_mac_f32		0x800000 0x7f800000 0x0	0x7f800000
v_mac_f32		0x800000 0x1 0x7f800000	0x7f800000
v_mac_f32		0x0 0x800000 0x7f800000	0x7f800000
v_mac_f32		0x800000 0xff800000 0x0	0xff800000
v_mac_f32		0x800000 0x1 0xff800000	0xff800000
v_mac_f32		0x0 0x800000 0xff800000	0xff800000
v_mac_f32		0x800000 0x7fc00000 0x0	0x7fc00000
v_mac_f32		0x800000 0x1 0x7fc00000	0x7fc00000
v_mac_f32		0x0 0x800000 0x7fc00000	0x7fc00000
v_mac_f32		0x7f7fffff 0x0 0x0	0x00000000
v_mac_f32		0x7f7fffff 0x1 0x0	0x00000000
v_mac_f32		0x0 0x7f7fffff 0x0	0x00000000
v_mac_f32		0x7f7fffff 0x80000000 0x0	0x00000000
v_mac_f32		0x7f7fffff 0x1 0x80000000	0x00000000
v_mac_f32		0x0 0x7f7fffff 0x80000000	0x00000000
v_mac_f32		0x7f7fffff 0x3f000000 0x0	0x7effffff
v_mac_f32		0x7f7fffff 0x1 0x3f000000	0x3f000000
v_mac_f32		0x0 0x7f7fffff 0x3f000000	0x3f000000
v_mac_f32		0x7f7fffff 0x3f800000 0x0	0x7f7fffff
v_mac_f32		0x7f7fffff 0x1 0x3f800000	0x3f800000
v_mac_f32		0x0 0x7f7fffff 0x3f800000	0x3f800000
v_mac_f32		0x7f7fffff 0xbf800000 0x0	0xff7fffff
v_mac_f32		0x7f7fffff 0x1 0xbf800000	0xbf800000
v_mac_f32		0x0 0x7f7fffff 0xbf800000	0xbf800000
v_mac_f32		0x7f7fffff 0x800000 0x0	0x407fffff
v_mac_f32		0x7f7fffff 0x1 0x800000	0x00800000
v_mac_f32		0x0 0x7f7fffff 0x800000	0x00800000
v_mac_f32		0x7f7fffff 0x7f7fffff 0x0	0x7f800000
v_mac_f32		0x7f7fffff 0x1 0x7f7fffff	0x7f7fffff
v_mac_f32		0x0 0x7f7fffff 0x7f7fffff	0x7f7fffff
v_mac_f32		0x7f7fffff 0x7f800000 0x0	0x7f800000
v_mac_f32		0x7f7fffff 0x1 0x7f800000	0x7f800000
v_mac_f32		0x0 0x7f7fffff 0x7f800000	0x7f800000
v_mac_f32		0x7f7fffff 0xff800000 0x0	0xff800000
v_mac_f32		0x7f7fffff 0x1 0xff800000	0xff800000
v_mac_f32		0x0 0x7f7fffff 0xff800000	0xff800000
v_mac_f32		0x7f7fffff 0x7fc00000 0x0	0x7fc00000
v_mac_f32		0x7f7fffff 0x1 0x7fc00000	0x7fc00000
v_mac_f32		0x0 0x7f7fffff 0x7fc00000	0x7fc00000
v_mac_f32		0x7f800000 0x0 0x0	0x7fc00000
v_mac_f32		0x7f800000 0x1 0x0	0x7fc00000
v_mac_f32		0x0 0x7f800000 0x0	0x7fc00000
v_mac_f32		0x7f800000 0x80000000 0x0	0x7fc00000
v_mac_f32		0x7f800000 0x1 0x80000000	0x7fc00000
v_mac_f32		0x0 0x7f800000 0x80000000	0x7fc00000
v_mac_f32		0x7f800000 0x3f000000 0x0	0x7f800000
v_mac_f32		0x7f800000 0x1 0x3f000000	0x7fc00000
v_mac_f32		0x0 0x7f800000 0x3f000000	0x7fc00000
v_mac_f32		0x7f800000 0x3f800000 0x0	0x7f800000
v_mac_f32		0x7f800000 0x1 0x3f800000	0x7fc00000
v_mac_f32		0x0 0x7f800000 0x3f800000	0x7fc00000
v_mac_f32		0x7f800000 0xbf800000 0x0	0xff800000
v_mac_f32		0x7f800000 0x1 0xbf800000	0x7fc00000
v_mac_f32		0x0 0x7f800000 0xbf800000	0x7fc00000
v_mac_f32		0x7f800000 0x800000 0x0	0x7f800000
v_mac_f32		0x7f800000 0x1 0x800000	0x7fc00000
v_mac_f32		0x0 0x7f800000 0x800000	0x7fc00000
v_mac_f32		0x7f800000 0x7f7fffff 0x0	0x7f800000
v_mac_f32		0x7f800000 0x1 0x7f7fffff	0x7fc00000
v_mac_f32		0x0 0x7f800000 0x7f7fffff	0x7fc00000
v_mac_f32		0x7f800000 0x7f800000 0x0	0x7f800000
v_mac_f32		0x7f800000 0x1 0x7f800000	0x7fc00000
v_mac_f32		0x0 0x7f800000 0x7f800000	0x7fc00000
v_mac_f32		0x7f800000 0xff800000 0x0	0xff800000
v_mac_f32		0x7f800000 0x1 0xff800000	0x7fc00000
v_mac_f32		0x0 0x7f800000 0xff800000	0x7fc00000
v_mac_f32		0x7f800000 0x7fc00000 0x0	0x7fc00000
v_mac_f32		0x7f800000 0x1 0x7fc00000	0x7fc00000
v_mac_f32		0x0 0x7f800000 0x7fc00000	0x7fc00000
v_mac_f32		0xff800000 0x0 0x0	0x7fc00000
v_mac_f32		0xff800000 0x1 0x0	0x7fc00000
v_mac_f32		0x0 0xff800000 0x0	0x7fc00000
v_mac_f32		0xff800000 0x80000000 0x0	0x7fc00000
v_mac_f32		0xff800000 0x1 0x80000000	0x7fc00000
v_mac_f32		0x0 0xff800000 0x80000000	0x7fc00000
v_mac_f32		0xff800000 0x3f000000 0x0	0xff800000
v_mac_f32		0xff800000 0x1 0x3f000000	0x7fc00000
v_mac_f32		0x0 0xff800000 0x3f000000	0x7fc00000
v_mac_f32		0xff800000 0x3f800000 0x0	0xff800000
v_mac_f32		0xff800000 0x1 0x3f800000	0x7fc00000
v_mac_f32		0x0 0xff800000 0x3f800000	0x7fc00000
v_mac_f32		0xff800000 0xbf800000 0x0	0x7f800000
v_mac_f32		0xff800000 0x1 0xbf800000	0x7fc00000
v_mac_f32		0x0 0xff800000 0xbf800000	0x7fc00000
v_mac_f32		0xff800000 0x800000 0x0	0xff800000
v_mac_f32		0xff800000 0x1 0x800000	0x7fc00000
v_mac_f32		0x0 0xff800000 0x800000	0x7fc00000
v_mac_f32		0xff800000 0x7f7fffff 0x0	0xff800000
v_mac_f32		0xff800000 0x1 0x7f7fffff	0x7fc00000
v_mac_f32		0x0 0xff800000 0x7f7fffff	0x7fc00000
v_mac_f32		0xff800000 0x7f800000 0x0	0xff800000
v_mac_f32		0xff800000 0x1 0x7f800000	0x7fc00000
v_mac_f32		0x0 0xff800000 0x7f800000	0x7fc00000
v_mac_f32		0xff800000 0xff800000 0x0	0x7f800000
v_mac_f32		0xff800000 0x1 0xff800000	0x7fc00000
v_mac_f32		0x0 0xff800000 0xff800000	0x7fc00000
v_mac_f32		0xff800000 0x7fc00000 0x0	0x7fc00000
v_mac_f32		0xff800000 0x1 0x7fc00000	0x7fc00000
v_mac_f32		0x0 0xff800000 0x7fc00000	0x7fc00000
v_mac_f32		0x7fc00000 0x0 0x0	0x7fc00000
v_mac_f32		0x7fc00000 0x1 0x0	0x7fc00000
v_mac_f32		0x0 0x7fc00000 0x0	0x7fc00000
v_mac_f32		0x7fc00000 0x80000000 0x0	0x7fc00000
v_mac_f32		0x7fc00000 0x1 0x80000000	0x7fc00000
v_mac_f32		0x0 0x7fc00000 0x80000000	0x7fc00000
v_mac_f32		0x7fc00000 0x3f000000 0x0	0x7fc00000
v_mac_f32		0x7fc00000 0x1 0x3f000000	0x7fc00000
v_mac_f32		0x0 0x7fc00000 0x3f000000	0x7fc00000
v_mac_f32		0x7fc00000 0x3f800000 0x0	0x7fc00000
v_mac_f32		0x7fc00000 0x1 0x3f800000	0x7fc00000
v_mac_f32		0x0 0x7fc00000 0x3f800000	0x7fc00000
v_mac_f32		0x7fc00000 0xbf800000 0x0	0x7fc00000
v_mac_f32		0x7fc00000 0x1 0xbf800000	0x7fc00000
v_mac_f32		0x0 0x7fc00000 0xbf800000	0x7fc00000
v_mac_f32		0x7fc00000 0x800000 0x0	0x7fc00000
v_mac_f32		0x7fc00000 0x1 0x800000	0x7fc00000
v_mac_f32		0x0 0x7fc00000 0x800000	0x7fc00000
v_mac_f32		0x7fc00000 0x7f7fffff 0x0	0x7fc00000
v_mac_f32		0x7fc00000 0x1 0x7f7fffff	0x7fc00000
v_mac_f32		0x0 0x7fc00000 0x7f7fffff	0x7fc00000
v_mac_f32		0x7fc00000 0x7f800000 0x0	0x7fc00000
v_mac_f32		0x7fc00000 0x1 0x7f800000	0x7fc00000
v_mac_f32		0x0 0x7fc00000 0x7f800000	0x7fc00000
v_mac_f32		0x7fc00000 0xff800000 0x0	0x7fc00000
v_mac_f32		0x7fc00000 0x1 0xff800000	0x7fc00000
v_mac_f32		0x0 0x7fc00000 0xff800000	0x7fc00000
v_mac_f32		0x7fc00000 0x7fc00000 0x0	0x7fc00000
v_mac_f32		0x7fc00000 0x1 0x7fc00000	0x7fc00000
v_mac_f32		0x0 0x7fc00000 0x7fc00000	0x7fc00000
v_mac_f32		0x0 0x0 0x0	0x00000000
v_mac_f32		0x80000000 0x80000000 0x80000000	0x00000000
v_mac_f32		0x3f000000 0x3f000000 0x3f000000	0x3f400000
v_mac_f32		0x3f800000 0x3f800000 0x3f800000	0x40000000
v_mac_f32		0xbf800000 0xbf800000 0xbf800000	0x00000000
v_mac_f32		0x800000 0x800000 0x800000	0x00800000
v_mac_f32		0x7f7fffff 0x7f7fffff 0x7f7fffff	0x7f800000
v_mac_f32		0x7f800000 0x7f800000 0x7f800000	0x7f800000
v_mac_f32		0xff800000 0xff800000 0xff800000	0x7fc00000
v_mac_f32		0x7fc00000 0x7fc00000 0x7fc00000	0x7fc00000
v_mad24_i32		0x0 0x0 0x0	0x00000000
v_mad24_i32		0x0 0x1 0x0	0x00000000
v_mad24_i32		0x0 0x0 0x0	0x00000000
v_mad24_i32		0x0 0x1 0x0	0x00000000
v_mad24_i32		0x0 0x1 0x1	0x00000001
v_mad24_i32		0x0 0x0 0x1	0x00000001
v_mad24_i32		0x0 0x7fffffff 0x0	0x00000000
v_mad24_i32		0x0 0x1 0x7fffffff	0x7fffffff
v_mad24_i32		0x0 0x0 0x7fffffff	0x7fffffff
v_mad24_i32		0x0 0x80000000 0x0	0x00000000
v_mad24_i32		0x0 0x1 0x80000000	0x80000000
v_mad24_i32		0x0 0x0 0x80000000	0x80000000
v_mad24_i32		0x0 0xfffffffe 0x0	0x00000000
v_mad24_i32		0x0 0x1 0xfffffffe	0xfffffffe
v_mad24_i32		0x0 0x0 0xfffffffe	0xfffffffe
v_mad24_i32		0x0 0xffffffff 0x0	0x00000000
v_mad24_i32		0x0 0x1 0xffffffff	0xffffffff
v_mad24_i32		0x0 0x0 0xffffffff	0xffffffff
v_mad24_i32		0x1 0x0 0x0	0x00000000
v_mad24_i32		0x1 0x1 0x0	0x00000001
v_mad24_i32		0x0 0x1 0x0	0x00000000
v_mad24_i32		0x1 0x1 0x0	0x00000001
v_mad24_i32		0x1 0x1 0x1	0x00000002
v_mad24_i32		0x0 0x1 0x1	0x00000001
v_mad24_i32		0x1 0x7fffffff 0x0	0xffffffff
v_mad24_i32		0x1 0x1 0x7fffffff	0x80000000
v_mad24_i32		0x0 0x1 0x7fffffff	0x7fffffff
v_mad24_i32		0x1 0x80000000 0x0	0x00000000
v_mad24_i32		0x1 0x1 0x80000000	0x80000001
v_mad24_i32		0x0 0x1 0x80000000	0x80000000
v_mad24_i32		0x1 0xfffffffe 0x0	0xfffffffe
v_mad24_i32		0x1 0x1 0xfffffffe	0xffffffff
v_mad24_i32		0x0 0x1 0xfffffffe	0xfffffffe
v_mad24_i32		0x1 0xffffffff 0x0	0xffffffff
v_mad24_i32		0x1 0x1 0xffffffff	0x00000000
v_mad24_i32		0x0 0x1 0xffffffff	0xffffffff
v_mad24_i32		0x7fffffff 0x0 0x0	0x00000000
v_mad24_i32		0x7fffffff 0x1 0x0	0xffffffff
v_mad24_i32		0x0 0x7fffffff 0x0	0x00000000
v_mad24_i32		0x7fffffff 0x1 0x0	0xffffffff
v_mad24_i32		0x7fffffff 0x1 0x1	0x00000000
v_mad24_i32		0x0 0x7fffffff 0x1	0x00000001
v_mad24_i32		0x7fffffff 0x7fffffff 0x0	0x00000001
v_mad24_i32		0x7fffffff 0x1 0x7fffffff	0x7ffffffe
v_mad24_i32		0x0 0x7fffffff 0x7fffffff	0x7fffffff
v_mad24_i32		0x7fffffff 0x80000000 0x0	0x00000000
v_mad24_i32		0x7fffffff 0x1 0x80000000	0x7fffffff
v_mad24_i32		0x0 0x7fffffff 0x80000000	0x80000000
v_mad24_i32		0x7fffffff 0xfffffffe 0x0	0x00000002
v_mad24_i32		0x7fffffff 0x1 0xfffffffe	0xfffffffd
v_mad24_i32		0x0 0x7fffffff 0xfffffffe	0xfffffffe
v_mad24_i32		0x7fffffff 0xffffffff 0x0	0x00000001
v_mad24_i32		0x7fffffff 0x1 0xffffffff	0xfffffffe
v_mad24_i32		0x0 0x7fffffff 0xffffffff	0xffffffff
v_mad24_i32		0x80000000 0x0 0x0	0x00000000
v_mad24_i32		0x80000000 0x1 0x0	0x00000000
v_mad24_i32		0x0 0x80000000 0x0	0x00000000
v_mad24_i32		0x80000000 0x1 0x0	0x00000000
v_mad24_i32		0x80000000 0x1 0x1	0x00000001
v_mad24_i32		0x0 0x80000000 0x1	0x00000001
v_mad24_i32		0x80000000 0x7fffffff 0x0	0x00000000
v_mad24_i32		0x80000000 0x1 0x7fffffff	0x7fffffff
v_mad24_i32		0x0 0x80000000 0x7fffffff	0x7fffffff
v_mad24_i32		0x80000000 0x80000000 0x0	0x00000000
v_mad24_i32		0x80000000 0x1 0x80000000	0x80000000
v_mad24_i32		0x0 0x80000000 0x80000000	0x80000000
v_mad24_i32		0x80000000 0xfffffffe 0x0	0x00000000
v_mad24_i32		0x80000000 0x1 0xfffffffe	0xfffffffe
v_mad24_i32		0x0 0x80000000 0xfffffffe	0xfffffffe
v_mad24_i32		0x80000000 0xffffffff 0x0	0x00000000
v_mad24_i32		0x80000000 0x1 0xffffffff	0xffffffff
v_mad24_i32		0x0 0x80000000 0xffffffff	0xffffffff
v_mad24_i32		0xfffffffe 0x0 0x0	0x00000000
v_mad24_i32		0xfffffffe 0x1 0x0	0xfffffffe
v_mad24_i32		0x0 0xfffffffe 0x0	0x00000000
v_mad24_i32		0xfffffffe 0x1 0x0	0xfffffffe
v_mad24_i32		0xfffffffe 0x1 0x1	0xffffffff
v_mad24_i32		0x0 0xfffffffe 0x1	0x00000001
v_mad24_i32		0xfffffffe 0x7fffffff 0x0	0x00000002
v_mad24_i32		0xfffffffe 0x1 0x7fffffff	0x7ffffffd
v_mad24_i32		0x0 0xfffffffe 0x7fffffff	0x7fffffff
v_mad24_i32		0xfffffffe 0x80000000 0x0	0x00000000
v_mad24_i32		0xfffffffe 0x1 0x80000000	0x7ffffffe
v_mad24_i32		0x0 0xfffffffe 0x80000000	0x80000000
v_mad24_i32		0xfffffffe 0xfffffffe 0x0	0x00000004
v_mad24_i32		0xfffffffe 0x1 0xfffffffe	0xfffffffc
v_mad24_i32		0x0 0xfffffffe 0xfffffffe	0xfffffffe
v_mad24_i32		0xfffffffe 0xffffffff 0x0	0x00000002
v_mad24_i32		0xfffffffe 0x1 0xffffffff	0xfffffffd
v_mad24_i32		0x0 0xfffffffe 0xffffffff	0xffffffff
v_mad24_i32		0xffffffff 0x0 0x0	0x00000000
v_mad24_i32		0xffffffff 0x1 0x0	0xffffffff
v_mad24_i32		0x0 0xffffffff 0x0	0x00000000
v_mad24_i32		0xffffffff 0x1 0x0	0xffffffff
v_mad24_i32		0xffffffff 0x1 0x1	0x00000000
v_mad24_i32		0x0 0xffffffff 0x1	0x00000001
v_mad24_i32		0xffffffff 0x7fffffff 0x0	0x00000001
v_mad24_i32		0xffffffff 0x1 0x7fffffff	0x7ffffffe
v_mad24_i32		0x0 0xffffffff 0x7fffffff	0x7fffffff
v_mad24_i32		0xffffffff 0x80000000 0x0	0x00000000
v_mad24_i32		0xffffffff 0x1 0x80000000	0x7fffffff
v_mad24_i32		0x0 0xffffffff 0x80000000	0x80000000
v_mad24_i32		0xffffffff 0xfffffffe 0x0	0x00000002
v_mad24_i32		0xffffffff 0x1 0xfffffffe	0xfffffffd
v_mad24_i32		0x0 0xffffffff 0xfffffffe	0xfffffffe
v_mad24_i32		0xffffffff 0xffffffff 0x0	0x00000001
v_mad24_i32		0xffffffff 0x1 0xffffffff	0xfffffffe
v_mad24_i32		0x0 0xffffffff 0xffffffff	0xffffffff
v_mad24_i32		0x0 0x0 0x0	0x00000000
v_mad24_i32		0x1 0x1 0x1	0x00000002
v_mad24_i32		0x7fffffff 0x7fffffff 0x7fffffff	0x80000000
v_mad24_i32		0x80000000 0x80000000 0x80000000	0x80000000
v_mad24_i32		0xfffffffe 0xfffffffe 0xfffffffe	0x00000002
v_mad24_i32		0xffffffff 0xffffffff 0xffffffff	0x00000000
v_mad24_u32		0x0 0x0 0x0	0x00000000
v_mad24_u32		0x0 0x1 0x0	0x00000000
v_mad24_u32		0x0 0x0 0x0	0x00000000
v_mad24_u32		0x0 0x1 0x0	0x00000000
v_mad24_u32		0x0 0x1 0x1	0x00000001
v_mad24_u32		0x0 0x0 0x1	0x00000001
v_mad24_u32		0x0 0x7fffffff 0x0	0x00000000
v_mad24_u32		0x0 0x1 0x7fffffff	0x7fffffff
v_mad24_u32		0x0 0x0 0x7fffffff	0x7fffffff
v_mad24_u32		0x0 0x80000000 0x0	0x00000000
v_mad24_u32		0x0 0x1 0x80000000	0x80000000
v_mad24_u32		0x0 0x0 0x80000000	0x80000000
v_mad24_u32		0x0 0xfffffffe 0x0	0x00000000
v_mad24_u32		0x0 0x1 0xfffffffe	0xfffffffe
v_mad24_u32		0x0 0x0 0xfffffffe	0xfffffffe
v_mad24_u32		0x0 0xffffffff 0x0	0x00000000
v_mad24_u32		0x0 0x1 0xffffffff	0xffffffff
v_mad24_u32		0x0 0x0 0xffffffff	0xffffffff
v_mad24_u32		0x1 0x0 0x0	0x00000000
v_mad24_u32		0x1 0x1 0x0	0x00000001
v_mad24_u32		0x0 0x1 0x0	0x00000000
v_mad24_u32		0x1 0x1 0x0	0x00000001
v_mad24_u32		0x1 0x1 0x1	0x00000002
v_mad24_u32		0x0 0x1 0x1	0x00000001
v_mad24_u32		0x1 0x7fffffff 0x0	0x00ffffff
v_mad24_u32		0x1 0x1 0x7fffffff	0x80000000
v_mad24_u32		0x0 0x1 0x7fffffff	0x7fffffff
v_mad24_u32		0x1 0x80000000 0x0	0x00000000
v_mad24_u32		0x1 0x1 0x80000000	0x80000001
v_mad24_u32		0x0 0x1 0x80000000	0x80000000
v_mad24_u32		0x1 0xfffffffe 0x0	0x00fffffe
v_mad24_u32		0x1 0x1 0xfffffffe	0xffffffff
v_mad24_u32		0x0 0x1 0xfffffffe	0xfffffffe
v_mad24_u32		0x1 0xffffffff 0x0	0x00ffffff
v_mad24_u32		0x1 0x1 0xffffffff	0x00000000
v_mad24_u32		0x0 0x1 0xffffffff	0xffffffff
v_mad24_u32		0x7fffffff 0x0 0x0	0x00000000
v_mad24_u32		0x7fffffff 0x1 0x0	0x00ffffff
v_mad24_u32		0x0 0x7fffffff 0x0	0x00000000
v_mad24_u32		0x7fffffff 0x1 0x0	0x00ffffff
v_mad24_u32		0x7fffffff 0x1 0x1	0x01000000
v_mad24_u32		0x0 0x7fffffff 0x1	0x00000001
v_mad24_u32		0x7fffffff 0x7fffffff 0x0	0xfe000001
v_mad24_u32		0x7fffffff 0x1 0x7fffffff	0x80fffffe
v_mad24_u32		0x0 0x7fffffff 0x7fffffff	0x7fffffff
v_mad24_u32		0x7fffffff 0x80000000 0x0	0x00000000
v_mad24_u32		0x7fffffff 0x1 0x80000000	0x80ffffff
v_mad24_u32		0x0 0x7fffffff 0x80000000	0x80000000
v_mad24_u32		0x7fffffff 0xfffffffe 0x0	0xfd000002
v_mad24_u32		0x7fffffff 0x1 0xfffffffe	0x00fffffd
v_mad24_u32		0x0 0x7fffffff 0xfffffffe	0xfffffffe
v_mad24_u32		0x7fffffff 0xffffffff 0x0	0xfe000001
v_mad24_u32		0x7fffffff 0x1 0xffffffff	0x00fffffe
v_mad24_u32		0x0 0x7fffffff 0xffffffff	0xffffffff
v_mad24_u32		0x80000000 0x0 0x0	0x00000000
v_mad24_u32		0x80000000 0x1 0x0	0x00000000
v_mad24_u32		0x0 0x80000000 0x0	0x00000000
v_mad24_u32		0x80000000 0x1 0x0	0x00000000
v_mad24_u32		0x80000000 0x1 0x1	0x00000001
v_mad24_u32		0x0 0x80000000 0x1	0x00000001
v_mad24_u32		0x80000000 0x7fffffff 0x0	0x00000000
v_mad24_u32		0x80000000 0x1 0x7fffffff	0x7fffffff
v_mad24_u32		0x0 0x80000000 0x7fffffff	0x7fffffff
v_mad24_u32		0x80000000 0x80000000 0x0	0x00000000
v_mad24_u32		0x80000000 0x1 0x80000000	0x80000000
v_mad24_u32		0x0 0x80000000 0x80000000	0x80000000
v_mad24_u32		0x80000000 0xfffffffe 0x0	0x00000000
v_mad24_u32		0x80000000 0x1 0xfffffffe	0xfffffffe
v_mad24_u32		0x0 0x80000000 0xfffffffe	0xfffffffe
v_mad24_u32		0x80000000 0xffffffff 0x0	0x00000000
v_mad24_u32		0x80000000 0x1 0xffffffff	0xffffffff
v_mad24_u32		0x0 0x80000000 0xffffffff	0xffffffff
v_mad24_u32		0xfffffffe 0x0 0x0	0x00000000
v_mad24_u32		0xfffffffe 0x1 0x0	0x00fffffe
v_mad24_u32		0x0 0xfffffffe 0x0	0x00000000
v_mad24_u32		0xfffffffe 0x1 0x0	0x00fffffe
v_mad24_u32		0xfffffffe 0x1 0x1	0x00ffffff
v_mad24_u32		0x0 0xfffffffe 0x1	0x00000001
v_mad24_u32		0xfffffffe 0x7fffffff 0x0	0xfd000002
v_mad24_u32		0xfffffffe 0x1 0x7fffffff	0x80fffffd
v_mad24_u32		0x0 0xfffffffe 0x7fffffff	0x7fffffff
v_mad24_u32		0xfffffffe 0x80000000 0x0	0x00000000
v_mad24_u32		0xfffffffe 0x1 0x80000000	0x80fffffe
v_mad24_u32		0x0 0xfffffffe 0x80000000	0x80000000
v_mad24_u32		0xfffffffe 0xfffffffe 0x0	0xfc000004
v_mad24_u32		0xfffffffe 0x1 0xfffffffe	0x00fffffc
v_mad24_u32		0x0 0xfffffffe 0xfffffffe	0xfffffffe
v_mad24_u32		0xfffffffe 0xffffffff 0x0	0xfd000002
v_mad24_u32		0xfffffffe 0x1 0xffffffff	0x00fffffd
v_mad24_u32		0x0 0xfffffffe 0xffffffff	0xffffffff
v_mad24_u32		0xffffffff 0x0 0x0	0x00000000
v_mad24_u32		0xffffffff 0x1 0x0	0x00ffffff
v_mad24_u32		0x0 0xffffffff 0x0	0x00000000
v_mad24_u32		0xffffffff 0x1 0x0	0x00ffffff
v_mad24_u32		0xffffffff 0x1 0x1	0x01000000
v_mad24_u32		0x0 0xffffffff 0x1	0x00000001
v_mad24_u32		0xffffffff 0x7fffffff 0x0	0xfe000001
v_mad24_u32		0xffffffff 0x1 0x7fffffff	0x80fffffe
v_mad24_u32		0x0 0xffffffff 0x7fffffff	0x7fffffff
v_mad24_u32		0xffffffff 0x80000000 0x0	0x00000000
v_mad24_u32		0xffffffff 0x1 0x80000000	0x80ffffff
v_mad24_u32		0x0 0xffffffff 0x80000000	0x80000000
v_mad24_u32		0xffffffff 0xfffffffe 0x0	0xfd000002
v_mad24_u32		0xffffffff 0x1 0xfffffffe	0x00fffffd
v_mad24_u32		0x0 0xffffffff 0xfffffffe	0xfffffffe
v_mad24_u32		0xffffffff 0xffffffff 0x0	0xfe000001
v_mad24_u32		0xffffffff 0x1 0xffffffff	0x00fffffe
v_mad24_u32		0x0 0xffffffff 0xffffffff	0xffffffff
v_mad24_u32		0x0 0x0 0x0	0x00000000
v_mad24_u32		0x1 0x1 0x1	0x00000002
v_mad24_u32		0x7fffffff 0x7fffffff 0x7fffffff	0x7e000000
v_mad24_u32		0x80000000 0x80000000 0x80000000	0x80000000
v_mad24_u32		0xfffffffe 0xfffffffe 0xfffffffe	0xfc000002
v_mad24_u32		0xffffffff 0xffffffff 0xffffffff	0xfe000000
v_mad_i32		0x0 0x0 0x0	0x00000000
v_mad_i32		0x0 0x1 0x0	0x00000000
v_mad_i32		0x0 0x0 0x0	0x00000000
v_mad_i32		0x0 0x1 0x0	0x00000000
v_mad_i32		0x0 0x1 0x1	0x00000001
v_mad_i32		0x0 0x0 0x1	0x00000001
v_mad_i32		0x0 0x7fffffff 0x0	0x00000000
v_mad_i32		0x0 0x1 0x7fffffff	0x7fffffff
v_mad_i32		0x0 0x0 0x7fffffff	0x7fffffff
v_mad_i32		0x0 0x80000000 0x0	0x00000000
v_mad_i32		0x0 0x1 0x80000000	0x80000000
v_mad_i32		0x0 0x0 0x80000000	0x80000000
v_mad_i32		0x0 0xfffffffe 0x0	0x00000000
v_mad_i32		0x0 0x1 0xfffffffe	0xfffffffe
v_mad_i32		0x0 0x0 0xfffffffe	0xfffffffe
v_mad_i32		0x0 0xffffffff 0x0	0x00000000
v_mad_i32		0x0 0x1 0xffffffff	0xffffffff
v_mad_i32		0x0 0x0 0xffffffff	0xffffffff
v_mad_i32		0x1 0x0 0x0	0x00000000
v_mad_i32		0x1 0x1 0x0	0x00000001
v_mad_i32		0x0 0x1 0x0	0x00000000
v_mad_i32		0x1 0x1 0x0	0x00000001
v_mad_i32		0x1 0x1 0x1	0x00000002
v_mad_i32		0x0 0x1 0x1	0x00000001
v_mad_i32		0x1 0x7fffffff 0x0	0x7fffffff
v_mad_i32		0x1 0x1 0x7fffffff	0x80000000
v_mad_i32		0x0 0x1 0x7fffffff	0x7fffffff
v_mad_i32		0x1 0x80000000 0x0	0x80000000
v_mad_i32		0x1 0x1 0x80000000	0x80000001
v_mad_i32		0x0 0x1 0x80000000	0x80000000
v_mad_i32		0x1 0xfffffffe 0x0	0xfffffffe
v_mad_i32		0x1 0x1 0xfffffffe	0xffffffff
v_mad_i32		0x0 0x1 0xfffffffe	0xfffffffe
v_mad_i32		0x1 0xffffffff 0x0	0xffffffff
v_mad_i32		0x1 0x1 0xffffffff	0x00000000
v_mad_i32		0x0 0x1 0xffffffff	0xffffffff
v_mad_i32		0x7fffffff 0x0 0x0	0x00000000
v_mad_i32		0x7fffffff 0x1 0x0	0x7fffffff
v_mad_i32		0x0 0x7fffffff 0x0	0x00000000
v_mad_i32		0x7fffffff 0x1 0x0	0x7fffffff
v_mad_i32		0x7fffffff 0x1 0x1	0x80000000
v_mad_i32		0x0 0x7fffffff 0x1	0x00000001
v_mad_i32		0x7fffffff 0x7fffffff 0x0	0x00000001
v_mad_i32		0x7fffffff 0x1 0x7fffffff	0xfffffffe
v_mad_i32		0x0 0x7fffffff 0x7fffffff	0x7fffffff
v_mad_i32		0x7fffffff 0x80000000 0x0	0x80000000
v_mad_i32		0x7fffffff 0x1 0x80000000	0xffffffff
v_mad_i32		0x0 0x7fffffff 0x80000000	0x80000000
v_mad_i32		0x7fffffff 0xfffffffe 0x0	0x00000002
v_mad_i32		0x7fffffff 0x1 0xfffffffe	0x7ffffffd
v_mad_i32		0x0 0x7fffffff 0xfffffffe	0xfffffffe
v_mad_i32		0x7fffffff 0xffffffff 0x0	0x80000001
v_mad_i32		0x7fffffff 0x1 0xffffffff	0x7ffffffe
v_mad_i32		0x0 0x7fffffff 0xffffffff	0xffffffff
v_mad_i32		0x80000000 0x0 0x0	0x00000000
v_mad_i32		0x80000000 0x1 0x0	0x80000000
v_mad_i32		0x0 0x80000000 0x0	0x00000000
v_mad_i32		0x80000000 0x1 0x0	0x80000000
v_mad_i32		0x80000000 0x1 0x1	0x80000001
v_mad_i32		0x0 0x80000000 0x1	0x00000001
v_mad_i32		0x80000000 0x7fffffff 0x0	0x80000000
v_mad_i32		0x80000000 0x1 0x7fffffff	0xffffffff
v_mad_i32		0x0 0x80000000 0x7fffffff	0x7fffffff
v_mad_i32		0x80000000 0x80000000 0x0	0x00000000
v_mad_i32		0x80000000 0x1 0x80000000	0x00000000
v_mad_i32		0x0 0x80000000 0x80000000	0x80000000
v_mad_i32		0x80000000 0xfffffffe 0x0	0x00000000
v_mad_i32		0x80000000 0x1 0xfffffffe	0x7ffffffe
v_mad_i32		0x0 0x80000000 0xfffffffe	0xfffffffe
v_mad_i32		0x80000000 0xffffffff 0x0	0x80000000
v_mad_i32		0x80000000 0x1 0xffffffff	0x7fffffff
v_mad_i32		0x0 0x80000000 0xffffffff	0xffffffff
v_mad_i32		0xfffffffe 0x0 0x0	0x00000000
v_mad_i32		0xfffffffe 0x1 0x0	0xfffffffe
v_mad_i32		0x0 0xfffffffe 0x0	0x00000000
v_mad_i32		0xfffffffe 0x1 0x0	0xfffffffe
v_mad_i32		0xfffffffe 0x1 0x1	0xffffffff
v_mad_i32		0x0 0xfffffffe 0x1	0x00000001
v_mad_i32		0xfffffffe 0x7fffffff 0x0	0x00000002
v_mad_i32		0xfffffffe 0x1 0x7fffffff	0x7ffffffd
v_mad_i32		0x0 0xfffffffe 0x7fffffff	0x7fffffff
v_mad_i32		0xfffffffe 0x80000000 0x0	0x00000000
v_mad_i32		0xfffffffe 0x1 0x80000000	0x7ffffffe
v_mad_i32		0x0 0xfffffffe 0x80000000	0x80000000
v_mad_i32		0xfffffffe 0xfffffffe 0x0	0x00000004
v_mad_i32		0xfffffffe 0x1 0xfffffffe	0xfffffffc
v_mad_i32		0x0 0xfffffffe 0xfffffffe	0xfffffffe
v_mad_i32		0xfffffffe 0xffffffff 0x0	0x00000002
v_mad_i32		0xfffffffe 0x1 0xffffffff	0xfffffffd
v_mad_i32		0x0 0xfffffffe 0xffffffff	0xffffffff
v_mad_i32		0xffffffff 0x0 0x0	0x00000000
v_mad_i32		0xffffffff 0x1 0x0	0xffffffff
v_mad_i32		0x0 0xffffffff 0x0	0x00000000
v_mad_i32		0xffffffff 0x1 0x0	0xffffffff
v_mad_i32		0xffffffff 0x1 0x1	0x00000000
v_mad_i32		0x0 0xffffffff 0x1	0x00000001
v_mad_i32		0xffffffff 0x7fffffff 0x0	0x80000001
v_mad_i32		0xffffffff 0x1 0x7fffffff	0x7ffffffe
v_mad_i32		0x0 0xffffffff 0x7fffffff	0x7fffffff
v_mad_i32		0xffffffff 0x80000000 0x0	0x80000000
v_mad_i32		0xffffffff 0x1 0x80000000	0x7fffffff
v_mad_i32		0x0 0xffffffff 0x80000000	0x80000000
v_mad_i32		0xffffffff 0xfffffffe 0x0	0x00000002
v_mad_i32		0xffffffff 0x1 0xfffffffe	0xfffffffd
v_mad_i32		0x0 0xffffffff 0xfffffffe	0xfffffffe
v_mad_i32		0xffffffff 0xffffffff 0x0	0x00000001
v_mad_i32		0xffffffff 0x1 0xffffffff	0xfffffffe
v_mad_i32		0x0 0xffffffff 0xffffffff	0xffffffff
v_mad_i32		0x0 0x0 0x0	0x00000000
v_mad_i32		0x1 0x1 0x1	0x00000002
v_mad_i32		0x7fffffff 0x7fffffff 0x7fffffff	0x80000000
v_mad_i32		0x80000000 0x80000000 0x80000000	0x80000000
v_mad_i32		0xfffffffe 0xfffffffe 0xfffffffe	0x00000002
v_mad_i32		0xffffffff 0xffffffff 0xffffffff	0x00000000
v_mad_u32		0x0 0x0 0x0	0x00000000
v_mad_u32		0x0 0x1 0x0	0x00000000
v_mad_u32		0x0 0x0 0x0	0x00000000
v_mad_u32		0x0 0x1 0x0	0x00000000
v_mad_u32		0x0 0x1 0x1	0x00000001
v_mad_u32		0x0 0x0 0x1	0x00000001
v_mad_u32		0x0 0x7fffffff 0x0	0x00000000
v_mad_u32		0x0 0x1 0x7fffffff	0x7fffffff
v_mad_u32		0x0 0x0 0x7fffffff	0x7fffffff
v_mad_u32		0x0 0x80000000 0x0	0x00000000
v_mad_u32		0x0 0x1 0x80000000	0x80000000
v_mad_u32		0x0 0x0 0x80000000	0x80000000
v_mad_u32		0x0 0xfffffffe 0x0	0x00000000
v_mad_u32		0x0 0x1 0xfffffffe	0xfffffffe
v_mad_u32		0x0 0x0 0xfffffffe	0xfffffffe
v_mad_u32		0x0 0xffffffff 0x0	0x00000000
v_mad_u32		0x0 0x1 0xffffffff	0xffffffff
v_mad_u32		0x0 0x0 0xffffffff	0xffffffff
v_mad_u32		0x1 0x0 0x0	0x00000000
v_mad_u32		0x1 0x1 0x0	0x00000001
v_mad_u32		0x0 0x1 0x0	0x00000000
v_mad_u32		0x1 0x1 0x0	0x00000001
v_mad_u32		0x1 0x1 0x1	0x00000002
v_mad_u32		0x0 0x1 0x1	0x00000001
v_mad_u32		0x1 0x7fffffff 0x0	0x7fffffff
v_mad_u32		0x1 0x1 0x7fffffff	0x80000000
v_mad_u32		0x0 0x1 0x7fffffff	0x7fffffff
v_mad_u32		0x1 0x80000000 0x0	0x80000000
v_mad_u32		0x1 0x1 0x80000000	0x80000001
v_mad_u32		0x0 0x1 0x80000000	0x80000000
v_mad_u32		0x1 0xfffffffe 0x0	0xfffffffe
v_mad_u32		0x1 0x1 0xfffffffe	0xffffffff
v_mad_u32		0x0 0x1 0xfffffffe	0xfffffffe
v_mad_u32		0x1 0xffffffff 0x0	0xffffffff
v_mad_u32		0x1 0x1 0xffffffff	0x00000000
v_mad_u32		0x0 0x1 0xffffffff	0xffffffff
v_mad_u32		0x7fffffff 0x0 0x0	0x00000000
v_mad_u32		0x7fffffff 0x1 0x0	0x7fffffff
v_mad_u32		0x0 0x7fffffff 0x0	0x00000000
v_mad_u32		0x7fffffff 0x1 0x0	0x7fffffff
v_mad_u32		0x7fffffff 0x1 0x1	0x80000000
v_mad_u32		0x0 0x7fffffff 0x1	0x00000001
v_mad_u32		0x7fffffff 0x7fffffff 0x0	0x00000001
v_mad_u32		0x7fffffff 0x1 0x7fffffff	0xfffffffe
v_mad_u32		0x0 0x7fffffff 0x7fffffff	0x7fffffff
v_mad_u32		0x7fffffff 0x80000000 0x0	0x80000000
v_mad_u32		0x7fffffff 0x1 0x80000000	0xffffffff
v_mad_u32		0x0 0x7fffffff 0x80000000	0x80000000
v_mad_u32		0x7fffffff 0xfffffffe 0x0	0x00000002
v_mad_u32		0x7fffffff 0x1 0xfffffffe	0x7ffffffd
v_mad_u32		0x0 0x7fffffff 0xfffffffe	0xfffffffe
v_mad_u32		0x7fffffff 0xffffffff 0x0	0x80000001
v_mad_u32		0x7fffffff 0x1 0xffffffff	0x7ffffffe
v_mad_u32		0x0 0x7fffffff 0xffffffff	0xffffffff
v_mad_u32		0x80000000 0x0 0x0	0x00000000
v_mad_u32		0x80000000 0x1 0x0	0x80000000
v_mad_u32		0x0 0x80000000 0x0	0x00000000
v_mad_u32		0x80000000 0x1 0x0	0x80000000
v_mad_u32		0x80000000 0x1 0x1	0x80000001
v_mad_u32		0x0 0x80000000 0x1	0x00000001
v_mad_u32		0x80000000 0x7fffffff 0x0	0x80000000
v_mad_u32		0x80000000 0x1 0x7fffffff	0xffffffff
v_mad_u32		0x0 0x80000000 0x7fffffff	0x7fffffff
v_mad_u32		0x80000000 0x80000000 0x0	0x00000000
v_mad_u32		0x80000000 0x1 0x80000000	0x00000000
v_mad_u32		0x0 0x80000000 0x80000000	0x80000000
v_mad_u32		0x80000000 0xfffffffe 0x0	0x00000000
v_mad_u32		0x80000000 0x1 0xfffffffe	0x7ffffffe
v_mad_u32		0x0 0x80000000 0xfffffffe	0xfffffffe
v_mad_u32		0x80000000 0xffffffff 0x0	0x80000000
v_mad_u32		0x80000000 0x1 0xffffffff	0x7fffffff
v_mad_u32		0x0 0x80000000 0xffffffff	0xffffffff
v_mad_u32		0xfffffffe 0x0 0x0	0x00000000
v_mad_u32		0xfffffffe 0x1 0x0	0xfffffffe
v_mad_u32		0x0 0xfffffffe 0x0	0x00000000
v_mad_u32		0xfffffffe 0x1 0x0	0xfffffffe
v_mad_u32		0xfffffffe 0x1 0x1	0xffffffff
v_mad_u32		0x0 0xfffffffe 0x1	0x00000001
v_mad_u32		0xfffffffe 0x7fffffff 0x0	0x00000002
v_mad_u32		0xfffffffe 0x1 0x7fffffff	0x7ffffffd
v_mad_u32		0x0 0xfffffffe 0x7fffffff	0x7fffffff
v_mad_u32		0xfffffffe 0x80000000 0x0	0x00000000
v_mad_u32		0xfffffffe 0x1 0x80000000	0x7ffffffe
v_mad_u32		0x0 0xfffffffe 0x80000000	0x80000000
v_mad_u32		0xfffffffe 0xfffffffe 0x0	0x00000004
v_mad_u32		0xfffffffe 0x1 0xfffffffe	0xfffffffc
v_mad_u32		0x0 0xfffffffe 0xfffffffe	0xfffffffe
v_mad_u32		0xfffffffe 0xffffffff 0x0	0x00000002
v_mad_u32		0xfffffffe 0x1 0xffffffff	0xfffffffd
v_mad_u32		0x0 0xfffffffe 0xffffffff	0xffffffff
v_mad_u32		0xffffffff 0x0 0x0	0x00000000
v_mad_u32		0xffffffff 0x1 0x0	0xffffffff
v_mad_u32		0x0 0xffffffff 0x0	0x00000000
v_mad_u32		0xffffffff 0x1 0x0	0xffffffff
v_mad_u32		0xffffffff 0x1 0x1	0x00000000
v_mad_u32		0x0 0xffffffff 0x1	0x00000001
v_mad_u32		0xffffffff 0x7fffffff 0x0	0x80000001
v_mad_u32		0xffffffff 0x1 0x7fffffff	0x7ffffffe
v_mad_u32		0x0 0xffffffff 0x7fffffff	0x7fffffff
v_mad_u32		0xffffffff 0x80000000 0x0	0x80000000
v_mad_u32		0xffffffff 0x1 0x80000000	0x7fffffff
v_mad_u32		0x0 0xffffffff 0x80000000	0x80000000
v_mad_u32		0xffffffff 0xfffffffe 0x0	0x00000002
v_mad_u32		0xffffffff 0x1 0xfffffffe	0xfffffffd
v_mad_u32		0x0 0xffffffff 0xfffffffe	0xfffffffe
v_mad_u32		0xffffffff 0xffffffff 0x0	0x00000001
v_mad_u32		0xffffffff 0x1 0xffffffff	0xfffffffe
v_mad_u32		0x0 0xffffffff 0xffffffff	0xffffffff
v_mad_u32		0x0 0x0 0x0	0x00000000
v_mad_u32		0x1 0x1 0x1	0x00000002
v_mad_u32		0x7fffffff 0x7fffffff 0x7fffffff	0x80000000
v_mad_u32		0x80000000 0x80000000 0x80000000	0x80000000
v_mad_u32		0xfffffffe 0xfffffffe 0xfffffffe	0x00000002
v_mad_u32		0xffffffff 0xffffffff 0xffffffff	0x00000000
v_max3_f32		0x0 0x0 0x0	0x00000000
v_max3_f32		0x0 0x1 0x0	0x00000000
v_max3_f32		0x0 0x0 0x0	0x00000000
v_max3_f32		0x0 0x80000000 0x0	0x00000000
v_max3_f32		0x0 0x1 0x80000000	0x00000000
v_max3_f32		0x0 0x0 0x80000000	0x00000000
v_max3_f32		0x0 0x3f000000 0x0	0x3f000000
v_max3_f32		0x0 0x1 0x3f000000	0x3f000000
v_max3_f32		0x0 0x0 0x3f000000	0x3f000000
v_max3_f32		0x0 0x3f800000 0x0	0x3f800000
v_max3_f32		0x0 0x1 0x3f800000	0x3f800000
v_max3_f32		0x0 0x0 0x3f800000	0x3f800000
v_max3_f32		0x0 0xbf800000 0x0	0x00000000
v_max3_f32		0x0 0x1 0xbf800000	0x00000000
v_max3_f32		0x0 0x0 0xbf800000	0x00000000
v_max3_f32		0x0 0x800000 0x0	0x00800000
v_max3_f32		0x0 0x1 0x800000	0x00800000
v_max3_f32		0x0 0x0 0x800000	0x00800000
v_max3_f32		0x0 0x7f7fffff 0x0	0x7f7fffff
v_max3_f32		0x0 0x1 0x7f7fffff	0x7f7fffff
v_max3_f32		0x0 0x0 0x7f7fffff	0x7f7fffff
v_max3_f32		0x0 0x7f800000 0x0	0x7f800000
v_max3_f32		0x0 0x1 0x7f800000	0x7f800000
v_max3_f32		0x0 0x0 0x7f800000	0x7f800000
v_max3_f32		0x0 0xff800000 0x0	0x00000000
v_max3_f32		0x0 0x1 0xff800000	0x00000000
v_max3_f32		0x0 0x0 0xff800000	0x00000000
v_max3_f32		0x0 0x7fc00000 0x0	0x7fc00000
v_max3_f32		0x0 0x1 0x7fc00000	0x7fc00000
v_max3_f32		0x0 0x0 0x7fc00000	0x7fc00000
v_max3_f32		0x80000000 0x0 0x0	0x00000000
v_max3_f32		0x80000000 0x1 0x0	0x00000000
v_max3_f32		0x0 0x80000000 0x0	0x00000000
v_max3_f32		0x80000000 0x80000000 0x0	0x00000000
v_max3_f32		0x80000000 0x1 0x80000000	0x00000000
v_max3_f32		0x0 0x80000000 0x80000000	0x00000000
v_max3_f32		0x80000000 0x3f000000 0x0	0x3f000000
v_max3_f32		0x80000000 0x1 0x3f000000	0x3f000000
v_max3_f32		0x0 0x80000000 0x3f000000	0x3f000000
v_max3_f32		0x80000000 0x3f800000 0x0	0x3f800000
v_max3_f32		0x80000000 0x1 0x3f800000	0x3f800000
v_max3_f32		0x0 0x80000000 0x3f800000	0x3f800000
v_max3_f32		0x80000000 0xbf800000 0x0	0x00000000
v_max3_f32		0x80000000 0x1 0xbf800000	0x00000000
v_max3_f32		0x0 0x80000000 0xbf800000	0x00000000
v_max3_f32		0x80000000 0x800000 0x0	0x00800000
v_max3_f32		0x80000000 0x1 0x800000	0x00800000
v_max3_f32		0x0 0x80000000 0x800000	0x00800000
v_max3_f32		0x80000000 0x7f7fffff 0x0	0x7f7fffff
v_max3_f32		0x80000000 0x1 0x7f7fffff	0x7f7fffff
v_max3_f32		0x0 0x80000000 0x7f7fffff	0x7f7fffff
v_max3_f32		0x80000000 0x7f800000 0x0	0x7f800000
v_max3_f32		0x80000000 0x1 0x7f800000	0x7f800000
v_max3_f32		0x0 0x80000000 0x7f800000	0x7f800000
v_max3_f32		0x80000000 0xff800000 0x0	0x00000000
v_max3_f32		0x80000000 0x1 0xff800000	0x00000000
v_max3_f32		0x0 0x80000000 0xff800000	0x00000000
v_max3_f32		0x80000000 0x7fc00000 0x0	0x7fc00000
v_max3_f32		0x80000000 0x1 0x7fc00000	0x7fc00000
v_max3_f32		0x0 0x80000000 0x7fc00000	0x7fc00000
v_max3_f32		0x3f000000 0x0 0x0	0x3f000000
v_max3_f32		0x3f000000 0x1 0x0	0x3f000000
v_max3_f32		0x0 0x3f000000 0x0	0x3f000000
v_max3_f32		0x3f000000 0x80000000 0x0	0x3f000000
v_max3_f32		0x3f000000 0x1 0x80000000	0x3f000000
v_max3_f32		0x0 0x3f000000 0x80000000	0x3f000000
v_max3_f32		0x3f000000 0x3f000000 0x0	0x3f000000
v_max3_f32		0x3f000000 0x1 0x3f000000	0x3f000000
v_max3_f32		0x0 0x3f000000 0x3f000000	0x3f000000
v_max3_f32		0x3f000000 0x3f800000 0x0	0x3f800000
v_max3_f32		0x3f000000 0x1 0x3f800000	0x3f800000
v_max3_f32		0x0 0x3f000000 0x3f800000	0x3f800000
v_max3_f32		0x3f000000 0xbf800000 0x0	0x3f000000
v_max3_f32		0x3f000000 0x1 0xbf800000	0x3f000000
v_max3_f32		0x0 0x3f000000 0xbf800000	0x3f000000
v_max3_f32		0x3f000000 0x800000 0x0	0x3f000000
v_max3_f32		0x3f000000 0x1 0x800000	0x3f000000
v_max3_f32		0x0 0x3f000000 0x800000	0x3f000000
v_max3_f32		0x3f000000 0x7f7fffff 0x0	0x7f7fffff
v_max3_f32		0x3f000000 0x1 0x7f7fffff	0x7f7fffff
v_max3_f32		0x0 0x3f000000 0x7f7fffff	0x7f7fffff
v_max3_f32		0x3f000000 0x7f800000 0x0	0x7f800000
v_max3_f32		0x3f000000 0x1 0x7f800000	0x7f800000
v_max3_f32		0x0 0x3f000000 0x7f800000	0x7f800000
v_max3_f32		0x3f000000 0xff800000 0x0	0x3f000000
v_max3_f32		0x3f000000 0x1 0xff800000	0x3f000000
v_max3_f32		0x0 0x3f000000 0xff800000	0x3f000000
v_max3_f32		0x3f000000 0x7fc00000 0x0	0x7fc00000
v_max3_f32		0x3f000000 0x1 0x7fc00000	0x7fc00000
v_max3_f32		0x0 0x3f000000 0x7fc00000	0x7fc00000
v_max3_f32		0x3f800000 0x0 0x0	0x3f800000
v_max3_f32		0x3f800000 0x1 0x0	0x3f800000
v_max3_f32		0x0 0x3f800000 0x0	0x3f800000
v_max3_f32		0x3f800000 0x80000000 0x0	0x3f800000
v_max3_f32		0x3f800000 0x1 0x80000000	0x3f800000
v_max3_f32		0x0 0x3f800000 0x80000000	0x3f800000
v_max3_f32		0x3f800000 0x3f000000 0x0	0x3f800000
v_max3_f32		0x3f800000 0x1 0x3f000000	0x3f800000
v_max3_f32		0x0 0x3f800000 0x3f000000	0x3f800000
v_max3_f32		0x3f800000 0x3f800000 0x0	0x3f800000
v_max3_f32		0x3f800000 0x1 0x3f800000	0x3f800000
v_max3_f32		0x0 0x3f800000 0x3f800000	0x3f800000
v_max3_f32		0x3f800000 0xbf800000 0x0	0x3f800000
v_max3_f32		0x3f800000 0x1 0xbf800000	0x3f800000
v_max3_f32		0x0 0x3f800000 0xbf800000	0x3f800000
v_max3_f32		0x3f800000 0x800000 0x0	0x3f800000
v_max3_f32		0x3f800000 0x1 0x800000	0x3f800000
v_max3_f32		0x0 0x3f800000 0x800000	0x3f800000
v_max3_f32		0x3f800000 0x7f7fffff 0x0	0x7f7fffff
v_max3_f32		0x3f800000 0x1 0x7f7fffff	0x7f7fffff
v_max3_f32		0x0 0x3f800000 0x7f7fffff	0x7f7fffff
v_max3_f32		0x3f800000 0x7f800000 0x0	0x7f800000
v_max3_f32		0x3f800000 0x1 0x7f800000	0x7f800000
v_max3_f32		0x0 0x3f800000 0x7f800000	0x7f800000
v_max3_f32		0x3f800000 0xff800000 0x0	0x3f800000
v_max3_f32		0x3f800000 0x1 0xff800000	0x3f800000
v_max3_f32		0x0 0x3f800000 0xff800000	0x3f800000
v_max3_f32		0x3f800000 0x7fc00000 0x0	0x7fc00000
v_max3_f32		0x3f800000 0x1 0x7fc00000	0x7fc00000
v_max3_f32		0x0 0x3f800000 0x7fc00000	0x7fc00000
v_max3_f32		0xbf800000 0x0 0x0	0x00000000
v_max3_f32		0xbf800000 0x1 0x0	0x00000000
v_max3_f32		0x0 0xbf800000 0x0	0x00000000
v_max3_f32		0xbf800000 0x80000000 0x0	0x00000000
v_max3_f32		0xbf800000 0x1 0x80000000	0x00000000
v_max3_f32		0x0 0xbf800000 0x80000000	0x00000000
v_max3_f32		0xbf800000 0x3f000000 0x0	0x3f000000
v_max3_f32		0xbf800000 0x1 0x3f000000	0x3f000000
v_max3_f32		0x0 0xbf800000 0x3f000000	0x3f000000
v_max3_f32		0xbf800000 0x3f800000 0x0	0x3f800000
v_max3_f32		0xbf800000 0x1 0x3f800000	0x3f800000
v_max3_f32		0x0 0xbf800000 0x3f800000	0x3f800000
v_max3_f32		0xbf800000 0xbf800000 0x0	0x00000000
v_max3_f32		0xbf800000 0x1 0xbf800000	0x00000000
v_max3_f32		0x0 0xbf800000 0xbf800000	0x00000000
v_max3_f32		0xbf800000 0x800000 0x0	0x00800000
v_max3_f32		0xbf800000 0x1 0x800000	0x00800000
v_max3_f32		0x0 0xbf800000 0x800000	0x00800000
v_max3_f32		0xbf800000 0x7f7fffff 0x0	0x7f7fffff
v_max3_f32		0xbf800000 0x1 0x7f7fffff	0x7f7fffff
v_max3_f32		0x0 0xbf800000 0x7f7fffff	0x7f7fffff
v_max3_f32		0xbf800000 0x7f800000 0x0	0x7f800000
v_max3_f32		0xbf800000 0x1 0x7f800000	0x7f800000
v_max3_f32		0x0 0xbf800000 0x7f800000	0x7f800000
v_max3_f32		0xbf800000 0xff800000 0x0	0x00000000
v_max3_f32		0xbf800000 0x1 0xff800000	0x00000000
v_max3_f32		0x0 0xbf800000 0xff800000	0x00000000
v_max3_f32		0xbf800000 0x7fc00000 0x0	0x7fc00000
v_max3_f32		0xbf800000 0x1 0x7fc00000	0x7fc00000
v_max3_f32		0x0 0xbf800000 0x7fc00000	0x7fc00000
v_max3_f32		0x800000 0x0 0x0	0x00800000
v_max3_f32		0x800000 0x1 0x0	0x00800000
v_max3_f32		0x0 0x800000 0x0	0x00800000
v_max3_f32		0x800000 0x80000000 0x0	0x00800000
v_max3_f32		0x800000 0x1 0x80000000	0x00800000
v_max3_f32		0x0 0x800000 0x80000000	0x00800000
v_max3_f32		0x800000 0x3f000000 0x0	0x3f000000
v_max3_f32		0x800000 0x1 0x3f000000	0x3f000000
v_max3_f32		0x0 0x800000 0x3f000000	0x3f000000
v_max3_f32		0x800000 0x3f800000 0x0	0x3f800000
v_max3_f32		0x800000 0x1 0x3f800000	0x3f800000
v_max3_f32		0x0 0x800000 0x3f800000	0x3f800000
v_max3_f32		0x800000 0xbf800000 0x0	0x00800000
v_max3_f32		0x800000 0x1 0xbf800000	0x00800000
v_max3_f32		0x0 0x800000 0xbf800000	0x00800000
v_max3_f32		0x800000 0x800000 0x0	0x00800000
v_max3_f32		0x800000 0x1 0x800000	0x00800000
v_max3_f32		0x0 0x800000 0x800000	0x00800000
v_max3_f32		0x800000 0x7f7fffff 0x0	0x7f7fffff
v_max3_f32		0x800000 0x1 0x7f7fffff	0x7f7fffff
v_max3_f32		0x0 0x800000 0x7f7fffff	0x7f7fffff
v_max3_f32		0x800000 0x7f800000 0x0	0x7f800000
v_max3_f32		0x800000 0x1 0x7f800000	0x7f800000
v_max3_f32		0x0 0x800000 0x7f800000	0x7f800000
v_max3_f32		0x800000 0xff800000 0x0	0x00800000
v_max3_f32		0x800000 0x1 0xff800000	0x00800000
v_max3_f32		0x0 0x800000 0xff800000	0x00800000
v_max3_f32		0x800000 0x7fc00000 0x0	0x7fc00000
v_max3_f32		0x800000 0x1 0x7fc00000	0x7fc00000
v_max3_f32		0x0 0x800000 0x7fc00000	0x7fc00000
v_max3_f32		0x7f7fffff 0x0 0x0	0x7f7fffff
v_max3_f32		0x7f7fffff 0x1 0x0	0x7f7fffff
v_max3_f32		0x0 0x7f7fffff 0x0	0x7f7fffff
v_max3_f32		0x7f7fffff 0x80000000 0x0	0x7f7fffff
v_max3_f32		0x7f7fffff 0x1 0x80000000	0x7f7fffff
v_max3_f32		0x0 0x7f7fffff 0x80000000	0x7f7fffff
v_max3_f32		0x7f7fffff 0x3f000000 0x0	0x7f7fffff
v_max3_f32		0x7f7fffff 0x1 0x3f000000	0x7f7fffff
v_max3_f32		0x0 0x7f7fffff 0x3f000000	0x7f7fffff
v_max3_f32		0x7f7fffff 0x3f800000 0x0	0x7f7fffff
v_max3_f32		0x7f7fffff 0x1 0x3f800000	0x7f7fffff
v_max3_f32		0x0 0x7f7fffff 0x3f800000	0x7f7fffff
v_max3_f32		0x7f7fffff 0xbf800000 0x0	0x7f7fffff
v_max3_f32		0x7f7fffff 0x1 0xbf800000	0x7f7fffff
v_max3_f32		0x0 0x7f7fffff 0xbf800000	0x7f7fffff
v_max3_f32		0x7f7fffff 0x800000 0x0	0x7f7fffff
v_max3_f32		0x7f7fffff 0x1 0x800000	0x7f7fffff
v_max3_f32		0x0 0x7f7fffff 0x800000	0x7f7fffff
v_max3_f32		0x7f7fffff 0x7f7fffff 0x0	0x7f7fffff
v_max3_f32		0x7f7fffff 0x1 0x7f7fffff	0x7f7fffff
v_max3_f32		0x0 0x7f7fffff 0x7f7fffff	0x7f7fffff
v_max3_f32		0x7f7fffff 0x7f800000 0x0	0x7f800000
v_max3_f32		0x7f7fffff 0x1 0x7f800000	0x7f800000
v_max3_f32		0x0 0x7f7fffff 0x7f800000	0x7f800000
v_max3_f32		0x7f7fffff 0xff800000 0x0	0x7f7fffff
v_max3_f32		0x7f7fffff 0x1 0xff800000	0x7f7fffff
v_max3_f32		0x0 0x7f7fffff 0xff800000	0x7f7fffff
v_max3_f32		0x7f7fffff 0x7fc00000 0x0	0x7fc00000
v_max3_f32		0x7f7fffff 0x1 0x7fc00000	0x7fc00000
v_max3_f32		0x0 0x7f7fffff 0x7fc00000	0x7fc00000
v_max3_f32		0x7f800000 0x0 0x0	0x7f800000
v_max3_f32		0x7f800000 0x1 0x0	0x7f800000
v_max3_f32		0x0 0x7f800000 0x0	0x7f800000
v_max3_f32		0x7f800000 0x80000000 0x0	0x7f800000
v_max3_f32		0x7f800000 0x1 0x80000000	0x7f800000
v_max3_f32		0x0 0x7f800000 0x80000000	0x7f800000
v_max3_f32		0x7f800000 0x3f000000 0x0	0x7f800000
v_max3_f32		0x7f800000 0x1 0x3f000000	0x7f800000
v_max3_f32		0x0 0x7f800000 0x3f000000	0x7f800000
v_max3_f32		0x7f800000 0x3f800000 0x0	0x7f800000
v_max3_f32		0x7f800000 0x1 0x3f800000	0x7f800000
v_max3_f32		0x0 0x7f800000 0x3f800000	0x7f800000
v_max3_f32		0x7f800000 0xbf800000 0x0	0x7f800000
v_max3_f32		0x7f800000 0x1 0xbf800000	0x7f800000
v_max3_f32		0x0 0x7f800000 0xbf800000	0x7f800000
v_max3_f32		0x7f800000 0x800000 0x0	0x7f800000
v_max3_f32		0x7f800000 0x1 0x800000	0x7f800000
v_max3_f32		0x0 0x7f800000 0x800000	0x7f800000
v_max3_f32		0x7f800000 0x7f7fffff 0x0	0x7f800000
v_max3_f32		0x7f800000 0x1 0x7f7fffff	0x7f800000
v_max3_f32		0x0 0x7f800000 0x7f7fffff	0x7f800000
v_max3_f32		0x7f800000 0x7f800000 0x0	0x7f800000
v_max3_f32		0x7f800000 0x1 0x7f800000	0x7f800000
v_max3_f32		0x0 0x7f800000 0x7f800000	0x7f800000
v_max3_f32		0x7f800000 0xff800000 0x0	0x7f800000
v_max3_f32		0x7f800000 0x1 0xff800000	0x7f800000
v_max3_f32		0x0 0x7f800000 0xff800000	0x7f800000
v_max3_f32		0x7f800000 0x7fc00000 0x0	0x7fc00000
v_max3_f32		0x7f800000 0x1 0x7fc00000	0x7fc00000
v_max3_f32		0x0 0x7f800000 0x7fc00000	0x7fc00000
v_max3_f32		0xff800000 0x0 0x0	0x00000000
v_max3_f32		0xff800000 0x1 0x0	0x00000000
v_max3_f32		0x0 0xff800000 0x0	0x00000000
v_max3_f32		0xff800000 0x80000000 0x0	0x00000000
v_max3_f32		0xff800000 0x1 0x80000000	0x00000000
v_max3_f32		0x0 0xff800000 0x80000000	0x00000000
v_max3_f32		0xff800000 0x3f000000 0x0	0x3f000000
v_max3_f32		0xff800000 0x1 0x3f000000	0x3f000000
v_max3_f32		0x0 0xff800000 0x3f000000	0x3f000000
v_max3_f32		0xff800000 0x3f800000 0x0	0x3f800000
v_max3_f32		0xff800000 0x1 0x3f800000	0x3f800000
v_max3_f32		0x0 0xff800000 0x3f800000	0x3f800000
v_max3_f32		0xff800000 0xbf800000 0x0	0x00000000
v_max3_f32		0xff800000 0x1 0xbf800000	0x00000000
v_max3_f32		0x0 0xff800000 0xbf800000	0x00000000
v_max3_f32		0xff800000 0x800000 0x0	0x00800000
v_max3_f32		0xff800000 0x1 0x800000	0x00800000
v_max3_f32		0x0 0xff800000 0x800000	0x00800000
v_max3_f32		0xff800000 0x7f7fffff 0x0	0x7f7fffff
v_max3_f32		0xff800000 0x1 0x7f7fffff	0x7f7fffff
v_max3_f32		0x0 0xff800000 0x7f7fffff	0x7f7fffff
v_max3_f32		0xff800000 0x7f800000 0x0	0x7f800000
v_max3_f32		0xff800000 0x1 0x7f800000	0x7f800000
v_max3_f32		0x0 0xff800000 0x7f800000	0x7f800000
v_max3_f32		0xff800000 0xff800000 0x0	0x00000000
v_max3_f32		0xff800000 0x1 0xff800000	0x00000000
v_max3_f32		0x0 0xff800000 0xff800000	0x00000000
v_max3_f32		0xff800000 0x7fc00000 0x0	0x7fc00000
v_max3_f32		0xff800000 0x1 0x7fc00000	0x7fc00000
v_max3_f32		0x0 0xff800000 0x7fc00000	0x7fc00000
v_max3_f32		0x7fc00000 0x0 0x0	0x7fc00000
v_max3_f32		0x7fc00000 0x1 0x0	0x7fc00000
v_max3_f32		0x0 0x7fc00000 0x0	0x7fc00000
v_max3_f32		0x7fc00000 0x80000000 0x0	0x7fc00000
v_max3_f32		0x7fc00000 0x1 0x80000000	0x7fc00000
v_max3_f32		0x0 0x7fc00000 0x80000000	0x7fc00000
v_max3_f32		0x7fc00000 0x3f000000 0x0	0x7fc00000
v_max3_f32		0x7fc00000 0x1 0x3f000000	0x7fc00000
v_max3_f32		0x0 0x7fc00000 0x3f000000	0x7fc00000
v_max3_f32		0x7fc00000 0x3f800000 0x0	0x7fc00000
v_max3_f32		0x7fc00000 0x1 0x3f800000	0x7fc00000
v_max3_f32		0x0 0x7fc00000 0x3f800000	0x7fc00000
v_max3_f32		0x7fc00000 0xbf800000 0x0	0x7fc00000
v_max3_f32		0x7fc00000 0x1 0xbf800000	0x7fc00000
v_max3_f32		0x0 0x7fc00000 0xbf800000	0x7fc00000
v_max3_f32		0x7fc00000 0x800000 0x0	0x7fc00000
v_max3_f32		0x7fc00000 0x1 0x800000	0x7fc00000
v_max3_f32		0x0 0x7fc00000 0x800000	0x7fc00000
v_max3_f32		0x7fc00000 0x7f7fffff 0x0	0x7fc00000
v_max3_f32		0x7fc00000 0x1 0x7f7fffff	0x7fc00000
v_max3_f32		0x0 0x7fc00000 0x7f7fffff	0x7fc00000
v_max3_f32		0x7fc00000 0x7f800000 0x0	0x7fc00000
v_max3_f32		0x7fc00000 0x1 0x7f800000	0x7fc00000
v_max3_f32		0x0 0x7fc00000 0x7f800000	0x7fc00000
v_max3_f32		0x7fc00000 0xff800000 0x0	0x7fc00000
v_max3_f32		0x7fc00000 0x1 0xff800000	0x7fc00000
v_max3_f32		0x0 0x7fc00000 0xff800000	0x7fc00000
v_max3_f32		0x7fc00000 0x7fc00000 0x0	0x7fc00000
v_max3_f32		0x7fc00000 0x1 0x7fc00000	0x7fc00000
v_max3_f32		0x0 0x7fc00000 0x7fc00000	0x7fc00000
v_max3_f32		0x0 0x0 0x0	0x00000000
v_max3_f32		0x80000000 0x80000000 0x80000000	0x80000000
v_max3_f32		0x3f000000 0x3f000000 0x3f000000	0x3f000000
v_max3_f32		0x3f800000 0x3f800000 0x3f800000	0x3f800000
v_max3_f32		0xbf800000 0xbf800000 0xbf800000	0xbf800000
v_max3_f32		0x800000 0x800000 0x800000	0x00800000
v_max3_f32		0x7f7fffff 0x7f7fffff 0x7f7fffff	0x7f7fffff
v_max3_f32		0x7f800000 0x7f800000 0x7f800000	0x7f800000
v_max3_f32		0xff800000 0xff800000 0xff800000	0xff800000
v_max3_f32		0x7fc00000 0x7fc00000 0x7fc00000	0x7fc00000
v_max3_i32		0x0 0x0 0x0	0x00000000
v_max3_i32		0x0 0x1 0x0	0x00000001
v_max3_i32		0x0 0x0 0x0	0x00000000
v_max3_i32		0x0 0x1 0x0	0x00000001
v_max3_i32		0x0 0x1 0x1	0x00000001
v_max3_i32		0x0 0x0 0x1	0x00000001
v_max3_i32		0x0 0x7fffffff 0x0	0x7fffffff
v_max3_i32		0x0 0x1 0x7fffffff	0x7fffffff
v_max3_i32		0x0 0x0 0x7fffffff	0x7fffffff
v_max3_i32		0x0 0x80000000 0x0	0x00000000
v_max3_i32		0x0 0x1 0x80000000	0x00000001
v_max3_i32		0x0 0x0 0x80000000	0x00000000
v_max3_i32		0x0 0xfffffffe 0x0	0x00000000
v_max3_i32		0x0 0x1 0xfffffffe	0x00000001
v_max3_i32		0x0 0x0 0xfffffffe	0x00000000
v_max3_i32		0x0 0xffffffff 0x0	0x00000000
v_max3_i32		0x0 0x1 0xffffffff	0x00000001
v_max3_i32		0x0 0x0 0xffffffff	0x00000000
v_max3_i32		0x1 0x0 0x0	0x00000001
v_max3_i32		0x1 0x1 0x0	0x00000001
v_max3_i32		0x0 0x1 0x0	0x00000001
v_max3_i32		0x1 0x1 0x0	0x00000001
v_max3_i32		0x1 0x1 0x1	0x00000001
v_max3_i32		0x0 0x1 0x1	0x00000001
v_max3_i32		0x1 0x7fffffff 0x0	0x7fffffff
v_max3_i32		0x1 0x1 0x7fffffff	0x7fffffff
v_max3_i32		0x0 0x1 0x7fffffff	0x7fffffff
v_max3_i32		0x1 0x80000000 0x0	0x00000001
v_max3_i32		0x1 0x1 0x80000000	0x00000001
v_max3_i32		0x0 0x1 0x80000000	0x00000001
v_max3_i32		0x1 0xfffffffe 0x0	0x00000001
v_max3_i32		0x1 0x1 0xfffffffe	0x00000001
v_max3_i32		0x0 0x1 0xfffffffe	0x00000001
v_max3_i32		0x1 0xffffffff 0x0	0x00000001
v_max3_i32		0x1 0x1 0xffffffff	0x00000001
v_max3_i32		0x0 0x1 0xffffffff	0x00000001
v_max3_i32		0x7fffffff 0x0 0x0	0x7fffffff
v_max3_i32		0x7fffffff 0x1 0x0	0x7fffffff
v_max3_i32		0x0 0x7fffffff 0x0	0x7fffffff
v_max3_i32		0x7fffffff 0x1 0x0	0x7fffffff
v_max3_i32		0x7fffffff 0x1 0x1	0x7fffffff
v_max3_i32		0x0 0x7fffffff 0x1	0x7fffffff
v_max3_i32		0x7fffffff 0x7fffffff 0x0	0x7fffffff
v_max3_i32		0x7fffffff 0x1 0x7fffffff	0x7fffffff
v_max3_i32		0x0 0x7fffffff 0x7fffffff	0x7fffffff
v_max3_i32		0x7fffffff 0x80000000 0x0	0x7fffffff
v_max3_i32		0x7fffffff 0x1 0x80000000	0x7fffffff
v_max3_i32		0x0 0x7fffffff 0x80000000	0x7fffffff
v_max3_i32		0x7fffffff 0xfffffffe 0x0	0x7fffffff
v_max3_i32		0x7fffffff 0x1 0xfffffffe	0x7fffffff
v_max3_i32		0x0 0x7fffffff 0xfffffffe	0x7fffffff
v_max3_i32		0x7fffffff 0xffffffff 0x0	0x7fffffff
v_max3_i32		0x7fffffff 0x1 0xffffffff	0x7fffffff
v_max3_i32		0x0 0x7fffffff 0xffffffff	0x7fffffff
v_max3_i32		0x80000000 0x0 0x0	0x00000000
v_max3_i32		0x80000000 0x1 0x0	0x00000001
v_max3_i32		0x0 0x80000000 0x0	0x00000000
v_max3_i32		0x80000000 0x1 0x0	0x00000001
v_max3_i32		0x80000000 0x1 0x1	0x00000001
v_max3_i32		0x0 0x80000000 0x1	0x00000001
v_max3_i32		0x80000000 0x7fffffff 0x0	0x7fffffff
v_max3_i32		0x80000000 0x1 0x7fffffff	0x7fffffff
v_max3_i32		0x0 0x80000000 0x7fffffff	0x7fffffff
v_max3_i32		0x80000000 0x80000000 0x0	0x00000000
v_max3_i32		0x80000000 0x1 0x80000000	0x00000001
v_max3_i32		0x0 0x80000000 0x80000000	0x00000000
v_max3_i32		0x80000000 0xfffffffe 0x0	0x00000000
v_max3_i32		0x80000000 0x1 0xfffffffe	0x00000001
v_max3_i32		0x0 0x80000000 0xfffffffe	0x00000000
v_max3_i32		0x80000000 0xffffffff 0x0	0x00000000
v_max3_i32		0x80000000 0x1 0xffffffff	0x00000001
v_max3_i32		0x0 0x80000000 0xffffffff	0x00000000
v_max3_i32		0xfffffffe 0x0 0x0	0x00000000
v_max3_i32		0xfffffffe 0x1 0x0	0x00000001
v_max3_i32		0x0 0xfffffffe 0x0	0x00000000
v_max3_i32		0xfffffffe 0x1 0x0	0x00000001
v_max3_i32		0xfffffffe 0x1 0x1	0x00000001
v_max3_i32		0x0 0xfffffffe 0x1	0x00000001
v_max3_i32		0xfffffffe 0x7fffffff 0x0	0x7fffffff
v_max3_i32		0xfffffffe 0x1 0x7fffffff	0x7fffffff
v_max3_i32		0x0 0xfffffffe 0x7fffffff	0x7fffffff
v_max3_i32		0xfffffffe 0x80000000 0x0	0x00000000
v_max3_i32		0xfffffffe 0x1 0x80000000	0x00000001
v_max3_i32		0x0 0xfffffffe 0x80000000	0x00000000
v_max3_i32		0xfffffffe 0xfffffffe 0x0	0x00000000
v_max3_i32		0xfffffffe 0x1 0xfffffffe	0x00000001
v_max3_i32		0x0 0xfffffffe 0xfffffffe	0x00000000
v_max3_i32		0xfffffffe 0xffffffff 0x0	0x00000000
v_max3_i32		0xfffffffe 0x1 0xffffffff	0x00000001
v_max3_i32		0x0 0xfffffffe 0xffffffff	0x00000000
v_max3_i32		0xffffffff 0x0 0x0	0x00000000
v_max3_i32		0xffffffff 0x1 0x0	0x00000001
v_max3_i32		0x0 0xffffffff 0x0	0x00000000
v_max3_i32		0xffffffff 0x1 0x0	0x00000001
v_max3_i32		0xffffffff 0x1 0x1	0x00000001
v_max3_i32		0x0 0xffffffff 0x1	0x00000001
v_max3_i32		0xffffffff 0x7fffffff 0x0	0x7fffffff
v_max3_i32		0xffffffff 0x1 0x7fffffff	0x7fffffff
v_max3_i32		0x0 0xffffffff 0x7fffffff	0x7fffffff
v_max3_i32		0xffffffff 0x80000000 0x0	0x00000000
v_max3_i32		0xffffffff 0x1 0x80000000	0x00000001
v_max3_i32		0x0 0xffffffff 0x80000000	0x00000000
v_max3_i32		0xffffffff 0xfffffffe 0x0	0x00000000
v_max3_i32		0xffffffff 0x1 0xfffffffe	0x00000001
v_max3_i32		0x0 0xffffffff 0xfffffffe	0x00000000
v_max3_i32		0xffffffff 0xffffffff 0x0	0x00000000
v_max3_i32		0xffffffff 0x1 0xffffffff	0x00000001
v_max3_i32		0x0 0xffffffff 0xffffffff	0x00000000
v_max3_i32		0x0 0x0 0x0	0x00000000
v_max3_i32		0x1 0x1 0x1	0x00000001
v_max3_i32		0x7fffffff 0x7fffffff 0x7fffffff	0x7fffffff
v_max3_i32		0x80000000 0x80000000 0x80000000	0x80000000
v_max3_i32		0xfffffffe 0xfffffffe 0xfffffffe	0xfffffffe
v_max3_i32		0xffffffff 0xffffffff 0xffffffff	0xffffffff
v_max3_u32		0x0 0x0 0x0	0x00000000
v_max3_u32		0x0 0x1 0x0	0x00000001
v_max3_u32		0x0 0x0 0x0	0x00000000
v_max3_u32		0x0 0x1 0x0	0x00000001
v_max3_u32		0x0 0x1 0x1	0x00000001
v_max3_u32		0x0 0x0 0x1	0x00000001
v_max3_u32		0x0 0x7fffffff 0x0	0x7fffffff
v_max3_u32		0x0 0x1 0x7fffffff	0x7fffffff
v_max3_u32		0x0 0x0 0x7fffffff	0x7fffffff
v_max3_u32		0x0 0x80000000 0x0	0x80000000
v_max3_u32		0x0 0x1 0x80000000	0x80000000
v_max3_u32		0x0 0x0 0x80000000	0x80000000
v_max3_u32		0x0 0xfffffffe 0x0	0xfffffffe
v_max3_u32		0x0 0x1 0xfffffffe	0xfffffffe
v_max3_u32		0x0 0x0 0xfffffffe	0xfffffffe
v_max3_u32		0x0 0xffffffff 0x0	0xffffffff
v_max3_u32		0x0 0x1 0xffffffff	0xffffffff
v_max3_u32		0x0 0x0 0xffffffff	0xffffffff
v_max3_u32		0x1 0x0 0x0	0x00000001
v_max3_u32		0x1 0x1 0x0	0x00000001
v_max3_u32		0x0 0x1 0x0	0x00000001
v_max3_u32		0x1 0x1 0x0	0x00000001
v_max3_u32		0x1 0x1 0x1	0x00000001
v_max3_u32		0x0 0x1 0x1	0x00000001
v_max3_u32		0x1 0x7fffffff 0x0	0x7fffffff
v_max3_u32		0x1 0x1 0x7fffffff	0x7fffffff
v_max3_u32		0x0 0x1 0x7fffffff	0x7fffffff
v_max3_u32		0x1 0x80000000 0x0	0x80000000
v_max3_u32		0x1 0x1 0x80000000	0x80000000
v_max3_u32		0x0 0x1 0x80000000	0x80000000
v_max3_u32		0x1 0xfffffffe 0x0	0xfffffffe
v_max3_u32		0x1 0x1 0xfffffffe	0xfffffffe
v_max3_u32		0x0 0x1 0xfffffffe	0xfffffffe
v_max3_u32		0x1 0xffffffff 0x0	0xffffffff
v_max3_u32		0x1 0x1 0xffffffff	0xffffffff
v_max3_u32		0x0 0x1 0xffffffff	0xffffffff
v_max3_u32		0x7fffffff 0x0 0x0	0x7fffffff
v_max3_u32		0x7fffffff 0x1 0x0	0x7fffffff
v_max3_u32		0x0 0x7fffffff 0x0	0x7fffffff
v_max3_u32		0x7fffffff 0x1 0x0	0x7fffffff
v_max3_u32		0x7fffffff 0x1 0x1	0x7fffffff
v_max3_u32		0x0 0x7fffffff 0x1	0x7fffffff
v_max3_u32		0x7fffffff 0x7fffffff 0x0	0x7fffffff
v_max3_u32		0x7fffffff 0x1 0x7fffffff	0x7fffffff
v_max3_u32		0x0 0x7fffffff 0x7fffffff	0x7fffffff
v_max3_u32		0x7fffffff 0x80000000 0x0	0x80000000
v_max3_u32		0x7fffffff 0x1 0x80000000	0x80000000
v_max3_u32		0x0 0x7fffffff 0x80000000	0x80000000
v_max3_u32		0x7fffffff 0xfffffffe 0x0	0xfffffffe
v_max3_u32		0x7fffffff 0x1 0xfffffffe	0xfffffffe
v_max3_u32		0x0 0x7fffffff 0xfffffffe	0xfffffffe
v_max3_u32		0x7fffffff 0xffffffff 0x0	0xffffffff
v_max3_u32		0x7fffffff 0x1 0xffffffff	0xffffffff
v_max3_u32		0x0 0x7fffffff 0xffffffff	0xffffffff
v_max3_u32		0x80000000 0x0 0x0	0x80000000
v_max3_u32		0x80000000 0x1 0x0	0x80000000
v_max3_u32		0x0 0x80000000 0x0	0x80000000
v_max3_u32		0x80000000 0x1 0x0	0x80000000
v_max3_u32		0x80000000 0x1 0x1	0x80000000
v_max3_u32		0x0 0x80000000 0x1	0x80000000
v_max3_u32		0x80000000 0x7fffffff 0x0	0x80000000
v_max3_u32		0x80000000 0x1 0x7fffffff	0x80000000
v_max3_u32		0x0 0x80000000 0x7fffffff	0x80000000
v_max3_u32		0x80000000 0x80000000 0x0	0x80000000
v_max3_u32		0x80000000 0x1 0x80000000	0x80000000
v_max3_u32		0x0 0x80000000 0x80000000	0x80000000
v_max3_u32		0x80000000 0xfffffffe 0x0	0xfffffffe
v_max3_u32		0x80000000 0x1 0xfffffffe	0xfffffffe
v_max3_u32		0x0 0x80000000 0xfffffffe	0xfffffffe
v_max3_u32		0x80000000 0xffffffff 0x0	0xffffffff
v_max3_u32		0x80000000 0x1 0xffffffff	0xffffffff
v_max3_u32		0x0 0x80000000 0xffffffff	0xffffffff
v_max3_u32		0xfffffffe 0x0 0x0	0xfffffffe
v_max3_u32		0xfffffffe 0x1 0x0	0xfffffffe
v_max3_u32		0x0 0xfffffffe 0x0	0xfffffffe
v_max3_u32		0xfffffffe 0x1 0x0	0xfffffffe
v_max3_u32		0xfffffffe 0x1 0x1	0xfffffffe
v_max3_u32		0x0 0xfffffffe 0x1	0xfffffffe
v_max3_u32		0xfffffffe 0x7fffffff 0x0	0xfffffffe
v_max3_u32		0xfffffffe 0x1 0x7fffffff	0xfffffffe
v_max3_u32		0x0 0xfffffffe 0x7fffffff	0xfffffffe
v_max3_u32		0xfffffffe 0x80000000 0x0	0xfffffffe
v_max3_u32		0xfffffffe 0x1 0x80000000	0xfffffffe
v_max3_u32		0x0 0xfffffffe 0x80000000	0xfffffffe
v_max3_u32		0xfffffffe 0xfffffffe 0x0	0xfffffffe
v_max3_u32		0xfffffffe 0x1 0xfffffffe	0xfffffffe
v_max3_u32		0x0 0xfffffffe 0xfffffffe	0xfffffffe
v_max3_u32		0xfffffffe 0xffffffff 0x0	0xffffffff
v_max3_u32		0xfffffffe 0x1 0xffffffff	0xffffffff
v_max3_u32		0x0 0xfffffffe 0xffffffff	0xffffffff
v_max3_u32		0xffffffff 0x0 0x0	0xffffffff
v_max3_u32		0xffffffff 0x1 0x0	0xffffffff
v_max3_u32		0x0 0xffffffff 0x0	0xffffffff
v_max3_u32		0xffffffff 0x1 0x0	0xffffffff
v_max3_u32		0xffffffff 0x1 0x1	0xffffffff
v_max3_u32		0x0 0xffffffff 0x1	0xffffffff
v_max3_u32		0xffffffff 0x7fffffff 0x0	0xffffffff
v_max3_u32		0xffffffff 0x1 0x7fffffff	0xffffffff
v_max3_u32		0x0 0xffffffff 0x7fffffff	0xffffffff
v_max3_u32		0xffffffff 0x80000000 0x0	0xffffffff
v_max3_u32		0xffffffff 0x1 0x80000000	0xffffffff
v_max3_u32		0x0 0xffffffff 0x80000000	0xffffffff
v_max3_u32		0xffffffff 0xfffffffe 0x0	0xffffffff
v_max3_u32		0xffffffff 0x1 0xfffffffe	0xffffffff
v_max3_u32		0x0 0xffffffff 0xfffffffe	0xffffffff
v_max3_u32		0xffffffff 0xffffffff 0x0	0xffffffff
v_max3_u32		0xffffffff 0x1 0xffffffff	0xffffffff
v_max3_u32		0x0 0xffffffff 0xffffffff	0xffffffff
v_max3_u32		0x0 0x0 0x0	0x00000000
v_max3_u32		0x1 0x1 0x1	0x00000001
v_max3_u32		0x7fffffff 0x7fffffff 0x7fffffff	0x7fffffff
v_max3_u32		0x80000000 0x80000000 0x80000000	0x80000000
v_max3_u32		0xfffffffe 0xfffffffe 0xfffffffe	0xfffffffe
v_max3_u32		0xffffffff 0xffffffff 0xffffffff	0xffffffff
v_max_f32		0x0 0x0	0x00000000
v_max_f32		0x0 0x80000000	0x00000000
v_max_f32		0x0 0x3f000000	0x3f000000
v_max_f32		0x0 0x3f800000	0x3f800000
v_max_f32		0x0 0xbf800000	0x00000000
v_max_f32		0x0 0x800000	0x00800000
v_max_f32		0x0 0x7f7fffff	0x7f7fffff
v_max_f32		0x0 0x7f800000	0x7f800000
v_max_f32		0x0 0xff800000	0x00000000
v_max_f32		0x0 0x7fc00000	0x7fc00000
v_max_f32		0x80000000 0x0	0x00000000
v_max_f32		0x80000000 0x80000000	0x80000000
v_max_f32		0x80000000 0x3f000000	0x3f000000
v_max_f32		0x80000000 0x3f800000	0x3f800000
v_max_f32		0x80000000 0xbf800000	0x80000000
v_max_f32		0x80000000 0x800000	0x00800000
v_max_f32		0x80000000 0x7f7fffff	0x7f7fffff
v_max_f32		0x80000000 0x7f800000	0x7f800000
v_max_f32		0x80000000 0xff800000	0x80000000
v_max_f32		0x80000000 0x7fc00000	0x7fc00000
v_max_f32		0x3f000000 0x0	0x3f000000
v_max_f32		0x3f000000 0x80000000	0x3f000000
v_max_f32		0x3f000000 0x3f000000	0x3f000000
v_max_f32		0x3f000000 0x3f800000	0x3f800000
v_max_f32		0x3f000000 0xbf800000	0x3f000000
v_max_f32		0x3f000000 0x800000	0x3f000000
v_max_f32		0x3f000000 0x7f7fffff	0x7f7fffff
v_max_f32		0x3f000000 0x7f800000	0x7f800000
v_max_f32		0x3f000000 0xff800000	0x3f000000
v_max_f32		0x3f000000 0x7fc00000	0x7fc00000
v_max_f32		0x3f800000 0x0	0x3f800000
v_max_f32		0x3f800000 0x80000000	0x3f800000
v_max_f32		0x3f800000 0x3f000000	0x3f800000
v_max_f32		0x3f800000 0x3f800000	0x3f800000
v_max_f32		0x3f800000 0xbf800000	0x3f800000
v_max_f32		0x3f800000 0x800000	0x3f800000
v_max_f32		0x3f800000 0x7f7fffff	0x7f7fffff
v_max_f32		0x3f800000 0x7f800000	0x7f800000
v_max_f32		0x3f800000 0xff800000	0x3f800000
v_max_f32		0x3f800000 0x7fc00000	0x7fc00000
v_max_f32		0xbf800000 0x0	0x00000000
v_max_f32		0xbf800000 0x80000000	0x80000000
v_max_f32		0xbf800000 0x3f000000	0x3f000000
v_max_f32		0xbf800000 0x3f800000	0x3f800000
v_max_f32		0xbf800000 0xbf800000	0xbf800000
v_max_f32		0xbf800000 0x800000	0x00800000
v_max_f32		0xbf800000 0x7f7fffff	0x7f7fffff
v_max_f32		0xbf800000 0x7f800000	0x7f800000
v_max_f32		0xbf800000 0xff800000	0xbf800000
v_max_f32		0xbf800000 0x7fc00000	0x7fc00000
v_max_f32		0x800000 0x0	0x00800000
v_max_f32		0x800000 0x80000000	0x00800000
v_max_f32		0x800000 0x3f000000	0x3f000000
v_max_f32		0x800000 0x3f800000	0x3f800000
v_max_f32		0x800000 0xbf800000	0x00800000
v_max_f32		0x800000 0x800000	0x00800000
v_max_f32		0x800000 0x7f7fffff	0x7f7fffff
v_max_f32		0x800000 0x7f800000	0x7f800000
v_max_f32		0x800000 0xff800000	0x00800000
v_max_f32		0x800000 0x7fc00000	0x7fc00000
v_max_f32		0x7f7fffff 0x0	0x7f7fffff
v_max_f32		0x7f7fffff 0x80000000	0x7f7fffff
v_max_f32		0x7f7fffff 0x3f000000	0x7f7fffff
v_max_f32		0x7f7fffff 0x3f800000	0x7f7fffff
v_max_f32		0x7f7fffff 0xbf800000	0x7f7fffff
v_max_f32		0x7f7fffff 0x800000	0x7f7fffff
v_max_f32		0x7f7fffff 0x7f7fffff	0x7f7fffff
v_max_f32		0x7f7fffff 0x7f800000	0x7f800000
v_max_f32		0x7f7fffff 0xff800000	0x7f7fffff
v_max_f32		0x7f7fffff 0x7fc00000	0x7fc00000
v_max_f32		0x7f800000 0x0	0x7f800000
v_max_f32		0x7f800000 0x80000000	0x7f800000
v_max_f32		0x7f800000 0x3f000000	0x7f800000
v_max_f32		0x7f800000 0x3f800000	0x7f800000
v_max_f32		0x7f800000 0xbf800000	0x7f800000
v_max_f32		0x7f800000 0x800000	0x7f800000
v_max_f32		0x7f800000 0x7f7fffff	0x7f800000
v_max_f32		0x7f800000 0x7f800000	0x7f800000
v_max_f32		0x7f800000 0xff800000	0x7f800000
v_max_f32		0x7f800000 0x7fc00000	0x7fc00000
v_max_f32		0xff800000 0x0	0x00000000
v_max_f32		0xff800000 0x80000000	0x80000000
v_max_f32		0xff800000 0x3f000000	0x3f000000
v_max_f32		0xff800000 0x3f800000	0x3f800000
v_max_f32		0xff800000 0xbf800000	0xbf800000
v_max_f32		0xff800000 0x800000	0x00800000
v_max_f32		0xff800000 0x7f7fffff	0x7f7fffff
v_max_f32		0xff800000 0x7f800000	0x7f800000
v_max_f32		0xff800000 0xff800000	0xff800000
v_max_f32		0xff800000 0x7fc00000	0x7fc00000
v_max_f32		0x7fc00000 0x0	0x7fc00000
v_max_f32		0x7fc00000 0x80000000	0x7fc00000
v_max_f32		0x7fc00000 0x3f000000	0x7fc00000
v_max_f32		0x7fc00000 0x3f800000	0x7fc00000
v_max_f32		0x7fc00000 0xbf800000	0x7fc00000
v_max_f32		0x7fc00000 0x800000	0x7fc00000
v_max_f32		0x7fc00000 0x7f7fffff	0x7fc00000
v_max_f32		0x7fc00000 0x7f800000	0x7fc00000
v_max_f32		0x7fc00000 0xff800000	0x7fc00000
v_max_f32		0x7fc00000 0x7fc00000	0x7fc00000
v_max_i32		0x0 0x0	0x00000000
v_max_i32		0x0 0x1	0x00000001
v_max_i32		0x0 0x7fffffff	0x7fffffff
v_max_i32		0x0 0x80000000	0x00000000
v_max_i32		0x0 0xfffffffe	0x00000000
v_max_i32		0x0 0xffffffff	0x00000000
v_max_i32		0x1 0x0	0x00000001
v_max_i32		0x1 0x1	0x00000001
v_max_i32		0x1 0x7fffffff	0x7fffffff
v_max_i32		0x1 0x80000000	0x00000001
v_max_i32		0x1 0xfffffffe	0x00000001
v_max_i32		0x1 0xffffffff	0x00000001
v_max_i32		0x7fffffff 0x0	0x7fffffff
v_max_i32		0x7fffffff 0x1	0x7fffffff
v_max_i32		0x7fffffff 0x7fffffff	0x7fffffff
v_max_i32		0x7fffffff 0x80000000	0x7fffffff
v_max_i32		0x7fffffff 0xfffffffe	0x7fffffff
v_max_i32		0x7fffffff 0xffffffff	0x7fffffff
v_max_i32		0x80000000 0x0	0x00000000
v_max_i32		0x80000000 0x1	0x00000001
v_max_i32		0x80000000 0x7fffffff	0x7fffffff
v_max_i32		0x80000000 0x80000000	0x80000000
v_max_i32		0x80000000 0xfffffffe	0xfffffffe
v_max_i32		0x80000000 0xffffffff	0xffffffff
v_max_i32		0xfffffffe 0x0	0x00000000
v_max_i32		0xfffffffe 0x1	0x00000001
v_max_i32		0xfffffffe 0x7fffffff	0x7fffffff
v_max_i32		0xfffffffe 0x80000000	0xfffffffe
v_max_i32		0xfffffffe 0xfffffffe	0xfffffffe
v_max_i32		0xfffffffe 0xffffffff	0xffffffff
v_max_i32		0xffffffff 0x0	0x00000000
v_max_i32		0xffffffff 0x1	0x00000001
v_max_i32		0xffffffff 0x7fffffff	0x7fffffff
v_max_i32		0xffffffff 0x80000000	0xffffffff
v_max_i32		0xffffffff 0xfffffffe	0xffffffff
v_max_i32		0xffffffff 0xffffffff	0xffffffff
v_max_u32		0x0 0x0	0x00000000
v_max_u32		0x0 0x1	0x00000001
v_max_u32		0x0 0x7fffffff	0x7fffffff
v_max_u32		0x0 0x80000000	0x80000000
v_max_u32		0x0 0xfffffffe	0xfffffffe
v_max_u32		0x0 0xffffffff	0xffffffff
v_max_u32		0x1 0x0	0x00000001
v_max_u32		0x1 0x1	0x00000001
v_max_u32		0x1 0x7fffffff	0x7fffffff
v_max_u32		0x1 0x80000000	0x80000000
v_max_u32		0x1 0xfffffffe	0xfffffffe
v_max_u32		0x1 0xffffffff	0xffffffff
v_max_u32		0x7fffffff 0x0	0x7fffffff
v_max_u32		0x7fffffff 0x1	0x7fffffff
v_max_u32		0x7fffffff 0x7fffffff	0x7fffffff
v_max_u32		0x7fffffff 0x80000000	0x80000000
v_max_u32		0x7fffffff 0xfffffffe	0xfffffffe
v_max_u32		0x7fffffff 0xffffffff	0xffffffff
v_max_u32		0x80000000 0x0	0x80000000
v_max_u32		0x80000000 0x1	0x80000000
v_max_u32		0x80000000 0x7fffffff	0x80000000
v_max_u32		0x80000000 0x80000000	0x80000000
v_max_u32		0x80000000 0xfffffffe	0xfffffffe
v_max_u32		0x80000000 0xffffffff	0xffffffff
v_max_u32		0xfffffffe 0x0	0xfffffffe
v_max_u32		0xfffffffe 0x1	0xfffffffe
v_max_u32		0xfffffffe 0x7fffffff	0xfffffffe
v_max_u32		0xfffffffe 0x80000000	0xfffffffe
v_max_u32		0xfffffffe 0xfffffffe	0xfffffffe
v_max_u32		0xfffffffe 0xffffffff	0xffffffff
v_max_u32		0xffffffff 0x0	0xffffffff
v_max_u32		0xffffffff 0x1	0xffffffff
v_max_u32		0xffffffff 0x7fffffff	0xffffffff
v_max_u32		0xffffffff 0x80000000	0xffffffff
v_max_u32		0xffffffff 0xfffffffe	0xffffffff
v_max_u32		0xffffffff 0xffffffff	0xffffffff
v_mbcnt_u32		0x0 0x0	0x00000000
v_mbcnt_u32		0x0 0x1	0x00000001
v_mbcnt_u32		0x0 0x7fffffff	0x7fffffff
v_mbcnt_u32		0x0 0x80000000	0x80000000
v_mbcnt_u32		0x0 0xfffffffe	0xfffffffe
v_mbcnt_u32		0x0 0xffffffff	0xffffffff
v_mbcnt_u32		0x1 0x0	0x00000001
v_mbcnt_u32		0x1 0x1	0x00000003
v_mbcnt_u32		0x1 0x7fffffff	0xffffffff
v_mbcnt_u32		0x1 0x80000000	0x80000001
v_mbcnt_u32		0x1 0xfffffffe	0xffffffff
v_mbcnt_u32		0x1 0xffffffff	0xffffffff
v_mbcnt_u32		0x7fffffff 0x0	0x0000000f
v_mbcnt_u32		0x7fffffff 0x1	0x0000001f
v_mbcnt_u32		0x7fffffff 0x7fffffff	0xffffffff
v_mbcnt_u32		0x7fffffff 0x80000000	0x8000000f
v_mbcnt_u32		0x7fffffff 0xfffffffe	0xffffffff
v_mbcnt_u32		0x7fffffff 0xffffffff	0xffffffff
v_mbcnt_u32		0x80000000 0x0	0x00000000
v_mbcnt_u32		0x80000000 0x1	0x00000001
v_mbcnt_u32		0x80000000 0x7fffffff	0x7fffffff
v_mbcnt_u32		0x80000000 0x80000000	0x80000000
v_mbcnt_u32		0x80000000 0xfffffffe	0xfffffffe
v_mbcnt_u32		0x80000000 0xffffffff	0xffffffff
v_mbcnt_u32		0xfffffffe 0x0	0x0000000f
v_mbcnt_u32		0xfffffffe 0x1	0x0000000f
v_mbcnt_u32		0xfffffffe 0x7fffffff	0xffffffff
v_mbcnt_u32		0xfffffffe 0x80000000	0x8000000f
v_mbcnt_u32		0xfffffffe 0xfffffffe	0xffffffff
v_mbcnt_u32		0xfffffffe 0xffffffff	0xffffffff
v_mbcnt_u32		0xffffffff 0x0	0x0000000f
v_mbcnt_u32		0xffffffff 0x1	0x0000001f
v_mbcnt_u32		0xffffffff 0x7fffffff	0xffffffff
v_mbcnt_u32		0xffffffff 0x80000000	0x8000000f
v_mbcnt_u32		0xffffffff 0xfffffffe	0xffffffff
v_mbcnt_u32		0xffffffff 0xffffffff	0xffffffff
v_med3_f32		0x0 0x0 0x0	0x00000000
v_med3_f32		0x0 0x1 0x0	0x00000000
v_med3_f32		0x0 0x0 0x0	0x00000000
v_med3_f32		0x0 0x80000000 0x0	0x00000000
v_med3_f32		0x0 0x1 0x80000000	0x00000000
v_med3_f32		0x0 0x0 0x80000000	0x00000000
v_med3_f32		0x0 0x3f000000 0x0	0x00000000
v_med3_f32		0x0 0x1 0x3f000000	0x00000000
v_med3_f32		0x0 0x0 0x3f000000	0x00000000
v_med3_f32		0x0 0x3f800000 0x0	0x00000000
v_med3_f32		0x0 0x1 0x3f800000	0x00000000
v_med3_f32		0x0 0x0 0x3f800000	0x00000000
v_med3_f32		0x0 0xbf800000 0x0	0x00000000
v_med3_f32		0x0 0x1 0xbf800000	0x00000000
v_med3_f32		0x0 0x0 0xbf800000	0x00000000
v_med3_f32		0x0 0x800000 0x0	0x00000000
v_med3_f32		0x0 0x1 0x800000	0x00000000
v_med3_f32		0x0 0x0 0x800000	0x00000000
v_med3_f32		0x0 0x7f7fffff 0x0	0x00000000
v_med3_f32		0x0 0x1 0x7f7fffff	0x00000000
v_med3_f32		0x0 0x0 0x7f7fffff	0x00000000
v_med3_f32		0x0 0x7f800000 0x0	0x00000000
v_med3_f32		0x0 0x1 0x7f800000	0x00000000
v_med3_f32		0x0 0x0 0x7f800000	0x00000000
v_med3_f32		0x0 0xff800000 0x0	0x00000000
v_med3_f32		0x0 0x1 0xff800000	0x00000000
v_med3_f32		0x0 0x0 0xff800000	0x00000000
v_med3_f32		0x0 0x7fc00000 0x0	0x7fc00000
v_med3_f32		0x0 0x1 0x7fc00000	0x7fc00000
v_med3_f32		0x0 0x0 0x7fc00000	0x7fc00000
v_med3_f32		0x80000000 0x0 0x0	0x00000000
v_med3_f32		0x80000000 0x1 0x0	0x00000000
v_med3_f32		0x0 0x80000000 0x0	0x00000000
v_med3_f32		0x80000000 0x80000000 0x0	0x80000000
v_med3_f32		0x80000000 0x1 0x80000000	0x80000000
v_med3_f32		0x0 0x80000000 0x80000000	0x80000000
v_med3_f32		0x80000000 0x3f000000 0x0	0x00000000
v_med3_f32		0x80000000 0x1 0x3f000000	0x00000000
v_med3_f32		0x0 0x80000000 0x3f000000	0x00000000
v_med3_f32		0x80000000 0x3f800000 0x0	0x00000000
v_med3_f32		0x80000000 0x1 0x3f800000	0x00000000
v_med3_f32		0x0 0x80000000 0x3f800000	0x00000000
v_med3_f32		0x80000000 0xbf800000 0x0	0x80000000
v_med3_f32		0x80000000 0x1 0xbf800000	0x80000000
v_med3_f32		0x0 0x80000000 0xbf800000	0x80000000
v_med3_f32		0x80000000 0x800000 0x0	0x00000000
v_med3_f32		0x80000000 0x1 0x800000	0x00000000
v_med3_f32		0x0 0x80000000 0x800000	0x00000000
v_med3_f32		0x80000000 0x7f7fffff 0x0	0x00000000
v_med3_f32		0x80000000 0x1 0x7f7fffff	0x00000000
v_med3_f32		0x0 0x80000000 0x7f7fffff	0x00000000
v_med3_f32		0x80000000 0x7f800000 0x0	0x00000000
v_med3_f32		0x80000000 0x1 0x7f800000	0x00000000
v_med3_f32		0x0 0x80000000 0x7f800000	0x00000000
v_med3_f32		0x80000000 0xff800000 0x0	0x80000000
v_med3_f32		0x80000000 0x1 0xff800000	0x80000000
v_med3_f32		0x0 0x80000000 0xff800000	0x80000000
v_med3_f32		0x80000000 0x7fc00000 0x0	0x7fc00000
v_med3_f32		0x80000000 0x1 0x7fc00000	0x7fc00000
v_med3_f32		0x0 0x80000000 0x7fc00000	0x7fc00000
v_med3_f32		0x3f000000 0x0 0x0	0x00000000
v_med3_f32		0x3f000000 0x1 0x0	0x00000000
v_med3_f32		0x0 0x3f000000 0x0	0x00000000
v_med3_f32		0x3f000000 0x80000000 0x0	0x00000000
v_med3_f32		0x3f000000 0x1 0x80000000	0x00000000
v_med3_f32		0x0 0x3f000000 0x80000000	0x00000000
v_med3_f32		0x3f000000 0x3f000000 0x0	0x3f000000
v_med3_f32		0x3f000000 0x1 0x3f000000	0x3f000000
v_med3_f32		0x0 0x3f000000 0x3f000000	0x3f000000
v_med3_f32		0x3f000000 0x3f800000 0x0	0x3f000000
v_med3_f32		0x3f000000 0x1 0x3f800000	0x3f000000
v_med3_f32		0x0 0x3f000000 0x3f800000	0x3f000000
v_med3_f32		0x3f000000 0xbf800000 0x0	0x00000000
v_med3_f32		0x3f000000 0x1 0xbf800000	0x00000000
v_med3_f32		0x0 0x3f000000 0xbf800000	0x00000000
v_med3_f32		0x3f000000 0x800000 0x0	0x00800000
v_med3_f32		0x3f000000 0x1 0x800000	0x00800000
v_med3_f32		0x0 0x3f000000 0x800000	0x00800000
v_med3_f32		0x3f000000 0x7f7fffff 0x0	0x3f000000
v_med3_f32		0x3f000000 0x1 0x7f7fffff	0x3f000000
v_med3_f32		0x0 0x3f000000 0x7f7fffff	0x3f000000
v_med3_f32		0x3f000000 0x7f800000 0x0	0x3f000000
v_med3_f32		0x3f000000 0x1 0x7f800000	0x3f000000
v_med3_f32		0x0 0x3f000000 0x7f800000	0x3f000000
v_med3_f32		0x3f000000 0xff800000 0x0	0x00000000
v_med3_f32		0x3f000000 0x1 0xff800000	0x00000000
v_med3_f32		0x0 0x3f000000 0xff800000	0x00000000
v_med3_f32		0x3f000000 0x7fc00000 0x0	0x7fc00000
v_med3_f32		0x3f000000 0x1 0x7fc00000	0x7fc00000
v_med3_f32		0x0 0x3f000000 0x7fc00000	0x7fc00000
v_med3_f32		0x3f800000 0x0 0x0	0x00000000
v_med3_f32		0x3f800000 0x1 0x0	0x00000000
v_med3_f32		0x0 0x3f800000 0x0	0x00000000
v_med3_f32		0x3f800000 0x80000000 0x0	0x00000000
v_med3_f32		0x3f800000 0x1 0x80000000	0x00000000
v_med3_f32		0x0 0x3f800000 0x80000000	0x00000000
v_med3_f32		0x3f800000 0x3f000000 0x0	0x3f000000
v_med3_f32		0x3f800000 0x1 0x3f000000	0x3f000000
v_med3_f32		0x0 0x3f800000 0x3f000000	0x3f000000
v_med3_f32		0x3f800000 0x3f800000 0x0	0x3f800000
v_med3_f32		0x3f800000 0x1 0x3f800000	0x3f800000
v_med3_f32		0x0 0x3f800000 0x3f800000	0x3f800000
v_med3_f32		0x3f800000 0xbf800000 0x0	0x00000000
v_med3_f32		0x3f800000 0x1 0xbf800000	0x00000000
v_med3_f32		0x0 0x3f800000 0xbf800000	0x00000000
v_med3_f32		0x3f800000 0x800000 0x0	0x00800000
v_med3_f32		0x3f800000 0x1 0x800000	0x00800000
v_med3_f32		0x0 0x3f800000 0x800000	0x00800000
v_med3_f32		0x3f800000 0x7f7fffff 0x0	0x3f800000
v_med3_f32		0x3f800000 0x1 0x7f7fffff	0x3f800000
v_med3_f32		0x0 0x3f800000 0x7f7fffff	0x3f800000
v_med3_f32		0x3f800000 0x7f800000 0x0	0x3f800000
v_med3_f32		0x3f800000 0x1 0x7f800000	0x3f800000
v_med3_f32		0x0 0x3f800000 0x7f800000	0x3f800000
v_med3_f32		0x3f800000 0xff800000 0x0	0x00000000
v_med3_f32		0x3f800000 0x1 0xff800000	0x00000000
v_med3_f32		0x0 0x3f800000 0xff800000	0x00000000
v_med3_f32		0x3f800000 0x7fc00000 0x0	0x7fc00000
v_med3_f32		0x3f800000 0x1 0x7fc00000	0x7fc00000
v_med3_f32		0x0 0x3f800000 0x7fc00000	0x7fc00000
v_med3_f32		0xbf800000 0x0 0x0	0x00000000
v_med3_f32		0xbf800000 0x1 0x0	0x00000000
v_med3_f32		0x0 0xbf800000 0x0	0x00000000
v_med3_f32		0xbf800000 0x80000000 0x0	0x80000000
v_med3_f32		0xbf800000 0x1 0x80000000	0x80000000
v_med3_f32		0x0 0xbf800000 0x80000000	0x80000000
v_med3_f32		0xbf800000 0x3f000000 0x0	0x00000000
v_med3_f32		0xbf800000 0x1 0x3f000000	0x00000000
v_med3_f32		0x0 0xbf800000 0x3f000000	0x00000000
v_med3_f32		0xbf800000 0x3f800000 0x0	0x00000000
v_med3_f32		0xbf800000 0x1 0x3f800000	0x00000000
v_med3_f32		0x0 0xbf800000 0x3f800000	0x00000000
v_med3_f32		0xbf800000 0xbf800000 0x0	0xbf800000
v_med3_f32		0xbf800000 0x1 0xbf800000	0xbf800000
v_med3_f32		0x0 0xbf800000 0xbf800000	0xbf800000
v_med3_f32		0xbf800000 0x800000 0x0	0x00000000
v_med3_f32		0xbf800000 0x1 0x800000	0x00000000
v_med3_f32		0x0 0xbf800000 0x800000	0x00000000
v_med3_f32		0xbf800000 0x7f7fffff 0x0	0x00000000
v_med3_f32		0xbf800000 0x1 0x7f7fffff	0x00000000
v_med3_f32		0x0 0xbf800000 0x7f7fffff	0x00000000
v_med3_f32		0xbf800000 0x7f800000 0x0	0x00000000
v_med3_f32		0xbf800000 0x1 0x7f800000	0x00000000
v_med3_f32		0x0 0xbf800000 0x7f800000	0x00000000
v_med3_f32		0xbf800000 0xff800000 0x0	0xbf800000
v_med3_f32		0xbf800000 0x1 0xff800000	0xbf800000
v_med3_f32		0x0 0xbf800000 0xff800000	0xbf800000
v_med3_f32		0xbf800000 0x7fc00000 0x0	0x7fc00000
v_med3_f32		0xbf800000 0x1 0x7fc00000	0x7fc00000
v_med3_f32		0x0 0xbf800000 0x7fc00000	0x7fc00000
v_med3_f32		0x800000 0x0 0x0	0x00000000
v_med3_f32		0x800000 0x1 0x0	0x00000000
v_med3_f32		0x0 0x800000 0x0	0x00000000
v_med3_f32		0x800000 0x80000000 0x0	0x00000000
v_med3_f32		0x800000 0x1 0x80000000	0x00000000
v_med3_f32		0x0 0x800000 0x80000000	0x00000000
v_med3_f32		0x800000 0x3f000000 0x0	0x00800000
v_med3_f32		0x800000 0x1 0x3f000000	0x00800000
v_med3_f32		0x0 0x800000 0x3f000000	0x00800000
v_med3_f32		0x800000 0x3f800000 0x0	0x00800000
v_med3_f32		0x800000 0x1 0x3f800000	0x00800000
v_med3_f32		0x0 0x800000 0x3f800000	0x00800000
v_med3_f32		0x800000 0xbf800000 0x0	0x00000000
v_med3_f32		0x800000 0x1 0xbf800000	0x00000000
v_med3_f32		0x0 0x800000 0xbf800000	0x00000000
v_med3_f32		0x800000 0x800000 0x0	0x00800000
v_med3_f32		0x800000 0x1 0x800000	0x00800000
v_med3_f32		0x0 0x800000 0x800000	0x00800000
v_med3_f32		0x800000 0x7f7fffff 0x0	0x00800000
v_med3_f32		0x800000 0x1 0x7f7fffff	0x00800000
v_med3_f32		0x0 0x800000 0x7f7fffff	0x00800000
v_med3_f32		0x800000 0x7f800000 0x0	0x00800000
v_med3_f32		0x800000 0x1 0x7f800000	0x00800000
v_med3_f32		0x0 0x800000 0x7f800000	0x00800000
v_med3_f32		0x800000 0xff800000 0x0	0x00000000
v_med3_f32		0x800000 0x1 0xff800000	0x00000000
v_med3_f32		0x0 0x800000 0xff800000	0x00000000
v_med3_f32		0x800000 0x7fc00000 0x0	0x7fc00000
v_med3_f32		0x800000 0x1 0x7fc00000	0x7fc00000
v_med3_f32		0x0 0x800000 0x7fc00000	0x7fc00000
v_med3_f32		0x7f7fffff 0x0 0x0	0x00000000
v_med3_f32		0x7f7fffff 0x1 0x0	0x00000000
v_med3_f32		0x0 0x7f7fffff 0x0	0x00000000
v_med3_f32		0x7f7fffff 0x80000000 0x0	0x00000000
v_med3_f32		0x7f7fffff 0x1 0x80000000	0x00000000
v_med3_f32		0x0 0x7f7fffff 0x80000000	0x00000000
v_med3_f32		0x7f7fffff 0x3f000000 0x0	0x3f000000
v_med3_f32		0x7f7fffff 0x1 0x3f000000	0x3f000000
v_med3_f32		0x0 0x7f7fffff 0x3f000000	0x3f000000
v_med3_f32		0x7f7fffff 0x3f800000 0x0	0x3f800000
v_med3_f32		0x7f7fffff 0x1 0x3f800000	0x3f800000
v_med3_f32		0x0 0x7f7fffff 0x3f800000	0x3f800000
v_med3_f32		0x7f7fffff 0xbf800000 0x0	0x00000000
v_med3_f32		0x7f7fffff 0x1 0xbf800000	0x00000000
v_med3_f32		0x0 0x7f7fffff 0xbf800000	0x00000000
v_med3_f32		0x7f7fffff 0x800000 0x0	0x00800000
v_med3_f32		0x7f7fffff 0x1 0x800000	0x00800000
v_med3_f32		0x0 0x7f7fffff 0x800000	0x00800000
v_med3_f32		0x7f7fffff 0x7f7fffff 0x0	0x7f7fffff
v_med3_f32		0x7f7fffff 0x1 0x7f7fffff	0x7f7fffff
v_med3_f32		0x0 0x7f7fffff 0x7f7fffff	0x7f7fffff
v_med3_f32		0x7f7fffff 0x7f800000 0x0	0x7f7fffff
v_med3_f32		0x7f7fffff 0x1 0x7f800000	0x7f7fffff
v_med3_f32		0x0 0x7f7fffff 0x7f800000	0x7f7fffff
v_med3_f32		0x7f7fffff 0xff800000 0x0	0x00000000
v_med3_f32		0x7f7fffff 0x1 0xff800000	0x00000000
v_med3_f32		0x0 0x7f7fffff 0xff800000	0x00000000
v_med3_f32		0x7f7fffff 0x7fc00000 0x0	0x7fc00000
v_med3_f32		0x7f7fffff 0x1 0x7fc00000	0x7fc00000
v_med3_f32		0x0 0x7f7fffff 0x7fc00000	0x7fc00000
v_med3_f32		0x7f800000 0x0 0x0	0x00000000
v_med3_f32		0x7f800000 0x1 0x0	0x00000000
v_med3_f32		0x0 0x7f800000 0x0	0x00000000
v_med3_f32		0x7f800000 0x80000000 0x0	0x00000000
v_med3_f32		0x7f800000 0x1 0x80000000	0x00000000
v_med3_f32		0x0 0x7f800000 0x80000000	0x00000000
v_med3_f32		0x7f800000 0x3f000000 0x0	0x3f000000
v_med3_f32		0x7f800000 0x1 0x3f000000	0x3f000000
v_med3_f32		0x0 0x7f800000 0x3f000000	0x3f000000
v_med3_f32		0x7f800000 0x3f800000 0x0	0x3f800000
v_med3_f32		0x7f800000 0x1 0x3f800000	0x3f800000
v_med3_f32		0x0 0x7f800000 0x3f800000	0x3f800000
v_med3_f32		0x7f800000 0xbf800000 0x0	0x00000000
v_med3_f32		0x7f800000 0x1 0xbf800000	0x00000000
v_med3_f32		0x0 0x7f800000 0xbf800000	0x00000000
v_med3_f32		0x7f800000 0x800000 0x0	0x00800000
v_med3_f32		0x7f800000 0x1 0x800000	0x00800000
v_med3_f32		0x0 0x7f800000 0x800000	0x00800000
v_med3_f32		0x7f800000 0x7f7fffff 0x0	0x7f7fffff
v_med3_f32		0x7f800000 0x1 0x7f7fffff	0x7f7fffff
v_med3_f32		0x0 0x7f800000 0x7f7fffff	0x7f7fffff
v_med3_f32		0x7f800000 0x7f800000 0x0	0x7f800000
v_med3_f32		0x7f800000 0x1 0x7f800000	0x7f800000
v_med3_f32		0x0 0x7f800000 0x7f800000	0x7f800000
v_med3_f32		0x7f800000 0xff800000 0x0	0x00000000
v_med3_f32		0x7f800000 0x1 0xff800000	0x00000000
v_med3_f32		0x0 0x7f800000 0xff800000	0x00000000
v_med3_f32		0x7f800000 0x7fc00000 0x0	0x7fc00000
v_med3_f32		0x7f800000 0x1 0x7fc00000	0x7fc00000
v_med3_f32		0x0 0x7f800000 0x7fc00000	0x7fc00000
v_med3_f32		0xff800000 0x0 0x0	0x00000000
v_med3_f32		0xff800000 0x1 0x0	0x00000000
v_med3_f32		0x0 0xff800000 0x0	0x00000000
v_med3_f32		0xff800000 0x80000000 0x0	0x80000000
v_med3_f32		0xff800000 0x1 0x80000000	0x80000000
v_med3_f32		0x0 0xff800000 0x80000000	0x80000000
v_med3_f32		0xff800000 0x3f000000 0x0	0x00000000
v_med3_f32		0xff800000 0x1 0x3f000000	0x00000000
v_med3_f32		0x0 0xff800000 0x3f000000	0x00000000
v_med3_f32		0xff800000 0x3f800000 0x0	0x00000000
v_med3_f32		0xff800000 0x1 0x3f800000	0x00000000
v_med3_f32		0x0 0xff800000 0x3f800000	0x00000000
v_med3_f32		0xff800000 0xbf800000 0x0	0xbf800000
v_med3_f32		0xff800000 0x1 0xbf800000	0xbf800000
v_med3_f32		0x0 0xff800000 0xbf800000	0xbf800000
v_med3_f32		0xff800000 0x800000 0x0	0x00000000
v_med3_f32		0xff800000 0x1 0x800000	0x00000000
v_med3_f32		0x0 0xff800000 0x800000	0x00000000
v_med3_f32		0xff800000 0x7f7fffff 0x0	0x00000000
v_med3_f32		0xff800000 0x1 0x7f7fffff	0x00000000
v_med3_f32		0x0 0xff800000 0x7f7fffff	0x00000000
v_med3_f32		0xff800000 0x7f800000 0x0	0x00000000
v_med3_f32		0xff800000 0x1 0x7f800000	0x00000000
v_med3_f32		0x0 0xff800000 0x7f800000	0x00000000
v_med3_f32		0xff800000 0xff800000 0x0	0xff800000
v_med3_f32		0xff800000 0x1 0xff800000	0xff800000
v_med3_f32		0x0 0xff800000 0xff800000	0xff800000
v_med3_f32		0xff800000 0x7fc00000 0x0	0x7fc00000
v_med3_f32		0xff800000 0x1 0x7fc00000	0x7fc00000
v_med3_f32		0x0 0xff800000 0x7fc00000	0x7fc00000
v_med3_f32		0x7fc00000 0x0 0x0	0x7fc00000
v_med3_f32		0x7fc00000 0x1 0x0	0x7fc00000
v_med3_f32		0x0 0x7fc00000 0x0	0x7fc00000
v_med3_f32		0x7fc00000 0x80000000 0x0	0x7fc00000
v_med3_f32		0x7fc00000 0x1 0x80000000	0x7fc00000
v_med3_f32		0x0 0x7fc00000 0x80000000	0x7fc00000
v_med3_f32		0x7fc00000 0x3f000000 0x0	0x7fc00000
v_med3_f32		0x7fc00000 0x1 0x3f000000	0x7fc00000
v_med3_f32		0x0 0x7fc00000 0x3f000000	0x7fc00000
v_med3_f32		0x7fc00000 0x3f800000 0x0	0x7fc00000
v_med3_f32		0x7fc00000 0x1 0x3f800000	0x7fc00000
v_med3_f32		0x0 0x7fc00000 0x3f800000	0x7fc00000
v_med3_f32		0x7fc00000 0xbf800000 0x0	0x7fc00000
v_med3_f32		0x7fc00000 0x1 0xbf800000	0x7fc00000
v_med3_f32		0x0 0x7fc00000 0xbf800000	0x7fc00000
v_med3_f32		0x7fc00000 0x800000 0x0	0x7fc00000
v_med3_f32		0x7fc00000 0x1 0x800000	0x7fc00000
v_med3_f32		0x0 0x7fc00000 0x800000	0x7fc00000
v_med3_f32		0x7fc00000 0x7f7fffff 0x0	0x7fc00000
v_med3_f32		0x7fc00000 0x1 0x7f7fffff	0x7fc00000
v_med3_f32		0x0 0x7fc00000 0x7f7fffff	0x7fc00000
v_med3_f32		0x7fc00000 0x7f800000 0x0	0x7fc00000
v_med3_f32		0x7fc00000 0x1 0x7f800000	0x7fc00000
v_med3_f32		0x0 0x7fc00000 0x7f800000	0x7fc00000
v_med3_f32		0x7fc00000 0xff800000 0x0	0x7fc00000
v_med3_f32		0x7fc00000 0x1 0xff800000	0x7fc00000
v_med3_f32		0x0 0x7fc00000 0xff800000	0x7fc00000
v_med3_f32		0x7fc00000 0x7fc00000 0x0	0x7fc00000
v_med3_f32		0x7fc00000 0x1 0x7fc00000	0x7fc00000
v_med3_f32		0x0 0x7fc00000 0x7fc00000	0x7fc00000
v_med3_f32		0x0 0x0 0x0	0x00000000
v_med3_f32		0x80000000 0x80000000 0x80000000	0x80000000
v_med3_f32		0x3f000000 0x3f000000 0x3f000000	0x3f000000
v_med3_f32		0x3f800000 0x3f800000 0x3f800000	0x3f800000
v_med3_f32		0xbf800000 0xbf800000 0xbf800000	0xbf800000
v_med3_f32		0x800000 0x800000 0x800000	0x00800000
v_med3_f32		0x7f7fffff 0x7f7fffff 0x7f7fffff	0x7f7fffff
v_med3_f32		0x7f800000 0x7f800000 0x7f800000	0x7f800000
v_med3_f32		0xff800000 0xff800000 0xff800000	0xff800000
v_med3_f32		0x7fc00000 0x7fc00000 0x7fc00000	0x7fc00000
v_med3_i32		0x0 0x0 0x0	0x00000000
v_med3_i32		0x0 0x1 0x0	0x00000000
v_med3_i32		0x0 0x0 0x0	0x00000000
v_med3_i32		0x0 0x1 0x0	0x00000000
v_med3_i32		0x0 0x1 0x1	0x00000001
v_med3_i32		0x0 0x0 0x1	0x00000000
v_med3_i32		0x0 0x7fffffff 0x0	0x00000000
v_med3_i32		0x0 0x1 0x7fffffff	0x00000001
v_med3_i32		0x0 0x0 0x7fffffff	0x00000000
v_med3_i32		0x0 0x80000000 0x0	0x00000000
v_med3_i32		0x0 0x1 0x80000000	0x00000000
v_med3_i32		0x0 0x0 0x80000000	0x00000000
v_med3_i32		0x0 0xfffffffe 0x0	0x00000000
v_med3_i32		0x0 0x1 0xfffffffe	0x00000000
v_med3_i32		0x0 0x0 0xfffffffe	0x00000000
v_med3_i32		0x0 0xffffffff 0x0	0x00000000
v_med3_i32		0x0 0x1 0xffffffff	0x00000000
v_med3_i32		0x0 0x0 0xffffffff	0x00000000
v_med3_i32		0x1 0x0 0x0	0x00000000
v_med3_i32		0x1 0x1 0x0	0x00000001
v_med3_i32		0x0 0x1 0x0	0x00000000
v_med3_i32		0x1 0x1 0x0	0x00000001
v_med3_i32		0x1 0x1 0x1	0x00000001
v_med3_i32		0x0 0x1 0x1	0x00000001
v_med3_i32		0x1 0x7fffffff 0x0	0x00000001
v_med3_i32		0x1 0x1 0x7fffffff	0x00000001
v_med3_i32		0x0 0x1 0x7fffffff	0x00000001
v_med3_i32		0x1 0x80000000 0x0	0x00000000
v_med3_i32		0x1 0x1 0x80000000	0x00000001
v_med3_i32		0x0 0x1 0x80000000	0x00000000
v_med3_i32		0x1 0xfffffffe 0x0	0x00000000
v_med3_i32		0x1 0x1 0xfffffffe	0x00000001
v_med3_i32		0x0 0x1 0xfffffffe	0x00000000
v_med3_i32		0x1 0xffffffff 0x0	0x00000000
v_med3_i32		0x1 0x1 0xffffffff	0x00000001
v_med3_i32		0x0 0x1 0xffffffff	0x00000000
v_med3_i32		0x7fffffff 0x0 0x0	0x00000000
v_med3_i32		0x7fffffff 0x1 0x0	0x00000001
v_med3_i32		0x0 0x7fffffff 0x0	0x00000000
v_med3_i32		0x7fffffff 0x1 0x0	0x00000001
v_med3_i32		0x7fffffff 0x1 0x1	0x00000001
v_med3_i32		0x0 0x7fffffff 0x1	0x00000001
v_med3_i32		0x7fffffff 0x7fffffff 0x0	0x7fffffff
v_med3_i32		0x7fffffff 0x1 0x7fffffff	0x7fffffff
v_med3_i32		0x0 0x7fffffff 0x7fffffff	0x7fffffff
v_med3_i32		0x7fffffff 0x80000000 0x0	0x00000000
v_med3_i32		0x7fffffff 0x1 0x80000000	0x00000001
v_med3_i32		0x0 0x7fffffff 0x80000000	0x00000000
v_med3_i32		0x7fffffff 0xfffffffe 0x0	0x00000000
v_med3_i32		0x7fffffff 0x1 0xfffffffe	0x00000001
v_med3_i32		0x0 0x7fffffff 0xfffffffe	0x00000000
v_med3_i32		0x7fffffff 0xffffffff 0x0	0x00000000
v_med3_i32		0x7fffffff 0x1 0xffffffff	0x00000001
v_med3_i32		0x0 0x7fffffff 0xffffffff	0x00000000
v_med3_i32		0x80000000 0x0 0x0	0x00000000
v_med3_i32		0x80000000 0x1 0x0	0x00000000
v_med3_i32		0x0 0x80000000 0x0	0x00000000
v_med3_i32		0x80000000 0x1 0x0	0x00000000
v_med3_i32		0x80000000 0x1 0x1	0x00000001
v_med3_i32		0x0 0x80000000 0x1	0x00000000
v_med3_i32		0x80000000 0x7fffffff 0x0	0x00000000
v_med3_i32		0x80000000 0x1 0x7fffffff	0x00000001
v_med3_i32		0x0 0x80000000 0x7fffffff	0x00000000
v_med3_i32		0x80000000 0x80000000 0x0	0x80000000
v_med3_i32		0x80000000 0x1 0x80000000	0x80000000
v_med3_i32		0x0 0x80000000 0x80000000	0x80000000
v_med3_i32		0x80000000 0xfffffffe 0x0	0xfffffffe
v_med3_i32		0x80000000 0x1 0xfffffffe	0xfffffffe
v_med3_i32		0x0 0x80000000 0xfffffffe	0xfffffffe
v_med3_i32		0x80000000 0xffffffff 0x0	0xffffffff
v_med3_i32		0x80000000 0x1 0xffffffff	0xffffffff
v_med3_i32		0x0 0x80000000 0xffffffff	0xffffffff
v_med3_i32		0xfffffffe 0x0 0x0	0x00000000
v_med3_i32		0xfffffffe 0x1 0x0	0x00000000
v_med3_i32		0x0 0xfffffffe 0x0	0x00000000
v_med3_i32		0xfffffffe 0x1 0x0	0x00000000
v_med3_i32		0xfffffffe 0x1 0x1	0x00000001
v_med3_i32		0x0 0xfffffffe 0x1	0x00000000
v_med3_i32		0xfffffffe 0x7fffffff 0x0	0x00000000
v_med3_i32		0xfffffffe 0x1 0x7fffffff	0x00000001
v_med3_i32		0x0 0xfffffffe 0x7fffffff	0x00000000
v_med3_i32		0xfffffffe 0x80000000 0x0	0xfffffffe
v_med3_i32		0xfffffffe 0x1 0x80000000	0xfffffffe
v_med3_i32		0x0 0xfffffffe 0x80000000	0xfffffffe
v_med3_i32		0xfffffffe 0xfffffffe 0x0	0xfffffffe
v_med3_i32		0xfffffffe 0x1 0xfffffffe	0xfffffffe
v_med3_i32		0x0 0xfffffffe 0xfffffffe	0xfffffffe
v_med3_i32		0xfffffffe 0xffffffff 0x0	0xffffffff
v_med3_i32		0xfffffffe 0x1 0xffffffff	0xffffffff
v_med3_i32		0x0 0xfffffffe 0xffffffff	0xffffffff
v_med3_i32		0xffffffff 0x0 0x0	0x00000000
v_med3_i32		0xffffffff 0x1 0x0	0x00000000
v_med3_i32		0x0 0xffffffff 0x0	0x00000000
v_med3_i32		0xffffffff 0x1 0x0	0x00000000
v_med3_i32		0xffffffff 0x1 0x1	0x00000001
v_med3_i32		0x0 0xffffffff 0x1	0x00000000
v_med3_i32		0xffffffff 0x7fffffff 0x0	0x00000000
v_med3_i32		0xffffffff 0x1 0x7fffffff	0x00000001
v_med3_i32		0x0 0xffffffff 0x7fffffff	0x00000000
v_med3_i32		0xffffffff 0x80000000 0x0	0xffffffff
v_med3_i32		0xffffffff 0x1 0x80000000	0xffffffff
v_med3_i32		0x0 0xffffffff 0x80000000	0xffffffff
v_med3_i32		0xffffffff 0xfffffffe 0x0	0xffffffff
v_med3_i32		0xffffffff 0x1 0xfffffffe	0xffffffff
v_med3_i32		0x0 0xffffffff 0xfffffffe	0xffffffff
v_med3_i32		0xffffffff 0xffffffff 0x0	0xffffffff
v_med3_i32		0xffffffff 0x1 0xffffffff	0xffffffff
v_med3_i32		0x0 0xffffffff 0xffffffff	0xffffffff
v_med3_i32		0x0 0x0 0x0	0x00000000
v_med3_i32		0x1 0x1 0x1	0x00000001
v_med3_i32		0x7fffffff 0x7fffffff 0x7fffffff	0x7fffffff
v_med3_i32		0x80000000 0x80000000 0x80000000	0x80000000
v_med3_i32		0xfffffffe 0xfffffffe 0xfffffffe	0xfffffffe
v_med3_i32		0xffffffff 0xffffffff 0xffffffff	0xffffffff
v_med3_u32		0x0 0x0 0x0	0x00000000
v_med3_u32		0x0 0x1 0x0	0x00000000
v_med3_u32		0x0 0x0 0x0	0x00000000
v_med3_u32		0x0 0x1 0x0	0x00000000
v_med3_u32		0x0 0x1 0x1	0x00000001
v_med3_u32		0x0 0x0 0x1	0x00000000
v_med3_u32		0x0 0x7fffffff 0x0	0x00000000
v_med3_u32		0x0 0x1 0x7fffffff	0x00000001
v_med3_u32		0x0 0x0 0x7fffffff	0x00000000
v_med3_u32		0x0 0x80000000 0x0	0x00000000
v_med3_u32		0x0 0x1 0x80000000	0x00000001
v_med3_u32		0x0 0x0 0x80000000	0x00000000
v_med3_u32		0x0 0xfffffffe 0x0	0x00000000
v_med3_u32		0x0 0x1 0xfffffffe	0x00000001
v_med3_u32		0x0 0x0 0xfffffffe	0x00000000
v_med3_u32		0x0 0xffffffff 0x0	0x00000000
v_med3_u32		0x0 0x1 0xffffffff	0x00000001
v_med3_u32		0x0 0x0 0xffffffff	0x00000000
v_med3_u32		0x1 0x0 0x0	0x00000000
v_med3_u32		0x1 0x1 0x0	0x00000001
v_med3_u32		0x0 0x1 0x0	0x00000000
v_med3_u32		0x1 0x1 0x0	0x00000001
v_med3_u32		0x1 0x1 0x1	0x00000001
v_med3_u32		0x0 0x1 0x1	0x00000001
v_med3_u32		0x1 0x7fffffff 0x0	0x00000001
v_med3_u32		0x1 0x1 0x7fffffff	0x00000001
v_med3_u32		0x0 0x1 0x7fffffff	0x00000001
v_med3_u32		0x1 0x80000000 0x0	0x00000001
v_med3_u32		0x1 0x1 0x80000000	0x00000001
v_med3_u32		0x0 0x1 0x80000000	0x00000001
v_med3_u32		0x1 0xfffffffe 0x0	0x00000001
v_med3_u32		0x1 0x1 0xfffffffe	0x00000001
v_med3_u32		0x0 0x1 0xfffffffe	0x00000001
v_med3_u32		0x1 0xffffffff 0x0	0x00000001
v_med3_u32		0x1 0x1 0xffffffff	0x00000001
v_med3_u32		0x0 0x1 0xffffffff	0x00000001
v_med3_u32		0x7fffffff 0x0 0x0	0x00000000
v_med3_u32		0x7fffffff 0x1 0x0	0x00000001
v_med3_u32		0x0 0x7fffffff 0x0	0x00000000
v_med3_u32		0x7fffffff 0x1 0x0	0x00000001
v_med3_u32		0x7fffffff 0x1 0x1	0x00000001
v_med3_u32		0x0 0x7fffffff 0x1	0x00000001
v_med3_u32		0x7fffffff 0x7fffffff 0x0	0x7fffffff
v_med3_u32		0x7fffffff 0x1 0x7fffffff	0x7fffffff
v_med3_u32		0x0 0x7fffffff 0x7fffffff	0x7fffffff
v_med3_u32		0x7fffffff 0x80000000 0x0	0x7fffffff
v_med3_u32		0x7fffffff 0x1 0x80000000	0x7fffffff
v_med3_u32		0x0 0x7fffffff 0x80000000	0x7fffffff
v_med3_u32		0x7fffffff 0xfffffffe 0x0	0x7fffffff
v_med3_u32		0x7fffffff 0x1 0xfffffffe	0x7fffffff
v_med3_u32		0x0 0x7fffffff 0xfffffffe	0x7fffffff
v_med3_u32		0x7fffffff 0xffffffff 0x0	0x7fffffff
v_med3_u32		0x7fffffff 0x1 0xffffffff	0x7fffffff
v_med3_u32		0x0 0x7fffffff 0xffffffff	0x7fffffff
v_med3_u32		0x80000000 0x0 0x0	0x00000000
v_med3_u32		0x80000000 0x1 0x0	0x00000001
v_med3_u32		0x0 0x80000000 0x0	0x00000000
v_med3_u32		0x80000000 0x1 0x0	0x00000001
v_med3_u32		0x80000000 0x1 0x1	0x00000001
v_med3_u32		0x0 0x80000000 0x1	0x00000001
v_med3_u32		0x80000000 0x7fffffff 0x0	0x7fffffff
v_med3_u32		0x80000000 0x1 0x7fffffff	0x7fffffff
v_med3_u32		0x0 0x80000000 0x7fffffff	0x7fffffff
v_med3_u32		0x80000000 0x80000000 0x0	0x80000000
v_med3_u32		0x80000000 0x1 0x80000000	0x80000000
v_med3_u32		0x0 0x80000000 0x80000000	0x80000000
v_med3_u32		0x80000000 0xfffffffe 0x0	0x80000000
v_med3_u32		0x80000000 0x1 0xfffffffe	0x80000000
v_med3_u32		0x0 0x80000000 0xfffffffe	0x80000000
v_med3_u32		0x80000000 0xffffffff 0x0	0x80000000
v_med3_u32		0x80000000 0x1 0xffffffff	0x80000000
v_med3_u32		0x0 0x80000000 0xffffffff	0x80000000
v_med3_u32		0xfffffffe 0x0 0x0	0x00000000
v_med3_u32		0xfffffffe 0x1 0x0	0x00000001
v_med3_u32		0x0 0xfffffffe 0x0	0x00000000
v_med3_u32		0xfffffffe 0x1 0x0	0x00000001
v_med3_u32		0xfffffffe 0x1 0x1	0x00000001
v_med3_u32		0x0 0xfffffffe 0x1	0x00000001
v_med3_u32		0xfffffffe 0x7fffffff 0x0	0x7fffffff
v_med3_u32		0xfffffffe 0x1 0x7fffffff	0x7fffffff
v_med3_u32		0x0 0xfffffffe 0x7fffffff	0x7fffffff
v_med3_u32		0xfffffffe 0x80000000 0x0	0x80000000
v_med3_u32		0xfffffffe 0x1 0x80000000	0x80000000
v_med3_u32		0x0 0xfffffffe 0x80000000	0x80000000
v_med3_u32		0xfffffffe 0xfffffffe 0x0	0xfffffffe
v_med3_u32		0xfffffffe 0x1 0xfffffffe	0xfffffffe
v_med3_u32		0x0 0xfffffffe 0xfffffffe	0xfffffffe
v_med3_u32		0xfffffffe 0xffffffff 0x0	0xfffffffe
v_med3_u32		0xfffffffe 0x1 0xffffffff	0xfffffffe
v_med3_u32		0x0 0xfffffffe 0xffffffff	0xfffffffe
v_med3_u32		0xffffffff 0x0 0x0	0x00000000
v_med3_u32		0xffffffff 0x1 0x0	0x00000001
v_med3_u32		0x0 0xffffffff 0x0	0x00000000
v_med3_u32		0xffffffff 0x1 0x0	0x00000001
v_med3_u32		0xffffffff 0x1 0x1	0x00000001
v_med3_u32		0x0 0xffffffff 0x1	0x00000001
v_med3_u32		0xffffffff 0x7fffffff 0x0	0x7fffffff
v_med3_u32		0xffffffff 0x1 0x7fffffff	0x7fffffff
v_med3_u32		0x0 0xffffffff 0x7fffffff	0x7fffffff
v_med3_u32		0xffffffff 0x80000000 0x0	0x80000000
v_med3_u32		0xffffffff 0x1 0x80000000	0x80000000
v_med3_u32		0x0 0xffffffff 0x80000000	0x80000000
v_med3_u32		0xffffffff 0xfffffffe 0x0	0xfffffffe
v_med3_u32		0xffffffff 0x1 0xfffffffe	0xfffffffe
v_med3_u32		0x0 0xffffffff 0xfffffffe	0xfffffffe
v_med3_u32		0xffffffff 0xffffffff 0x0	0xffffffff
v_med3_u32		0xffffffff 0x1 0xffffffff	0xffffffff
v_med3_u32		0x0 0xffffffff 0xffffffff	0xffffffff
v_med3_u32		0x0 0x0 0x0	0x00000000
v_med3_u32		0x1 0x1 0x1	0x00000001
v_med3_u32		0x7fffffff 0x7fffffff 0x7fffffff	0x7fffffff
v_med3_u32		0x80000000 0x80000000 0x80000000	0x80000000
v_med3_u32		0xfffffffe 0xfffffffe 0xfffffffe	0xfffffffe
v_med3_u32		0xffffffff 0xffffffff 0xffffffff	0xffffffff
v_min3_f32		0x0 0x0 0x0	0x00000000
v_min3_f32		0x0 0x1 0x0	0x00000000
v_min3_f32		0x0 0x0 0x0	0x00000000
v_min3_f32		0x0 0x80000000 0x0	0x80000000
v_min3_f32		0x0 0x1 0x80000000	0x80000000
v_min3_f32		0x0 0x0 0x80000000	0x80000000
v_min3_f32		0x0 0x3f000000 0x0	0x00000000
v_min3_f32		0x0 0x1 0x3f000000	0x00000000
v_min3_f32		0x0 0x0 0x3f000000	0x00000000
v_min3_f32		0x0 0x3f800000 0x0	0x00000000
v_min3_f32		0x0 0x1 0x3f800000	0x00000000
v_min3_f32		0x0 0x0 0x3f800000	0x00000000
v_min3_f32		0x0 0xbf800000 0x0	0xbf800000
v_min3_f32		0x0 0x1 0xbf800000	0xbf800000
v_min3_f32		0x0 0x0 0xbf800000	0xbf800000
v_min3_f32		0x0 0x800000 0x0	0x00000000
v_min3_f32		0x0 0x1 0x800000	0x00000000
v_min3_f32		0x0 0x0 0x800000	0x00000000
v_min3_f32		0x0 0x7f7fffff 0x0	0x00000000
v_min3_f32		0x0 0x1 0x7f7fffff	0x00000000
v_min3_f32		0x0 0x0 0x7f7fffff	0x00000000
v_min3_f32		0x0 0x7f800000 0x0	0x00000000
v_min3_f32		0x0 0x1 0x7f800000	0x00000000
v_min3_f32		0x0 0x0 0x7f800000	0x00000000
v_min3_f32		0x0 0xff800000 0x0	0xff800000
v_min3_f32		0x0 0x1 0xff800000	0xff800000
v_min3_f32		0x0 0x0 0xff800000	0xff800000
v_min3_f32		0x0 0x7fc00000 0x0	0x7fc00000
v_min3_f32		0x0 0x1 0x7fc00000	0x7fc00000
v_min3_f32		0x0 0x0 0x7fc00000	0x7fc00000
v_min3_f32		0x80000000 0x0 0x0	0x80000000
v_min3_f32		0x80000000 0x1 0x0	0x80000000
v_min3_f32		0x0 0x80000000 0x0	0x80000000
v_min3_f32		0x80000000 0x80000000 0x0	0x80000000
v_min3_f32		0x80000000 0x1 0x80000000	0x80000000
v_min3_f32		0x0 0x80000000 0x80000000	0x80000000
v_min3_f32		0x80000000 0x3f000000 0x0	0x80000000
v_min3_f32		0x80000000 0x1 0x3f000000	0x80000000
v_min3_f32		0x0 0x80000000 0x3f000000	0x80000000
v_min3_f32		0x80000000 0x3f800000 0x0	0x80000000
v_min3_f32		0x80000000 0x1 0x3f800000	0x80000000
v_min3_f32		0x0 0x80000000 0x3f800000	0x80000000
v_min3_f32		0x80000000 0xbf800000 0x0	0xbf800000
v_min3_f32		0x80000000 0x1 0xbf800000	0xbf800000
v_min3_f32		0x0 0x80000000 0xbf800000	0xbf800000
v_min3_f32		0x80000000 0x800000 0x0	0x80000000
v_min3_f32		0x80000000 0x1 0x800000	0x80000000
v_min3_f32		0x0 0x80000000 0x800000	0x80000000
v_min3_f32		0x80000000 0x7f7fffff 0x0	0x80000000
v_min3_f32		0x80000000 0x1 0x7f7fffff	0x80000000
v_min3_f32		0x0 0x80000000 0x7f7fffff	0x80000000
v_min3_f32		0x80000000 0x7f800000 0x0	0x80000000
v_min3_f32		0x80000000 0x1 0x7f800000	0x80000000
v_min3_f32		0x0 0x80000000 0x7f800000	0x80000000
v_min3_f32		0x80000000 0xff800000 0x0	0xff800000
v_min3_f32		0x80000000 0x1 0xff800000	0xff800000
v_min3_f32		0x0 0x80000000 0xff800000	0xff800000
v_min3_f32		0x80000000 0x7fc00000 0x0	0x7fc00000
v_min3_f32		0x80000000 0x1 0x7fc00000	0x7fc00000
v_min3_f32		0x0 0x80000000 0x7fc00000	0x7fc00000
v_min3_f32		0x3f000000 0x0 0x0	0x00000000
v_min3_f32		0x3f000000 0x1 0x0	0x00000000
v_min3_f32		0x0 0x3f000000 0x0	0x00000000
v_min3_f32		0x3f000000 0x80000000 0x0	0x80000000
v_min3_f32		0x3f000000 0x1 0x80000000	0x80000000
v_min3_f32		0x0 0x3f000000 0x80000000	0x80000000
v_min3_f32		0x3f000000 0x3f000000 0x0	0x00000000
v_min3_f32		0x3f000000 0x1 0x3f000000	0x00000000
v_min3_f32		0x0 0x3f000000 0x3f000000	0x00000000
v_min3_f32		0x3f000000 0x3f800000 0x0	0x00000000
v_min3_f32		0x3f000000 0x1 0x3f800000	0x00000000
v_min3_f32		0x0 0x3f000000 0x3f800000	0x00000000
v_min3_f32		0x3f000000 0xbf800000 0x0	0xbf800000
v_min3_f32		0x3f000000 0x1 0xbf800000	0xbf800000
v_min3_f32		0x0 0x3f000000 0xbf800000	0xbf800000
v_min3_f32		0x3f000000 0x800000 0x0	0x00000000
v_min3_f32		0x3f000000 0x1 0x800000	0x00000000
v_min3_f32		0x0 0x3f000000 0x800000	0x00000000
v_min3_f32		0x3f000000 0x7f7fffff 0x0	0x00000000
v_min3_f32		0x3f000000 0x1 0x7f7fffff	0x00000000
v_min3_f32		0x0 0x3f000000 0x7f7fffff	0x00000000
v_min3_f32		0x3f000000 0x7f800000 0x0	0x00000000
v_min3_f32		0x3f000000 0x1 0x7f800000	0x00000000
v_min3_f32		0x0 0x3f000000 0x7f800000	0x00000000
v_min3_f32		0x3f000000 0xff800000 0x0	0xff800000
v_min3_f32		0x3f000000 0x1 0xff800000	0xff800000
v_min3_f32		0x0 0x3f000000 0xff800000	0xff800000
v_min3_f32		0x3f000000 0x7fc00000 0x0	0x7fc00000
v_min3_f32		0x3f000000 0x1 0x7fc00000	0x7fc00000
v_min3_f32		0x0 0x3f000000 0x7fc00000	0x7fc00000
v_min3_f32		0x3f800000 0x0 0x0	0x00000000
v_min3_f32		0x3f800000 0x1 0x0	0x00000000
v_min3_f32		0x0 0x3f800000 0x0	0x00000000
v_min3_f32		0x3f800000 0x80000000 0x0	0x80000000
v_min3_f32		0x3f800000 0x1 0x80000000	0x80000000
v_min3_f32		0x0 0x3f800000 0x80000000	0x80000000
v_min3_f32		0x3f800000 0x3f000000 0x0	0x00000000
v_min3_f32		0x3f800000 0x1 0x3f000000	0x00000000
v_min3_f32		0x0 0x3f800000 0x3f000000	0x00000000
v_min3_f32		0x3f800000 0x3f800000 0x0	0x00000000
v_min3_f32		0x3f800000 0x1 0x3f800000	0x00000000
v_min3_f32		0x0 0x3f800000 0x3f800000	0x00000000
v_min3_f32		0x3f800000 0xbf800000 0x0	0xbf800000
v_min3_f32		0x3f800000 0x1 0xbf800000	0xbf800000
v_min3_f32		0x0 0x3f800000 0xbf800000	0xbf800000
v_min3_f32		0x3f800000 0x800000 0x0	0x00000000
v_min3_f32		0x3f800000 0x1 0x800000	0x00000000
v_min3_f32		0x0 0x3f800000 0x800000	0x00000000
v_min3_f32		0x3f800000 0x7f7fffff 0x0	0x00000000
v_min3_f32		0x3f800000 0x1 0x7f7fffff	0x00000000
v_min3_f32		0x0 0x3f800000 0x7f7fffff	0x00000000
v_min3_f32		0x3f800000 0x7f800000 0x0	0x00000000
v_min3_f32		0x3f800000 0x1 0x7f800000	0x00000000
v_min3_f32		0x0 0x3f800000 0x7f800000	0x00000000
v_min3_f32		0x3f800000 0xff800000 0x0	0xff800000
v_min3_f32		0x3f800000 0x1 0xff800000	0xff800000
v_min3_f32		0x0 0x3f800000 0xff800000	0xff800000
v_min3_f32		0x3f800000 0x7fc00000 0x0	0x7fc00000
v_min3_f32		0x3f800000 0x1 0x7fc00000	0x7fc00000
v_min3_f32		0x0 0x3f800000 0x7fc00000	0x7fc00000
v_min3_f32		0xbf800000 0x0 0x0	0xbf800000
v_min3_f32		0xbf800000 0x1 0x0	0xbf800000
v_min3_f32		0x0 0xbf800000 0x0	0xbf800000
v_min3_f32		0xbf800000 0x80000000 0x0	0xbf800000
v_min3_f32		0xbf800000 0x1 0x80000000	0xbf800000
v_min3_f32		0x0 0xbf800000 0x80000000	0xbf800000
v_min3_f32		0xbf800000 0x3f000000 0x0	0xbf800000
v_min3_f32		0xbf800000 0x1 0x3f000000	0xbf800000
v_min3_f32		0x0 0xbf800000 0x3f000000	0xbf800000
v_min3_f32		0xbf800000 0x3f800000 0x0	0xbf800000
v_min3_f32		0xbf800000 0x1 0x3f800000	0xbf800000
v_min3_f32		0x0 0xbf800000 0x3f800000	0xbf800000
v_min3_f32		0xbf800000 0xbf800000 0x0	0xbf800000
v_min3_f32		0xbf800000 0x1 0xbf800000	0xbf800000
v_min3_f32		0x0 0xbf800000 0xbf800000	0xbf800000
v_min3_f32		0xbf800000 0x800000 0x0	0xbf800000
v_min3_f32		0xbf800000 0x1 0x800000	0xbf800000
v_min3_f32		0x0 0xbf800000 0x800000	0xbf800000
v_min3_f32		0xbf800000 0x7f7fffff 0x0	0xbf800000
v_min3_f32		0xbf800000 0x1 0x7f7fffff	0xbf800000
v_min3_f32		0x0 0xbf800000 0x7f7fffff	0xbf800000
v_min3_f32		0xbf800000 0x7f800000 0x0	0xbf800000
v_min3_f32		0xbf800000 0x1 0x7f800000	0xbf800000
v_min3_f32		0x0 0xbf800000 0x7f800000	0xbf800000
v_min3_f32		0xbf800000 0xff800000 0x0	0xff800000
v_min3_f32		0xbf800000 0x1 0xff800000	0xff800000
v_min3_f32		0x0 0xbf800000 0xff800000	0xff800000
v_min3_f32		0xbf800000 0x7fc00000 0x0	0x7fc00000
v_min3_f32		0xbf800000 0x1 0x7fc00000	0x7fc00000
v_min3_f32		0x0 0xbf800000 0x7fc00000	0x7fc00000
v_min3_f32		0x800000 0x0 0x0	0x00000000
v_min3_f32		0x800000 0x1 0x0	0x00000000
v_min3_f32		0x0 0x800000 0x0	0x00000000
v_min3_f32		0x800000 0x80000000 0x0	0x80000000
v_min3_f32		0x800000 0x1 0x80000000	0x80000000
v_min3_f32		0x0 0x800000 0x80000000	0x80000000
v_min3_f32		0x800000 0x3f000000 0x0	0x00000000
v_min3_f32		0x800000 0x1 0x3f000000	0x00000000
v_min3_f32		0x0 0x800000 0x3f000000	0x00000000
v_min3_f32		0x800000 0x3f800000 0x0	0x00000000
v_min3_f32		0x800000 0x1 0x3f800000	0x00000000
v_min3_f32		0x0 0x800000 0x3f800000	0x00000000
v_min3_f32		0x800000 0xbf800000 0x0	0xbf800000
v_min3_f32		0x800000 0x1 0xbf800000	0xbf800000
v_min3_f32		0x0 0x800000 0xbf800000	0xbf800000
v_min3_f32		0x800000 0x800000 0x0	0x00000000
v_min3_f32		0x800000 0x1 0x800000	0x00000000
v_min3_f32		0x0 0x800000 0x800000	0x00000000
v_min3_f32		0x800000 0x7f7fffff 0x0	0x00000000
v_min3_f32		0x800000 0x1 0x7f7fffff	0x00000000
v_min3_f32		0x0 0x800000 0x7f7fffff	0x00000000
v_min3_f32		0x800000 0x7f800000 0x0	0x00000000
v_min3_f32		0x800000 0x1 0x7f800000	0x00000000
v_min3_f32		0x0 0x800000 0x7f800000	0x00000000
v_min3_f32		0x800000 0xff800000 0x0	0xff800000
v_min3_f32		0x800000 0x1 0xff800000	0xff800000
v_min3_f32		0x0 0x800000 0xff800000	0xff800000
v_min3_f32		0x800000 0x7fc00000 0x0	0x7fc00000
v_min3_f32		0x800000 0x1 0x7fc00000	0x7fc00000
v_min3_f32		0x0 0x800000 0x7fc00000	0x7fc00000
v_min3_f32		0x7f7fffff 0x0 0x0	0x00000000
v_min3_f32		0x7f7fffff 0x1 0x0	0x00000000
v_min3_f32		0x0 0x7f7fffff 0x0	0x00000000
v_min3_f32		0x7f7fffff 0x80000000 0x0	0x80000000
v_min3_f32		0x7f7fffff 0x1 0x80000000	0x80000000
v_min3_f32		0x0 0x7f7fffff 0x80000000	0x80000000
v_min3_f32		0x7f7fffff 0x3f000000 0x0	0x00000000
v_min3_f32		0x7f7fffff 0x1 0x3f000000	0x00000000
v_min3_f32		0x0 0x7f7fffff 0x3f000000	0x00000000
v_min3_f32		0x7f7fffff 0x3f800000 0x0	0x00000000
v_min3_f32		0x7f7fffff 0x1 0x3f800000	0x00000000
v_min3_f32		0x0 0x7f7fffff 0x3f800000	0x00000000
v_min3_f32		0x7f7fffff 0xbf800000 0x0	0xbf800000
v_min3_f32		0x7f7fffff 0x1 0xbf800000	0xbf800000
v_min3_f32		0x0 0x7f7fffff 0xbf800000	0xbf800000
v_min3_f32		0x7f7fffff 0x800000 0x0	0x00000000
v_min3_f32		0x7f7fffff 0x1 0x800000	0x00000000
v_min3_f32		0x0 0x7f7fffff 0x800000	0x00000000
v_min3_f32		0x7f7fffff 0x7f7fffff 0x0	0x00000000
v_min3_f32		0x7f7fffff 0x1 0x7f7fffff	0x00000000
v_min3_f32		0x0 0x7f7fffff 0x7f7fffff	0x00000000
v_min3_f32		0x7f7fffff 0x7f800000 0x0	0x00000000
v_min3_f32		0x7f7fffff 0x1 0x7f800000	0x00000000
v_min3_f32		0x0 0x7f7fffff 0x7f800000	0x00000000
v_min3_f32		0x7f7fffff 0xff800000 0x0	0xff800000
v_min3_f32		0x7f7fffff 0x1 0xff800000	0xff800000
v_min3_f32		0x0 0x7f7fffff 0xff800000	0xff800000
v_min3_f32		0x7f7fffff 0x7fc00000 0x0	0x7fc00000
v_min3_f32		0x7f7fffff 0x1 0x7fc00000	0x7fc00000
v_min3_f32		0x0 0x7f7fffff 0x7fc00000	0x7fc00000
v_min3_f32		0x7f800000 0x0 0x0	0x00000000
v_min3_f32		0x7f800000 0x1 0x0	0x00000000
v_min3_f32		0x0 0x7f800000 0x0	0x00000000
v_min3_f32		0x7f800000 0x80000000 0x0	0x80000000
v_min3_f32		0x7f800000 0x1 0x80000000	0x80000000
v_min3_f32		0x0 0x7f800000 0x80000000	0x80000000
v_min3_f32		0x7f800000 0x3f000000 0x0	0x00000000
v_min3_f32		0x7f800000 0x1 0x3f000000	0x00000000
v_min3_f32		0x0 0x7f800000 0x3f000000	0x00000000
v_min3_f32		0x7f800000 0x3f800000 0x0	0x00000000
v_min3_f32		0x7f800000 0x1 0x3f800000	0x00000000
v_min3_f32		0x0 0x7f800000 0x3f800000	0x00000000
v_min3_f32		0x7f800000 0xbf800000 0x0	0xbf800000
v_min3_f32		0x7f800000 0x1 0xbf800000	0xbf800000
v_min3_f32		0x0 0x7f800000 0xbf800000	0xbf800000
v_min3_f32		0x7f800000 0x800000 0x0	0x00000000
v_min3_f32		0x7f800000 0x1 0x800000	0x00000000
v_min3_f32		0x0 0x7f800000 0x800000	0x00000000
v_min3_f32		0x7f800000 0x7f7fffff 0x0	0x00000000
v_min3_f32		0x7f800000 0x1 0x7f7fffff	0x00000000
v_min3_f32		0x0 0x7f800000 0x7f7fffff	0x00000000
v_min3_f32		0x7f800000 0x7f800000 0x0	0x00000000
v_min3_f32		0x7f800000 0x1 0x7f800000	0x00000000
v_min3_f32		0x0 0x7f800000 0x7f800000	0x00000000
v_min3_f32		0x7f800000 0xff800000 0x0	0xff800000
v_min3_f32		0x7f800000 0x1 0xff800000	0xff800000
v_min3_f32		0x0 0x7f800000 0xff800000	0xff800000
v_min3_f32		0x7f800000 0x7fc00000 0x0	0x7fc00000
v_min3_f32		0x7f800000 0x1 0x7fc00000	0x7fc00000
v_min3_f32		0x0 0x7f800000 0x7fc00000	0x7fc00000
v_min3_f32		0xff800000 0x0 0x0	0xff800000
v_min3_f32		0xff800000 0x1 0x0	0xff800000
v_min3_f32		0x0 0xff800000 0x0	0xff800000
v_min3_f32		0xff800000 0x80000000 0x0	0xff800000
v_min3_f32		0xff800000 0x1 0x80000000	0xff800000
v_min3_f32		0x0 0xff800000 0x80000000	0xff800000
v_min3_f32		0xff800000 0x3f000000 0x0	0xff800000
v_min3_f32		0xff800000 0x1 0x3f000000	0xff800000
v_min3_f32		0x0 0xff800000 0x3f000000	0xff800000
v_min3_f32		0xff800000 0x3f800000 0x0	0xff800000
v_min3_f32		0xff800000 0x1 0x3f800000	0xff800000
v_min3_f32		0x0 0xff800000 0x3f800000	0xff800000
v_min3_f32		0xff800000 0xbf800000 0x0	0xff800000
v_min3_f32		0xff800000 0x1 0xbf800000	0xff800000
v_min3_f32		0x0 0xff800000 0xbf800000	0xff800000
v_min3_f32		0xff800000 0x800000 0x0	0xff800000
v_min3_f32		0xff800000 0x1 0x800000	0xff800000
v_min3_f32		0x0 0xff800000 0x800000	0xff800000
v_min3_f32		0xff800000 0x7f7fffff 0x0	0xff800000
v_min3_f32		0xff800000 0x1 0x7f7fffff	0xff800000
v_min3_f32		0x0 0xff800000 0x7f7fffff	0xff800000
v_min3_f32		0xff800000 0x7f800000 0x0	0xff800000
v_min3_f32		0xff800000 0x1 0x7f800000	0xff800000
v_min3_f32		0x0 0xff800000 0x7f800000	0xff800000
v_min3_f32		0xff800000 0xff800000 0x0	0xff800000
v_min3_f32		0xff800000 0x1 0xff800000	0xff800000
v_min3_f32		0x0 0xff800000 0xff800000	0xff800000
v_min3_f32		0xff800000 0x7fc00000 0x0	0x7fc00000
v_min3_f32		0xff800000 0x1 0x7fc00000	0x7fc00000
v_min3_f32		0x0 0xff800000 0x7fc00000	0x7fc00000
v_min3_f32		0x7fc00000 0x0 0x0	0x7fc00000
v_min3_f32		0x7fc00000 0x1 0x0	0x7fc00000
v_min3_f32		0x0 0x7fc00000 0x0	0x7fc00000
v_min3_f32		0x7fc00000 0x80000000 0x0	0x7fc00000
v_min3_f32		0x7fc00000 0x1 0x80000000	0x7fc00000
v_min3_f32		0x0 0x7fc00000 0x80000000	0x7fc00000
v_min3_f32		0x7fc00000 0x3f000000 0x0	0x7fc00000
v_min3_f32		0x7fc00000 0x1 0x3f000000	0x7fc00000
v_min3_f32		0x0 0x7fc00000 0x3f000000	0x7fc00000
v_min3_f32		0x7fc00000 0x3f800000 0x0	0x7fc00000
v_min3_f32		0x7fc00000 0x1 0x3f800000	0x7fc00000
v_min3_f32		0x0 0x7fc00000 0x3f800000	0x7fc00000
v_min3_f32		0x7fc00000 0xbf800000 0x0	0x7fc00000
v_min3_f32		0x7fc00000 0x1 0xbf800000	0x7fc00000
v_min3_f32		0x0 0x7fc00000 0xbf800000	0x7fc00000
v_min3_f32		0x7fc00000 0x800000 0x0	0x7fc00000
v_min3_f32		0x7fc00000 0x1 0x800000	0x7fc00000
v_min3_f32		0x0 0x7fc00000 0x800000	0x7fc00000
v_min3_f32		0x7fc00000 0x7f7fffff 0x0	0x7fc00000
v_min3_f32		0x7fc00000 0x1 0x7f7fffff	0x7fc00000
v_min3_f32		0x0 0x7fc00000 0x7f7fffff	0x7fc00000
v_min3_f32		0x7fc00000 0x7f800000 0x0	0x7fc00000
v_min3_f32		0x7fc00000 0x1 0x7f800000	0x7fc00000
v_min3_f32		0x0 0x7fc00000 0x7f800000	0x7fc00000
v_min3_f32		0x7fc00000 0xff800000 0x0	0x7fc00000
v_min3_f32		0x7fc00000 0x1 0xff800000	0x7fc00000
v_min3_f32		0x0 0x7fc00000 0xff800000	0x7fc00000
v_min3_f32		0x7fc00000 0x7fc00000 0x0	0x7fc00000
v_min3_f32		0x7fc00000 0x1 0x7fc00000	0x7fc00000
v_min3_f32		0x0 0x7fc00000 0x7fc00000	0x7fc00000
v_min3_f32		0x0 0x0 0x0	0x00000000
v_min3_f32		0x80000000 0x80000000 0x80000000	0x80000000
v_min3_f32		0x3f000000 0x3f000000 0x3f000000	0x3f000000
v_min3_f32		0x3f800000 0x3f800000 0x3f800000	0x3f800000
v_min3_f32		0xbf800000 0xbf800000 0xbf800000	0xbf800000
v_min3_f32		0x800000 0x800000 0x800000	0x00800000
v_min3_f32		0x7f7fffff 0x7f7fffff 0x7f7fffff	0x7f7fffff
v_min3_f32		0x7f800000 0x7f800000 0x7f800000	0x7f800000
v_min3_f32		0xff800000 0xff800000 0xff800000	0xff800000
v_min3_f32		0x7fc00000 0x7fc00000 0x7fc00000	0x7fc00000
v_min3_i32		0x0 0x0 0x0	0x00000000
v_min3_i32		0x0 0x1 0x0	0x00000000
v_min3_i32		0x0 0x0 0x0	0x00000000
v_min3_i32		0x0 0x1 0x0	0x00000000
v_min3_i32		0x0 0x1 0x1	0x00000000
v_min3_i32		0x0 0x0 0x1	0x00000000
v_min3_i32		0x0 0x7fffffff 0x0	0x00000000
v_min3_i32		0x0 0x1 0x7fffffff	0x00000000
v_min3_i32		0x0 0x0 0x7fffffff	0x00000000
v_min3_i32		0x0 0x80000000 0x0	0x80000000
v_min3_i32		0x0 0x1 0x80000000	0x80000000
v_min3_i32		0x0 0x0 0x80000000	0x80000000
v_min3_i32		0x0 0xfffffffe 0x0	0xfffffffe
v_min3_i32		0x0 0x1 0xfffffffe	0xfffffffe
v_min3_i32		0x0 0x0 0xfffffffe	0xfffffffe
v_min3_i32		0x0 0xffffffff 0x0	0xffffffff
v_min3_i32		0x0 0x1 0xffffffff	0xffffffff
v_min3_i32		0x0 0x0 0xffffffff	0xffffffff
v_min3_i32		0x1 0x0 0x0	0x00000000
v_min3_i32		0x1 0x1 0x0	0x00000000
v_min3_i32		0x0 0x1 0x0	0x00000000
v_min3_i32		0x1 0x1 0x0	0x00000000
v_min3_i32		0x1 0x1 0x1	0x00000001
v_min3_i32		0x0 0x1 0x1	0x00000000
v_min3_i32		0x1 0x7fffffff 0x0	0x00000000
v_min3_i32		0x1 0x1 0x7fffffff	0x00000001
v_min3_i32		0x0 0x1 0x7fffffff	0x00000000
v_min3_i32		0x1 0x80000000 0x0	0x80000000
v_min3_i32		0x1 0x1 0x80000000	0x80000000
v_min3_i32		0x0 0x1 0x80000000	0x80000000
v_min3_i32		0x1 0xfffffffe 0x0	0xfffffffe
v_min3_i32		0x1 0x1 0xfffffffe	0xfffffffe
v_min3_i32		0x0 0x1 0xfffffffe	0xfffffffe
v_min3_i32		0x1 0xffffffff 0x0	0xffffffff
v_min3_i32		0x1 0x1 0xffffffff	0xffffffff
v_min3_i32		0x0 0x1 0xffffffff	0xffffffff
v_min3_i32		0x7fffffff 0x0 0x0	0x00000000
v_min3_i32		0x7fffffff 0x1 0x0	0x00000000
v_min3_i32		0x0 0x7fffffff 0x0	0x00000000
v_min3_i32		0x7fffffff 0x1 0x0	0x00000000
v_min3_i32		0x7fffffff 0x1 0x1	0x00000001
v_min3_i32		0x0 0x7fffffff 0x1	0x00000000
v_min3_i32		0x7fffffff 0x7fffffff 0x0	0x00000000
v_min3_i32		0x7fffffff 0x1 0x7fffffff	0x00000001
v_min3_i32		0x0 0x7fffffff 0x7fffffff	0x00000000
v_min3_i32		0x7fffffff 0x80000000 0x0	0x80000000
v_min3_i32		0x7fffffff 0x1 0x80000000	0x80000000
v_min3_i32		0x0 0x7fffffff 0x80000000	0x80000000
v_min3_i32		0x7fffffff 0xfffffffe 0x0	0xfffffffe
v_min3_i32		0x7fffffff 0x1 0xfffffffe	0xfffffffe
v_min3_i32		0x0 0x7fffffff 0xfffffffe	0xfffffffe
v_min3_i32		0x7fffffff 0xffffffff 0x0	0xffffffff
v_min3_i32		0x7fffffff 0x1 0xffffffff	0xffffffff
v_min3_i32		0x0 0x7fffffff 0xffffffff	0xffffffff
v_min3_i32		0x80000000 0x0 0x0	0x80000000
v_min3_i32		0x80000000 0x1 0x0	0x80000000
v_min3_i32		0x0 0x80000000 0x0	0x80000000
v_min3_i32		0x80000000 0x1 0x0	0x80000000
v_min3_i32		0x80000000 0x1 0x1	0x80000000
v_min3_i32		0x0 0x80000000 0x1	0x80000000
v_min3_i32		0x80000000 0x7fffffff 0x0	0x80000000
v_min3_i32		0x80000000 0x1 0x7fffffff	0x80000000
v_min3_i32		0x0 0x80000000 0x7fffffff	0x80000000
v_min3_i32		0x80000000 0x80000000 0x0	0x80000000
v_min3_i32		0x80000000 0x1 0x80000000	0x80000000
v_min3_i32		0x0 0x80000000 0x80000000	0x80000000
v_min3_i32		0x80000000 0xfffffffe 0x0	0x80000000
v_min3_i32		0x80000000 0x1 0xfffffffe	0x80000000
v_min3_i32		0x0 0x80000000 0xfffffffe	0x80000000
v_min3_i32		0x80000000 0xffffffff 0x0	0x80000000
v_min3_i32		0x80000000 0x1 0xffffffff	0x80000000
v_min3_i32		0x0 0x80000000 0xffffffff	0x80000000
v_min3_i32		0xfffffffe 0x0 0x0	0xfffffffe
v_min3_i32		0xfffffffe 0x1 0x0	0xfffffffe
v_min3_i32		0x0 0xfffffffe 0x0	0xfffffffe
v_min3_i32		0xfffffffe 0x1 0x0	0xfffffffe
v_min3_i32		0xfffffffe 0x1 0x1	0xfffffffe
v_min3_i32		0x0 0xfffffffe 0x1	0xfffffffe
v_min3_i32		0xfffffffe 0x7fffffff 0x0	0xfffffffe
v_min3_i32		0xfffffffe 0x1 0x7fffffff	0xfffffffe
v_min3_i32		0x0 0xfffffffe 0x7fffffff	0xfffffffe
v_min3_i32		0xfffffffe 0x80000000 0x0	0x80000000
v_min3_i32		0xfffffffe 0x1 0x80000000	0x80000000
v_min3_i32		0x0 0xfffffffe 0x80000000	0x80000000
v_min3_i32		0xfffffffe 0xfffffffe 0x0	0xfffffffe
v_min3_i32		0xfffffffe 0x1 0xfffffffe	0xfffffffe
v_min3_i32		0x0 0xfffffffe 0xfffffffe	0xfffffffe
v_min3_i32		0xfffffffe 0xffffffff 0x0	0xfffffffe
v_min3_i32		0xfffffffe 0x1 0xffffffff	0xfffffffe
v_min3_i32		0x0 0xfffffffe 0xffffffff	0xfffffffe
v_min3_i32		0xffffffff 0x0 0x0	0xffffffff
v_min3_i32		0xffffffff 0x1 0x0	0xffffffff
v_min3_i32		0x0 0xffffffff 0x0	0xffffffff
v_min3_i32		0xffffffff 0x1 0x0	0xffffffff
v_min3_i32		0xffffffff 0x1 0x1	0xffffffff
v_min3_i32		0x0 0xffffffff 0x1	0xffffffff
v_min3_i32		0xffffffff 0x7fffffff 0x0	0xffffffff
v_min3_i32		0xffffffff 0x1 0x7fffffff	0xffffffff
v_min3_i32		0x0 0xffffffff 0x7fffffff	0xffffffff
v_min3_i32		0xffffffff 0x80000000 0x0	0x80000000
v_min3_i32		0xffffffff 0x1 0x80000000	0x80000000
v_min3_i32		0x0 0xffffffff 0x80000000	0x80000000
v_min3_i32		0xffffffff 0xfffffffe 0x0	0xfffffffe
v_min3_i32		0xffffffff 0x1 0xfffffffe	0xfffffffe
v_min3_i32		0x0 0xffffffff 0xfffffffe	0xfffffffe
v_min3_i32		0xffffffff 0xffffffff 0x0	0xffffffff
v_min3_i32		0xffffffff 0x1 0xffffffff	0xffffffff
v_min3_i32		0x0 0xffffffff 0xffffffff	0xffffffff
v_min3_i32		0x0 0x0 0x0	0x00000000
v_min3_i32		0x1 0x1 0x1	0x00000001
v_min3_i32		0x7fffffff 0x7fffffff 0x7fffffff	0x7fffffff
v_min3_i32		0x80000000 0x80000000 0x80000000	0x80000000
v_min3_i32		0xfffffffe 0xfffffffe 0xfffffffe	0xfffffffe
v_min3_i32		0xffffffff 0xffffffff 0xffffffff	0xffffffff
v_min3_u32		0x0 0x0 0x0	0x00000000
v_min3_u32		0x0 0x1 0x0	0x00000000
v_min3_u32		0x0 0x0 0x0	0x00000000
v_min3_u32		0x0 0x1 0x0	0x00000000
v_min3_u32		0x0 0x1 0x1	0x00000000
v_min3_u32		0x0 0x0 0x1	0x00000000
v_min3_u32		0x0 0x7fffffff 0x0	0x00000000
v_min3_u32		0x0 0x1 0x7fffffff	0x00000000
v_min3_u32		0x0 0x0 0x7fffffff	0x00000000
v_min3_u32		0x0 0x80000000 0x0	0x00000000
v_min3_u32		0x0 0x1 0x80000000	0x00000000
v_min3_u32		0x0 0x0 0x80000000	0x00000000
v_min3_u32		0x0 0xfffffffe 0x0	0x00000000
v_min3_u32		0x0 0x1 0xfffffffe	0x00000000
v_min3_u32		0x0 0x0 0xfffffffe	0x00000000
v_min3_u32		0x0 0xffffffff 0x0	0x00000000
v_min3_u32		0x0 0x1 0xffffffff	0x00000000
v_min3_u32		0x0 0x0 0xffffffff	0x00000000
v_min3_u32		0x1 0x0 0x0	0x00000000
v_min3_u32		0x1 0x1 0x0	0x00000000
v_min3_u32		0x0 0x1 0x0	0x00000000
v_min3_u32		0x1 0x1 0x0	0x00000000
v_min3_u32		0x1 0x1 0x1	0x00000001
v_min3_u32		0x0 0x1 0x1	0x00000000
v_min3_u32		0x1 0x7fffffff 0x0	0x00000000
v_min3_u32		0x1 0x1 0x7fffffff	0x00000001
v_min3_u32		0x0 0x1 0x7fffffff	0x00000000
v_min3_u32		0x1 0x80000000 0x0	0x00000000
v_min3_u32		0x1 0x1 0x80000000	0x00000001
v_min3_u32		0x0 0x1 0x80000000	0x00000000
v_min3_u32		0x1 0xfffffffe 0x0	0x00000000
v_min3_u32		0x1 0x1 0xfffffffe	0x00000001
v_min3_u32		0x0 0x1 0xfffffffe	0x00000000
v_min3_u32		0x1 0xffffffff 0x0	0x00000000
v_min3_u32		0x1 0x1 0xffffffff	0x00000001
v_min3_u32		0x0 0x1 0xffffffff	0x00000000
v_min3_u32		0x7fffffff 0x0 0x0	0x00000000
v_min3_u32		0x7fffffff 0x1 0x0	0x00000000
v_min3_u32		0x0 0x7fffffff 0x0	0x00000000
v_min3_u32		0x7fffffff 0x1 0x0	0x00000000
v_min3_u32		0x7fffffff 0x1 0x1	0x00000001
v_min3_u32		0x0 0x7fffffff 0x1	0x00000000
v_min3_u32		0x7fffffff 0x7fffffff 0x0	0x00000000
v_min3_u32		0x7fffffff 0x1 0x7fffffff	0x00000001
v_min3_u32		0x0 0x7fffffff 0x7fffffff	0x00000000
v_min3_u32		0x7fffffff 0x80000000 0x0	0x00000000
v_min3_u32		0x7fffffff 0x1 0x80000000	0x00000001
v_min3_u32		0x0 0x7fffffff 0x80000000	0x00000000
v_min3_u32		0x7fffffff 0xfffffffe 0x0	0x00000000
v_min3_u32		0x7fffffff 0x1 0xfffffffe	0x00000001
v_min3_u32		0x0 0x7fffffff 0xfffffffe	0x00000000
v_min3_u32		0x7fffffff 0xffffffff 0x0	0x00000000
v_min3_u32		0x7fffffff 0x1 0xffffffff	0x00000001
v_min3_u32		0x0 0x7fffffff 0xffffffff	0x00000000
v_min3_u32		0x80000000 0x0 0x0	0x00000000
v_min3_u32		0x80000000 0x1 0x0	0x00000000
v_min3_u32		0x0 0x80000000 0x0	0x00000000
v_min3_u32		0x80000000 0x1 0x0	0x00000000
v_min3_u32		0x80000000 0x1 0x1	0x00000001
v_min3_u32		0x0 0x80000000 0x1	0x00000000
v_min3_u32		0x80000000 0x7fffffff 0x0	0x00000000
v_min3_u32		0x80000000 0x1 0x7fffffff	0x00000001
v_min3_u32		0x0 0x80000000 0x7fffffff	0x00000000
v_min3_u32		0x80000000 0x80000000 0x0	0x00000000
v_min3_u32		0x80000000 0x1 0x80000000	0x00000001
v_min3_u32		0x0 0x80000000 0x80000000	0x00000000
v_min3_u32		0x80000000 0xfffffffe 0x0	0x00000000
v_min3_u32		0x80000000 0x1 0xfffffffe	0x00000001
v_min3_u32		0x0 0x80000000 0xfffffffe	0x00000000
v_min3_u32		0x80000000 0xffffffff 0x0	0x00000000
v_min3_u32		0x80000000 0x1 0xffffffff	0x00000001
v_min3_u32		0x0 0x80000000 0xffffffff	0x00000000
v_min3_u32		0xfffffffe 0x0 0x0	0x00000000
v_min3_u32		0xfffffffe 0x1 0x0	0x00000000
v_min3_u32		0x0 0xfffffffe 0x0	0x00000000
v_min3_u32		0xfffffffe 0x1 0x0	0x00000000
v_min3_u32		0xfffffffe 0x1 0x1	0x00000001
v_min3_u32		0x0 0xfffffffe 0x1	0x00000000
v_min3_u32		0xfffffffe 0x7fffffff 0x0	0x00000000
v_min3_u32		0xfffffffe 0x1 0x7fffffff	0x00000001
v_min3_u32		0x0 0xfffffffe 0x7fffffff	0x00000000
v_min3_u32		0xfffffffe 0x80000000 0x0	0x00000000
v_min3_u32		0xfffffffe 0x1 0x80000000	0x00000001
v_min3_u32		0x0 0xfffffffe 0x80000000	0x00000000
v_min3_u32		0xfffffffe 0xfffffffe 0x0	0x00000000
v_min3_u32		0xfffffffe 0x1 0xfffffffe	0x00000001
v_min3_u32		0x0 0xfffffffe 0xfffffffe	0x00000000
v_min3_u32		0xfffffffe 0xffffffff 0x0	0x00000000
v_min3_u32		0xfffffffe 0x1 0xffffffff	0x00000001
v_min3_u32		0x0 0xfffffffe 0xffffffff	0x00000000
v_min3_u32		0xffffffff 0x0 0x0	0x00000000
v_min3_u32		0xffffffff 0x1 0x0	0x00000000
v_min3_u32		0x0 0xffffffff 0x0	0x00000000
v_min3_u32		0xffffffff 0x1 0x0	0x00000000
v_min3_u32		0xffffffff 0x1 0x1	0x00000001
v_min3_u32		0x0 0xffffffff 0x1	0x00000000
v_min3_u32		0xffffffff 0x7fffffff 0x0	0x00000000
v_min3_u32		0xffffffff 0x1 0x7fffffff	0x00000001
v_min3_u32		0x0 0xffffffff 0x7fffffff	0x00000000
v_min3_u32		0xffffffff 0x80000000 0x0	0x00000000
v_min3_u32		0xffffffff 0x1 0x80000000	0x00000001
v_min3_u32		0x0 0xffffffff 0x80000000	0x00000000
v_min3_u32		0xffffffff 0xfffffffe 0x0	0x00000000
v_min3_u32		0xffffffff 0x1 0xfffffffe	0x00000001
v_min3_u32		0x0 0xffffffff 0xfffffffe	0x00000000
v_min3_u32		0xffffffff 0xffffffff 0x0	0x00000000
v_min3_u32		0xffffffff 0x1 0xffffffff	0x00000001
v_min3_u32		0x0 0xffffffff 0xffffffff	0x00000000
v_min3_u32		0x0 0x0 0x0	0x00000000
v_min3_u32		0x1 0x1 0x1	0x00000001
v_min3_u32		0x7fffffff 0x7fffffff 0x7fffffff	0x7fffffff
v_min3_u32		0x80000000 0x80000000 0x80000000	0x80000000
v_min3_u32		0xfffffffe 0xfffffffe 0xfffffffe	0xfffffffe
v_min3_u32		0xffffffff 0xffffffff 0xffffffff	0xffffffff
v_min_f32		0x0 0x0	0x00000000
v_min_f32		0x0 0x80000000	0x80000000
v_min_f32		0x0 0x3f000000	0x00000000
v_min_f32		0x0 0x3f800000	0x00000000
v_min_f32		0x0 0xbf800000	0xbf800000
v_min_f32		0x0 0x800000	0x00000000
v_min_f32		0x0 0x7f7fffff	0x00000000
v_min_f32		0x0 0x7f800000	0x00000000
v_min_f32		0x0 0xff800000	0xff800000
v_min_f32		0x0 0x7fc00000	0x7fc00000
v_min_f32		0x80000000 0x0	0x80000000
v_min_f32		0x80000000 0x80000000	0x80000000
v_min_f32		0x80000000 0x3f000000	0x80000000
v_min_f32		0x80000000 0x3f800000	0x80000000
v_min_f32		0x80000000 0xbf800000	0xbf800000
v_min_f32		0x80000000 0x800000	0x80000000
v_min_f32		0x80000000 0x7f7fffff	0x80000000
v_min_f32		0x80000000 0x7f800000	0x80000000
v_min_f32		0x80000000 0xff800000	0xff800000
v_min_f32		0x80000000 0x7fc00000	0x7fc00000
v_min_f32		0x3f000000 0x0	0x00000000
v_min_f32		0x3f000000 0x80000000	0x80000000
v_min_f32		0x3f000000 0x3f000000	0x3f000000
v_min_f32		0x3f000000 0x3f800000	0x3f000000
v_min_f32		0x3f000000 0xbf800000	0xbf800000
v_min_f32		0x3f000000 0x800000	0x00800000
v_min_f32		0x3f000000 0x7f7fffff	0x3f000000
v_min_f32		0x3f000000 0x7f800000	0x3f000000
v_min_f32		0x3f000000 0xff800000	0xff800000
v_min_f32		0x3f000000 0x7fc00000	0x7fc00000
v_min_f32		0x3f800000 0x0	0x00000000
v_min_f32		0x3f800000 0x80000000	0x80000000
v_min_f32		0x3f800000 0x3f000000	0x3f000000
v_min_f32		0x3f800000 0x3f800000	0x3f800000
v_min_f32		0x3f800000 0xbf800000	0xbf800000
v_min_f32		0x3f800000 0x800000	0x00800000
v_min_f32		0x3f800000 0x7f7fffff	0x3f800000
v_min_f32		0x3f800000 0x7f800000	0x3f800000
v_min_f32		0x3f800000 0xff800000	0xff800000
v_min_f32		0x3f800000 0x7fc00000	0x7fc00000
v_min_f32		0xbf800000 0x0	0xbf800000
v_min_f32		0xbf800000 0x80000000	0xbf800000
v_min_f32		0xbf800000 0x3f000000	0xbf800000
v_min_f32		0xbf800000 0x3f800000	0xbf800000
v_min_f32		0xbf800000 0xbf800000	0xbf800000
v_min_f32		0xbf800000 0x800000	0xbf800000
v_min_f32		0xbf800000 0x7f7fffff	0xbf800000
v_min_f32		0xbf800000 0x7f800000	0xbf800000
v_min_f32		0xbf800000 0xff800000	0xff800000
v_min_f32		0xbf800000 0x7fc00000	0x7fc00000
v_min_f32		0x800000 0x0	0x00000000
v_min_f32		0x800000 0x80000000	0x80000000
v_min_f32		0x800000 0x3f000000	0x00800000
v_min_f32		0x800000 0x3f800000	0x00800000
v_min_f32		0x800000 0xbf800000	0xbf800000
v_min_f32		0x800000 0x800000	0x00800000
v_min_f32		0x800000 0x7f7fffff	0x00800000
v_min_f32		0x800000 0x7f800000	0x00800000
v_min_f32		0x800000 0xff800000	0xff800000
v_min_f32		0x800000 0x7fc00000	0x7fc00000
v_min_f32		0x7f7fffff 0x0	0x00000000
v_min_f32		0x7f7fffff 0x80000000	0x80000000
v_min_f32		0x7f7fffff 0x3f000000	0x3f000000
v_min_f32		0x7f7fffff 0x3f800000	0x3f800000
v_min_f32		0x7f7fffff 0xbf800000	0xbf800000
v_min_f32		0x7f7fffff 0x800000	0x00800000
v_min_f32		0x7f7fffff 0x7f7fffff	0x7f7fffff
v_min_f32		0x7f7fffff 0x7f800000	0x7f7fffff
v_min_f32		0x7f7fffff 0xff800000	0xff800000
v_min_f32		0x7f7fffff 0x7fc00000	0x7fc00000
v_min_f32		0x7f800000 0x0	0x00000000
v_min_f32		0x7f800000 0x80000000	0x80000000
v_min_f32		0x7f800000 0x3f000000	0x3f000000
v_min_f32		0x7f800000 0x3f800000	0x3f800000
v_min_f32		0x7f800000 0xbf800000	0xbf800000
v_min_f32		0x7f800000 0x800000	0x00800000
v_min_f32		0x7f800000 0x7f7fffff	0x7f7fffff
v_min_f32		0x7f800000 0x7f800000	0x7f800000
v_min_f32		0x7f800000 0xff800000	0xff800000
v_min_f32		0x7f800000 0x7fc00000	0x7fc00000
v_min_f32		0xff800000 0x0	0xff800000
v_min_f32		0xff800000 0x80000000	0xff800000
v_min_f32		0xff800000 0x3f000000	0xff800000
v_min_f32		0xff800000 0x3f800000	0xff800000
v_min_f32		0xff800000 0xbf800000	0xff800000
v_min_f32		0xff800000 0x800000	0xff800000
v_min_f32		0xff800000 0x7f7fffff	0xff800000
v_min_f32		0xff800000 0x7f800000	0xff800000
v_min_f32		0xff800000 0xff800000	0xff800000
v_min_f32		0xff800000 0x7fc00000	0x7fc00000
v_min_f32		0x7fc00000 0x0	0x7fc00000
v_min_f32		0x7fc00000 0x80000000	0x7fc00000
v_min_f32		0x7fc00000 0x3f000000	0x7fc00000
v_min_f32		0x7fc00000 0x3f800000	0x7fc00000
v_min_f32		0x7fc00000 0xbf800000	0x7fc00000
v_min_f32		0x7fc00000 0x800000	0x7fc00000
v_min_f32		0x7fc00000 0x7f7fffff	0x7fc00000
v_min_f32		0x7fc00000 0x7f800000	0x7fc00000
v_min_f32		0x7fc00000 0xff800000	0x7fc00000
v_min_f32		0x7fc00000 0x7fc00000	0x7fc00000
v_min_i32		0x0 0x0	0x00000000
v_min_i32		0x0 0x1	0x00000000
v_min_i32		0x0 0x7fffffff	0x00000000
v_min_i32		0x0 0x80000000	0x80000000
v_min_i32		0x0 0xfffffffe	0xfffffffe
v_min_i32		0x0 0xffffffff	0xffffffff
v_min_i32		0x1 0x0	0x00000000
v_min_i32		0x1 0x1	0x00000001
v_min_i32		0x1 0x7fffffff	0x00000001
v_min_i32		0x1 0x80000000	0x80000000
v_min_i32		0x1 0xfffffffe	0xfffffffe
v_min_i32		0x1 0xffffffff	0xffffffff
v_min_i32		0x7fffffff 0x0	0x00000000
v_min_i32		0x7fffffff 0x1	0x00000001
v_min_i32		0x7fffffff 0x7fffffff	0x7fffffff
v_min_i32		0x7fffffff 0x80000000	0x80000000
v_min_i32		0x7fffffff 0xfffffffe	0xfffffffe
v_min_i32		0x7fffffff 0xffffffff	0xffffffff
v_min_i32		0x80000000 0x0	0x80000000
v_min_i32		0x80000000 0x1	0x80000000
v_min_i32		0x80000000 0x7fffffff	0x80000000
v_min_i32		0x80000000 0x80000000	0x80000000
v_min_i32		0x80000000 0xfffffffe	0x80000000
v_min_i32		0x80000000 0xffffffff	0x80000000
v_min_i32		0xfffffffe 0x0	0xfffffffe
v_min_i32		0xfffffffe 0x1	0xfffffffe
v_min_i32		0xfffffffe 0x7fffffff	0xfffffffe
v_min_i32		0xfffffffe 0x80000000	0x80000000
v_min_i32		0xfffffffe 0xfffffffe	0xfffffffe
v_min_i32		0xfffffffe 0xffffffff	0xfffffffe
v_min_i32		0xffffffff 0x0	0xffffffff
v_min_i32		0xffffffff 0x1	0xffffffff
v_min_i32		0xffffffff 0x7fffffff	0xffffffff
v_min_i32		0xffffffff 0x80000000	0x80000000
v_min_i32		0xffffffff 0xfffffffe	0xfffffffe
v_min_i32		0xffffffff 0xffffffff	0xffffffff
v_min_u32		0x0 0x0	0x00000000
v_min_u32		0x0 0x1	0x00000000
v_min_u32		0x0 0x7fffffff	0x00000000
v_min_u32		0x0 0x80000000	0x00000000
v_min_u32		0x0 0xfffffffe	0x00000000
v_min_u32		0x0 0xffffffff	0x00000000
v_min_u32		0x1 0x0	0x00000000
v_min_u32		0x1 0x1	0x00000001
v_min_u32		0x1 0x7fffffff	0x00000001
v_min_u32		0x1 0x80000000	0x00000001
v_min_u32		0x1 0xfffffffe	0x00000001
v_min_u32		0x1 0xffffffff	0x00000001
v_min_u32		0x7fffffff 0x0	0x00000000
v_min_u32		0x7fffffff 0x1	0x00000001
v_min_u32		0x7fffffff 0x7fffffff	0x7fffffff
v_min_u32		0x7fffffff 0x80000000	0x7fffffff
v_min_u32		0x7fffffff 0xfffffffe	0x7fffffff
v_min_u32		0x7fffffff 0xffffffff	0x7fffffff
v_min_u32		0x80000000 0x0	0x00000000
v_min_u32		0x80000000 0x1	0x00000001
v_min_u32		0x80000000 0x7fffffff	0x7fffffff
v_min_u32		0x80000000 0x80000000	0x80000000
v_min_u32		0x80000000 0xfffffffe	0x80000000
v_min_u32		0x80000000 0xffffffff	0x80000000
v_min_u32		0xfffffffe 0x0	0x00000000
v_min_u32		0xfffffffe 0x1	0x00000001
v_min_u32		0xfffffffe 0x7fffffff	0x7fffffff
v_min_u32		0xfffffffe 0x80000000	0x80000000
v_min_u32		0xfffffffe 0xfffffffe	0xfffffffe
v_min_u32		0xfffffffe 0xffffffff	0xfffffffe
v_min_u32		0xffffffff 0x0	0x00000000
v_min_u32		0xffffffff 0x1	0x00000001
v_min_u32		0xffffffff 0x7fffffff	0x7fffffff
v_min_u32		0xffffffff 0x80000000	0x80000000
v_min_u32		0xffffffff 0xfffffffe	0xfffffffe
v_min_u32		0xffffffff 0xffffffff	0xffffffff
v_mma_323216_i8_i8_i32		0x0 0x0 0x0	0x00000000
v_mma_323216_i8_i8_i32		0x0 0x1 0x0	0x00000000
v_mma_323216_i8_i8_i32		0x0 0x0 0x0	0x00000000
v_mma_323216_i8_i8_i32		0x0 0x1 0x0	0x00000000
v_mma_323216_i8_i8_i32		0x0 0x1 0x1	0x00000001
v_mma_323216_i8_i8_i32		0x0 0x0 0x1	0x00000001
v_mma_323216_i8_i8_i32		0x0 0x7fffffff 0x0	0x00000000
v_mma_323216_i8_i8_i32		0x0 0x1 0x7fffffff	0x7fffffff
v_mma_323216_i8_i8_i32		0x0 0x0 0x7fffffff	0x7fffffff
v_mma_323216_i8_i8_i32		0x0 0x80000000 0x0	0x00000000
v_mma_323216_i8_i8_i32		0x0 0x1 0x80000000	0x80000000
v_mma_323216_i8_i8_i32		0x0 0x0 0x80000000	0x80000000
v_mma_323216_i8_i8_i32		0x0 0xfffffffe 0x0	0x00000000
v_mma_323216_i8_i8_i32		0x0 0x1 0xfffffffe	0xfffffffe
v_mma_323216_i8_i8_i32		0x0 0x0 0xfffffffe	0xfffffffe
v_mma_323216_i8_i8_i32		0x0 0xffffffff 0x0	0x00000000
v_mma_323216_i8_i8_i32		0x0 0x1 0xffffffff	0xffffffff
v_mma_323216_i8_i8_i32		0x0 0x0 0xffffffff	0xffffffff
v_mma_323216_i8_i8_i32		0x1 0x0 0x0	0x00000000
v_mma_323216_i8_i8_i32		0x1 0x1 0x0	0x00000004
v_mma_323216_i8_i8_i32		0x0 0x1 0x0	0x00000000
v_mma_323216_i8_i8_i32		0x1 0x1 0x0	0x00000004
v_mma_323216_i8_i8_i32		0x1 0x1 0x1	0x00000005
v_mma_323216_i8_i8_i32		0x0 0x1 0x1	0x00000001
v_mma_323216_i8_i8_i32		0x1 0x7fffffff 0x0	0xfffffffc
v_mma_323216_i8_i8_i32		0x1 0x1 0x7fffffff	0x80000003
v_mma_323216_i8_i8_i32		0x0 0x1 0x7fffffff	0x7fffffff
v_mma_323216_i8_i8_i32		0x1 0x80000000 0x0	0x00000000
v_mma_323216_i8_i8_i32		0x1 0x1 0x80000000	0x80000004
v_mma_323216_i8_i8_i32		0x0 0x1 0x80000000	0x80000000
v_mma_323216_i8_i8_i32		0x1 0xfffffffe 0x0	0xfffffff8
v_mma_323216_i8_i8_i32		0x1 0x1 0xfffffffe	0x00000002
v_mma_323216_i8_i8_i32		0x0 0x1 0xfffffffe	0xfffffffe
v_mma_323216_i8_i8_i32		0x1 0xffffffff 0x0	0xfffffffc
v_mma_323216_i8_i8_i32		0x1 0x1 0xffffffff	0x00000003
v_mma_323216_i8_i8_i32		0x0 0x1 0xffffffff	0xffffffff
v_mma_323216_i8_i8_i32		0x7fffffff 0x0 0x0	0x00000000
v_mma_323216_i8_i8_i32		0x7fffffff 0x1 0x0	0xfffffffc
v_mma_323216_i8_i8_i32		0x0 0x7fffffff 0x0	0x00000000
v_mma_323216_i8_i8_i32		0x7fffffff 0x1 0x0	0xfffffffc
v_mma_323216_i8_i8_i32		0x7fffffff 0x1 0x1	0xfffffffd
v_mma_323216_i8_i8_i32		0x0 0x7fffffff 0x1	0x00000001
v_mma_323216_i8_i8_i32		0x7fffffff 0x7fffffff 0x0	0x0000fc10
v_mma_323216_i8_i8_i32		0x7fffffff 0x1 0x7fffffff	0x7ffffffb
v_mma_323216_i8_i8_i32		0x0 0x7fffffff 0x7fffffff	0x7fffffff
v_mma_323216_i8_i8_i32		0x7fffffff 0x80000000 0x0	0xffff0200
v_mma_323216_i8_i8_i32		0x7fffffff 0x1 0x80000000	0x7ffffffc
v_mma_323216_i8_i8_i32		0x0 0x7fffffff 0x80000000	0x80000000
v_mma_323216_i8_i8_i32		0x7fffffff 0xfffffffe 0x0	0xfffffe14
v_mma_323216_i8_i8_i32		0x7fffffff 0x1 0xfffffffe	0xfffffffa
v_mma_323216_i8_i8_i32		0x0 0x7fffffff 0xfffffffe	0xfffffffe
v_mma_323216_i8_i8_i32		0x7fffffff 0xffffffff 0x0	0xfffffe10
v_mma_323216_i8_i8_i32		0x7fffffff 0x1 0xffffffff	0xfffffffb
v_mma_323216_i8_i8_i32		0x0 0x7fffffff 0xffffffff	0xffffffff
v_mma_323216_i8_i8_i32		0x80000000 0x0 0x0	0x00000000
v_mma_323216_i8_i8_i32		0x80000000 0x1 0x0	0x00000000
v_mma_323216_i8_i8_i32		0x0 0x80000000 0x0	0x00000000
v_mma_323216_i8_i8_i32		0x80000000 0x1 0x0	0x00000000
v_mma_323216_i8_i8_i32		0x80000000 0x1 0x1	0x00000001
v_mma_323216_i8_i8_i32		0x0 0x80000000 0x1	0x00000001
v_mma_323216_i8_i8_i32		0x80000000 0x7fffffff 0x0	0xffff0200
v_mma_323216_i8_i8_i32		0x80000000 0x1 0x7fffffff	0x7fffffff
v_mma_323216_i8_i8_i32		0x0 0x80000000 0x7fffffff	0x7fffffff
v_mma_323216_i8_i8_i32		0x80000000 0x80000000 0x0	0x00010000
v_mma_323216_i8_i8_i32		0x80000000 0x1 0x80000000	0x80000000
v_mma_323216_i8_i8_i32		0x0 0x80000000 0x80000000	0x80000000
v_mma_323216_i8_i8_i32		0x80000000 0xfffffffe 0x0	0x00000200
v_mma_323216_i8_i8_i32		0x80000000 0x1 0xfffffffe	0xfffffffe
v_mma_323216_i8_i8_i32		0x0 0x80000000 0xfffffffe	0xfffffffe
v_mma_323216_i8_i8_i32		0x80000000 0xffffffff 0x0	0x00000200
v_mma_323216_i8_i8_i32		0x80000000 0x1 0xffffffff	0xffffffff
v_mma_323216_i8_i8_i32		0x0 0x80000000 0xffffffff	0xffffffff
v_mma_323216_i8_i8_i32		0xfffffffe 0x0 0x0	0x00000000
v_mma_323216_i8_i8_i32		0xfffffffe 0x1 0x0	0xfffffff8
v_mma_323216_i8_i8_i32		0x0 0xfffffffe 0x0	0x00000000
v_mma_323216_i8_i8_i32		0xfffffffe 0x1 0x0	0xfffffff8
v_mma_323216_i8_i8_i32		0xfffffffe 0x1 0x1	0xfffffff9
v_mma_323216_i8_i8_i32		0x0 0xfffffffe 0x1	0x00000001
v_mma_323216_i8_i8_i32		0xfffffffe 0x7fffffff 0x0	0xfffffe14
v_mma_323216_i8_i8_i32		0xfffffffe 0x1 0x7fffffff	0x7ffffff7
v_mma_323216_i8_i8_i32		0x0 0xfffffffe 0x7fffffff	0x7fffffff
v_mma_323216_i8_i8_i32		0xfffffffe 0x80000000 0x0	0x00000200
v_mma_323216_i8_i8_i32		0xfffffffe 0x1 0x80000000	0x7ffffff8
v_mma_323216_i8_i8_i32		0x0 0xfffffffe 0x80000000	0x80000000
v_mma_323216_i8_i8_i32		0xfffffffe 0xfffffffe 0x0	0x0000001c
v_mma_323216_i8_i8_i32		0xfffffffe 0x1 0xfffffffe	0xfffffff6
v_mma_323216_i8_i8_i32		0x0 0xfffffffe 0xfffffffe	0xfffffffe
v_mma_323216_i8_i8_i32		0xfffffffe 0xffffffff 0x0	0x00000014
v_mma_323216_i8_i8_i32		0xfffffffe 0x1 0xffffffff	0xfffffff7
v_mma_323216_i8_i8_i32		0x0 0xfffffffe 0xffffffff	0xffffffff
v_mma_323216_i8_i8_i32		0xffffffff 0x0 0x0	0x00000000
v_mma_323216_i8_i8_i32		0xffffffff 0x1 0x0	0xfffffffc
v_mma_323216_i8_i8_i32		0x0 0xffffffff 0x0	0x00000000
v_mma_323216_i8_i8_i32		0xffffffff 0x1 0x0	0xfffffffc
v_mma_323216_i8_i8_i32		0xffffffff 0x1 0x1	0xfffffffd
v_mma_323216_i8_i8_i32		0x0 0xffffffff 0x1	0x00000001
v_mma_323216_i8_i8_i32		0xffffffff 0x7fffffff 0x0	0xfffffe10
v_mma_323216_i8_i8_i32		0xffffffff 0x1 0x7fffffff	0x7ffffffb
v_mma_323216_i8_i8_i32		0x0 0xffffffff 0x7fffffff	0x7fffffff
v_mma_323216_i8_i8_i32		0xffffffff 0x80000000 0x0	0x00000200
v_mma_323216_i8_i8_i32		0xffffffff 0x1 0x80000000	0x7ffffffc
v_mma_323216_i8_i8_i32		0x0 0xffffffff 0x80000000	0x80000000
v_mma_323216_i8_i8_i32		0xffffffff 0xfffffffe 0x0	0x00000014
v_mma_323216_i8_i8_i32		0xffffffff 0x1 0xfffffffe	0xfffffffa
v_mma_323216_i8_i8_i32		0x0 0xffffffff 0xfffffffe	0xfffffffe
v_mma_323216_i8_i8_i32		0xffffffff 0xffffffff 0x0	0x00000010
v_mma_323216_i8_i8_i32		0xffffffff 0x1 0xffffffff	0xfffffffb
v_mma_323216_i8_i8_i32		0x0 0xffffffff 0xffffffff	0xffffffff
v_mma_323216_i8_i8_i32		0x0 0x0 0x0	0x00000000
v_mma_323216_i8_i8_i32		0x1 0x1 0x1	0x00000005
v_mma_323216_i8_i8_i32		0x7fffffff 0x7fffffff 0x7fffffff	0x8000fc0f
v_mma_323216_i8_i8_i32		0x80000000 0x80000000 0x80000000	0x80010000
v_mma_323216_i8_i8_i32		0xfffffffe 0xfffffffe 0xfffffffe	0x0000001a
v_mma_323216_i8_i8_i32		0xffffffff 0xffffffff 0xffffffff	0x0000000f
v_mma_323216_i8_u8_i32		0x0 0x0 0x0	0x00000000
v_mma_323216_i8_u8_i32		0x0 0x1 0x0	0x00000000
v_mma_323216_i8_u8_i32		0x0 0x0 0x0	0x00000000
v_mma_323216_i8_u8_i32		0x0 0x1 0x0	0x00000000
v_mma_323216_i8_u8_i32		0x0 0x1 0x1	0x00000001
v_mma_323216_i8_u8_i32		0x0 0x0 0x1	0x00000001
v_mma_323216_i8_u8_i32		0x0 0x7fffffff 0x0	0x00000000
v_mma_323216_i8_u8_i32		0x0 0x1 0x7fffffff	0x7fffffff
v_mma_323216_i8_u8_i32		0x0 0x0 0x7fffffff	0x7fffffff
v_mma_323216_i8_u8_i32		0x0 0x80000000 0x0	0x00000000
v_mma_323216_i8_u8_i32		0x0 0x1 0x80000000	0x80000000
v_mma_323216_i8_u8_i32		0x0 0x0 0x80000000	0x80000000
v_mma_323216_i8_u8_i32		0x0 0xfffffffe 0x0	0x00000000
v_mma_323216_i8_u8_i32		0x0 0x1 0xfffffffe	0xfffffffe
v_mma_323216_i8_u8_i32		0x0 0x0 0xfffffffe	0xfffffffe
v_mma_323216_i8_u8_i32		0x0 0xffffffff 0x0	0x00000000
v_mma_323216_i8_u8_i32		0x0 0x1 0xffffffff	0xffffffff
v_mma_323216_i8_u8_i32		0x0 0x0 0xffffffff	0xffffffff
v_mma_323216_i8_u8_i32		0x1 0x0 0x0	0x00000000
v_mma_323216_i8_u8_i32		0x1 0x1 0x0	0x00000004
v_mma_323216_i8_u8_i32		0x0 0x1 0x0	0x00000000
v_mma_323216_i8_u8_i32		0x1 0x1 0x0	0x00000004
v_mma_323216_i8_u8_i32		0x1 0x1 0x1	0x00000005
v_mma_323216_i8_u8_i32		0x0 0x1 0x1	0x00000001
v_mma_323216_i8_u8_i32		0x1 0x7fffffff 0x0	0x000003fc
v_mma_323216_i8_u8_i32		0x1 0x1 0x7fffffff	0x80000003
v_mma_323216_i8_u8_i32		0x0 0x1 0x7fffffff	0x7fffffff
v_mma_323216_i8_u8_i32		0x1 0x80000000 0x0	0x00000000
v_mma_323216_i8_u8_i32		0x1 0x1 0x80000000	0x80000004
v_mma_323216_i8_u8_i32		0x0 0x1 0x80000000	0x80000000
v_mma_323216_i8_u8_i32		0x1 0xfffffffe 0x0	0x000003f8
v_mma_323216_i8_u8_i32		0x1 0x1 0xfffffffe	0x00000002
v_mma_323216_i8_u8_i32		0x0 0x1 0xfffffffe	0xfffffffe
v_mma_323216_i8_u8_i32		0x1 0xffffffff 0x0	0x000003fc
v_mma_323216_i8_u8_i32		0x1 0x1 0xffffffff	0x00000003
v_mma_323216_i8_u8_i32		0x0 0x1 0xffffffff	0xffffffff
v_mma_323216_i8_u8_i32		0x7fffffff 0x0 0x0	0x00000000
v_mma_323216_i8_u8_i32		0x7fffffff 0x1 0x0	0x000003fc
v_mma_323216_i8_u8_i32		0x0 0x7fffffff 0x0	0x00000000
v_mma_323216_i8_u8_i32		0x7fffffff 0x1 0x0	0x000003fc
v_mma_323216_i8_u8_i32		0x7fffffff 0x1 0x1	0x000003fd
v_mma_323216_i8_u8_i32		0x0 0x7fffffff 0x1	0x00000001
v_mma_323216_i8_u8_i32		0x7fffffff 0x7fffffff 0x0	0x000ce410
v_mma_323216_i8_u8_i32		0x7fffffff 0x1 0x7fffffff	0x800003fb
v_mma_323216_i8_u8_i32		0x0 0x7fffffff 0x7fffffff	0x7fffffff
v_mma_323216_i8_u8_i32		0x7fffffff 0x80000000 0x0	0x0000fe00
v_mma_323216_i8_u8_i32		0x7fffffff 0x1 0x80000000	0x800003fc
v_mma_323216_i8_u8_i32		0x0 0x7fffffff 0x80000000	0x80000000
v_mma_323216_i8_u8_i32		0x7fffffff 0xfffffffe 0x0	0x000dde14
v_mma_323216_i8_u8_i32		0x7fffffff 0x1 0xfffffffe	0x000003fa
v_mma_323216_i8_u8_i32		0x0 0x7fffffff 0xfffffffe	0xfffffffe
v_mma_323216_i8_u8_i32		0x7fffffff 0xffffffff 0x0	0x000de210
v_mma_323216_i8_u8_i32		0x7fffffff 0x1 0xffffffff	0x000003fb
v_mma_323216_i8_u8_i32		0x0 0x7fffffff 0xffffffff	0xffffffff
v_mma_323216_i8_u8_i32		0x80000000 0x0 0x0	0x00000000
v_mma_323216_i8_u8_i32		0x80000000 0x1 0x0	0x00000000
v_mma_323216_i8_u8_i32		0x0 0x80000000 0x0	0x00000000
v_mma_323216_i8_u8_i32		0x80000000 0x1 0x0	0x00000000
v_mma_323216_i8_u8_i32		0x80000000 0x1 0x1	0x00000001
v_mma_323216_i8_u8_i32		0x0 0x80000000 0x1	0x00000001
v_mma_323216_i8_u8_i32		0x80000000 0x7fffffff 0x0	0x0000fe00
v_mma_323216_i8_u8_i32		0x80000000 0x1 0x7fffffff	0x7fffffff
v_mma_323216_i8_u8_i32		0x0 0x80000000 0x7fffffff	0x7fffffff
v_mma_323216_i8_u8_i32		0x80000000 0x80000000 0x0	0x00010000
v_mma_323216_i8_u8_i32		0x80000000 0x1 0x80000000	0x80000000
v_mma_323216_i8_u8_i32		0x0 0x80000000 0x80000000	0x80000000
v_mma_323216_i8_u8_i32		0x80000000 0xfffffffe 0x0	0x0001fe00
v_mma_323216_i8_u8_i32		0x80000000 0x1 0xfffffffe	0xfffffffe
v_mma_323216_i8_u8_i32		0x0 0x80000000 0xfffffffe	0xfffffffe
v_mma_323216_i8_u8_i32		0x80000000 0xffffffff 0x0	0x0001fe00
v_mma_323216_i8_u8_i32		0x80000000 0x1 0xffffffff	0xffffffff
v_mma_323216_i8_u8_i32		0x0 0x80000000 0xffffffff	0xffffffff
v_mma_323216_i8_u8_i32		0xfffffffe 0x0 0x0	0x00000000
v_mma_323216_i8_u8_i32		0xfffffffe 0x1 0x0	0x000003f8
v_mma_323216_i8_u8_i32		0x0 0xfffffffe 0x0	0x00000000
v_mma_323216_i8_u8_i32		0xfffffffe 0x1 0x0	0x000003f8
v_mma_323216_i8_u8_i32		0xfffffffe 0x1 0x1	0x000003f9
v_mma_323216_i8_u8_i32		0x0 0xfffffffe 0x1	0x00000001
v_mma_323216_i8_u8_i32		0xfffffffe 0x7fffffff 0x0	0x000dde14
v_mma_323216_i8_u8_i32		0xfffffffe 0x1 0x7fffffff	0x800003f7
v_mma_323216_i8_u8_i32		0x0 0xfffffffe 0x7fffffff	0x7fffffff
v_mma_323216_i8_u8_i32		0xfffffffe 0x80000000 0x0	0x0001fe00
v_mma_323216_i8_u8_i32		0xfffffffe 0x1 0x80000000	0x800003f8
v_mma_323216_i8_u8_i32		0x0 0xfffffffe 0x80000000	0x80000000
v_mma_323216_i8_u8_i32		0xfffffffe 0xfffffffe 0x0	0x000fd81c
v_mma_323216_i8_u8_i32		0xfffffffe 0x1 0xfffffffe	0x000003f6
v_mma_323216_i8_u8_i32		0x0 0xfffffffe 0xfffffffe	0xfffffffe
v_mma_323216_i8_u8_i32		0xfffffffe 0xffffffff 0x0	0x000fdc14
v_mma_323216_i8_u8_i32		0xfffffffe 0x1 0xffffffff	0x000003f7
v_mma_323216_i8_u8_i32		0x0 0xfffffffe 0xffffffff	0xffffffff
v_mma_323216_i8_u8_i32		0xffffffff 0x0 0x0	0x00000000
v_mma_323216_i8_u8_i32		0xffffffff 0x1 0x0	0x000003fc
v_mma_323216_i8_u8_i32		0x0 0xffffffff 0x0	0x00000000
v_mma_323216_i8_u8_i32		0xffffffff 0x1 0x0	0x000003fc
v_mma_323216_i8_u8_i32		0xffffffff 0x1 0x1	0x000003fd
v_mma_323216_i8_u8_i32		0x0 0xffffffff 0x1	0x00000001
v_mma_323216_i8_u8_i32		0xffffffff 0x7fffffff 0x0	0x000de210
v_mma_323216_i8_u8_i32		0xffffffff 0x1 0x7fffffff	0x800003fb
v_mma_323216_i8_u8_i32		0x0 0xffffffff 0x7fffffff	0x7fffffff
v_mma_323216_i8_u8_i32		0xffffffff 0x80000000 0x0	0x0001fe00
v_mma_323216_i8_u8_i32		0xffffffff 0x1 0x80000000	0x800003fc
v_mma_323216_i8_u8_i32		0x0 0xffffffff 0x80000000	0x80000000
v_mma_323216_i8_u8_i32		0xffffffff 0xfffffffe 0x0	0x000fdc14
v_mma_323216_i8_u8_i32		0xffffffff 0x1 0xfffffffe	0x000003fa
v_mma_323216_i8_u8_i32		0x0 0xffffffff 0xfffffffe	0xfffffffe
v_mma_323216_i8_u8_i32		0xffffffff 0xffffffff 0x0	0x000fe010
v_mma_323216_i8_u8_i32		0xffffffff 0x1 0xffffffff	0x000003fb
v_mma_323216_i8_u8_i32		0x0 0xffffffff 0xffffffff	0xffffffff
v_mma_323216_i8_u8_i32		0x0 0x0 0x0	0x00000000
v_mma_323216_i8_u8_i32		0x1 0x1 0x1	0x00000005
v_mma_323216_i8_u8_i32		0x7fffffff 0x7fffffff 0x7fffffff	0x800ce40f
v_mma_323216_i8_u8_i32		0x80000000 0x80000000 0x80000000	0x80010000
v_mma_323216_i8_u8_i32		0xfffffffe 0xfffffffe 0xfffffffe	0x000fd81a
v_mma_323216_i8_u8_i32		0xffffffff 0xffffffff 0xffffffff	0x000fe00f
v_mma_323216_u8_i8_i32		0x0 0x0 0x0	0x00000000
v_mma_323216_u8_i8_i32		0x0 0x1 0x0	0x00000000
v_mma_323216_u8_i8_i32		0x0 0x0 0x0	0x00000000
v_mma_323216_u8_i8_i32		0x0 0x1 0x0	0x00000000
v_mma_323216_u8_i8_i32		0x0 0x1 0x1	0x00000001
v_mma_323216_u8_i8_i32		0x0 0x0 0x1	0x00000001
v_mma_323216_u8_i8_i32		0x0 0x7fffffff 0x0	0x00000000
v_mma_323216_u8_i8_i32		0x0 0x1 0x7fffffff	0x7fffffff
v_mma_323216_u8_i8_i32		0x0 0x0 0x7fffffff	0x7fffffff
v_mma_323216_u8_i8_i32		0x0 0x80000000 0x0	0x00000000
v_mma_323216_u8_i8_i32		0x0 0x1 0x80000000	0x80000000
v_mma_323216_u8_i8_i32		0x0 0x0 0x80000000	0x80000000
v_mma_323216_u8_i8_i32		0x0 0xfffffffe 0x0	0x00000000
v_mma_323216_u8_i8_i32		0x0 0x1 0xfffffffe	0xfffffffe
v_mma_323216_u8_i8_i32		0x0 0x0 0xfffffffe	0xfffffffe
v_mma_323216_u8_i8_i32		0x0 0xffffffff 0x0	0x00000000
v_mma_323216_u8_i8_i32		0x0 0x1 0xffffffff	0xffffffff
v_mma_323216_u8_i8_i32		0x0 0x0 0xffffffff	0xffffffff
v_mma_323216_u8_i8_i32		0x1 0x0 0x0	0x00000000
v_mma_323216_u8_i8_i32		0x1 0x1 0x0	0x00000004
v_mma_323216_u8_i8_i32		0x0 0x1 0x0	0x00000000
v_mma_323216_u8_i8_i32		0x1 0x1 0x0	0x00000004
v_mma_323216_u8_i8_i32		0x1 0x1 0x1	0x00000005
v_mma_323216_u8_i8_i32		0x0 0x1 0x1	0x00000001
v_mma_323216_u8_i8_i32		0x1 0x7fffffff 0x0	0xfffffffc
v_mma_323216_u8_i8_i32		0x1 0x1 0x7fffffff	0x80000003
v_mma_323216_u8_i8_i32		0x0 0x1 0x7fffffff	0x7fffffff
v_mma_323216_u8_i8_i32		0x1 0x80000000 0x0	0x00000000
v_mma_323216_u8_i8_i32		0x1 0x1 0x80000000	0x80000004
v_mma_323216_u8_i8_i32		0x0 0x1 0x80000000	0x80000000
v_mma_323216_u8_i8_i32		0x1 0xfffffffe 0x0	0xfffffff8
v_mma_323216_u8_i8_i32		0x1 0x1 0xfffffffe	0x00000002
v_mma_323216_u8_i8_i32		0x0 0x1 0xfffffffe	0xfffffffe
v_mma_323216_u8_i8_i32		0x1 0xffffffff 0x0	0xfffffffc
v_mma_323216_u8_i8_i32		0x1 0x1 0xffffffff	0x00000003
v_mma_323216_u8_i8_i32		0x0 0x1 0xffffffff	0xffffffff
v_mma_323216_u8_i8_i32		0x7fffffff 0x0 0x0	0x00000000
v_mma_323216_u8_i8_i32		0x7fffffff 0x1 0x0	0xfffffffc
v_mma_323216_u8_i8_i32		0x0 0x7fffffff 0x0	0x00000000
v_mma_323216_u8_i8_i32		0x7fffffff 0x1 0x0	0xfffffffc
v_mma_323216_u8_i8_i32		0x7fffffff 0x1 0x1	0xfffffffd
v_mma_323216_u8_i8_i32		0x0 0x7fffffff 0x1	0x00000001
v_mma_323216_u8_i8_i32		0x7fffffff 0x7fffffff 0x0	0x0000fc10
v_mma_323216_u8_i8_i32		0x7fffffff 0x1 0x7fffffff	0x7ffffffb
v_mma_323216_u8_i8_i32		0x0 0x7fffffff 0x7fffffff	0x7fffffff
v_mma_323216_u8_i8_i32		0x7fffffff 0x80000000 0x0	0xffff0200
v_mma_323216_u8_i8_i32		0x7fffffff 0x1 0x80000000	0x7ffffffc
v_mma_323216_u8_i8_i32		0x0 0x7fffffff 0x80000000	0x80000000
v_mma_323216_u8_i8_i32		0x7fffffff 0xfffffffe 0x0	0xfffffe14
v_mma_323216_u8_i8_i32		0x7fffffff 0x1 0xfffffffe	0xfffffffa
v_mma_323216_u8_i8_i32		0x0 0x7fffffff 0xfffffffe	0xfffffffe
v_mma_323216_u8_i8_i32		0x7fffffff 0xffffffff 0x0	0xfffffe10
v_mma_323216_u8_i8_i32		0x7fffffff 0x1 0xffffffff	0xfffffffb
v_mma_323216_u8_i8_i32		0x0 0x7fffffff 0xffffffff	0xffffffff
v_mma_323216_u8_i8_i32		0x80000000 0x0 0x0	0x00000000
v_mma_323216_u8_i8_i32		0x80000000 0x1 0x0	0x00000000
v_mma_323216_u8_i8_i32		0x0 0x80000000 0x0	0x00000000
v_mma_323216_u8_i8_i32		0x80000000 0x1 0x0	0x00000000
v_mma_323216_u8_i8_i32		0x80000000 0x1 0x1	0x00000001
v_mma_323216_u8_i8_i32		0x0 0x80000000 0x1	0x00000001
v_mma_323216_u8_i8_i32		0x80000000 0x7fffffff 0x0	0xffff0200
v_mma_323216_u8_i8_i32		0x80000000 0x1 0x7fffffff	0x7fffffff
v_mma_323216_u8_i8_i32		0x0 0x80000000 0x7fffffff	0x7fffffff
v_mma_323216_u8_i8_i32		0x80000000 0x80000000 0x0	0x00010000
v_mma_323216_u8_i8_i32		0x80000000 0x1 0x80000000	0x80000000
v_mma_323216_u8_i8_i32		0x0 0x80000000 0x80000000	0x80000000
v_mma_323216_u8_i8_i32		0x80000000 0xfffffffe 0x0	0x00000200
v_mma_323216_u8_i8_i32		0x80000000 0x1 0xfffffffe	0xfffffffe
v_mma_323216_u8_i8_i32		0x0 0x80000000 0xfffffffe	0xfffffffe
v_mma_323216_u8_i8_i32		0x80000000 0xffffffff 0x0	0x00000200
v_mma_323216_u8_i8_i32		0x80000000 0x1 0xffffffff	0xffffffff
v_mma_323216_u8_i8_i32		0x0 0x80000000 0xffffffff	0xffffffff
v_mma_323216_u8_i8_i32		0xfffffffe 0x0 0x0	0x00000000
v_mma_323216_u8_i8_i32		0xfffffffe 0x1 0x0	0xfffffff8
v_mma_323216_u8_i8_i32		0x0 0xfffffffe 0x0	0x00000000
v_mma_323216_u8_i8_i32		0xfffffffe 0x1 0x0	0xfffffff8
v_mma_323216_u8_i8_i32		0xfffffffe 0x1 0x1	0xfffffff9
v_mma_323216_u8_i8_i32		0x0 0xfffffffe 0x1	0x00000001
v_mma_323216_u8_i8_i32		0xfffffffe 0x7fffffff 0x0	0xfffffe14
v_mma_323216_u8_i8_i32		0xfffffffe 0x1 0x7fffffff	0x7ffffff7
v_mma_323216_u8_i8_i32		0x0 0xfffffffe 0x7fffffff	0x7fffffff
v_mma_323216_u8_i8_i32		0xfffffffe 0x80000000 0x0	0x00000200
v_mma_323216_u8_i8_i32		0xfffffffe 0x1 0x80000000	0x7ffffff8
v_mma_323216_u8_i8_i32		0x0 0xfffffffe 0x80000000	0x80000000
v_mma_323216_u8_i8_i32		0xfffffffe 0xfffffffe 0x0	0x0000001c
v_mma_323216_u8_i8_i32		0xfffffffe 0x1 0xfffffffe	0xfffffff6
v_mma_323216_u8_i8_i32		0x0 0xfffffffe 0xfffffffe	0xfffffffe
v_mma_323216_u8_i8_i32		0xfffffffe 0xffffffff 0x0	0x00000014
v_mma_323216_u8_i8_i32		0xfffffffe 0x1 0xffffffff	0xfffffff7
v_mma_323216_u8_i8_i32		0x0 0xfffffffe 0xffffffff	0xffffffff
v_mma_323216_u8_i8_i32		0xffffffff 0x0 0x0	0x00000000
v_mma_323216_u8_i8_i32		0xffffffff 0x1 0x0	0xfffffffc
v_mma_323216_u8_i8_i32		0x0 0xffffffff 0x0	0x00000000
v_mma_323216_u8_i8_i32		0xffffffff 0x1 0x0	0xfffffffc
v_mma_323216_u8_i8_i32		0xffffffff 0x1 0x1	0xfffffffd
v_mma_323216_u8_i8_i32		0x0 0xffffffff 0x1	0x00000001
v_mma_323216_u8_i8_i32		0xffffffff 0x7fffffff 0x0	0xfffffe10
v_mma_323216_u8_i8_i32		0xffffffff 0x1 0x7fffffff	0x7ffffffb
v_mma_323216_u8_i8_i32		0x0 0xffffffff 0x7fffffff	0x7fffffff
v_mma_323216_u8_i8_i32		0xffffffff 0x80000000 0x0	0x00000200
v_mma_323216_u8_i8_i32		0xffffffff 0x1 0x80000000	0x7ffffffc
v_mma_323216_u8_i8_i32		0x0 0xffffffff 0x80000000	0x80000000
v_mma_323216_u8_i8_i32		0xffffffff 0xfffffffe 0x0	0x00000014
v_mma_323216_u8_i8_i32		0xffffffff 0x1 0xfffffffe	0xfffffffa
v_mma_323216_u8_i8_i32		0x0 0xffffffff 0xfffffffe	0xfffffffe
v_mma_323216_u8_i8_i32		0xffffffff 0xffffffff 0x0	0x00000010
v_mma_323216_u8_i8_i32		0xffffffff 0x1 0xffffffff	0xfffffffb
v_mma_323216_u8_i8_i32		0x0 0xffffffff 0xffffffff	0xffffffff
v_mma_323216_u8_i8_i32		0x0 0x0 0x0	0x00000000
v_mma_323216_u8_i8_i32		0x1 0x1 0x1	0x00000005
v_mma_323216_u8_i8_i32		0x7fffffff 0x7fffffff 0x7fffffff	0x8000fc0f
v_mma_323216_u8_i8_i32		0x80000000 0x80000000 0x80000000	0x80010000
v_mma_323216_u8_i8_i32		0xfffffffe 0xfffffffe 0xfffffffe	0x0000001a
v_mma_323216_u8_i8_i32		0xffffffff 0xffffffff 0xffffffff	0x0000000f
v_mma_323216_u8_u8_i32		0x0 0x0 0x0	0x00000000
v_mma_323216_u8_u8_i32		0x0 0x1 0x0	0x00000000
v_mma_323216_u8_u8_i32		0x0 0x0 0x0	0x00000000
v_mma_323216_u8_u8_i32		0x0 0x1 0x0	0x00000000
v_mma_323216_u8_u8_i32		0x0 0x1 0x1	0x00000001
v_mma_323216_u8_u8_i32		0x0 0x0 0x1	0x00000001
v_mma_323216_u8_u8_i32		0x0 0x7fffffff 0x0	0x00000000
v_mma_323216_u8_u8_i32		0x0 0x1 0x7fffffff	0x7fffffff
v_mma_323216_u8_u8_i32		0x0 0x0 0x7fffffff	0x7fffffff
v_mma_323216_u8_u8_i32		0x0 0x80000000 0x0	0x00000000
v_mma_323216_u8_u8_i32		0x0 0x1 0x80000000	0x80000000
v_mma_323216_u8_u8_i32		0x0 0x0 0x80000000	0x80000000
v_mma_323216_u8_u8_i32		0x0 0xfffffffe 0x0	0x00000000
v_mma_323216_u8_u8_i32		0x0 0x1 0xfffffffe	0xfffffffe
v_mma_323216_u8_u8_i32		0x0 0x0 0xfffffffe	0xfffffffe
v_mma_323216_u8_u8_i32		0x0 0xffffffff 0x0	0x00000000
v_mma_323216_u8_u8_i32		0x0 0x1 0xffffffff	0xffffffff
v_mma_323216_u8_u8_i32		0x0 0x0 0xffffffff	0xffffffff
v_mma_323216_u8_u8_i32		0x1 0x0 0x0	0x00000000
v_mma_323216_u8_u8_i32		0x1 0x1 0x0	0x00000004
v_mma_323216_u8_u8_i32		0x0 0x1 0x0	0x00000000
v_mma_323216_u8_u8_i32		0x1 0x1 0x0	0x00000004
v_mma_323216_u8_u8_i32		0x1 0x1 0x1	0x00000005
v_mma_323216_u8_u8_i32		0x0 0x1 0x1	0x00000001
v_mma_323216_u8_u8_i32		0x1 0x7fffffff 0x0	0x000003fc
v_mma_323216_u8_u8_i32		0x1 0x1 0x7fffffff	0x80000003
v_mma_323216_u8_u8_i32		0x0 0x1 0x7fffffff	0x7fffffff
v_mma_323216_u8_u8_i32		0x1 0x80000000 0x0	0x00000000
v_mma_323216_u8_u8_i32		0x1 0x1 0x80000000	0x80000004
v_mma_323216_u8_u8_i32		0x0 0x1 0x80000000	0x80000000
v_mma_323216_u8_u8_i32		0x1 0xfffffffe 0x0	0x000003f8
v_mma_323216_u8_u8_i32		0x1 0x1 0xfffffffe	0x00000002
v_mma_323216_u8_u8_i32		0x0 0x1 0xfffffffe	0xfffffffe
v_mma_323216_u8_u8_i32		0x1 0xffffffff 0x0	0x000003fc
v_mma_323216_u8_u8_i32		0x1 0x1 0xffffffff	0x00000003
v_mma_323216_u8_u8_i32		0x0 0x1 0xffffffff	0xffffffff
v_mma_323216_u8_u8_i32		0x7fffffff 0x0 0x0	0x00000000
v_mma_323216_u8_u8_i32		0x7fffffff 0x1 0x0	0x000003fc
v_mma_323216_u8_u8_i32		0x0 0x7fffffff 0x0	0x00000000
v_mma_323216_u8_u8_i32		0x7fffffff 0x1 0x0	0x000003fc
v_mma_323216_u8_u8_i32		0x7fffffff 0x1 0x1	0x000003fd
v_mma_323216_u8_u8_i32		0x0 0x7fffffff 0x1	0x00000001
v_mma_323216_u8_u8_i32		0x7fffffff 0x7fffffff 0x0	0x000ce410
v_mma_323216_u8_u8_i32		0x7fffffff 0x1 0x7fffffff	0x800003fb
v_mma_323216_u8_u8_i32		0x0 0x7fffffff 0x7fffffff	0x7fffffff
v_mma_323216_u8_u8_i32		0x7fffffff 0x80000000 0x0	0x0000fe00
v_mma_323216_u8_u8_i32		0x7fffffff 0x1 0x80000000	0x800003fc
v_mma_323216_u8_u8_i32		0x0 0x7fffffff 0x80000000	0x80000000
v_mma_323216_u8_u8_i32		0x7fffffff 0xfffffffe 0x0	0x000dde14
v_mma_323216_u8_u8_i32		0x7fffffff 0x1 0xfffffffe	0x000003fa
v_mma_323216_u8_u8_i32		0x0 0x7fffffff 0xfffffffe	0xfffffffe
v_mma_323216_u8_u8_i32		0x7fffffff 0xffffffff 0x0	0x000de210
v_mma_323216_u8_u8_i32		0x7fffffff 0x1 0xffffffff	0x000003fb
v_mma_323216_u8_u8_i32		0x0 0x7fffffff 0xffffffff	0xffffffff
v_mma_323216_u8_u8_i32		0x80000000 0x0 0x0	0x00000000
v_mma_323216_u8_u8_i32		0x80000000 0x1 0x0	0x00000000
v_mma_323216_u8_u8_i32		0x0 0x80000000 0x0	0x00000000
v_mma_323216_u8_u8_i32		0x80000000 0x1 0x0	0x00000000
v_mma_323216_u8_u8_i32		0x80000000 0x1 0x1	0x00000001
v_mma_323216_u8_u8_i32		0x0 0x80000000 0x1	0x00000001
v_mma_323216_u8_u8_i32		0x80000000 0x7fffffff 0x0	0x0000fe00
v_mma_323216_u8_u8_i32		0x80000000 0x1 0x7fffffff	0x7fffffff
v_mma_323216_u8_u8_i32		0x0 0x80000000 0x7fffffff	0x7fffffff
v_mma_323216_u8_u8_i32		0x80000000 0x80000000 0x0	0x00010000
v_mma_323216_u8_u8_i32		0x80000000 0x1 0x80000000	0x80000000
v_mma_323216_u8_u8_i32		0x0 0x80000000 0x80000000	0x80000000
v_mma_323216_u8_u8_i32		0x80000000 0xfffffffe 0x0	0x0001fe00
v_mma_323216_u8_u8_i32		0x80000000 0x1 0xfffffffe	0xfffffffe
v_mma_323216_u8_u8_i32		0x0 0x80000000 0xfffffffe	0xfffffffe
v_mma_323216_u8_u8_i32		0x80000000 0xffffffff 0x0	0x0001fe00
v_mma_323216_u8_u8_i32		0x80000000 0x1 0xffffffff	0xffffffff
v_mma_323216_u8_u8_i32		0x0 0x80000000 0xffffffff	0xffffffff
v_mma_323216_u8_u8_i32		0xfffffffe 0x0 0x0	0x00000000
v_mma_323216_u8_u8_i32		0xfffffffe 0x1 0x0	0x000003f8
v_mma_323216_u8_u8_i32		0x0 0xfffffffe 0x0	0x00000000
v_mma_323216_u8_u8_i32		0xfffffffe 0x1 0x0	0x000003f8
v_mma_323216_u8_u8_i32		0xfffffffe 0x1 0x1	0x000003f9
v_mma_323216_u8_u8_i32		0x0 0xfffffffe 0x1	0x00000001
v_mma_323216_u8_u8_i32		0xfffffffe 0x7fffffff 0x0	0x000dde14
v_mma_323216_u8_u8_i32		0xfffffffe 0x1 0x7fffffff	0x800003f7
v_mma_323216_u8_u8_i32		0x0 0xfffffffe 0x7fffffff	0x7fffffff
v_mma_323216_u8_u8_i32		0xfffffffe 0x80000000 0x0	0x0001fe00
v_mma_323216_u8_u8_i32		0xfffffffe 0x1 0x80000000	0x800003f8
v_mma_323216_u8_u8_i32		0x0 0xfffffffe 0x80000000	0x80000000
v_mma_323216_u8_u8_i32		0xfffffffe 0xfffffffe 0x0	0x000fd81c
v_mma_323216_u8_u8_i32		0xfffffffe 0x1 0xfffffffe	0x000003f6
v_mma_323216_u8_u8_i32		0x0 0xfffffffe 0xfffffffe	0xfffffffe
v_mma_323216_u8_u8_i32		0xfffffffe 0xffffffff 0x0	0x000fdc14
v_mma_323216_u8_u8_i32		0xfffffffe 0x1 0xffffffff	0x000003f7
v_mma_323216_u8_u8_i32		0x0 0xfffffffe 0xffffffff	0xffffffff
v_mma_323216_u8_u8_i32		0xffffffff 0x0 0x0	0x00000000
v_mma_323216_u8_u8_i32		0xffffffff 0x1 0x0	0x000003fc
v_mma_323216_u8_u8_i32		0x0 0xffffffff 0x0	0x00000000
v_mma_323216_u8_u8_i32		0xffffffff 0x1 0x0	0x000003fc
v_mma_323216_u8_u8_i32		0xffffffff 0x1 0x1	0x000003fd
v_mma_323216_u8_u8_i32		0x0 0xffffffff 0x1	0x00000001
v_mma_323216_u8_u8_i32		0xffffffff 0x7fffffff 0x0	0x000de210
v_mma_323216_u8_u8_i32		0xffffffff 0x1 0x7fffffff	0x800003fb
v_mma_323216_u8_u8_i32		0x0 0xffffffff 0x7fffffff	0x7fffffff
v_mma_323216_u8_u8_i32		0xffffffff 0x80000000 0x0	0x0001fe00
v_mma_323216_u8_u8_i32		0xffffffff 0x1 0x80000000	0x800003fc
v_mma_323216_u8_u8_i32		0x0 0xffffffff 0x80000000	0x80000000
v_mma_323216_u8_u8_i32		0xffffffff 0xfffffffe 0x0	0x000fdc14
v_mma_323216_u8_u8_i32		0xffffffff 0x1 0xfffffffe	0x000003fa
v_mma_323216_u8_u8_i32		0x0 0xffffffff 0xfffffffe	0xfffffffe
v_mma_323216_u8_u8_i32		0xffffffff 0xffffffff 0x0	0x000fe010
v_mma_323216_u8_u8_i32		0xffffffff 0x1 0xffffffff	0x000003fb
v_mma_323216_u8_u8_i32		0x0 0xffffffff 0xffffffff	0xffffffff
v_mma_323216_u8_u8_i32		0x0 0x0 0x0	0x00000000
v_mma_323216_u8_u8_i32		0x1 0x1 0x1	0x00000005
v_mma_323216_u8_u8_i32		0x7fffffff 0x7fffffff 0x7fffffff	0x800ce40f
v_mma_323216_u8_u8_i32		0x80000000 0x80000000 0x80000000	0x80010000
v_mma_323216_u8_u8_i32		0xfffffffe 0xfffffffe 0xfffffffe	0x000fd81a
v_mma_323216_u8_u8_i32		0xffffffff 0xffffffff 0xffffffff	0x000fe00f
v_mma_8816_i8_i8_i32		0x0 0x0 0x0	0x00000000
v_mma_8816_i8_i8_i32		0x0 0x1 0x0	0x00000000
v_mma_8816_i8_i8_i32		0x0 0x0 0x0	0x00000000
v_mma_8816_i8_i8_i32		0x0 0x1 0x0	0x00000000
v_mma_8816_i8_i8_i32		0x0 0x1 0x1	0x00000001
v_mma_8816_i8_i8_i32		0x0 0x0 0x1	0x00000001
v_mma_8816_i8_i8_i32		0x0 0x7fffffff 0x0	0x00000000
v_mma_8816_i8_i8_i32		0x0 0x1 0x7fffffff	0x7fffffff
v_mma_8816_i8_i8_i32		0x0 0x0 0x7fffffff	0x7fffffff
v_mma_8816_i8_i8_i32		0x0 0x80000000 0x0	0x00000000
v_mma_8816_i8_i8_i32		0x0 0x1 0x80000000	0x80000000
v_mma_8816_i8_i8_i32		0x0 0x0 0x80000000	0x80000000
v_mma_8816_i8_i8_i32		0x0 0xfffffffe 0x0	0x00000000
v_mma_8816_i8_i8_i32		0x0 0x1 0xfffffffe	0xfffffffe
v_mma_8816_i8_i8_i32		0x0 0x0 0xfffffffe	0xfffffffe
v_mma_8816_i8_i8_i32		0x0 0xffffffff 0x0	0x00000000
v_mma_8816_i8_i8_i32		0x0 0x1 0xffffffff	0xffffffff
v_mma_8816_i8_i8_i32		0x0 0x0 0xffffffff	0xffffffff
v_mma_8816_i8_i8_i32		0x1 0x0 0x0	0x00000000
v_mma_8816_i8_i8_i32		0x1 0x1 0x0	0x00000004
v_mma_8816_i8_i8_i32		0x0 0x1 0x0	0x00000000
v_mma_8816_i8_i8_i32		0x1 0x1 0x0	0x00000004
v_mma_8816_i8_i8_i32		0x1 0x1 0x1	0x00000005
v_mma_8816_i8_i8_i32		0x0 0x1 0x1	0x00000001
v_mma_8816_i8_i8_i32		0x1 0x7fffffff 0x0	0xfffffffc
v_mma_8816_i8_i8_i32		0x1 0x1 0x7fffffff	0x80000003
v_mma_8816_i8_i8_i32		0x0 0x1 0x7fffffff	0x7fffffff
v_mma_8816_i8_i8_i32		0x1 0x80000000 0x0	0x00000000
v_mma_8816_i8_i8_i32		0x1 0x1 0x80000000	0x80000004
v_mma_8816_i8_i8_i32		0x0 0x1 0x80000000	0x80000000
v_mma_8816_i8_i8_i32		0x1 0xfffffffe 0x0	0xfffffff8
v_mma_8816_i8_i8_i32		0x1 0x1 0xfffffffe	0x00000002
v_mma_8816_i8_i8_i32		0x0 0x1 0xfffffffe	0xfffffffe
v_mma_8816_i8_i8_i32		0x1 0xffffffff 0x0	0xfffffffc
v_mma_8816_i8_i8_i32		0x1 0x1 0xffffffff	0x00000003
v_mma_8816_i8_i8_i32		0x0 0x1 0xffffffff	0xffffffff
v_mma_8816_i8_i8_i32		0x7fffffff 0x0 0x0	0x00000000
v_mma_8816_i8_i8_i32		0x7fffffff 0x1 0x0	0xfffffffc
v_mma_8816_i8_i8_i32		0x0 0x7fffffff 0x0	0x00000000
v_mma_8816_i8_i8_i32		0x7fffffff 0x1 0x0	0xfffffffc
v_mma_8816_i8_i8_i32		0x7fffffff 0x1 0x1	0xfffffffd
v_mma_8816_i8_i8_i32		0x0 0x7fffffff 0x1	0x00000001
v_mma_8816_i8_i8_i32		0x7fffffff 0x7fffffff 0x0	0x0000fc10
v_mma_8816_i8_i8_i32		0x7fffffff 0x1 0x7fffffff	0x7ffffffb
v_mma_8816_i8_i8_i32		0x0 0x7fffffff 0x7fffffff	0x7fffffff
v_mma_8816_i8_i8_i32		0x7fffffff 0x80000000 0x0	0xffff0200
v_mma_8816_i8_i8_i32		0x7fffffff 0x1 0x80000000	0x7ffffffc
v_mma_8816_i8_i8_i32		0x0 0x7fffffff 0x80000000	0x80000000
v_mma_8816_i8_i8_i32		0x7fffffff 0xfffffffe 0x0	0xfffffe14
v_mma_8816_i8_i8_i32		0x7fffffff 0x1 0xfffffffe	0xfffffffa
v_mma_8816_i8_i8_i32		0x0 0x7fffffff 0xfffffffe	0xfffffffe
v_mma_8816_i8_i8_i32		0x7fffffff 0xffffffff 0x0	0xfffffe10
v_mma_8816_i8_i8_i32		0x7fffffff 0x1 0xffffffff	0xfffffffb
v_mma_8816_i8_i8_i32		0x0 0x7fffffff 0xffffffff	0xffffffff
v_mma_8816_i8_i8_i32		0x80000000 0x0 0x0	0x00000000
v_mma_8816_i8_i8_i32		0x80000000 0x1 0x0	0x00000000
v_mma_8816_i8_i8_i32		0x0 0x80000000 0x0	0x00000000
v_mma_8816_i8_i8_i32		0x80000000 0x1 0x0	0x00000000
v_mma_8816_i8_i8_i32		0x80000000 0x1 0x1	0x00000001
v_mma_8816_i8_i8_i32		0x0 0x80000000 0x1	0x00000001
v_mma_8816_i8_i8_i32		0x80000000 0x7fffffff 0x0	0xffff0200
v_mma_8816_i8_i8_i32		0x80000000 0x1 0x7fffffff	0x7fffffff
v_mma_8816_i8_i8_i32		0x0 0x80000000 0x7fffffff	0x7fffffff
v_mma_8816_i8_i8_i32		0x80000000 0x80000000 0x0	0x00010000
v_mma_8816_i8_i8_i32		0x80000000 0x1 0x80000000	0x80000000
v_mma_8816_i8_i8_i32		0x0 0x80000000 0x80000000	0x80000000
v_mma_8816_i8_i8_i32		0x80000000 0xfffffffe 0x0	0x00000200
v_mma_8816_i8_i8_i32		0x80000000 0x1 0xfffffffe	0xfffffffe
v_mma_8816_i8_i8_i32		0x0 0x80000000 0xfffffffe	0xfffffffe
v_mma_8816_i8_i8_i32		0x80000000 0xffffffff 0x0	0x00000200
v_mma_8816_i8_i8_i32		0x80000000 0x1 0xffffffff	0xffffffff
v_mma_8816_i8_i8_i32		0x0 0x80000000 0xffffffff	0xffffffff
v_mma_8816_i8_i8_i32		0xfffffffe 0x0 0x0	0x00000000
v_mma_8816_i8_i8_i32		0xfffffffe 0x1 0x0	0xfffffff8
v_mma_8816_i8_i8_i32		0x0 0xfffffffe 0x0	0x00000000
v_mma_8816_i8_i8_i32		0xfffffffe 0x1 0x0	0xfffffff8
v_mma_8816_i8_i8_i32		0xfffffffe 0x1 0x1	0xfffffff9
v_mma_8816_i8_i8_i32		0x0 0xfffffffe 0x1	0x00000001
v_mma_8816_i8_i8_i32		0xfffffffe 0x7fffffff 0x0	0xfffffe14
v_mma_8816_i8_i8_i32		0xfffffffe 0x1 0x7fffffff	0x7ffffff7
v_mma_8816_i8_i8_i32		0x0 0xfffffffe 0x7fffffff	0x7fffffff
v_mma_8816_i8_i8_i32		0xfffffffe 0x80000000 0x0	0x00000200
v_mma_8816_i8_i8_i32		0xfffffffe 0x1 0x80000000	0x7ffffff8
v_mma_8816_i8_i8_i32		0x0 0xfffffffe 0x80000000	0x80000000
v_mma_8816_i8_i8_i32		0xfffffffe 0xfffffffe 0x0	0x0000001c
v_mma_8816_i8_i8_i32		0xfffffffe 0x1 0xfffffffe	0xfffffff6
v_mma_8816_i8_i8_i32		0x0 0xfffffffe 0xfffffffe	0xfffffffe
v_mma_8816_i8_i8_i32		0xfffffffe 0xffffffff 0x0	0x00000014
v_mma_8816_i8_i8_i32		0xfffffffe 0x1 0xffffffff	0xfffffff7
v_mma_8816_i8_i8_i32		0x0 0xfffffffe 0xffffffff	0xffffffff
v_mma_8816_i8_i8_i32		0xffffffff 0x0 0x0	0x00000000
v_mma_8816_i8_i8_i32		0xffffffff 0x1 0x0	0xfffffffc
v_mma_8816_i8_i8_i32		0x0 0xffffffff 0x0	0x00000000
v_mma_8816_i8_i8_i32		0xffffffff 0x1 0x0	0xfffffffc
v_mma_8816_i8_i8_i32		0xffffffff 0x1 0x1	0xfffffffd
v_mma_8816_i8_i8_i32		0x0 0xffffffff 0x1	0x00000001
v_mma_8816_i8_i8_i32		0xffffffff 0x7fffffff 0x0	0xfffffe10
v_mma_8816_i8_i8_i32		0xffffffff 0x1 0x7fffffff	0x7ffffffb
v_mma_8816_i8_i8_i32		0x0 0xffffffff 0x7fffffff	0x7fffffff
v_mma_8816_i8_i8_i32		0xffffffff 0x80000000 0x0	0x00000200
v_mma_8816_i8_i8_i32		0xffffffff 0x1 0x80000000	0x7ffffffc
v_mma_8816_i8_i8_i32		0x0 0xffffffff 0x80000000	0x80000000
v_mma_8816_i8_i8_i32		0xffffffff 0xfffffffe 0x0	0x00000014
v_mma_8816_i8_i8_i32		0xffffffff 0x1 0xfffffffe	0xfffffffa
v_mma_8816_i8_i8_i32		0x0 0xffffffff 0xfffffffe	0xfffffffe
v_mma_8816_i8_i8_i32		0xffffffff 0xffffffff 0x0	0x00000010
v_mma_8816_i8_i8_i32		0xffffffff 0x1 0xffffffff	0xfffffffb
v_mma_8816_i8_i8_i32		0x0 0xffffffff 0xffffffff	0xffffffff
v_mma_8816_i8_i8_i32		0x0 0x0 0x0	0x00000000
v_mma_8816_i8_i8_i32		0x1 0x1 0x1	0x00000005
v_mma_8816_i8_i8_i32		0x7fffffff 0x7fffffff 0x7fffffff	0x8000fc0f
v_mma_8816_i8_i8_i32		0x80000000 0x80000000 0x80000000	0x80010000
v_mma_8816_i8_i8_i32		0xfffffffe 0xfffffffe 0xfffffffe	0x0000001a
v_mma_8816_i8_i8_i32		0xffffffff 0xffffffff 0xffffffff	0x0000000f
v_mma_8816_i8_u8_i32		0x0 0x0 0x0	0x00000000
v_mma_8816_i8_u8_i32		0x0 0x1 0x0	0x00000000
v_mma_8816_i8_u8_i32		0x0 0x0 0x0	0x00000000
v_mma_8816_i8_u8_i32		0x0 0x1 0x0	0x00000000
v_mma_8816_i8_u8_i32		0x0 0x1 0x1	0x00000001
v_mma_8816_i8_u8_i32		0x0 0x0 0x1	0x00000001
v_mma_8816_i8_u8_i32		0x0 0x7fffffff 0x0	0x00000000
v_mma_8816_i8_u8_i32		0x0 0x1 0x7fffffff	0x7fffffff
v_mma_8816_i8_u8_i32		0x0 0x0 0x7fffffff	0x7fffffff
v_mma_8816_i8_u8_i32		0x0 0x80000000 0x0	0x00000000
v_mma_8816_i8_u8_i32		0x0 0x1 0x80000000	0x80000000
v_mma_8816_i8_u8_i32		0x0 0x0 0x80000000	0x80000000
v_mma_8816_i8_u8_i32		0x0 0xfffffffe 0x0	0x00000000
v_mma_8816_i8_u8_i32		0x0 0x1 0xfffffffe	0xfffffffe
v_mma_8816_i8_u8_i32		0x0 0x0 0xfffffffe	0xfffffffe
v_mma_8816_i8_u8_i32		0x0 0xffffffff 0x0	0x00000000
v_mma_8816_i8_u8_i32		0x0 0x1 0xffffffff	0xffffffff
v_mma_8816_i8_u8_i32		0x0 0x0 0xffffffff	0xffffffff
v_mma_8816_i8_u8_i32		0x1 0x0 0x0	0x00000000
v_mma_8816_i8_u8_i32		0x1 0x1 0x0	0x00000004
v_mma_8816_i8_u8_i32		0x0 0x1 0x0	0x00000000
v_mma_8816_i8_u8_i32		0x1 0x1 0x0	0x00000004
v_mma_8816_i8_u8_i32		0x1 0x1 0x1	0x00000005
v_mma_8816_i8_u8_i32		0x0 0x1 0x1	0x00000001
v_mma_8816_i8_u8_i32		0x1 0x7fffffff 0x0	0x000003fc
v_mma_8816_i8_u8_i32		0x1 0x1 0x7fffffff	0x80000003
v_mma_8816_i8_u8_i32		0x0 0x1 0x7fffffff	0x7fffffff
v_mma_8816_i8_u8_i32		0x1 0x80000000 0x0	0x00000000
v_mma_8816_i8_u8_i32		0x1 0x1 0x80000000	0x80000004
v_mma_8816_i8_u8_i32		0x0 0x1 0x80000000	0x80000000
v_mma_8816_i8_u8_i32		0x1 0xfffffffe 0x0	0x000003f8
v_mma_8816_i8_u8_i32		0x1 0x1 0xfffffffe	0x00000002
v_mma_8816_i8_u8_i32		0x0 0x1 0xfffffffe	0xfffffffe
v_mma_8816_i8_u8_i32		0x1 0xffffffff 0x0	0x000003fc
v_mma_8816_i8_u8_i32		0x1 0x1 0xffffffff	0x00000003
v_mma_8816_i8_u8_i32		0x0 0x1 0xffffffff	0xffffffff
v_mma_8816_i8_u8_i32		0x7fffffff 0x0 0x0	0x00000000
v_mma_8816_i8_u8_i32		0x7fffffff 0x1 0x0	0x000003fc
v_mma_8816_i8_u8_i32		0x0 0x7fffffff 0x0	0x00000000
v_mma_8816_i8_u8_i32		0x7fffffff 0x1 0x0	0x000003fc
v_mma_8816_i8_u8_i32		0x7fffffff 0x1 0x1	0x000003fd
v_mma_8816_i8_u8_i32		0x0 0x7fffffff 0x1	0x00000001
v_mma_8816_i8_u8_i32		0x7fffffff 0x7fffffff 0x0	0x000ce410
v_mma_8816_i8_u8_i32		0x7fffffff 0x1 0x7fffffff	0x800003fb
v_mma_8816_i8_u8_i32		0x0 0x7fffffff 0x7fffffff	0x7fffffff
v_mma_8816_i8_u8_i32		0x7fffffff 0x80000000 0x0	0x0000fe00
v_mma_8816_i8_u8_i32		0x7fffffff 0x1 0x80000000	0x800003fc
v_mma_8816_i8_u8_i32		0x0 0x7fffffff 0x80000000	0x80000000
v_mma_8816_i8_u8_i32		0x7fffffff 0xfffffffe 0x0	0x000dde14
v_mma_8816_i8_u8_i32		0x7fffffff 0x1 0xfffffffe	0x000003fa
v_mma_8816_i8_u8_i32		0x0 0x7fffffff 0xfffffffe	0xfffffffe
v_mma_8816_i8_u8_i32		0x7fffffff 0xffffffff 0x0	0x000de210
v_mma_8816_i8_u8_i32		0x7fffffff 0x1 0xffffffff	0x000003fb
v_mma_8816_i8_u8_i32		0x0 0x7fffffff 0xffffffff	0xffffffff
v_mma_8816_i8_u8_i32		0x80000000 0x0 0x0	0x00000000
v_mma_8816_i8_u8_i32		0x80000000 0x1 0x0	0x00000000
v_mma_8816_i8_u8_i32		0x0 0x80000000 0x0	0x00000000
v_mma_8816_i8_u8_i32		0x80000000 0x1 0x0	0x00000000
v_mma_8816_i8_u8_i32		0x80000000 0x1 0x1	0x00000001
v_mma_8816_i8_u8_i32		0x0 0x80000000 0x1	0x00000001
v_mma_8816_i8_u8_i32		0x80000000 0x7fffffff 0x0	0x0000fe00
v_mma_8816_i8_u8_i32		0x80000000 0x1 0x7fffffff	0x7fffffff
v_mma_8816_i8_u8_i32		0x0 0x80000000 0x7fffffff	0x7fffffff
v_mma_8816_i8_u8_i32		0x80000000 0x80000000 0x0	0x00010000
v_mma_8816_i8_u8_i32		0x80000000 0x1 0x80000000	0x80000000
v_mma_8816_i8_u8_i32		0x0 0x80000000 0x80000000	0x80000000
v_mma_8816_i8_u8_i32		0x80000000 0xfffffffe 0x0	0x0001fe00
v_mma_8816_i8_u8_i32		0x80000000 0x1 0xfffffffe	0xfffffffe
v_mma_8816_i8_u8_i32		0x0 0x80000000 0xfffffffe	0xfffffffe
v_mma_8816_i8_u8_i32		0x80000000 0xffffffff 0x0	0x0001fe00
v_mma_8816_i8_u8_i32		0x80000000 0x1 0xffffffff	0xffffffff
v_mma_8816_i8_u8_i32		0x0 0x80000000 0xffffffff	0xffffffff
v_mma_8816_i8_u8_i32		0xfffffffe 0x0 0x0	0x00000000
v_mma_8816_i8_u8_i32		0xfffffffe 0x1 0x0	0x000003f8
v_mma_8816_i8_u8_i32		0x0 0xfffffffe 0x0	0x00000000
v_mma_8816_i8_u8_i32		0xfffffffe 0x1 0x0	0x000003f8
v_mma_8816_i8_u8_i32		0xfffffffe 0x1 0x1	0x000003f9
v_mma_8816_i8_u8_i32		0x0 0xfffffffe 0x1	0x00000001
v_mma_8816_i8_u8_i32		0xfffffffe 0x7fffffff 0x0	0x000dde14
v_mma_8816_i8_u8_i32		0xfffffffe 0x1 0x7fffffff	0x800003f7
v_mma_8816_i8_u8_i32		0x0 0xfffffffe 0x7fffffff	0x7fffffff
v_mma_8816_i8_u8_i32		0xfffffffe 0x80000000 0x0	0x0001fe00
v_mma_8816_i8_u8_i32		0xfffffffe 0x1 0x80000000	0x800003f8
v_mma_8816_i8_u8_i32		0x0 0xfffffffe 0x80000000	0x80000000
v_mma_8816_i8_u8_i32		0xfffffffe 0xfffffffe 0x0	0x000fd81c
v_mma_8816_i8_u8_i32		0xfffffffe 0x1 0xfffffffe	0x000003f6
v_mma_8816_i8_u8_i32		0x0 0xfffffffe 0xfffffffe	0xfffffffe
v_mma_8816_i8_u8_i32		0xfffffffe 0xffffffff 0x0	0x000fdc14
v_mma_8816_i8_u8_i32		0xfffffffe 0x1 0xffffffff	0x000003f7
v_mma_8816_i8_u8_i32		0x0 0xfffffffe 0xffffffff	0xffffffff
v_mma_8816_i8_u8_i32		0xffffffff 0x0 0x0	0x00000000
v_mma_8816_i8_u8_i32		0xffffffff 0x1 0x0	0x000003fc
v_mma_8816_i8_u8_i32		0x0 0xffffffff 0x0	0x00000000
v_mma_8816_i8_u8_i32		0xffffffff 0x1 0x0	0x000003fc
v_mma_8816_i8_u8_i32		0xffffffff 0x1 0x1	0x000003fd
v_mma_8816_i8_u8_i32		0x0 0xffffffff 0x1	0x00000001
v_mma_8816_i8_u8_i32		0xffffffff 0x7fffffff 0x0	0x000de210
v_mma_8816_i8_u8_i32		0xffffffff 0x1 0x7fffffff	0x800003fb
v_mma_8816_i8_u8_i32		0x0 0xffffffff 0x7fffffff	0x7fffffff
v_mma_8816_i8_u8_i32		0xffffffff 0x80000000 0x0	0x0001fe00
v_mma_8816_i8_u8_i32		0xffffffff 0x1 0x80000000	0x800003fc
v_mma_8816_i8_u8_i32		0x0 0xffffffff 0x80000000	0x80000000
v_mma_8816_i8_u8_i32		0xffffffff 0xfffffffe 0x0	0x000fdc14
v_mma_8816_i8_u8_i32		0xffffffff 0x1 0xfffffffe	0x000003fa
v_mma_8816_i8_u8_i32		0x0 0xffffffff 0xfffffffe	0xfffffffe
v_mma_8816_i8_u8_i32		0xffffffff 0xffffffff 0x0	0x000fe010
v_mma_8816_i8_u8_i32		0xffffffff 0x1 0xffffffff	0x000003fb
v_mma_8816_i8_u8_i32		0x0 0xffffffff 0xffffffff	0xffffffff
v_mma_8816_i8_u8_i32		0x0 0x0 0x0	0x00000000
v_mma_8816_i8_u8_i32		0x1 0x1 0x1	0x00000005
v_mma_8816_i8_u8_i32		0x7fffffff 0x7fffffff 0x7fffffff	0x800ce40f
v_mma_8816_i8_u8_i32		0x80000000 0x80000000 0x80000000	0x80010000
v_mma_8816_i8_u8_i32		0xfffffffe 0xfffffffe 0xfffffffe	0x000fd81a
v_mma_8816_i8_u8_i32		0xffffffff 0xffffffff 0xffffffff	0x000fe00f
v_mma_8816_u8_i8_i32		0x0 0x0 0x0	0x00000000
v_mma_8816_u8_i8_i32		0x0 0x1 0x0	0x00000000
v_mma_8816_u8_i8_i32		0x0 0x0 0x0	0x00000000
v_mma_8816_u8_i8_i32		0x0 0x1 0x0	0x00000000
v_mma_8816_u8_i8_i32		0x0 0x1 0x1	0x00000001
v_mma_8816_u8_i8_i32		0x0 0x0 0x1	0x00000001
v_mma_8816_u8_i8_i32		0x0 0x7fffffff 0x0	0x00000000
v_mma_8816_u8_i8_i32		0x0 0x1 0x7fffffff	0x7fffffff
v_mma_8816_u8_i8_i32		0x0 0x0 0x7fffffff	0x7fffffff
v_mma_8816_u8_i8_i32		0x0 0x80000000 0x0	0x00000000
v_mma_8816_u8_i8_i32		0x0 0x1 0x80000000	0x80000000
v_mma_8816_u8_i8_i32		0x0 0x0 0x80000000	0x80000000
v_mma_8816_u8_i8_i32		0x0 0xfffffffe 0x0	0x00000000
v_mma_8816_u8_i8_i32		0x0 0x1 0xfffffffe	0xfffffffe
v_mma_8816_u8_i8_i32		0x0 0x0 0xfffffffe	0xfffffffe
v_mma_8816_u8_i8_i32		0x0 0xffffffff 0x0	0x00000000
v_mma_8816_u8_i8_i32		0x0 0x1 0xffffffff	0xffffffff
v_mma_8816_u8_i8_i32		0x0 0x0 0xffffffff	0xffffffff
v_mma_8816_u8_i8_i32		0x1 0x0 0x0	0x00000000
v_mma_8816_u8_i8_i32		0x1 0x1 0x0	0x00000004
v_mma_8816_u8_i8_i32		0x0 0x1 0x0	0x00000000
v_mma_8816_u8_i8_i32		0x1 0x1 0x0	0x00000004
v_mma_8816_u8_i8_i32		0x1 0x1 0x1	0x00000005
v_mma_8816_u8_i8_i32		0x0 0x1 0x1	0x00000001
v_mma_8816_u8_i8_i32		0x1 0x7fffffff 0x0	0xfffffffc
v_mma_8816_u8_i8_i32		0x1 0x1 0x7fffffff	0x80000003
v_mma_8816_u8_i8_i32		0x0 0x1 0x7fffffff	0x7fffffff
v_mma_8816_u8_i8_i32		0x1 0x80000000 0x0	0x00000000
v_mma_8816_u8_i8_i32		0x1 0x1 0x80000000	0x80000004
v_mma_8816_u8_i8_i32		0x0 0x1 0x80000000	0x80000000
v_mma_8816_u8_i8_i32		0x1 0xfffffffe 0x0	0xfffffff8
v_mma_8816_u8_i8_i32		0x1 0x1 0xfffffffe	0x00000002
v_mma_8816_u8_i8_i32		0x0 0x1 0xfffffffe	0xfffffffe
v_mma_8816_u8_i8_i32		0x1 0xffffffff 0x0	0xfffffffc
v_mma_8816_u8_i8_i32		0x1 0x1 0xffffffff	0x00000003
v_mma_8816_u8_i8_i32		0x0 0x1 0xffffffff	0xffffffff
v_mma_8816_u8_i8_i32		0x7fffffff 0x0 0x0	0x00000000
v_mma_8816_u8_i8_i32		0x7fffffff 0x1 0x0	0xfffffffc
v_mma_8816_u8_i8_i32		0x0 0x7fffffff 0x0	0x00000000
v_mma_8816_u8_i8_i32		0x7fffffff 0x1 0x0	0xfffffffc
v_mma_8816_u8_i8_i32		0x7fffffff 0x1 0x1	0xfffffffd
v_mma_8816_u8_i8_i32		0x0 0x7fffffff 0x1	0x00000001
v_mma_8816_u8_i8_i32		0x7fffffff 0x7fffffff 0x0	0x0000fc10
v_mma_8816_u8_i8_i32		0x7fffffff 0x1 0x7fffffff	0x7ffffffb
v_mma_8816_u8_i8_i32		0x0 0x7fffffff 0x7fffffff	0x7fffffff
v_mma_8816_u8_i8_i32		0x7fffffff 0x80000000 0x0	0xffff0200
v_mma_8816_u8_i8_i32		0x7fffffff 0x1 0x80000000	0x7ffffffc
v_mma_8816_u8_i8_i32		0x0 0x7fffffff 0x80000000	0x80000000
v_mma_8816_u8_i8_i32		0x7fffffff 0xfffffffe 0x0	0xfffffe14
v_mma_8816_u8_i8_i32		0x7fffffff 0x1 0xfffffffe	0xfffffffa
v_mma_8816_u8_i8_i32		0x0 0x7fffffff 0xfffffffe	0xfffffffe
v_mma_8816_u8_i8_i32		0x7fffffff 0xffffffff 0x0	0xfffffe10
v_mma_8816_u8_i8_i32		0x7fffffff 0x1 0xffffffff	0xfffffffb
v_mma_8816_u8_i8_i32		0x0 0x7fffffff 0xffffffff	0xffffffff
v_mma_8816_u8_i8_i32		0x80000000 0x0 0x0	0x00000000
v_mma_8816_u8_i8_i32		0x80000000 0x1 0x0	0x00000000
v_mma_8816_u8_i8_i32		0x0 0x80000000 0x0	0x00000000
v_mma_8816_u8_i8_i32		0x80000000 0x1 0x0	0x00000000
v_mma_8816_u8_i8_i32		0x80000000 0x1 0x1	0x00000001
v_mma_8816_u8_i8_i32		0x0 0x80000000 0x1	0x00000001
v_mma_8816_u8_i8_i32		0x80000000 0x7fffffff 0x0	0xffff0200
v_mma_8816_u8_i8_i32		0x80000000 0x1 0x7fffffff	0x7fffffff
v_mma_8816_u8_i8_i32		0x0 0x80000000 0x7fffffff	0x7fffffff
v_mma_8816_u8_i8_i32		0x80000000 0x80000000 0x0	0x00010000
v_mma_8816_u8_i8_i32		0x80000000 0x1 0x80000000	0x80000000
v_mma_8816_u8_i8_i32		0x0 0x80000000 0x80000000	0x80000000
v_mma_8816_u8_i8_i32		0x80000000 0xfffffffe 0x0	0x00000200
v_mma_8816_u8_i8_i32		0x80000000 0x1 0xfffffffe	0xfffffffe
v_mma_8816_u8_i8_i32		0x0 0x80000000 0xfffffffe	0xfffffffe
v_mma_8816_u8_i8_i32		0x80000000 0xffffffff 0x0	0x00000200
v_mma_8816_u8_i8_i32		0x80000000 0x1 0xffffffff	0xffffffff
v_mma_8816_u8_i8_i32		0x0 0x80000000 0xffffffff	0xffffffff
v_mma_8816_u8_i8_i32		0xfffffffe 0x0 0x0	0x00000000
v_mma_8816_u8_i8_i32		0xfffffffe 0x1 0x0	0xfffffff8
v_mma_8816_u8_i8_i32		0x0 0xfffffffe 0x0	0x00000000
v_mma_8816_u8_i8_i32		0xfffffffe 0x1 0x0	0xfffffff8
v_mma_8816_u8_i8_i32		0xfffffffe 0x1 0x1	0xfffffff9
v_mma_8816_u8_i8_i32		0x0 0xfffffffe 0x1	0x00000001
v_mma_8816_u8_i8_i32		0xfffffffe 0x7fffffff 0x0	0xfffffe14
v_mma_8816_u8_i8_i32		0xfffffffe 0x1 0x7fffffff	0x7ffffff7
v_mma_8816_u8_i8_i32		0x0 0xfffffffe 0x7fffffff	0x7fffffff
v_mma_8816_u8_i8_i32		0xfffffffe 0x80000000 0x0	0x00000200
v_mma_8816_u8_i8_i32		0xfffffffe 0x1 0x80000000	0x7ffffff8
v_mma_8816_u8_i8_i32		0x0 0xfffffffe 0x80000000	0x80000000
v_mma_8816_u8_i8_i32		0xfffffffe 0xfffffffe 0x0	0x0000001c
v_mma_8816_u8_i8_i32		0xfffffffe 0x1 0xfffffffe	0xfffffff6
v_mma_8816_u8_i8_i32		0x0 0xfffffffe 0xfffffffe	0xfffffffe
v_mma_8816_u8_i8_i32		0xfffffffe 0xffffffff 0x0	0x00000014
v_mma_8816_u8_i8_i32		0xfffffffe 0x1 0xffffffff	0xfffffff7
v_mma_8816_u8_i8_i32		0x0 0xfffffffe 0xffffffff	0xffffffff
v_mma_8816_u8_i8_i32		0xffffffff 0x0 0x0	0x00000000
v_mma_8816_u8_i8_i32		0xffffffff 0x1 0x0	0xfffffffc
v_mma_8816_u8_i8_i32		0x0 0xffffffff 0x0	0x00000000
v_mma_8816_u8_i8_i32		0xffffffff 0x1 0x0	0xfffffffc
v_mma_8816_u8_i8_i32		0xffffffff 0x1 0x1	0xfffffffd
v_mma_8816_u8_i8_i32		0x0 0xffffffff 0x1	0x00000001
v_mma_8816_u8_i8_i32		0xffffffff 0x7fffffff 0x0	0xfffffe10
v_mma_8816_u8_i8_i32		0xffffffff 0x1 0x7fffffff	0x7ffffffb
v_mma_8816_u8_i8_i32		0x0 0xffffffff 0x7fffffff	0x7fffffff
v_mma_8816_u8_i8_i32		0xffffffff 0x80000000 0x0	0x00000200
v_mma_8816_u8_i8_i32		0xffffffff 0x1 0x80000000	0x7ffffffc
v_mma_8816_u8_i8_i32		0x0 0xffffffff 0x80000000	0x80000000
v_mma_8816_u8_i8_i32		0xffffffff 0xfffffffe 0x0	0x00000014
v_mma_8816_u8_i8_i32		0xffffffff 0x1 0xfffffffe	0xfffffffa
v_mma_8816_u8_i8_i32		0x0 0xffffffff 0xfffffffe	0xfffffffe
v_mma_8816_u8_i8_i32		0xffffffff 0xffffffff 0x0	0x00000010
v_mma_8816_u8_i8_i32		0xffffffff 0x1 0xffffffff	0xfffffffb
v_mma_8816_u8_i8_i32		0x0 0xffffffff 0xffffffff	0xffffffff
v_mma_8816_u8_i8_i32		0x0 0x0 0x0	0x00000000
v_mma_8816_u8_i8_i32		0x1 0x1 0x1	0x00000005
v_mma_8816_u8_i8_i32		0x7fffffff 0x7fffffff 0x7fffffff	0x8000fc0f
v_mma_8816_u8_i8_i32		0x80000000 0x80000000 0x80000000	0x80010000
v_mma_8816_u8_i8_i32		0xfffffffe 0xfffffffe 0xfffffffe	0x0000001a
v_mma_8816_u8_i8_i32		0xffffffff 0xffffffff 0xffffffff	0x0000000f
v_mma_8816_u8_u8_i32		0x0 0x0 0x0	0x00000000
v_mma_8816_u8_u8_i32		0x0 0x1 0x0	0x00000000
v_mma_8816_u8_u8_i32		0x0 0x0 0x0	0x00000000
v_mma_8816_u8_u8_i32		0x0 0x1 0x0	0x00000000
v_mma_8816_u8_u8_i32		0x0 0x1 0x1	0x00000001
v_mma_8816_u8_u8_i32		0x0 0x0 0x1	0x00000001
v_mma_8816_u8_u8_i32		0x0 0x7fffffff 0x0	0x00000000
v_mma_8816_u8_u8_i32		0x0 0x1 0x7fffffff	0x7fffffff
v_mma_8816_u8_u8_i32		0x0 0x0 0x7fffffff	0x7fffffff
v_mma_8816_u8_u8_i32		0x0 0x80000000 0x0	0x00000000
v_mma_8816_u8_u8_i32		0x0 0x1 0x80000000	0x80000000
v_mma_8816_u8_u8_i32		0x0 0x0 0x80000000	0x80000000
v_mma_8816_u8_u8_i32		0x0 0xfffffffe 0x0	0x00000000
v_mma_8816_u8_u8_i32		0x0 0x1 0xfffffffe	0xfffffffe
v_mma_8816_u8_u8_i32		0x0 0x0 0xfffffffe	0xfffffffe
v_mma_8816_u8_u8_i32		0x0 0xffffffff 0x0	0x00000000
v_mma_8816_u8_u8_i32		0x0 0x1 0xffffffff	0xffffffff
v_mma_8816_u8_u8_i32		0x0 0x0 0xffffffff	0xffffffff
v_mma_8816_u8_u8_i32		0x1 0x0 0x0	0x00000000
v_mma_8816_u8_u8_i32		0x1 0x1 0x0	0x00000004
v_mma_8816_u8_u8_i32		0x0 0x1 0x0	0x00000000
v_mma_8816_u8_u8_i32		0x1 0x1 0x0	0x00000004
v_mma_8816_u8_u8_i32		0x1 0x1 0x1	0x00000005
v_mma_8816_u8_u8_i32		0x0 0x1 0x1	0x00000001
v_mma_8816_u8_u8_i32		0x1 0x7fffffff 0x0	0x000003fc
v_mma_8816_u8_u8_i32		0x1 0x1 0x7fffffff	0x80000003
v_mma_8816_u8_u8_i32		0x0 0x1 0x7fffffff	0x7fffffff
v_mma_8816_u8_u8_i32		0x1 0x80000000 0x0	0x00000000
v_mma_8816_u8_u8_i32		0x1 0x1 0x80000000	0x80000004
v_mma_8816_u8_u8_i32		0x0 0x1 0x80000000	0x80000000
v_mma_8816_u8_u8_i32		0x1 0xfffffffe 0x0	0x000003f8
v_mma_8816_u8_u8_i32		0x1 0x1 0xfffffffe	0x00000002
v_mma_8816_u8_u8_i32		0x0 0x1 0xfffffffe	0xfffffffe
v_mma_8816_u8_u8_i32		0x1 0xffffffff 0x0	0x000003fc
v_mma_8816_u8_u8_i32		0x1 0x1 0xffffffff	0x00000003
v_mma_8816_u8_u8_i32		0x0 0x1 0xffffffff	0xffffffff
v_mma_8816_u8_u8_i32		0x7fffffff 0x0 0x0	0x00000000
v_mma_8816_u8_u8_i32		0x7fffffff 0x1 0x0	0x000003fc
v_mma_8816_u8_u8_i32		0x0 0x7fffffff 0x0	0x00000000
v_mma_8816_u8_u8_i32		0x7fffffff 0x1 0x0	0x000003fc
v_mma_8816_u8_u8_i32		0x7fffffff 0x1 0x1	0x000003fd
v_mma_8816_u8_u8_i32		0x0 0x7fffffff 0x1	0x00000001
v_mma_8816_u8_u8_i32		0x7fffffff 0x7fffffff 0x0	0x000ce410
v_mma_8816_u8_u8_i32		0x7fffffff 0x1 0x7fffffff	0x800003fb
v_mma_8816_u8_u8_i32		0x0 0x7fffffff 0x7fffffff	0x7fffffff
v_mma_8816_u8_u8_i32		0x7fffffff 0x80000000 0x0	0x0000fe00
v_mma_8816_u8_u8_i32		0x7fffffff 0x1 0x80000000	0x800003fc
v_mma_8816_u8_u8_i32		0x0 0x7fffffff 0x80000000	0x80000000
v_mma_8816_u8_u8_i32		0x7fffffff 0xfffffffe 0x0	0x000dde14
v_mma_8816_u8_u8_i32		0x7fffffff 0x1 0xfffffffe	0x000003fa
v_mma_8816_u8_u8_i32		0x0 0x7fffffff 0xfffffffe	0xfffffffe
v_mma_8816_u8_u8_i32		0x7fffffff 0xffffffff 0x0	0x000de210
v_mma_8816_u8_u8_i32		0x7fffffff 0x1 0xffffffff	0x000003fb
v_mma_8816_u8_u8_i32		0x0 0x7fffffff 0xffffffff	0xffffffff
v_mma_8816_u8_u8_i32		0x80000000 0x0 0x0	0x00000000
v_mma_8816_u8_u8_i32		0x80000000 0x1 0x0	0x00000000
v_mma_8816_u8_u8_i32		0x0 0x80000000 0x0	0x00000000
v_mma_8816_u8_u8_i32		0x80000000 0x1 0x0	0x00000000
v_mma_8816_u8_u8_i32		0x80000000 0x1 0x1	0x00000001
v_mma_8816_u8_u8_i32		0x0 0x80000000 0x1	0x00000001
v_mma_8816_u8_u8_i32		0x80000000 0x7fffffff 0x0	0x0000fe00
v_mma_8816_u8_u8_i32		0x80000000 0x1 0x7fffffff	0x7fffffff
v_mma_8816_u8_u8_i32		0x0 0x80000000 0x7fffffff	0x7fffffff
v_mma_8816_u8_u8_i32		0x80000000 0x80000000 0x0	0x00010000
v_mma_8816_u8_u8_i32		0x80000000 0x1 0x80000000	0x80000000
v_mma_8816_u8_u8_i32		0x0 0x80000000 0x80000000	0x80000000
v_mma_8816_u8_u8_i32		0x80000000 0xfffffffe 0x0	0x0001fe00
v_mma_8816_u8_u8_i32		0x80000000 0x1 0xfffffffe	0xfffffffe
v_mma_8816_u8_u8_i32		0x0 0x80000000 0xfffffffe	0xfffffffe
v_mma_8816_u8_u8_i32		0x80000000 0xffffffff 0x0	0x0001fe00
v_mma_8816_u8_u8_i32		0x80000000 0x1 0xffffffff	0xffffffff
v_mma_8816_u8_u8_i32		0x0 0x80000000 0xffffffff	0xffffffff
v_mma_8816_u8_u8_i32		0xfffffffe 0x0 0x0	0x00000000
v_mma_8816_u8_u8_i32		0xfffffffe 0x1 0x0	0x000003f8
v_mma_8816_u8_u8_i32		0x0 0xfffffffe 0x0	0x00000000
v_mma_8816_u8_u8_i32		0xfffffffe 0x1 0x0	0x000003f8
v_mma_8816_u8_u8_i32		0xfffffffe 0x1 0x1	0x000003f9
v_mma_8816_u8_u8_i32		0x0 0xfffffffe 0x1	0x00000001
v_mma_8816_u8_u8_i32		0xfffffffe 0x7fffffff 0x0	0x000dde14
v_mma_8816_u8_u8_i32		0xfffffffe 0x1 0x7fffffff	0x800003f7
v_mma_8816_u8_u8_i32		0x0 0xfffffffe 0x7fffffff	0x7fffffff
v_mma_8816_u8_u8_i32		0xfffffffe 0x80000000 0x0	0x0001fe00
v_mma_8816_u8_u8_i32		0xfffffffe 0x1 0x80000000	0x800003f8
v_mma_8816_u8_u8_i32		0x0 0xfffffffe 0x80000000	0x80000000
v_mma_8816_u8_u8_i32		0xfffffffe 0xfffffffe 0x0	0x000fd81c
v_mma_8816_u8_u8_i32		0xfffffffe 0x1 0xfffffffe	0x000003f6
v_mma_8816_u8_u8_i32		0x0 0xfffffffe 0xfffffffe	0xfffffffe
v_mma_8816_u8_u8_i32		0xfffffffe 0xffffffff 0x0	0x000fdc14
v_mma_8816_u8_u8_i32		0xfffffffe 0x1 0xffffffff	0x000003f7
v_mma_8816_u8_u8_i32		0x0 0xfffffffe 0xffffffff	0xffffffff
v_mma_8816_u8_u8_i32		0xffffffff 0x0 0x0	0x00000000
v_mma_8816_u8_u8_i32		0xffffffff 0x1 0x0	0x000003fc
v_mma_8816_u8_u8_i32		0x0 0xffffffff 0x0	0x00000000
v_mma_8816_u8_u8_i32		0xffffffff 0x1 0x0	0x000003fc
v_mma_8816_u8_u8_i32		0xffffffff 0x1 0x1	0x000003fd
v_mma_8816_u8_u8_i32		0x0 0xffffffff 0x1	0x00000001
v_mma_8816_u8_u8_i32		0xffffffff 0x7fffffff 0x0	0x000de210
v_mma_8816_u8_u8_i32		0xffffffff 0x1 0x7fffffff	0x800003fb
v_mma_8816_u8_u8_i32		0x0 0xffffffff 0x7fffffff	0x7fffffff
v_mma_8816_u8_u8_i32		0xffffffff 0x80000000 0x0	0x0001fe00
v_mma_8816_u8_u8_i32		0xffffffff 0x1 0x80000000	0x800003fc
v_mma_8816_u8_u8_i32		0x0 0xffffffff 0x80000000	0x80000000
v_mma_8816_u8_u8_i32		0xffffffff 0xfffffffe 0x0	0x000fdc14
v_mma_8816_u8_u8_i32		0xffffffff 0x1 0xfffffffe	0x000003fa
v_mma_8816_u8_u8_i32		0x0 0xffffffff 0xfffffffe	0xfffffffe
v_mma_8816_u8_u8_i32		0xffffffff 0xffffffff 0x0	0x000fe010
v_mma_8816_u8_u8_i32		0xffffffff 0x1 0xffffffff	0x000003fb
v_mma_8816_u8_u8_i32		0x0 0xffffffff 0xffffffff	0xffffffff
v_mma_8816_u8_u8_i32		0x0 0x0 0x0	0x00000000
v_mma_8816_u8_u8_i32		0x1 0x1 0x1	0x00000005
v_mma_8816_u8_u8_i32		0x7fffffff 0x7fffffff 0x7fffffff	0x800ce40f
v_mma_8816_u8_u8_i32		0x80000000 0x80000000 0x80000000	0x80010000
v_mma_8816_u8_u8_i32		0xfffffffe 0xfffffffe 0xfffffffe	0x000fd81a
v_mma_8816_u8_u8_i32		0xffffffff 0xffffffff 0xffffffff	0x000fe00f
v_mov_b32		0x0	0x00000000
v_mov_b32		0x1	0x00000001
v_mov_b32		0x7fffffff	0x7fffffff
v_mov_b32		0x80000000	0x80000000
v_mov_b32		0xfffffffe	0xfffffffe
v_mov_b32		0xffffffff	0xffffffff
v_mul24_hi_i32		0x0 0x0	0x00000000
v_mul24_hi_i32		0x0 0x1	0x00000000
v_mul24_hi_i32		0x0 0x7fffffff	0x00000000
v_mul24_hi_i32		0x0 0x80000000	0x00000000
v_mul24_hi_i32		0x0 0xfffffffe	0x00000000
v_mul24_hi_i32		0x0 0xffffffff	0x00000000
v_mul24_hi_i32		0x1 0x0	0x00000000
v_mul24_hi_i32		0x1 0x1	0x00000000
v_mul24_hi_i32		0x1 0x7fffffff	0xffffffff
v_mul24_hi_i32		0x1 0x80000000	0x00000000
v_mul24_hi_i32		0x1 0xfffffffe	0xffffffff
v_mul24_hi_i32		0x1 0xffffffff	0xffffffff
v_mul24_hi_i32		0x7fffffff 0x0	0x00000000
v_mul24_hi_i32		0x7fffffff 0x1	0xffffffff
v_mul24_hi_i32		0x7fffffff 0x7fffffff	0x00000000
v_mul24_hi_i32		0x7fffffff 0x80000000	0x00000000
v_mul24_hi_i32		0x7fffffff 0xfffffffe	0x00000000
v_mul24_hi_i32		0x7fffffff 0xffffffff	0x00000000
v_mul24_hi_i32		0x80000000 0x0	0x00000000
v_mul24_hi_i32		0x80000000 0x1	0x00000000
v_mul24_hi_i32		0x80000000 0x7fffffff	0x00000000
v_mul24_hi_i32		0x80000000 0x80000000	0x00000000
v_mul24_hi_i32		0x80000000 0xfffffffe	0x00000000
v_mul24_hi_i32		0x80000000 0xffffffff	0x00000000
v_mul24_hi_i32		0xfffffffe 0x0	0x00000000
v_mul24_hi_i32		0xfffffffe 0x1	0xffffffff
v_mul24_hi_i32		0xfffffffe 0x7fffffff	0x00000000
v_mul24_hi_i32		0xfffffffe 0x80000000	0x00000000
v_mul24_hi_i32		0xfffffffe 0xfffffffe	0x00000000
v_mul24_hi_i32		0xfffffffe 0xffffffff	0x00000000
v_mul24_hi_i32		0xffffffff 0x0	0x00000000
v_mul24_hi_i32		0xffffffff 0x1	0xffffffff
v_mul24_hi_i32		0xffffffff 0x7fffffff	0x00000000
v_mul24_hi_i32		0xffffffff 0x80000000	0x00000000
v_mul24_hi_i32		0xffffffff 0xfffffffe	0x00000000
v_mul24_hi_i32		0xffffffff 0xffffffff	0x00000000
v_mul24_hi_u32		0x0 0x0	0x00000000
v_mul24_hi_u32		0x0 0x1	0x00000000
v_mul24_hi_u32		0x0 0x7fffffff	0x00000000
v_mul24_hi_u32		0x0 0x80000000	0x00000000
v_mul24_hi_u32		0x0 0xfffffffe	0x00000000
v_mul24_hi_u32		0x0 0xffffffff	0x00000000
v_mul24_hi_u32		0x1 0x0	0x00000000
v_mul24_hi_u32		0x1 0x1	0x00000000
v_mul24_hi_u32		0x1 0x7fffffff	0x00000000
v_mul24_hi_u32		0x1 0x80000000	0x00000000
v_mul24_hi_u32		0x1 0xfffffffe	0x00000000
v_mul24_hi_u32		0x1 0xffffffff	0x00000000
v_mul24_hi_u32		0x7fffffff 0x0	0x00000000
v_mul24_hi_u32		0x7fffffff 0x1	0x00000000
v_mul24_hi_u32		0x7fffffff 0x7fffffff	0x0000ffff
v_mul24_hi_u32		0x7fffffff 0x80000000	0x00000000
v_mul24_hi_u32		0x7fffffff 0xfffffffe	0x0000ffff
v_mul24_hi_u32		0x7fffffff 0xffffffff	0x0000ffff
v_mul24_hi_u32		0x80000000 0x0	0x00000000
v_mul24_hi_u32		0x80000000 0x1	0x00000000
v_mul24_hi_u32		0x80000000 0x7fffffff	0x00000000
v_mul24_hi_u32		0x80000000 0x80000000	0x00000000
v_mul24_hi_u32		0x80000000 0xfffffffe	0x00000000
v_mul24_hi_u32		0x80000000 0xffffffff	0x00000000
v_mul24_hi_u32		0xfffffffe 0x0	0x00000000
v_mul24_hi_u32		0xfffffffe 0x1	0x00000000
v_mul24_hi_u32		0xfffffffe 0x7fffffff	0x0000ffff
v_mul24_hi_u32		0xfffffffe 0x80000000	0x00000000
v_mul24_hi_u32		0xfffffffe 0xfffffffe	0x0000ffff
v_mul24_hi_u32		0xfffffffe 0xffffffff	0x0000ffff
v_mul24_hi_u32		0xffffffff 0x0	0x00000000
v_mul24_hi_u32		0xffffffff 0x1	0x00000000
v_mul24_hi_u32		0xffffffff 0x7fffffff	0x0000ffff
v_mul24_hi_u32		0xffffffff 0x80000000	0x00000000
v_mul24_hi_u32		0xffffffff 0xfffffffe	0x0000ffff
v_mul24_hi_u32		0xffffffff 0xffffffff	0x0000ffff
v_mul24_i32		0x0 0x0	0x00000000
v_mul24_i32		0x0 0x1	0x00000000
v_mul24_i32		0x0 0x7fffffff	0x00000000
v_mul24_i32		0x0 0x80000000	0x00000000
v_mul24_i32		0x0 0xfffffffe	0x00000000
v_mul24_i32		0x0 0xffffffff	0x00000000
v_mul24_i32		0x1 0x0	0x00000000
v_mul24_i32		0x1 0x1	0x00000001
v_mul24_i32		0x1 0x7fffffff	0xffffffff
v_mul24_i32		0x1 0x80000000	0x00000000
v_mul24_i32		0x1 0xfffffffe	0xfffffffe
v_mul24_i32		0x1 0xffffffff	0xffffffff
v_mul24_i32		0x7fffffff 0x0	0x00000000
v_mul24_i32		0x7fffffff 0x1	0xffffffff
v_mul24_i32		0x7fffffff 0x7fffffff	0x00000001
v_mul24_i32		0x7fffffff 0x80000000	0x00000000
v_mul24_i32		0x7fffffff 0xfffffffe	0x00000002
v_mul24_i32		0x7fffffff 0xffffffff	0x00000001
v_mul24_i32		0x80000000 0x0	0x00000000
v_mul24_i32		0x80000000 0x1	0x00000000
v_mul24_i32		0x80000000 0x7fffffff	0x00000000
v_mul24_i32		0x80000000 0x80000000	0x00000000
v_mul24_i32		0x80000000 0xfffffffe	0x00000000
v_mul24_i32		0x80000000 0xffffffff	0x00000000
v_mul24_i32		0xfffffffe 0x0	0x00000000
v_mul24_i32		0xfffffffe 0x1	0xfffffffe
v_mul24_i32		0xfffffffe 0x7fffffff	0x00000002
v_mul24_i32		0xfffffffe 0x80000000	0x00000000
v_mul24_i32		0xfffffffe 0xfffffffe	0x00000004
v_mul24_i32		0xfffffffe 0xffffffff	0x00000002
v_mul24_i32		0xffffffff 0x0	0x00000000
v_mul24_i32		0xffffffff 0x1	0xffffffff
v_mul24_i32		0xffffffff 0x7fffffff	0x00000001
v_mul24_i32		0xffffffff 0x80000000	0x00000000
v_mul24_i32		0xffffffff 0xfffffffe	0x00000002
v_mul24_i32		0xffffffff 0xffffffff	0x00000001
v_mul24_u32		0x0 0x0	0x00000000
v_mul24_u32		0x0 0x1	0x00000000
v_mul24_u32		0x0 0x7fffffff	0x00000000
v_mul24_u32		0x0 0x80000000	0x00000000
v_mul24_u32		0x0 0xfffffffe	0x00000000
v_mul24_u32		0x0 0xffffffff	0x00000000
v_mul24_u32		0x1 0x0	0x00000000
v_mul24_u32		0x1 0x1	0x00000001
v_mul24_u32		0x1 0x7fffffff	0x00ffffff
v_mul24_u32		0x1 0x80000000	0x00000000
v_mul24_u32		0x1 0xfffffffe	0x00fffffe
v_mul24_u32		0x1 0xffffffff	0x00ffffff
v_mul24_u32		0x7fffffff 0x0	0x00000000
v_mul24_u32		0x7fffffff 0x1	0x00ffffff
v_mul24_u32		0x7fffffff 0x7fffffff	0xfe000001
v_mul24_u32		0x7fffffff 0x80000000	0x00000000
v_mul24_u32		0x7fffffff 0xfffffffe	0xfd000002
v_mul24_u32		0x7fffffff 0xffffffff	0xfe000001
v_mul24_u32		0x80000000 0x0	0x00000000
v_mul24_u32		0x80000000 0x1	0x00000000
v_mul24_u32		0x80000000 0x7fffffff	0x00000000
v_mul24_u32		0x80000000 0x80000000	0x00000000
v_mul24_u32		0x80000000 0xfffffffe	0x00000000
v_mul24_u32		0x80000000 0xffffffff	0x00000000
v_mul24_u32		0xfffffffe 0x0	0x00000000
v_mul24_u32		0xfffffffe 0x1	0x00fffffe
v_mul24_u32		0xfffffffe 0x7fffffff	0xfd000002
v_mul24_u32		0xfffffffe 0x80000000	0x00000000
v_mul24_u32		0xfffffffe 0xfffffffe	0xfc000004
v_mul24_u32		0xfffffffe 0xffffffff	0xfd000002
v_mul24_u32		0xffffffff 0x0	0x00000000
v_mul24_u32		0xffffffff 0x1	0x00ffffff
v_mul24_u32		0xffffffff 0x7fffffff	0xfe000001
v_mul24_u32		0xffffffff 0x80000000	0x00000000
v_mul24_u32		0xffffffff 0xfffffffe	0xfd000002
v_mul24_u32		0xffffffff 0xffffffff	0xfe000001
v_mul_f32		0x0 0x0	0x00000000
v_mul_f32		0x0 0x80000000	0x80000000
v_mul_f32		0x0 0x3f000000	0x00000000
v_mul_f32		0x0 0x3f800000	0x00000000
v_mul_f32		0x0 0xbf800000	0x80000000
v_mul_f32		0x0 0x800000	0x00000000
v_mul_f32		0x0 0x7f7fffff	0x00000000
v_mul_f32		0x0 0x7f800000	0x7fc00000
v_mul_f32		0x0 0xff800000	0x7fc00000
v_mul_f32		0x0 0x7fc00000	0x7fc00000
v_mul_f32		0x80000000 0x0	0x80000000
v_mul_f32		0x80000000 0x80000000	0x00000000
v_mul_f32		0x80000000 0x3f000000	0x80000000
v_mul_f32		0x80000000 0x3f800000	0x80000000
v_mul_f32		0x80000000 0xbf800000	0x00000000
v_mul_f32		0x80000000 0x800000	0x80000000
v_mul_f32		0x80000000 0x7f7fffff	0x80000000
v_mul_f32		0x80000000 0x7f800000	0x7fc00000
v_mul_f32		0x80000000 0xff800000	0x7fc00000
v_mul_f32		0x80000000 0x7fc00000	0x7fc00000
v_mul_f32		0x3f000000 0x0	0x00000000
v_mul_f32		0x3f000000 0x80000000	0x80000000
v_mul_f32		0x3f000000 0x3f000000	0x3e800000
v_mul_f32		0x3f000000 0x3f800000	0x3f000000
v_mul_f32		0x3f000000 0xbf800000	0xbf000000
v_mul_f32		0x3f000000 0x800000	0x00000000
v_mul_f32		0x3f000000 0x7f7fffff	0x7effffff
v_mul_f32		0x3f000000 0x7f800000	0x7f800000
v_mul_f32		0x3f000000 0xff800000	0xff800000
v_mul_f32		0x3f000000 0x7fc00000	0x7fc00000
v_mul_f32		0x3f800000 0x0	0x00000000
v_mul_f32		0x3f800000 0x80000000	0x80000000
v_mul_f32		0x3f800000 0x3f000000	0x3f000000
v_mul_f32		0x3f800000 0x3f800000	0x3f800000
v_mul_f32		0x3f800000 0xbf800000	0xbf800000
v_mul_f32		0x3f800000 0x800000	0x00800000
v_mul_f32		0x3f800000 0x7f7fffff	0x7f7fffff
v_mul_f32		0x3f800000 0x7f800000	0x7f800000
v_mul_f32		0x3f800000 0xff800000	0xff800000
v_mul_f32		0x3f800000 0x7fc00000	0x7fc00000
v_mul_f32		0xbf800000 0x0	0x80000000
v_mul_f32		0xbf800000 0x80000000	0x00000000
v_mul_f32		0xbf800000 0x3f000000	0xbf000000
v_mul_f32		0xbf800000 0x3f800000	0xbf800000
v_mul_f32		0xbf800000 0xbf800000	0x3f800000
v_mul_f32		0xbf800000 0x800000	0x80800000
v_mul_f32		0xbf800000 0x7f7fffff	0xff7fffff
v_mul_f32		0xbf800000 0x7f800000	0xff800000
v_mul_f32		0xbf800000 0xff800000	0x7f800000
v_mul_f32		0xbf800000 0x7fc00000	0x7fc00000
v_mul_f32		0x800000 0x0	0x00000000
v_mul_f32		0x800000 0x80000000	0x80000000
v_mul_f32		0x800000 0x3f000000	0x00000000
v_mul_f32		0x800000 0x3f800000	0x00800000
v_mul_f32		0x800000 0xbf800000	0x80800000
v_mul_f32		0x800000 0x800000	0x00000000
v_mul_f32		0x800000 0x7f7fffff	0x407fffff
v_mul_f32		0x800000 0x7f800000	0x7f800000
v_mul_f32		0x800000 0xff800000	0xff800000
v_mul_f32		0x800000 0x7fc00000	0x7fc00000
v_mul_f32		0x7f7fffff 0x0	0x00000000
v_mul_f32		0x7f7fffff 0x80000000	0x80000000
v_mul_f32		0x7f7fffff 0x3f000000	0x7effffff
v_mul_f32		0x7f7fffff 0x3f800000	0x7f7fffff
v_mul_f32		0x7f7fffff 0xbf800000	0xff7fffff
v_mul_f32		0x7f7fffff 0x800000	0x407fffff
v_mul_f32		0x7f7fffff 0x7f7fffff	0x7f800000
v_mul_f32		0x7f7fffff 0x7f800000	0x7f800000
v_mul_f32		0x7f7fffff 0xff800000	0xff800000
v_mul_f32		0x7f7fffff 0x7fc00000	0x7fc00000
v_mul_f32		0x7f800000 0x0	0x7fc00000
v_mul_f32		0x7f800000 0x80000000	0x7fc00000
v_mul_f32		0x7f800000 0x3f000000	0x7f800000
v_mul_f32		0x7f800000 0x3f800000	0x7f800000
v_mul_f32		0x7f800000 0xbf800000	0xff800000
v_mul_f32		0x7f800000 0x800000	0x7f800000
v_mul_f32		0x7f800000 0x7f7fffff	0x7f800000
v_mul_f32		0x7f800000 0x7f800000	0x7f800000
v_mul_f32		0x7f800000 0xff800000	0xff800000
v_mul_f32		0x7f800000 0x7fc00000	0x7fc00000
v_mul_f32		0xff800000 0x0	0x7fc00000
v_mul_f32		0xff800000 0x80000000	0x7fc00000
v_mul_f32		0xff800000 0x3f000000	0xff800000
v_mul_f32		0xff800000 0x3f800000	0xff800000
v_mul_f32		0xff800000 0xbf800000	0x7f800000
v_mul_f32		0xff800000 0x800000	0xff800000
v_mul_f32		0xff800000 0x7f7fffff	0xff800000
v_mul_f32		0xff800000 0x7f800000	0xff800000
v_mul_f32		0xff800000 0xff800000	0x7f800000
v_mul_f32		0xff800000 0x7fc00000	0x7fc00000
v_mul_f32		0x7fc00000 0x0	0x7fc00000
v_mul_f32		0x7fc00000 0x80000000	0x7fc00000
v_mul_f32		0x7fc00000 0x3f000000	0x7fc00000
v_mul_f32		0x7fc00000 0x3f800000	0x7fc00000
v_mul_f32		0x7fc00000 0xbf800000	0x7fc00000
v_mul_f32		0x7fc00000 0x800000	0x7fc00000
v_mul_f32		0x7fc00000 0x7f7fffff	0x7fc00000
v_mul_f32		0x7fc00000 0x7f800000	0x7fc00000
v_mul_f32		0x7fc00000 0xff800000	0x7fc00000
v_mul_f32		0x7fc00000 0x7fc00000	0x7fc00000
v_mul_hi_i32		0x0 0x0	0x00000000
v_mul_hi_i32		0x0 0x1	0x00000000
v_mul_hi_i32		0x0 0x7fffffff	0x00000000
v_mul_hi_i32		0x0 0x80000000	0x00000000
v_mul_hi_i32		0x0 0xfffffffe	0x00000000
v_mul_hi_i32		0x0 0xffffffff	0x00000000
v_mul_hi_i32		0x1 0x0	0x00000000
v_mul_hi_i32		0x1 0x1	0x00000000
v_mul_hi_i32		0x1 0x7fffffff	0x00000000
v_mul_hi_i32		0x1 0x80000000	0xffffffff
v_mul_hi_i32		0x1 0xfffffffe	0xffffffff
v_mul_hi_i32		0x1 0xffffffff	0xffffffff
v_mul_hi_i32		0x7fffffff 0x0	0x00000000
v_mul_hi_i32		0x7fffffff 0x1	0x00000000
v_mul_hi_i32		0x7fffffff 0x7fffffff	0x3fffffff
v_mul_hi_i32		0x7fffffff 0x80000000	0xc0000000
v_mul_hi_i32		0x7fffffff 0xfffffffe	0xffffffff
v_mul_hi_i32		0x7fffffff 0xffffffff	0xffffffff
v_mul_hi_i32		0x80000000 0x0	0x00000000
v_mul_hi_i32		0x80000000 0x1	0xffffffff
v_mul_hi_i32		0x80000000 0x7fffffff	0xc0000000
v_mul_hi_i32		0x80000000 0x80000000	0x40000000
v_mul_hi_i32		0x80000000 0xfffffffe	0x00000001
v_mul_hi_i32		0x80000000 0xffffffff	0x00000000
v_mul_hi_i32		0xfffffffe 0x0	0x00000000
v_mul_hi_i32		0xfffffffe 0x1	0xffffffff
v_mul_hi_i32		0xfffffffe 0x7fffffff	0xffffffff
v_mul_hi_i32		0xfffffffe 0x80000000	0x00000001
v_mul_hi_i32		0xfffffffe 0xfffffffe	0x00000000
v_mul_hi_i32		0xfffffffe 0xffffffff	0x00000000
v_mul_hi_i32		0xffffffff 0x0	0x00000000
v_mul_hi_i32		0xffffffff 0x1	0xffffffff
v_mul_hi_i32		0xffffffff 0x7fffffff	0xffffffff
v_mul_hi_i32		0xffffffff 0x80000000	0x00000000
v_mul_hi_i32		0xffffffff 0xfffffffe	0x00000000
v_mul_hi_i32		0xffffffff 0xffffffff	0x00000000
v_mul_hi_u32		0x0 0x0	0x00000000
v_mul_hi_u32		0x0 0x1	0x00000000
v_mul_hi_u32		0x0 0x7fffffff	0x00000000
v_mul_hi_u32		0x0 0x80000000	0x00000000
v_mul_hi_u32		0x0 0xfffffffe	0x00000000
v_mul_hi_u32		0x0 0xffffffff	0x00000000
v_mul_hi_u32		0x1 0x0	0x00000000
v_mul_hi_u32		0x1 0x1	0x00000000
v_mul_hi_u32		0x1 0x7fffffff	0x00000000
v_mul_hi_u32		0x1 0x80000000	0x00000000
v_mul_hi_u32		0x1 0xfffffffe	0x00000000
v_mul_hi_u32		0x1 0xffffffff	0x00000000
v_mul_hi_u32		0x7fffffff 0x0	0x00000000
v_mul_hi_u32		0x7fffffff 0x1	0x00000000
v_mul_hi_u32		0x7fffffff 0x7fffffff	0x3fffffff
v_mul_hi_u32		0x7fffffff 0x80000000	0x3fffffff
v_mul_hi_u32		0x7fffffff 0xfffffffe	0x7ffffffe
v_mul_hi_u32		0x7fffffff 0xffffffff	0x7ffffffe
v_mul_hi_u32		0x80000000 0x0	0x00000000
v_mul_hi_u32		0x80000000 0x1	0x00000000
v_mul_hi_u32		0x80000000 0x7fffffff	0x3fffffff
v_mul_hi_u32		0x80000000 0x80000000	0x40000000
v_mul_hi_u32		0x80000000 0xfffffffe	0x7fffffff
v_mul_hi_u32		0x80000000 0xffffffff	0x7fffffff
v_mul_hi_u32		0xfffffffe 0x0	0x00000000
v_mul_hi_u32		0xfffffffe 0x1	0x00000000
v_mul_hi_u32		0xfffffffe 0x7fffffff	0x7ffffffe
v_mul_hi_u32		0xfffffffe 0x80000000	0x7fffffff
v_mul_hi_u32		0xfffffffe 0xfffffffe	0xfffffffc
v_mul_hi_u32		0xfffffffe 0xffffffff	0xfffffffd
v_mul_hi_u32		0xffffffff 0x0	0x00000000
v_mul_hi_u32		0xffffffff 0x1	0x00000000
v_mul_hi_u32		0xffffffff 0x7fffffff	0x7ffffffe
v_mul_hi_u32		0xffffffff 0x80000000	0x7fffffff
v_mul_hi_u32		0xffffffff 0xfffffffe	0xfffffffd
v_mul_hi_u32		0xffffffff 0xffffffff	0xfffffffe
v_mul_i32		0x0 0x0	0x00000000
v_mul_i32		0x0 0x1	0x00000000
v_mul_i32		0x0 0x7fffffff	0x00000000
v_mul_i32		0x0 0x80000000	0x00000000
v_mul_i32		0x0 0xfffffffe	0x00000000
v_mul_i32		0x0 0xffffffff	0x00000000
v_mul_i32		0x1 0x0	0x00000000
v_mul_i32		0x1 0x1	0x00000001
v_mul_i32		0x1 0x7fffffff	0x7fffffff
v_mul_i32		0x1 0x80000000	0x80000000
v_mul_i32		0x1 0xfffffffe	0xfffffffe
v_mul_i32		0x1 0xffffffff	0xffffffff
v_mul_i32		0x7fffffff 0x0	0x00000000
v_mul_i32		0x7fffffff 0x1	0x7fffffff
v_mul_i32		0x7fffffff 0x7fffffff	0x00000001
v_mul_i32		0x7fffffff 0x80000000	0x80000000
v_mul_i32		0x7fffffff 0xfffffffe	0x00000002
v_mul_i32		0x7fffffff 0xffffffff	0x80000001
v_mul_i32		0x80000000 0x0	0x00000000
v_mul_i32		0x80000000 0x1	0x80000000
v_mul_i32		0x80000000 0x7fffffff	0x80000000
v_mul_i32		0x80000000 0x80000000	0x00000000
v_mul_i32		0x80000000 0xfffffffe	0x00000000
v_mul_i32		0x80000000 0xffffffff	0x80000000
v_mul_i32		0xfffffffe 0x0	0x00000000
v_mul_i32		0xfffffffe 0x1	0xfffffffe
v_mul_i32		0xfffffffe 0x7fffffff	0x00000002
v_mul_i32		0xfffffffe 0x80000000	0x00000000
v_mul_i32		0xfffffffe 0xfffffffe	0x00000004
v_mul_i32		0xfffffffe 0xffffffff	0x00000002
v_mul_i32		0xffffffff 0x0	0x00000000
v_mul_i32		0xffffffff 0x1	0xffffffff
v_mul_i32		0xffffffff 0x7fffffff	0x80000001
v_mul_i32		0xffffffff 0x80000000	0x80000000
v_mul_i32		0xffffffff 0xfffffffe	0x00000002
v_mul_i32		0xffffffff 0xffffffff	0x00000001
v_mul_legacy_f32		0x0 0x0	0x00000000
v_mul_legacy_f32		0x0 0x80000000	0x80000000
v_mul_legacy_f32		0x0 0x3f000000	0x00000000
v_mul_legacy_f32		0x0 0x3f800000	0x00000000
v_mul_legacy_f32		0x0 0xbf800000	0x80000000
v_mul_legacy_f32		0x0 0x800000	0x00000000
v_mul_legacy_f32		0x0 0x7f7fffff	0x00000000
v_mul_legacy_f32		0x0 0x7f800000	0x00000000
v_mul_legacy_f32		0x0 0xff800000	0x80000000
v_mul_legacy_f32		0x0 0x7fc00000	0x00000000
v_mul_legacy_f32		0x80000000 0x0	0x80000000
v_mul_legacy_f32		0x80000000 0x80000000	0x00000000
v_mul_legacy_f32		0x80000000 0x3f000000	0x80000000
v_mul_legacy_f32		0x80000000 0x3f800000	0x80000000
v_mul_legacy_f32		0x80000000 0xbf800000	0x00000000
v_mul_legacy_f32		0x80000000 0x800000	0x80000000
v_mul_legacy_f32		0x80000000 0x7f7fffff	0x80000000
v_mul_legacy_f32		0x80000000 0x7f800000	0x80000000
v_mul_legacy_f32		0x80000000 0xff800000	0x00000000
v_mul_legacy_f32		0x80000000 0x7fc00000	0x80000000
v_mul_legacy_f32		0x3f000000 0x0	0x00000000
v_mul_legacy_f32		0x3f000000 0x80000000	0x80000000
v_mul_legacy_f32		0x3f000000 0x3f000000	0x3e800000
v_mul_legacy_f32		0x3f000000 0x3f800000	0x3f000000
v_mul_legacy_f32		0x3f000000 0xbf800000	0xbf000000
v_mul_legacy_f32		0x3f000000 0x800000	0x00000000
v_mul_legacy_f32		0x3f000000 0x7f7fffff	0x7effffff
v_mul_legacy_f32		0x3f000000 0x7f800000	0x7f800000
v_mul_legacy_f32		0x3f000000 0xff800000	0xff800000
v_mul_legacy_f32		0x3f000000 0x7fc00000	0x7fc00000
v_mul_legacy_f32		0x3f800000 0x0	0x00000000
v_mul_legacy_f32		0x3f800000 0x80000000	0x80000000
v_mul_legacy_f32		0x3f800000 0x3f000000	0x3f000000
v_mul_legacy_f32		0x3f800000 0x3f800000	0x3f800000
v_mul_legacy_f32		0x3f800000 0xbf800000	0xbf800000
v_mul_legacy_f32		0x3f800000 0x800000	0x00800000
v_mul_legacy_f32		0x3f800000 0x7f7fffff	0x7f7fffff
v_mul_legacy_f32		0x3f800000 0x7f800000	0x7f800000
v_mul_legacy_f32		0x3f800000 0xff800000	0xff800000
v_mul_legacy_f32		0x3f800000 0x7fc00000	0x7fc00000
v_mul_legacy_f32		0xbf800000 0x0	0x80000000
v_mul_legacy_f32		0xbf800000 0x80000000	0x00000000
v_mul_legacy_f32		0xbf800000 0x3f000000	0xbf000000
v_mul_legacy_f32		0xbf800000 0x3f800000	0xbf800000
v_mul_legacy_f32		0xbf800000 0xbf800000	0x3f800000
v_mul_legacy_f32		0xbf800000 0x800000	0x80800000
v_mul_legacy_f32		0xbf800000 0x7f7fffff	0xff7fffff
v_mul_legacy_f32		0xbf800000 0x7f800000	0xff800000
v_mul_legacy_f32		0xbf800000 0xff800000	0x7f800000
v_mul_legacy_f32		0xbf800000 0x7fc00000	0x7fc00000
v_mul_legacy_f32		0x800000 0x0	0x00000000
v_mul_legacy_f32		0x800000 0x80000000	0x80000000
v_mul_legacy_f32		0x800000 0x3f000000	0x00000000
v_mul_legacy_f32		0x800000 0x3f800000	0x00800000
v_mul_legacy_f32		0x800000 0xbf800000	0x80800000
v_mul_legacy_f32		0x800000 0x800000	0x00000000
v_mul_legacy_f32		0x800000 0x7f7fffff	0x407fffff
v_mul_legacy_f32		0x800000 0x7f800000	0x7f800000
v_mul_legacy_f32		0x800000 0xff800000	0xff800000
v_mul_legacy_f32		0x800000 0x7fc00000	0x7fc00000
v_mul_legacy_f32		0x7f7fffff 0x0	0x00000000
v_mul_legacy_f32		0x7f7fffff 0x80000000	0x80000000
v_mul_legacy_f32		0x7f7fffff 0x3f000000	0x7effffff
v_mul_legacy_f32		0x7f7fffff 0x3f800000	0x7f7fffff
v_mul_legacy_f32		0x7f7fffff 0xbf800000	0xff7fffff
v_mul_legacy_f32		0x7f7fffff 0x800000	0x407fffff
v_mul_legacy_f32		0x7f7fffff 0x7f7fffff	0x7f800000
v_mul_legacy_f32		0x7f7fffff 0x7f800000	0x7f800000
v_mul_legacy_f32		0x7f7fffff 0xff800000	0xff800000
v_mul_legacy_f32		0x7f7fffff 0x7fc00000	0x7fc00000
v_mul_legacy_f32		0x7f800000 0x0	0x00000000
v_mul_legacy_f32		0x7f800000 0x80000000	0x80000000
v_mul_legacy_f32		0x7f800000 0x3f000000	0x7f800000
v_mul_legacy_f32		0x7f800000 0x3f800000	0x7f800000
v_mul_legacy_f32		0x7f800000 0xbf800000	0xff800000
v_mul_legacy_f32		0x7f800000 0x800000	0x7f800000
v_mul_legacy_f32		0x7f800000 0x7f7fffff	0x7f800000
v_mul_legacy_f32		0x7f800000 0x7f800000	0x7f800000
v_mul_legacy_f32		0x7f800000 0xff800000	0xff800000
v_mul_legacy_f32		0x7f800000 0x7fc00000	0x7fc00000
v_mul_legacy_f32		0xff800000 0x0	0x80000000
v_mul_legacy_f32		0xff800000 0x80000000	0x00000000
v_mul_legacy_f32		0xff800000 0x3f000000	0xff800000
v_mul_legacy_f32		0xff800000 0x3f800000	0xff800000
v_mul_legacy_f32		0xff800000 0xbf800000	0x7f800000
v_mul_legacy_f32		0xff800000 0x800000	0xff800000
v_mul_legacy_f32		0xff800000 0x7f7fffff	0xff800000
v_mul_legacy_f32		0xff800000 0x7f800000	0xff800000
v_mul_legacy_f32		0xff800000 0xff800000	0x7f800000
v_mul_legacy_f32		0xff800000 0x7fc00000	0x7fc00000
v_mul_legacy_f32		0x7fc00000 0x0	0x00000000
v_mul_legacy_f32		0x7fc00000 0x80000000	0x80000000
v_mul_legacy_f32		0x7fc00000 0x3f000000	0x7fc00000
v_mul_legacy_f32		0x7fc00000 0x3f800000	0x7fc00000
v_mul_legacy_f32		0x7fc00000 0xbf800000	0x7fc00000
v_mul_legacy_f32		0x7fc00000 0x800000	0x7fc00000
v_mul_legacy_f32		0x7fc00000 0x7f7fffff	0x7fc00000
v_mul_legacy_f32		0x7fc00000 0x7f800000	0x7fc00000
v_mul_legacy_f32		0x7fc00000 0xff800000	0x7fc00000
v_mul_legacy_f32		0x7fc00000 0x7fc00000	0x7fc00000
v_mul_u32		0x0 0x0	0x00000000
v_mul_u32		0x0 0x1	0x00000000
v_mul_u32		0x0 0x7fffffff	0x00000000
v_mul_u32		0x0 0x80000000	0x00000000
v_mul_u32		0x0 0xfffffffe	0x00000000
v_mul_u32		0x0 0xffffffff	0x00000000
v_mul_u32		0x1 0x0	0x00000000
v_mul_u32		0x1 0x1	0x00000001
v_mul_u32		0x1 0x7fffffff	0x7fffffff
v_mul_u32		0x1 0x80000000	0x80000000
v_mul_u32		0x1 0xfffffffe	0xfffffffe
v_mul_u32		0x1 0xffffffff	0xffffffff
v_mul_u32		0x7fffffff 0x0	0x00000000
v_mul_u32		0x7fffffff 0x1	0x7fffffff
v_mul_u32		0x7fffffff 0x7fffffff	0x00000001
v_mul_u32		0x7fffffff 0x80000000	0x80000000
v_mul_u32		0x7fffffff 0xfffffffe	0x00000002
v_mul_u32		0x7fffffff 0xffffffff	0x80000001
v_mul_u32		0x80000000 0x0	0x00000000
v_mul_u32		0x80000000 0x1	0x80000000
v_mul_u32		0x80000000 0x7fffffff	0x80000000
v_mul_u32		0x80000000 0x80000000	0x00000000
v_mul_u32		0x80000000 0xfffffffe	0x00000000
v_mul_u32		0x80000000 0xffffffff	0x80000000
v_mul_u32		0xfffffffe 0x0	0x00000000
v_mul_u32		0xfffffffe 0x1	0xfffffffe
v_mul_u32		0xfffffffe 0x7fffffff	0x00000002
v_mul_u32		0xfffffffe 0x80000000	0x00000000
v_mul_u32		0xfffffffe 0xfffffffe	0x00000004
v_mul_u32		0xfffffffe 0xffffffff	0x00000002
v_mul_u32		0xffffffff 0x0	0x00000000
v_mul_u32		0xffffffff 0x1	0xffffffff
v_mul_u32		0xffffffff 0x7fffffff	0x80000001
v_mul_u32		0xffffffff 0x80000000	0x80000000
v_mul_u32		0xffffffff 0xfffffffe	0x00000002
v_mul_u32		0xffffffff 0xffffffff	0x00000001
v_not_b32		0x0	0xffffffff
v_not_b32		0x1	0xfffffffe
v_not_b32		0x7fffffff	0x80000000
v_not_b32		0x80000000	0x7fffffff
v_not_b32		0xfffffffe	0x00000001
v_not_b32		0xffffffff	0x00000000
v_or_b32		0x0 0x0	0x00000000
v_or_b32		0x0 0x1	0x00000001
v_or_b32		0x0 0x7fffffff	0x7fffffff
v_or_b32		0x0 0x80000000	0x80000000
v_or_b32		0x0 0xfffffffe	0xfffffffe
v_or_b32		0x0 0xffffffff	0xffffffff
v_or_b32		0x1 0x0	0x00000001
v_or_b32		0x1 0x1	0x00000001
v_or_b32		0x1 0x7fffffff	0x7fffffff
v_or_b32		0x1 0x80000000	0x80000001
v_or_b32		0x1 0xfffffffe	0xffffffff
v_or_b32		0x1 0xffffffff	0xffffffff
v_or_b32		0x7fffffff 0x0	0x7fffffff
v_or_b32		0x7fffffff 0x1	0x7fffffff
v_or_b32		0x7fffffff 0x7fffffff	0x7fffffff
v_or_b32		0x7fffffff 0x80000000	0xffffffff
v_or_b32		0x7fffffff 0xfffffffe	0xffffffff
v_or_b32		0x7fffffff 0xffffffff	0xffffffff
v_or_b32		0x80000000 0x0	0x80000000
v_or_b32		0x80000000 0x1	0x80000001
v_or_b32		0x80000000 0x7fffffff	0xffffffff
v_or_b32		0x80000000 0x80000000	0x80000000
v_or_b32		0x80000000 0xfffffffe	0xfffffffe
v_or_b32		0x80000000 0xffffffff	0xffffffff
v_or_b32		0xfffffffe 0x0	0xfffffffe
v_or_b32		0xfffffffe 0x1	0xffffffff
v_or_b32		0xfffffffe 0x7fffffff	0xffffffff
v_or_b32		0xfffffffe 0x80000000	0xfffffffe
v_or_b32		0xfffffffe 0xfffffffe	0xfffffffe
v_or_b32		0xfffffffe 0xffffffff	0xffffffff
v_or_b32		0xffffffff 0x0	0xffffffff
v_or_b32		0xffffffff 0x1	0xffffffff
v_or_b32		0xffffffff 0x7fffffff	0xffffffff
v_or_b32		0xffffffff 0x80000000	0xffffffff
v_or_b32		0xffffffff 0xfffffffe	0xffffffff
v_or_b32		0xffffffff 0xffffffff	0xffffffff
v_pack_f16rtz_f32		0x0 0x0	0x00000000
v_pack_f16rtz_f32		0x0 0x80000000	0x80000000
v_pack_f16rtz_f32		0x0 0x3f000000	0x38000000
v_pack_f16rtz_f32		0x0 0x3f800000	0x3c000000
v_pack_f16rtz_f32		0x0 0xbf800000	0xbc000000
v_pack_f16rtz_f32		0x0 0x800000	0x00000000
v_pack_f16rtz_f32		0x0 0x7f7fffff	0x7bff0000
v_pack_f16rtz_f32		0x0 0x7f800000	0x7c000000
v_pack_f16rtz_f32		0x0 0xff800000	0xfc000000
v_pack_f16rtz_f32		0x0 0x7fc00000	0x7e000000
v_pack_f16rtz_f32		0x80000000 0x0	0x00008000
v_pack_f16rtz_f32		0x80000000 0x80000000	0x80008000
v_pack_f16rtz_f32		0x80000000 0x3f000000	0x38008000
v_pack_f16rtz_f32		0x80000000 0x3f800000	0x3c008000
v_pack_f16rtz_f32		0x80000000 0xbf800000	0xbc008000
v_pack_f16rtz_f32		0x80000000 0x800000	0x00008000
v_pack_f16rtz_f32		0x80000000 0x7f7fffff	0x7bff8000
v_pack_f16rtz_f32		0x80000000 0x7f800000	0x7c008000
v_pack_f16rtz_f32		0x80000000 0xff800000	0xfc008000
v_pack_f16rtz_f32		0x80000000 0x7fc00000	0x7e008000
v_pack_f16rtz_f32		0x3f000000 0x0	0x00003800
v_pack_f16rtz_f32		0x3f000000 0x80000000	0x80003800
v_pack_f16rtz_f32		0x3f000000 0x3f000000	0x38003800
v_pack_f16rtz_f32		0x3f000000 0x3f800000	0x3c003800
v_pack_f16rtz_f32		0x3f000000 0xbf800000	0xbc003800
v_pack_f16rtz_f32		0x3f000000 0x800000	0x00003800
v_pack_f16rtz_f32		0x3f000000 0x7f7fffff	0x7bff3800
v_pack_f16rtz_f32		0x3f000000 0x7f800000	0x7c003800
v_pack_f16rtz_f32		0x3f000000 0xff800000	0xfc003800
v_pack_f16rtz_f32		0x3f000000 0x7fc00000	0x7e003800
v_pack_f16rtz_f32		0x3f800000 0x0	0x00003c00
v_pack_f16rtz_f32		0x3f800000 0x80000000	0x80003c00
v_pack_f16rtz_f32		0x3f800000 0x3f000000	0x38003c00
v_pack_f16rtz_f32		0x3f800000 0x3f800000	0x3c003c00
v_pack_f16rtz_f32		0x3f800000 0xbf800000	0xbc003c00
v_pack_f16rtz_f32		0x3f800000 0x800000	0x00003c00
v_pack_f16rtz_f32		0x3f800000 0x7f7fffff	0x7bff3c00
v_pack_f16rtz_f32		0x3f800000 0x7f800000	0x7c003c00
v_pack_f16rtz_f32		0x3f800000 0xff800000	0xfc003c00
v_pack_f16rtz_f32		0x3f800000 0x7fc00000	0x7e003c00
v_pack_f16rtz_f32		0xbf800000 0x0	0x0000bc00
v_pack_f16rtz_f32		0xbf800000 0x80000000	0x8000bc00
v_pack_f16rtz_f32		0xbf800000 0x3f000000	0x3800bc00
v_pack_f16rtz_f32		0xbf800000 0x3f800000	0x3c00bc00
v_pack_f16rtz_f32		0xbf800000 0xbf800000	0xbc00bc00
v_pack_f16rtz_f32		0xbf800000 0x800000	0x0000bc00
v_pack_f16rtz_f32		0xbf800000 0x7f7fffff	0x7bffbc00
v_pack_f16rtz_f32		0xbf800000 0x7f800000	0x7c00bc00
v_pack_f16rtz_f32		0xbf800000 0xff800000	0xfc00bc00
v_pack_f16rtz_f32		0xbf800000 0x7fc00000	0x7e00bc00
v_pack_f16rtz_f32		0x800000 0x0	0x00000000
v_pack_f16rtz_f32		0x800000 0x80000000	0x80000000
v_pack_f16rtz_f32		0x800000 0x3f000000	0x38000000
v_pack_f16rtz_f32		0x800000 0x3f800000	0x3c000000
v_pack_f16rtz_f32		0x800000 0xbf800000	0xbc000000
v_pack_f16rtz_f32		0x800000 0x800000	0x00000000
v_pack_f16rtz_f32		0x800000 0x7f7fffff	0x7bff0000
v_pack_f16rtz_f32		0x800000 0x7f800000	0x7c000000
v_pack_f16rtz_f32		0x800000 0xff800000	0xfc000000
v_pack_f16rtz_f32		0x800000 0x7fc00000	0x7e000000
v_pack_f16rtz_f32		0x7f7fffff 0x0	0x00007bff
v_pack_f16rtz_f32		0x7f7fffff 0x80000000	0x80007bff
v_pack_f16rtz_f32		0x7f7fffff 0x3f000000	0x38007bff
v_pack_f16rtz_f32		0x7f7fffff 0x3f800000	0x3c007bff
v_pack_f16rtz_f32		0x7f7fffff 0xbf800000	0xbc007bff
v_pack_f16rtz_f32		0x7f7fffff 0x800000	0x00007bff
v_pack_f16rtz_f32		0x7f7fffff 0x7f7fffff	0x7bff7bff
v_pack_f16rtz_f32		0x7f7fffff 0x7f800000	0x7c007bff
v_pack_f16rtz_f32		0x7f7fffff 0xff800000	0xfc007bff
v_pack_f16rtz_f32		0x7f7fffff 0x7fc00000	0x7e007bff
v_pack_f16rtz_f32		0x7f800000 0x0	0x00007c00
v_pack_f16rtz_f32		0x7f800000 0x80000000	0x80007c00
v_pack_f16rtz_f32		0x7f800000 0x3f000000	0x38007c00
v_pack_f16rtz_f32		0x7f800000 0x3f800000	0x3c007c00
v_pack_f16rtz_f32		0x7f800000 0xbf800000	0xbc007c00
v_pack_f16rtz_f32		0x7f800000 0x800000	0x00007c00
v_pack_f16rtz_f32		0x7f800000 0x7f7fffff	0x7bff7c00
v_pack_f16rtz_f32		0x7f800000 0x7f800000	0x7c007c00
v_pack_f16rtz_f32		0x7f800000 0xff800000	0xfc007c00
v_pack_f16rtz_f32		0x7f800000 0x7fc00000	0x7e007c00
v_pack_f16rtz_f32		0xff800000 0x0	0x0000fc00
v_pack_f16rtz_f32		0xff800000 0x80000000	0x8000fc00
v_pack_f16rtz_f32		0xff800000 0x3f000000	0x3800fc00
v_pack_f16rtz_f32		0xff800000 0x3f800000	0x3c00fc00
v_pack_f16rtz_f32		0xff800000 0xbf800000	0xbc00fc00
v_pack_f16rtz_f32		0xff800000 0x800000	0x0000fc00
v_pack_f16rtz_f32		0xff800000 0x7f7fffff	0x7bfffc00
v_pack_f16rtz_f32		0xff800000 0x7f800000	0x7c00fc00
v_pack_f16rtz_f32		0xff800000 0xff800000	0xfc00fc00
v_pack_f16rtz_f32		0xff800000 0x7fc00000	0x7e00fc00
v_pack_f16rtz_f32		0x7fc00000 0x0	0x00007e00
v_pack_f16rtz_f32		0x7fc00000 0x80000000	0x80007e00
v_pack_f16rtz_f32		0x7fc00000 0x3f000000	0x38007e00
v_pack_f16rtz_f32		0x7fc00000 0x3f800000	0x3c007e00
v_pack_f16rtz_f32		0x7fc00000 0xbf800000	0xbc007e00
v_pack_f16rtz_f32		0x7fc00000 0x800000	0x00007e00
v_pack_f16rtz_f32		0x7fc00000 0x7f7fffff	0x7bff7e00
v_pack_f16rtz_f32		0x7fc00000 0x7f800000	0x7c007e00
v_pack_f16rtz_f32		0x7fc00000 0xff800000	0xfc007e00
v_pack_f16rtz_f32		0x7fc00000 0x7fc00000	0x7e007e00
v_pack_i16_i32		0x0 0x0 0x0	0x00000000
v_pack_i16_i32		0x0 0x1 0x0	0x00010000
v_pack_i16_i32		0x0 0x0 0x0	0x00000000
v_pack_i16_i32		0x0 0x1 0x0	0x00010000
v_pack_i16_i32		0x0 0x1 0x1	0x00010000
v_pack_i16_i32		0x0 0x0 0x1	0x00000000
v_pack_i16_i32		0x0 0x7fffffff 0x0	0x7fff0000
v_pack_i16_i32		0x0 0x1 0x7fffffff	0x00010000
v_pack_i16_i32		0x0 0x0 0x7fffffff	0x00000000
v_pack_i16_i32		0x0 0x80000000 0x0	0x80000000
v_pack_i16_i32		0x0 0x1 0x80000000	0x00010000
v_pack_i16_i32		0x0 0x0 0x80000000	0x00000000
v_pack_i16_i32		0x0 0xfffffffe 0x0	0xfffe0000
v_pack_i16_i32		0x0 0x1 0xfffffffe	0x00010000
v_pack_i16_i32		0x0 0x0 0xfffffffe	0x00000000
v_pack_i16_i32		0x0 0xffffffff 0x0	0xffff0000
v_pack_i16_i32		0x0 0x1 0xffffffff	0x00010000
v_pack_i16_i32		0x0 0x0 0xffffffff	0x00000000
v_pack_i16_i32		0x1 0x0 0x0	0x00000001
v_pack_i16_i32		0x1 0x1 0x0	0x00010001
v_pack_i16_i32		0x0 0x1 0x0	0x00010000
v_pack_i16_i32		0x1 0x1 0x0	0x00010001
v_pack_i16_i32		0x1 0x1 0x1	0x00010001
v_pack_i16_i32		0x0 0x1 0x1	0x00010000
v_pack_i16_i32		0x1 0x7fffffff 0x0	0x7fff0001
v_pack_i16_i32		0x1 0x1 0x7fffffff	0x00010001
v_pack_i16_i32		0x0 0x1 0x7fffffff	0x00010000
v_pack_i16_i32		0x1 0x80000000 0x0	0x80000001
v_pack_i16_i32		0x1 0x1 0x80000000	0x00010001
v_pack_i16_i32		0x0 0x1 0x80000000	0x00010000
v_pack_i16_i32		0x1 0xfffffffe 0x0	0xfffe0001
v_pack_i16_i32		0x1 0x1 0xfffffffe	0x00010001
v_pack_i16_i32		0x0 0x1 0xfffffffe	0x00010000
v_pack_i16_i32		0x1 0xffffffff 0x0	0xffff0001
v_pack_i16_i32		0x1 0x1 0xffffffff	0x00010001
v_pack_i16_i32		0x0 0x1 0xffffffff	0x00010000
v_pack_i16_i32		0x7fffffff 0x0 0x0	0x00007fff
v_pack_i16_i32		0x7fffffff 0x1 0x0	0x00017fff
v_pack_i16_i32		0x0 0x7fffffff 0x0	0x7fff0000
v_pack_i16_i32		0x7fffffff 0x1 0x0	0x00017fff
v_pack_i16_i32		0x7fffffff 0x1 0x1	0x00017fff
v_pack_i16_i32		0x0 0x7fffffff 0x1	0x7fff0000
v_pack_i16_i32		0x7fffffff 0x7fffffff 0x0	0x7fff7fff
v_pack_i16_i32		0x7fffffff 0x1 0x7fffffff	0x00017fff
v_pack_i16_i32		0x0 0x7fffffff 0x7fffffff	0x7fff0000
v_pack_i16_i32		0x7fffffff 0x80000000 0x0	0x80007fff
v_pack_i16_i32		0x7fffffff 0x1 0x80000000	0x00017fff
v_pack_i16_i32		0x0 0x7fffffff 0x80000000	0x7fff0000
v_pack_i16_i32		0x7fffffff 0xfffffffe 0x0	0xfffe7fff
v_pack_i16_i32		0x7fffffff 0x1 0xfffffffe	0x00017fff
v_pack_i16_i32		0x0 0x7fffffff 0xfffffffe	0x7fff0000
v_pack_i16_i32		0x7fffffff 0xffffffff 0x0	0xffff7fff
v_pack_i16_i32		0x7fffffff 0x1 0xffffffff	0x00017fff
v_pack_i16_i32		0x0 0x7fffffff 0xffffffff	0x7fff0000
v_pack_i16_i32		0x80000000 0x0 0x0	0x00008000
v_pack_i16_i32		0x80000000 0x1 0x0	0x00018000
v_pack_i16_i32		0x0 0x80000000 0x0	0x80000000
v_pack_i16_i32		0x80000000 0x1 0x0	0x00018000
v_pack_i16_i32		0x80000000 0x1 0x1	0x00018000
v_pack_i16_i32		0x0 0x80000000 0x1	0x80000000
v_pack_i16_i32		0x80000000 0x7fffffff 0x0	0x7fff8000
v_pack_i16_i32		0x80000000 0x1 0x7fffffff	0x00018000
v_pack_i16_i32		0x0 0x80000000 0x7fffffff	0x80000000
v_pack_i16_i32		0x80000000 0x80000000 0x0	0x80008000
v_pack_i16_i32		0x80000000 0x1 0x80000000	0x00018000
v_pack_i16_i32		0x0 0x80000000 0x80000000	0x80000000
v_pack_i16_i32		0x80000000 0xfffffffe 0x0	0xfffe8000
v_pack_i16_i32		0x80000000 0x1 0xfffffffe	0x00018000
v_pack_i16_i32		0x0 0x80000000 0xfffffffe	0x80000000
v_pack_i16_i32		0x80000000 0xffffffff 0x0	0xffff8000
v_pack_i16_i32		0x80000000 0x1 0xffffffff	0x00018000
v_pack_i16_i32		0x0 0x80000000 0xffffffff	0x80000000
v_pack_i16_i32		0xfffffffe 0x0 0x0	0x0000fffe
v_pack_i16_i32		0xfffffffe 0x1 0x0	0x0001fffe
v_pack_i16_i32		0x0 0xfffffffe 0x0	0xfffe0000
v_pack_i16_i32		0xfffffffe 0x1 0x0	0x0001fffe
v_pack_i16_i32		0xfffffffe 0x1 0x1	0x0001fffe
v_pack_i16_i32		0x0 0xfffffffe 0x1	0xfffe0000
v_pack_i16_i32		0xfffffffe 0x7fffffff 0x0	0x7ffffffe
v_pack_i16_i32		0xfffffffe 0x1 0x7fffffff	0x0001fffe
v_pack_i16_i32		0x0 0xfffffffe 0x7fffffff	0xfffe0000
v_pack_i16_i32		0xfffffffe 0x80000000 0x0	0x8000fffe
v_pack_i16_i32		0xfffffffe 0x1 0x80000000	0x0001fffe
v_pack_i16_i32		0x0 0xfffffffe 0x80000000	0xfffe0000
v_pack_i16_i32		0xfffffffe 0xfffffffe 0x0	0xfffefffe
v_pack_i16_i32		0xfffffffe 0x1 0xfffffffe	0x0001fffe
v_pack_i16_i32		0x0 0xfffffffe 0xfffffffe	0xfffe0000
v_pack_i16_i32		0xfffffffe 0xffffffff 0x0	0xfffffffe
v_pack_i16_i32		0xfffffffe 0x1 0xffffffff	0x0001fffe
v_pack_i16_i32		0x0 0xfffffffe 0xffffffff	0xfffe0000
v_pack_i16_i32		0xffffffff 0x0 0x0	0x0000ffff
v_pack_i16_i32		0xffffffff 0x1 0x0	0x0001ffff
v_pack_i16_i32		0x0 0xffffffff 0x0	0xffff0000
v_pack_i16_i32		0xffffffff 0x1 0x0	0x0001ffff
v_pack_i16_i32		0xffffffff 0x1 0x1	0x0001ffff
v_pack_i16_i32		0x0 0xffffffff 0x1	0xffff0000
v_pack_i16_i32		0xffffffff 0x7fffffff 0x0	0x7fffffff
v_pack_i16_i32		0xffffffff 0x1 0x7fffffff	0x0001ffff
v_pack_i16_i32		0x0 0xffffffff 0x7fffffff	0xffff0000
v_pack_i16_i32		0xffffffff 0x80000000 0x0	0x8000ffff
v_pack_i16_i32		0xffffffff 0x1 0x80000000	0x0001ffff
v_pack_i16_i32		0x0 0xffffffff 0x80000000	0xffff0000
v_pack_i16_i32		0xffffffff 0xfffffffe 0x0	0xfffeffff
v_pack_i16_i32		0xffffffff 0x1 0xfffffffe	0x0001ffff
v_pack_i16_i32		0x0 0xffffffff 0xfffffffe	0xffff0000
v_pack_i16_i32		0xffffffff 0xffffffff 0x0	0xffffffff
v_pack_i16_i32		0xffffffff 0x1 0xffffffff	0x0001ffff
v_pack_i16_i32		0x0 0xffffffff 0xffffffff	0xffff0000
v_pack_i16_i32		0x0 0x0 0x0	0x00000000
v_pack_i16_i32		0x1 0x1 0x1	0x00010001
v_pack_i16_i32		0x7fffffff 0x7fffffff 0x7fffffff	0x7fff7fff
v_pack_i16_i32		0x80000000 0x80000000 0x80000000	0x80008000
v_pack_i16_i32		0xfffffffe 0xfffffffe 0xfffffffe	0xfffefffe
v_pack_i16_i32		0xffffffff 0xffffffff 0xffffffff	0xffffffff
v_pack_i8_i32		0x0 0x0 0x0	0x00000000
v_pack_i8_i32		0x0 0x1 0x0	0x00000000
v_pack_i8_i32		0x0 0x0 0x0	0x00000000
v_pack_i8_i32		0x0 0x1 0x0	0x00000000
v_pack_i8_i32		0x0 0x1 0x1	0x00000001
v_pack_i8_i32		0x0 0x0 0x1	0x00000000
v_pack_i8_i32		0x0 0x7fffffff 0x0	0x00000000
v_pack_i8_i32		0x0 0x1 0x7fffffff	0x7fff00ff
v_pack_i8_i32		0x0 0x0 0x7fffffff	0x7fffff00
v_pack_i8_i32		0x0 0x80000000 0x0	0x00000000
v_pack_i8_i32		0x0 0x1 0x80000000	0x80000000
v_pack_i8_i32		0x0 0x0 0x80000000	0x80000000
v_pack_i8_i32		0x0 0xfffffffe 0x0	0x00000000
v_pack_i8_i32		0x0 0x1 0xfffffffe	0xffff00fe
v_pack_i8_i32		0x0 0x0 0xfffffffe	0xffffff00
v_pack_i8_i32		0x0 0xffffffff 0x0	0x00000000
v_pack_i8_i32		0x0 0x1 0xffffffff	0xffff00ff
v_pack_i8_i32		0x0 0x0 0xffffffff	0xffffff00
v_pack_i8_i32		0x1 0x0 0x0	0x00000001
v_pack_i8_i32		0x1 0x1 0x0	0x00000100
v_pack_i8_i32		0x0 0x1 0x0	0x00000000
v_pack_i8_i32		0x1 0x1 0x0	0x00000100
v_pack_i8_i32		0x1 0x1 0x1	0x00000101
v_pack_i8_i32		0x0 0x1 0x1	0x00000001
v_pack_i8_i32		0x1 0x7fffffff 0x0	0x01000000
v_pack_i8_i32		0x1 0x1 0x7fffffff	0x7fff01ff
v_pack_i8_i32		0x0 0x1 0x7fffffff	0x7fff00ff
v_pack_i8_i32		0x1 0x80000000 0x0	0x00000001
v_pack_i8_i32		0x1 0x1 0x80000000	0x80000100
v_pack_i8_i32		0x0 0x1 0x80000000	0x80000000
v_pack_i8_i32		0x1 0xfffffffe 0x0	0x00010000
v_pack_i8_i32		0x1 0x1 0xfffffffe	0xffff01fe
v_pack_i8_i32		0x0 0x1 0xfffffffe	0xffff00fe
v_pack_i8_i32		0x1 0xffffffff 0x0	0x01000000
v_pack_i8_i32		0x1 0x1 0xffffffff	0xffff01ff
v_pack_i8_i32		0x0 0x1 0xffffffff	0xffff00ff
v_pack_i8_i32		0x7fffffff 0x0 0x0	0x0000007f
v_pack_i8_i32		0x7fffffff 0x1 0x0	0x00007f00
v_pack_i8_i32		0x0 0x7fffffff 0x0	0x00000000
v_pack_i8_i32		0x7fffffff 0x1 0x0	0x00007f00
v_pack_i8_i32		0x7fffffff 0x1 0x1	0x00007f01
v_pack_i8_i32		0x0 0x7fffffff 0x1	0x00000001
v_pack_i8_i32		0x7fffffff 0x7fffffff 0x0	0x7f000000
v_pack_i8_i32		0x7fffffff 0x1 0x7fffffff	0x7fff7fff
v_pack_i8_i32		0x0 0x7fffffff 0x7fffffff	0x00ffffff
v_pack_i8_i32		0x7fffffff 0x80000000 0x0	0x0000007f
v_pack_i8_i32		0x7fffffff 0x1 0x80000000	0x80007f00
v_pack_i8_i32		0x0 0x7fffffff 0x80000000	0x00000000
v_pack_i8_i32		0x7fffffff 0xfffffffe 0x0	0x007f0000
v_pack_i8_i32		0x7fffffff 0x1 0xfffffffe	0xffff7ffe
v_pack_i8_i32		0x0 0x7fffffff 0xfffffffe	0x00fffffe
v_pack_i8_i32		0x7fffffff 0xffffffff 0x0	0x7f000000
v_pack_i8_i32		0x7fffffff 0x1 0xffffffff	0xffff7fff
v_pack_i8_i32		0x0 0x7fffffff 0xffffffff	0x00ffffff
v_pack_i8_i32		0x80000000 0x0 0x0	0x00000080
v_pack_i8_i32		0x80000000 0x1 0x0	0x00008000
v_pack_i8_i32		0x0 0x80000000 0x0	0x00000000
v_pack_i8_i32		0x80000000 0x1 0x0	0x00008000
v_pack_i8_i32		0x80000000 0x1 0x1	0x00008001
v_pack_i8_i32		0x0 0x80000000 0x1	0x00000000
v_pack_i8_i32		0x80000000 0x7fffffff 0x0	0x80000000
v_pack_i8_i32		0x80000000 0x1 0x7fffffff	0x7fff80ff
v_pack_i8_i32		0x0 0x80000000 0x7fffffff	0x7fffff00
v_pack_i8_i32		0x80000000 0x80000000 0x0	0x00000080
v_pack_i8_i32		0x80000000 0x1 0x80000000	0x80008000
v_pack_i8_i32		0x0 0x80000000 0x80000000	0x80000000
v_pack_i8_i32		0x80000000 0xfffffffe 0x0	0x00800000
v_pack_i8_i32		0x80000000 0x1 0xfffffffe	0xffff80fe
v_pack_i8_i32		0x0 0x80000000 0xfffffffe	0xffffff00
v_pack_i8_i32		0x80000000 0xffffffff 0x0	0x80000000
v_pack_i8_i32		0x80000000 0x1 0xffffffff	0xffff80ff
v_pack_i8_i32		0x0 0x80000000 0xffffffff	0xffffff00
v_pack_i8_i32		0xfffffffe 0x0 0x0	0x000000fe
v_pack_i8_i32		0xfffffffe 0x1 0x0	0x0000fe00
v_pack_i8_i32		0x0 0xfffffffe 0x0	0x00000000
v_pack_i8_i32		0xfffffffe 0x1 0x0	0x0000fe00
v_pack_i8_i32		0xfffffffe 0x1 0x1	0x0000fe01
v_pack_i8_i32		0x0 0xfffffffe 0x1	0x00000001
v_pack_i8_i32		0xfffffffe 0x7fffffff 0x0	0xfe000000
v_pack_i8_i32		0xfffffffe 0x1 0x7fffffff	0x7ffffeff
v_pack_i8_i32		0x0 0xfffffffe 0x7fffffff	0x7f00ffff
v_pack_i8_i32		0xfffffffe 0x80000000 0x0	0x000000fe
v_pack_i8_i32		0xfffffffe 0x1 0x80000000	0x8000fe00
v_pack_i8_i32		0x0 0xfffffffe 0x80000000	0x80000000
v_pack_i8_i32		0xfffffffe 0xfffffffe 0x0	0x00fe0000
v_pack_i8_i32		0xfffffffe 0x1 0xfffffffe	0xfffffefe
v_pack_i8_i32		0x0 0xfffffffe 0xfffffffe	0xff00fffe
v_pack_i8_i32		0xfffffffe 0xffffffff 0x0	0xfe000000
v_pack_i8_i32		0xfffffffe 0x1 0xffffffff	0xfffffeff
v_pack_i8_i32		0x0 0xfffffffe 0xffffffff	0xff00ffff
v_pack_i8_i32		0xffffffff 0x0 0x0	0x000000ff
v_pack_i8_i32		0xffffffff 0x1 0x0	0x0000ff00
v_pack_i8_i32		0x0 0xffffffff 0x0	0x00000000
v_pack_i8_i32		0xffffffff 0x1 0x0	0x0000ff00
v_pack_i8_i32		0xffffffff 0x1 0x1	0x0000ff01
v_pack_i8_i32		0x0 0xffffffff 0x1	0x00000001
v_pack_i8_i32		0xffffffff 0x7fffffff 0x0	0xff000000
v_pack_i8_i32		0xffffffff 0x1 0x7fffffff	0x7fffffff
v_pack_i8_i32		0x0 0xffffffff 0x7fffffff	0x00ffffff
v_pack_i8_i32		0xffffffff 0x80000000 0x0	0x000000ff
v_pack_i8_i32		0xffffffff 0x1 0x80000000	0x8000ff00
v_pack_i8_i32		0x0 0xffffffff 0x80000000	0x00000000
v_pack_i8_i32		0xffffffff 0xfffffffe 0x0	0x00ff0000
v_pack_i8_i32		0xffffffff 0x1 0xfffffffe	0xfffffffe
v_pack_i8_i32		0x0 0xffffffff 0xfffffffe	0x00fffffe
v_pack_i8_i32		0xffffffff 0xffffffff 0x0	0xff000000
v_pack_i8_i32		0xffffffff 0x1 0xffffffff	0xffffffff
v_pack_i8_i32		0x0 0xffffffff 0xffffffff	0x00ffffff
v_pack_i8_i32		0x0 0x0 0x0	0x00000000
v_pack_i8_i32		0x1 0x1 0x1	0x00000101
v_pack_i8_i32		0x7fffffff 0x7fffffff 0x7fffffff	0x7fffffff
v_pack_i8_i32		0x80000000 0x80000000 0x80000000	0x80000080
v_pack_i8_i32		0xfffffffe 0xfffffffe 0xfffffffe	0xfffefffe
v_pack_i8_i32		0xffffffff 0xffffffff 0xffffffff	0xffffffff
v_pack_snorm16_f32		0x0	0x00000000
v_pack_snorm16_f32		0x80000000	0x00000000
v_pack_snorm16_f32		0x3f000000	0x00004000
v_pack_snorm16_f32		0x3f800000	0x00007fff
v_pack_snorm16_f32		0xbf800000	0x00008001
v_pack_snorm16_f32		0x800000	0x00000000
v_pack_snorm16_f32		0x7f7fffff	0x00007fff
v_pack_snorm16_f32		0x7f800000	0x00007fff
v_pack_snorm16_f32		0xff800000	0x00008000
v_pack_snorm16_f32		0x7fc00000	0x00000000
v_pack_u16_u32		0x0 0x0 0x0	0x00000000
v_pack_u16_u32		0x0 0x1 0x0	0x00010000
v_pack_u16_u32		0x0 0x0 0x0	0x00000000
v_pack_u16_u32		0x0 0x1 0x0	0x00010000
v_pack_u16_u32		0x0 0x1 0x1	0x00010000
v_pack_u16_u32		0x0 0x0 0x1	0x00000000
v_pack_u16_u32		0x0 0x7fffffff 0x0	0xffff0000
v_pack_u16_u32		0x0 0x1 0x7fffffff	0x00010000
v_pack_u16_u32		0x0 0x0 0x7fffffff	0x00000000
v_pack_u16_u32		0x0 0x80000000 0x0	0xffff0000
v_pack_u16_u32		0x0 0x1 0x80000000	0x00010000
v_pack_u16_u32		0x0 0x0 0x80000000	0x00000000
v_pack_u16_u32		0x0 0xfffffffe 0x0	0xffff0000
v_pack_u16_u32		0x0 0x1 0xfffffffe	0x00010000
v_pack_u16_u32		0x0 0x0 0xfffffffe	0x00000000
v_pack_u16_u32		0x0 0xffffffff 0x0	0xffff0000
v_pack_u16_u32		0x0 0x1 0xffffffff	0x00010000
v_pack_u16_u32		0x0 0x0 0xffffffff	0x00000000
v_pack_u16_u32		0x1 0x0 0x0	0x00000001
v_pack_u16_u32		0x1 0x1 0x0	0x00010001
v_pack_u16_u32		0x0 0x1 0x0	0x00010000
v_pack_u16_u32		0x1 0x1 0x0	0x00010001
v_pack_u16_u32		0x1 0x1 0x1	0x00010001
v_pack_u16_u32		0x0 0x1 0x1	0x00010000
v_pack_u16_u32		0x1 0x7fffffff 0x0	0xffff0001
v_pack_u16_u32		0x1 0x1 0x7fffffff	0x00010001
v_pack_u16_u32		0x0 0x1 0x7fffffff	0x00010000
v_pack_u16_u32		0x1 0x80000000 0x0	0xffff0001
v_pack_u16_u32		0x1 0x1 0x80000000	0x00010001
v_pack_u16_u32		0x0 0x1 0x80000000	0x00010000
v_pack_u16_u32		0x1 0xfffffffe 0x0	0xffff0001
v_pack_u16_u32		0x1 0x1 0xfffffffe	0x00010001
v_pack_u16_u32		0x0 0x1 0xfffffffe	0x00010000
v_pack_u16_u32		0x1 0xffffffff 0x0	0xffff0001
v_pack_u16_u32		0x1 0x1 0xffffffff	0x00010001
v_pack_u16_u32		0x0 0x1 0xffffffff	0x00010000
v_pack_u16_u32		0x7fffffff 0x0 0x0	0x0000ffff
v_pack_u16_u32		0x7fffffff 0x1 0x0	0x0001ffff
v_pack_u16_u32		0x0 0x7fffffff 0x0	0xffff0000
v_pack_u16_u32		0x7fffffff 0x1 0x0	0x0001ffff
v_pack_u16_u32		0x7fffffff 0x1 0x1	0x0001ffff
v_pack_u16_u32		0x0 0x7fffffff 0x1	0xffff0000
v_pack_u16_u32		0x7fffffff 0x7fffffff 0x0	0xffffffff
v_pack_u16_u32		0x7fffffff 0x1 0x7fffffff	0x0001ffff
v_pack_u16_u32		0x0 0x7fffffff 0x7fffffff	0xffff0000
v_pack_u16_u32		0x7fffffff 0x80000000 0x0	0xffffffff
v_pack_u16_u32		0x7fffffff 0x1 0x80000000	0x0001ffff
v_pack_u16_u32		0x0 0x7fffffff 0x80000000	0xffff0000
v_pack_u16_u32		0x7fffffff 0xfffffffe 0x0	0xffffffff
v_pack_u16_u32		0x7fffffff 0x1 0xfffffffe	0x0001ffff
v_pack_u16_u32		0x0 0x7fffffff 0xfffffffe	0xffff0000
v_pack_u16_u32		0x7fffffff 0xffffffff 0x0	0xffffffff
v_pack_u16_u32		0x7fffffff 0x1 0xffffffff	0x0001ffff
v_pack_u16_u32		0x0 0x7fffffff 0xffffffff	0xffff0000
v_pack_u16_u32		0x80000000 0x0 0x0	0x0000ffff
v_pack_u16_u32		0x80000000 0x1 0x0	0x0001ffff
v_pack_u16_u32		0x0 0x80000000 0x0	0xffff0000
v_pack_u16_u32		0x80000000 0x1 0x0	0x0001ffff
v_pack_u16_u32		0x80000000 0x1 0x1	0x0001ffff
v_pack_u16_u32		0x0 0x80000000 0x1	0xffff0000
v_pack_u16_u32		0x80000000 0x7fffffff 0x0	0xffffffff
v_pack_u16_u32		0x80000000 0x1 0x7fffffff	0x0001ffff
v_pack_u16_u32		0x0 0x80000000 0x7fffffff	0xffff0000
v_pack_u16_u32		0x80000000 0x80000000 0x0	0xffffffff
v_pack_u16_u32		0x80000000 0x1 0x80000000	0x0001ffff
v_pack_u16_u32		0x0 0x80000000 0x80000000	0xffff0000
v_pack_u16_u32		0x80000000 0xfffffffe 0x0	0xffffffff
v_pack_u16_u32		0x80000000 0x1 0xfffffffe	0x0001ffff
v_pack_u16_u32		0x0 0x80000000 0xfffffffe	0xffff0000
v_pack_u16_u32		0x80000000 0xffffffff 0x0	0xffffffff
v_pack_u16_u32		0x80000000 0x1 0xffffffff	0x0001ffff
v_pack_u16_u32		0x0 0x80000000 0xffffffff	0xffff0000
v_pack_u16_u32		0xfffffffe 0x0 0x0	0x0000ffff
v_pack_u16_u32		0xfffffffe 0x1 0x0	0x0001ffff
v_pack_u16_u32		0x0 0xfffffffe 0x0	0xffff0000
v_pack_u16_u32		0xfffffffe 0x1 0x0	0x0001ffff
v_pack_u16_u32		0xfffffffe 0x1 0x1	0x0001ffff
v_pack_u16_u32		0x0 0xfffffffe 0x1	0xffff0000
v_pack_u16_u32		0xfffffffe 0x7fffffff 0x0	0xffffffff
v_pack_u16_u32		0xfffffffe 0x1 0x7fffffff	0x0001ffff
v_pack_u16_u32		0x0 0xfffffffe 0x7fffffff	0xffff0000
v_pack_u16_u32		0xfffffffe 0x80000000 0x0	0xffffffff
v_pack_u16_u32		0xfffffffe 0x1 0x80000000	0x0001ffff
v_pack_u16_u32		0x0 0xfffffffe 0x80000000	0xffff0000
v_pack_u16_u32		0xfffffffe 0xfffffffe 0x0	0xffffffff
v_pack_u16_u32		0xfffffffe 0x1 0xfffffffe	0x0001ffff
v_pack_u16_u32		0x0 0xfffffffe 0xfffffffe	0xffff0000
v_pack_u16_u32		0xfffffffe 0xffffffff 0x0	0xffffffff
v_pack_u16_u32		0xfffffffe 0x1 0xffffffff	0x0001ffff
v_pack_u16_u32		0x0 0xfffffffe 0xffffffff	0xffff0000
v_pack_u16_u32		0xffffffff 0x0 0x0	0x0000ffff
v_pack_u16_u32		0xffffffff 0x1 0x0	0x0001ffff
v_pack_u16_u32		0x0 0xffffffff 0x0	0xffff0000
v_pack_u16_u32		0xffffffff 0x1 0x0	0x0001ffff
v_pack_u16_u32		0xffffffff 0x1 0x1	0x0001ffff
v_pack_u16_u32		0x0 0xffffffff 0x1	0xffff0000
v_pack_u16_u32		0xffffffff 0x7fffffff 0x0	0xffffffff
v_pack_u16_u32		0xffffffff 0x1 0x7fffffff	0x0001ffff
v_pack_u16_u32		0x0 0xffffffff 0x7fffffff	0xffff0000
v_pack_u16_u32		0xffffffff 0x80000000 0x0	0xffffffff
v_pack_u16_u32		0xffffffff 0x1 0x80000000	0x0001ffff
v_pack_u16_u32		0x0 0xffffffff 0x80000000	0xffff0000
v_pack_u16_u32		0xffffffff 0xfffffffe 0x0	0xffffffff
v_pack_u16_u32		0xffffffff 0x1 0xfffffffe	0x0001ffff
v_pack_u16_u32		0x0 0xffffffff 0xfffffffe	0xffff0000
v_pack_u16_u32		0xffffffff 0xffffffff 0x0	0xffffffff
v_pack_u16_u32		0xffffffff 0x1 0xffffffff	0x0001ffff
v_pack_u16_u32		0x0 0xffffffff 0xffffffff	0xffff0000
v_pack_u16_u32		0x0 0x0 0x0	0x00000000
v_pack_u16_u32		0x1 0x1 0x1	0x00010001
v_pack_u16_u32		0x7fffffff 0x7fffffff 0x7fffffff	0xffffffff
v_pack_u16_u32		0x80000000 0x80000000 0x80000000	0xffffffff
v_pack_u16_u32		0xfffffffe 0xfffffffe 0xfffffffe	0xffffffff
v_pack_u16_u32		0xffffffff 0xffffffff 0xffffffff	0xffffffff
v_pack_u8_f32		0x0 0x0 0x0	0x00000000
v_pack_u8_f32		0x0 0x1 0x0	0x00000000
v_pack_u8_f32		0x0 0x0 0x0	0x00000000
v_pack_u8_f32		0x0 0x80000000 0x0	0x00000000
v_pack_u8_f32		0x0 0x1 0x80000000	0x80000000
v_pack_u8_f32		0x0 0x0 0x80000000	0x80000000
v_pack_u8_f32		0x0 0x3f000000 0x0	0x00000000
v_pack_u8_f32		0x0 0x1 0x3f000000	0x3f000000
v_pack_u8_f32		0x0 0x0 0x3f000000	0x3f000000
v_pack_u8_f32		0x0 0x3f800000 0x0	0x00000000
v_pack_u8_f32		0x0 0x1 0x3f800000	0x3f800000
v_pack_u8_f32		0x0 0x0 0x3f800000	0x3f800000
v_pack_u8_f32		0x0 0xbf800000 0x0	0x00000000
v_pack_u8_f32		0x0 0x1 0xbf800000	0xbf800000
v_pack_u8_f32		0x0 0x0 0xbf800000	0xbf800000
v_pack_u8_f32		0x0 0x800000 0x0	0x00000000
v_pack_u8_f32		0x0 0x1 0x800000	0x00800000
v_pack_u8_f32		0x0 0x0 0x800000	0x00800000
v_pack_u8_f32		0x0 0x7f7fffff 0x0	0x00000000
v_pack_u8_f32		0x0 0x1 0x7f7fffff	0x7f7f00ff
v_pack_u8_f32		0x0 0x0 0x7f7fffff	0x7f7fff00
v_pack_u8_f32		0x0 0x7f800000 0x0	0x00000000
v_pack_u8_f32		0x0 0x1 0x7f800000	0x7f800000
v_pack_u8_f32		0x0 0x0 0x7f800000	0x7f800000
v_pack_u8_f32		0x0 0xff800000 0x0	0x00000000
v_pack_u8_f32		0x0 0x1 0xff800000	0xff800000
v_pack_u8_f32		0x0 0x0 0xff800000	0xff800000
v_pack_u8_f32		0x0 0x7fc00000 0x0	0x00000000
v_pack_u8_f32		0x0 0x1 0x7fc00000	0x7fc00000
v_pack_u8_f32		0x0 0x0 0x7fc00000	0x7fc00000
v_pack_u8_f32		0x80000000 0x0 0x0	0x00000000
v_pack_u8_f32		0x80000000 0x1 0x0	0x00000000
v_pack_u8_f32		0x0 0x80000000 0x0	0x00000000
v_pack_u8_f32		0x80000000 0x80000000 0x0	0x00000000
v_pack_u8_f32		0x80000000 0x1 0x80000000	0x80000000
v_pack_u8_f32		0x0 0x80000000 0x80000000	0x80000000
v_pack_u8_f32		0x80000000 0x3f000000 0x0	0x00000000
v_pack_u8_f32		0x80000000 0x1 0x3f000000	0x3f000000
v_pack_u8_f32		0x0 0x80000000 0x3f000000	0x3f000000
v_pack_u8_f32		0x80000000 0x3f800000 0x0	0x00000000
v_pack_u8_f32		0x80000000 0x1 0x3f800000	0x3f800000
v_pack_u8_f32		0x0 0x80000000 0x3f800000	0x3f800000
v_pack_u8_f32		0x80000000 0xbf800000 0x0	0x00000000
v_pack_u8_f32		0x80000000 0x1 0xbf800000	0xbf800000
v_pack_u8_f32		0x0 0x80000000 0xbf800000	0xbf800000
v_pack_u8_f32		0x80000000 0x800000 0x0	0x00000000
v_pack_u8_f32		0x80000000 0x1 0x800000	0x00800000
v_pack_u8_f32		0x0 0x80000000 0x800000	0x00800000
v_pack_u8_f32		0x80000000 0x7f7fffff 0x0	0x00000000
v_pack_u8_f32		0x80000000 0x1 0x7f7fffff	0x7f7f00ff
v_pack_u8_f32		0x0 0x80000000 0x7f7fffff	0x7f7fff00
v_pack_u8_f32		0x80000000 0x7f800000 0x0	0x00000000
v_pack_u8_f32		0x80000000 0x1 0x7f800000	0x7f800000
v_pack_u8_f32		0x0 0x80000000 0x7f800000	0x7f800000
v_pack_u8_f32		0x80000000 0xff800000 0x0	0x00000000
v_pack_u8_f32		0x80000000 0x1 0xff800000	0xff800000
v_pack_u8_f32		0x0 0x80000000 0xff800000	0xff800000
v_pack_u8_f32		0x80000000 0x7fc00000 0x0	0x00000000
v_pack_u8_f32		0x80000000 0x1 0x7fc00000	0x7fc00000
v_pack_u8_f32		0x0 0x80000000 0x7fc00000	0x7fc00000
v_pack_u8_f32		0x3f000000 0x0 0x0	0x00000000
v_pack_u8_f32		0x3f000000 0x1 0x0	0x00000000
v_pack_u8_f32		0x0 0x3f000000 0x0	0x00000000
v_pack_u8_f32		0x3f000000 0x80000000 0x0	0x00000000
v_pack_u8_f32		0x3f000000 0x1 0x80000000	0x80000000
v_pack_u8_f32		0x0 0x3f000000 0x80000000	0x80000000
v_pack_u8_f32		0x3f000000 0x3f000000 0x0	0x00000000
v_pack_u8_f32		0x3f000000 0x1 0x3f000000	0x3f000000
v_pack_u8_f32		0x0 0x3f000000 0x3f000000	0x3f000000
v_pack_u8_f32		0x3f000000 0x3f800000 0x0	0x00000000
v_pack_u8_f32		0x3f000000 0x1 0x3f800000	0x3f800000
v_pack_u8_f32		0x0 0x3f000000 0x3f800000	0x3f800000
v_pack_u8_f32		0x3f000000 0xbf800000 0x0	0x00000000
v_pack_u8_f32		0x3f000000 0x1 0xbf800000	0xbf800000
v_pack_u8_f32		0x0 0x3f000000 0xbf800000	0xbf800000
v_pack_u8_f32		0x3f000000 0x800000 0x0	0x00000000
v_pack_u8_f32		0x3f000000 0x1 0x800000	0x00800000
v_pack_u8_f32		0x0 0x3f000000 0x800000	0x00800000
v_pack_u8_f32		0x3f000000 0x7f7fffff 0x0	0x00000000
v_pack_u8_f32		0x3f000000 0x1 0x7f7fffff	0x7f7f00ff
v_pack_u8_f32		0x0 0x3f000000 0x7f7fffff	0x7f7fff00
v_pack_u8_f32		0x3f000000 0x7f800000 0x0	0x00000000
v_pack_u8_f32		0x3f000000 0x1 0x7f800000	0x7f800000
v_pack_u8_f32		0x0 0x3f000000 0x7f800000	0x7f800000
v_pack_u8_f32		0x3f000000 0xff800000 0x0	0x00000000
v_pack_u8_f32		0x3f000000 0x1 0xff800000	0xff800000
v_pack_u8_f32		0x0 0x3f000000 0xff800000	0xff800000
v_pack_u8_f32		0x3f000000 0x7fc00000 0x0	0x00000000
v_pack_u8_f32		0x3f000000 0x1 0x7fc00000	0x7fc00000
v_pack_u8_f32		0x0 0x3f000000 0x7fc00000	0x7fc00000
v_pack_u8_f32		0x3f800000 0x0 0x0	0x00000001
v_pack_u8_f32		0x3f800000 0x1 0x0	0x00000100
v_pack_u8_f32		0x0 0x3f800000 0x0	0x00000000
v_pack_u8_f32		0x3f800000 0x80000000 0x0	0x00000001
v_pack_u8_f32		0x3f800000 0x1 0x80000000	0x80000100
v_pack_u8_f32		0x0 0x3f800000 0x80000000	0x80000000
v_pack_u8_f32		0x3f800000 0x3f000000 0x0	0x00000001
v_pack_u8_f32		0x3f800000 0x1 0x3f000000	0x3f000100
v_pack_u8_f32		0x0 0x3f800000 0x3f000000	0x3f000000
v_pack_u8_f32		0x3f800000 0x3f800000 0x0	0x00000001
v_pack_u8_f32		0x3f800000 0x1 0x3f800000	0x3f800100
v_pack_u8_f32		0x0 0x3f800000 0x3f800000	0x3f800000
v_pack_u8_f32		0x3f800000 0xbf800000 0x0	0x00000001
v_pack_u8_f32		0x3f800000 0x1 0xbf800000	0xbf800100
v_pack_u8_f32		0x0 0x3f800000 0xbf800000	0xbf800000
v_pack_u8_f32		0x3f800000 0x800000 0x0	0x00000001
v_pack_u8_f32		0x3f800000 0x1 0x800000	0x00800100
v_pack_u8_f32		0x0 0x3f800000 0x800000	0x00800000
v_pack_u8_f32		0x3f800000 0x7f7fffff 0x0	0x01000000
v_pack_u8_f32		0x3f800000 0x1 0x7f7fffff	0x7f7f01ff
v_pack_u8_f32		0x0 0x3f800000 0x7f7fffff	0x7f7fff00
v_pack_u8_f32		0x3f800000 0x7f800000 0x0	0x00000001
v_pack_u8_f32		0x3f800000 0x1 0x7f800000	0x7f800100
v_pack_u8_f32		0x0 0x3f800000 0x7f800000	0x7f800000
v_pack_u8_f32		0x3f800000 0xff800000 0x0	0x00000001
v_pack_u8_f32		0x3f800000 0x1 0xff800000	0xff800100
v_pack_u8_f32		0x0 0x3f800000 0xff800000	0xff800000
v_pack_u8_f32		0x3f800000 0x7fc00000 0x0	0x00000001
v_pack_u8_f32		0x3f800000 0x1 0x7fc00000	0x7fc00100
v_pack_u8_f32		0x0 0x3f800000 0x7fc00000	0x7fc00000
v_pack_u8_f32		0xbf800000 0x0 0x0	0x00000000
v_pack_u8_f32		0xbf800000 0x1 0x0	0x00000000
v_pack_u8_f32		0x0 0xbf800000 0x0	0x00000000
v_pack_u8_f32		0xbf800000 0x80000000 0x0	0x00000000
v_pack_u8_f32		0xbf800000 0x1 0x80000000	0x80000000
v_pack_u8_f32		0x0 0xbf800000 0x80000000	0x80000000
v_pack_u8_f32		0xbf800000 0x3f000000 0x0	0x00000000
v_pack_u8_f32		0xbf800000 0x1 0x3f000000	0x3f000000
v_pack_u8_f32		0x0 0xbf800000 0x3f000000	0x3f000000
v_pack_u8_f32		0xbf800000 0x3f800000 0x0	0x00000000
v_pack_u8_f32		0xbf800000 0x1 0x3f800000	0x3f800000
v_pack_u8_f32		0x0 0xbf800000 0x3f800000	0x3f800000
v_pack_u8_f32		0xbf800000 0xbf800000 0x0	0x00000000
v_pack_u8_f32		0xbf800000 0x1 0xbf800000	0xbf800000
v_pack_u8_f32		0x0 0xbf800000 0xbf800000	0xbf800000
v_pack_u8_f32		0xbf800000 0x800000 0x0	0x00000000
v_pack_u8_f32		0xbf800000 0x1 0x800000	0x00800000
v_pack_u8_f32		0x0 0xbf800000 0x800000	0x00800000
v_pack_u8_f32		0xbf800000 0x7f7fffff 0x0	0x00000000
v_pack_u8_f32		0xbf800000 0x1 0x7f7fffff	0x7f7f00ff
v_pack_u8_f32		0x0 0xbf800000 0x7f7fffff	0x7f7fff00
v_pack_u8_f32		0xbf800000 0x7f800000 0x0	0x00000000
v_pack_u8_f32		0xbf800000 0x1 0x7f800000	0x7f800000
v_pack_u8_f32		0x0 0xbf800000 0x7f800000	0x7f800000
v_pack_u8_f32		0xbf800000 0xff800000 0x0	0x00000000
v_pack_u8_f32		0xbf800000 0x1 0xff800000	0xff800000
v_pack_u8_f32		0x0 0xbf800000 0xff800000	0xff800000
v_pack_u8_f32		0xbf800000 0x7fc00000 0x0	0x00000000
v_pack_u8_f32		0xbf800000 0x1 0x7fc00000	0x7fc00000
v_pack_u8_f32		0x0 0xbf800000 0x7fc00000	0x7fc00000
v_pack_u8_f32		0x800000 0x0 0x0	0x00000000
v_pack_u8_f32		0x800000 0x1 0x0	0x00000000
v_pack_u8_f32		0x0 0x800000 0x0	0x00000000
v_pack_u8_f32		0x800000 0x80000000 0x0	0x00000000
v_pack_u8_f32		0x800000 0x1 0x80000000	0x80000000
v_pack_u8_f32		0x0 0x800000 0x80000000	0x80000000
v_pack_u8_f32		0x800000 0x3f000000 0x0	0x00000000
v_pack_u8_f32		0x800000 0x1 0x3f000000	0x3f000000
v_pack_u8_f32		0x0 0x800000 0x3f000000	0x3f000000
v_pack_u8_f32		0x800000 0x3f800000 0x0	0x00000000
v_pack_u8_f32		0x800000 0x1 0x3f800000	0x3f800000
v_pack_u8_f32		0x0 0x800000 0x3f800000	0x3f800000
v_pack_u8_f32		0x800000 0xbf800000 0x0	0x00000000
v_pack_u8_f32		0x800000 0x1 0xbf800000	0xbf800000
v_pack_u8_f32		0x0 0x800000 0xbf800000	0xbf800000
v_pack_u8_f32		0x800000 0x800000 0x0	0x00000000
v_pack_u8_f32		0x800000 0x1 0x800000	0x00800000
v_pack_u8_f32		0x0 0x800000 0x800000	0x00800000
v_pack_u8_f32		0x800000 0x7f7fffff 0x0	0x00000000
v_pack_u8_f32		0x800000 0x1 0x7f7fffff	0x7f7f00ff
v_pack_u8_f32		0x0 0x800000 0x7f7fffff	0x7f7fff00
v_pack_u8_f32		0x800000 0x7f800000 0x0	0x00000000
v_pack_u8_f32		0x800000 0x1 0x7f800000	0x7f800000
v_pack_u8_f32		0x0 0x800000 0x7f800000	0x7f800000
v_pack_u8_f32		0x800000 0xff800000 0x0	0x00000000
v_pack_u8_f32		0x800000 0x1 0xff800000	0xff800000
v_pack_u8_f32		0x0 0x800000 0xff800000	0xff800000
v_pack_u8_f32		0x800000 0x7fc00000 0x0	0x00000000
v_pack_u8_f32		0x800000 0x1 0x7fc00000	0x7fc00000
v_pack_u8_f32		0x0 0x800000 0x7fc00000	0x7fc00000
v_pack_u8_f32		0x7f7fffff 0x0 0x0	0x000000ff
v_pack_u8_f32		0x7f7fffff 0x1 0x0	0x0000ff00
v_pack_u8_f32		0x0 0x7f7fffff 0x0	0x00000000
v_pack_u8_f32		0x7f7fffff 0x80000000 0x0	0x000000ff
v_pack_u8_f32		0x7f7fffff 0x1 0x80000000	0x8000ff00
v_pack_u8_f32		0x0 0x7f7fffff 0x80000000	0x00000000
v_pack_u8_f32		0x7f7fffff 0x3f000000 0x0	0x000000ff
v_pack_u8_f32		0x7f7fffff 0x1 0x3f000000	0x3f00ff00
v_pack_u8_f32		0x0 0x7f7fffff 0x3f000000	0x00000000
v_pack_u8_f32		0x7f7fffff 0x3f800000 0x0	0x000000ff
v_pack_u8_f32		0x7f7fffff 0x1 0x3f800000	0x3f80ff00
v_pack_u8_f32		0x0 0x7f7fffff 0x3f800000	0x00800000
v_pack_u8_f32		0x7f7fffff 0xbf800000 0x0	0x000000ff
v_pack_u8_f32		0x7f7fffff 0x1 0xbf800000	0xbf80ff00
v_pack_u8_f32		0x0 0x7f7fffff 0xbf800000	0x00800000
v_pack_u8_f32		0x7f7fffff 0x800000 0x0	0x000000ff
v_pack_u8_f32		0x7f7fffff 0x1 0x800000	0x0080ff00
v_pack_u8_f32		0x0 0x7f7fffff 0x800000	0x00800000
v_pack_u8_f32		0x7f7fffff 0x7f7fffff 0x0	0xff000000
v_pack_u8_f32		0x7f7fffff 0x1 0x7f7fffff	0x7f7fffff
v_pack_u8_f32		0x0 0x7f7fffff 0x7f7fffff	0x007fffff
v_pack_u8_f32		0x7f7fffff 0x7f800000 0x0	0x000000ff
v_pack_u8_f32		0x7f7fffff 0x1 0x7f800000	0x7f80ff00
v_pack_u8_f32		0x0 0x7f7fffff 0x7f800000	0x00800000
v_pack_u8_f32		0x7f7fffff 0xff800000 0x0	0x000000ff
v_pack_u8_f32		0x7f7fffff 0x1 0xff800000	0xff80ff00
v_pack_u8_f32		0x0 0x7f7fffff 0xff800000	0x00800000
v_pack_u8_f32		0x7f7fffff 0x7fc00000 0x0	0x000000ff
v_pack_u8_f32		0x7f7fffff 0x1 0x7fc00000	0x7fc0ff00
v_pack_u8_f32		0x0 0x7f7fffff 0x7fc00000	0x00c00000
v_pack_u8_f32		0x7f800000 0x0 0x0	0x000000ff
v_pack_u8_f32		0x7f800000 0x1 0x0	0x0000ff00
v_pack_u8_f32		0x0 0x7f800000 0x0	0x00000000
v_pack_u8_f32		0x7f800000 0x80000000 0x0	0x000000ff
v_pack_u8_f32		0x7f800000 0x1 0x80000000	0x8000ff00
v_pack_u8_f32		0x0 0x7f800000 0x80000000	0x80000000
v_pack_u8_f32		0x7f800000 0x3f000000 0x0	0x000000ff
v_pack_u8_f32		0x7f800000 0x1 0x3f000000	0x3f00ff00
v_pack_u8_f32		0x0 0x7f800000 0x3f000000	0x3f000000
v_pack_u8_f32		0x7f800000 0x3f800000 0x0	0x000000ff
v_pack_u8_f32		0x7f800000 0x1 0x3f800000	0x3f80ff00
v_pack_u8_f32		0x0 0x7f800000 0x3f800000	0x3f800000
v_pack_u8_f32		0x7f800000 0xbf800000 0x0	0x000000ff
v_pack_u8_f32		0x7f800000 0x1 0xbf800000	0xbf80ff00
v_pack_u8_f32		0x0 0x7f800000 0xbf800000	0xbf800000
v_pack_u8_f32		0x7f800000 0x800000 0x0	0x000000ff
v_pack_u8_f32		0x7f800000 0x1 0x800000	0x0080ff00
v_pack_u8_f32		0x0 0x7f800000 0x800000	0x00800000
v_pack_u8_f32		0x7f800000 0x7f7fffff 0x0	0xff000000
v_pack_u8_f32		0x7f800000 0x1 0x7f7fffff	0x7f7fffff
v_pack_u8_f32		0x0 0x7f800000 0x7f7fffff	0x7f7fff00
v_pack_u8_f32		0x7f800000 0x7f800000 0x0	0x000000ff
v_pack_u8_f32		0x7f800000 0x1 0x7f800000	0x7f80ff00
v_pack_u8_f32		0x0 0x7f800000 0x7f800000	0x7f800000
v_pack_u8_f32		0x7f800000 0xff800000 0x0	0x000000ff
v_pack_u8_f32		0x7f800000 0x1 0xff800000	0xff80ff00
v_pack_u8_f32		0x0 0x7f800000 0xff800000	0xff800000
v_pack_u8_f32		0x7f800000 0x7fc00000 0x0	0x000000ff
v_pack_u8_f32		0x7f800000 0x1 0x7fc00000	0x7fc0ff00
v_pack_u8_f32		0x0 0x7f800000 0x7fc00000	0x7fc00000
v_pack_u8_f32		0xff800000 0x0 0x0	0x00000000
v_pack_u8_f32		0xff800000 0x1 0x0	0x00000000
v_pack_u8_f32		0x0 0xff800000 0x0	0x00000000
v_pack_u8_f32		0xff800000 0x80000000 0x0	0x00000000
v_pack_u8_f32		0xff800000 0x1 0x80000000	0x80000000
v_pack_u8_f32		0x0 0xff800000 0x80000000	0x80000000
v_pack_u8_f32		0xff800000 0x3f000000 0x0	0x00000000
v_pack_u8_f32		0xff800000 0x1 0x3f000000	0x3f000000
v_pack_u8_f32		0x0 0xff800000 0x3f000000	0x3f000000
v_pack_u8_f32		0xff800000 0x3f800000 0x0	0x00000000
v_pack_u8_f32		0xff800000 0x1 0x3f800000	0x3f800000
v_pack_u8_f32		0x0 0xff800000 0x3f800000	0x3f800000
v_pack_u8_f32		0xff800000 0xbf800000 0x0	0x00000000
v_pack_u8_f32		0xff800000 0x1 0xbf800000	0xbf800000
v_pack_u8_f32		0x0 0xff800000 0xbf800000	0xbf800000
v_pack_u8_f32		0xff800000 0x800000 0x0	0x00000000
v_pack_u8_f32		0xff800000 0x1 0x800000	0x00800000
v_pack_u8_f32		0x0 0xff800000 0x800000	0x00800000
v_pack_u8_f32		0xff800000 0x7f7fffff 0x0	0x00000000
v_pack_u8_f32		0xff800000 0x1 0x7f7fffff	0x7f7f00ff
v_pack_u8_f32		0x0 0xff800000 0x7f7fffff	0x7f7fff00
v_pack_u8_f32		0xff800000 0x7f800000 0x0	0x00000000
v_pack_u8_f32		0xff800000 0x1 0x7f800000	0x7f800000
v_pack_u8_f32		0x0 0xff800000 0x7f800000	0x7f800000
v_pack_u8_f32		0xff800000 0xff800000 0x0	0x00000000
v_pack_u8_f32		0xff800000 0x1 0xff800000	0xff800000
v_pack_u8_f32		0x0 0xff800000 0xff800000	0xff800000
v_pack_u8_f32		0xff800000 0x7fc00000 0x0	0x00000000
v_pack_u8_f32		0xff800000 0x1 0x7fc00000	0x7fc00000
v_pack_u8_f32		0x0 0xff800000 0x7fc00000	0x7fc00000
v_pack_u8_f32		0x7fc00000 0x0 0x0	0x00000000
v_pack_u8_f32		0x7fc00000 0x1 0x0	0x00000000
v_pack_u8_f32		0x0 0x7fc00000 0x0	0x00000000
v_pack_u8_f32		0x7fc00000 0x80000000 0x0	0x00000000
v_pack_u8_f32		0x7fc00000 0x1 0x80000000	0x80000000
v_pack_u8_f32		0x0 0x7fc00000 0x80000000	0x80000000
v_pack_u8_f32		0x7fc00000 0x3f000000 0x0	0x00000000
v_pack_u8_f32		0x7fc00000 0x1 0x3f000000	0x3f000000
v_pack_u8_f32		0x0 0x7fc00000 0x3f000000	0x3f000000
v_pack_u8_f32		0x7fc00000 0x3f800000 0x0	0x00000000
v_pack_u8_f32		0x7fc00000 0x1 0x3f800000	0x3f800000
v_pack_u8_f32		0x0 0x7fc00000 0x3f800000	0x3f800000
v_pack_u8_f32		0x7fc00000 0xbf800000 0x0	0x00000000
v_pack_u8_f32		0x7fc00000 0x1 0xbf800000	0xbf800000
v_pack_u8_f32		0x0 0x7fc00000 0xbf800000	0xbf800000
v_pack_u8_f32		0x7fc00000 0x800000 0x0	0x00000000
v_pack_u8_f32		0x7fc00000 0x1 0x800000	0x00800000
v_pack_u8_f32		0x0 0x7fc00000 0x800000	0x00800000
v_pack_u8_f32		0x7fc00000 0x7f7fffff 0x0	0x00000000
v_pack_u8_f32		0x7fc00000 0x1 0x7f7fffff	0x7f7f00ff
v_pack_u8_f32		0x0 0x7fc00000 0x7f7fffff	0x7f7fff00
v_pack_u8_f32		0x7fc00000 0x7f800000 0x0	0x00000000
v_pack_u8_f32		0x7fc00000 0x1 0x7f800000	0x7f800000
v_pack_u8_f32		0x0 0x7fc00000 0x7f800000	0x7f800000
v_pack_u8_f32		0x7fc00000 0xff800000 0x0	0x00000000
v_pack_u8_f32		0x7fc00000 0x1 0xff800000	0xff800000
v_pack_u8_f32		0x0 0x7fc00000 0xff800000	0xff800000
v_pack_u8_f32		0x7fc00000 0x7fc00000 0x0	0x00000000
v_pack_u8_f32		0x7fc00000 0x1 0x7fc00000	0x7fc00000
v_pack_u8_f32		0x0 0x7fc00000 0x7fc00000	0x7fc00000
v_pack_u8_f32		0x0 0x0 0x0	0x00000000
v_pack_u8_f32		0x80000000 0x80000000 0x80000000	0x80000000
v_pack_u8_f32		0x3f000000 0x3f000000 0x3f000000	0x3f000000
v_pack_u8_f32		0x3f800000 0x3f800000 0x3f800000	0x3f800001
v_pack_u8_f32		0xbf800000 0xbf800000 0xbf800000	0xbf800000
v_pack_u8_f32		0x800000 0x800000 0x800000	0x00800000
v_pack_u8_f32		0x7f7fffff 0x7f7fffff 0x7f7fffff	0xff7fffff
v_pack_u8_f32		0x7f800000 0x7f800000 0x7f800000	0x7f8000ff
v_pack_u8_f32		0xff800000 0xff800000 0xff800000	0xff800000
v_pack_u8_f32		0x7fc00000 0x7fc00000 0x7fc00000	0x7fc00000
v_pack_u8_u32		0x0 0x0 0x0	0x00000000
v_pack_u8_u32		0x0 0x1 0x0	0x00000000
v_pack_u8_u32		0x0 0x0 0x0	0x00000000
v_pack_u8_u32		0x0 0x1 0x0	0x00000000
v_pack_u8_u32		0x0 0x1 0x1	0x00000001
v_pack_u8_u32		0x0 0x0 0x1	0x00000000
v_pack_u8_u32		0x0 0x7fffffff 0x0	0x00000000
v_pack_u8_u32		0x0 0x1 0x7fffffff	0x7fff00ff
v_pack_u8_u32		0x0 0x0 0x7fffffff	0x7fffff00
v_pack_u8_u32		0x0 0x80000000 0x0	0x00000000
v_pack_u8_u32		0x0 0x1 0x80000000	0x80000000
v_pack_u8_u32		0x0 0x0 0x80000000	0x80000000
v_pack_u8_u32		0x0 0xfffffffe 0x0	0x00000000
v_pack_u8_u32		0x0 0x1 0xfffffffe	0xffff00fe
v_pack_u8_u32		0x0 0x0 0xfffffffe	0xffffff00
v_pack_u8_u32		0x0 0xffffffff 0x0	0x00000000
v_pack_u8_u32		0x0 0x1 0xffffffff	0xffff00ff
v_pack_u8_u32		0x0 0x0 0xffffffff	0xffffff00
v_pack_u8_u32		0x1 0x0 0x0	0x00000001
v_pack_u8_u32		0x1 0x1 0x0	0x00000100
v_pack_u8_u32		0x0 0x1 0x0	0x00000000
v_pack_u8_u32		0x1 0x1 0x0	0x00000100
v_pack_u8_u32		0x1 0x1 0x1	0x00000101
v_pack_u8_u32		0x0 0x1 0x1	0x00000001
v_pack_u8_u32		0x1 0x7fffffff 0x0	0x01000000
v_pack_u8_u32		0x1 0x1 0x7fffffff	0x7fff01ff
v_pack_u8_u32		0x0 0x1 0x7fffffff	0x7fff00ff
v_pack_u8_u32		0x1 0x80000000 0x0	0x00000001
v_pack_u8_u32		0x1 0x1 0x80000000	0x80000100
v_pack_u8_u32		0x0 0x1 0x80000000	0x80000000
v_pack_u8_u32		0x1 0xfffffffe 0x0	0x00010000
v_pack_u8_u32		0x1 0x1 0xfffffffe	0xffff01fe
v_pack_u8_u32		0x0 0x1 0xfffffffe	0xffff00fe
v_pack_u8_u32		0x1 0xffffffff 0x0	0x01000000
v_pack_u8_u32		0x1 0x1 0xffffffff	0xffff01ff
v_pack_u8_u32		0x0 0x1 0xffffffff	0xffff00ff
v_pack_u8_u32		0x7fffffff 0x0 0x0	0x000000ff
v_pack_u8_u32		0x7fffffff 0x1 0x0	0x0000ff00
v_pack_u8_u32		0x0 0x7fffffff 0x0	0x00000000
v_pack_u8_u32		0x7fffffff 0x1 0x0	0x0000ff00
v_pack_u8_u32		0x7fffffff 0x1 0x1	0x0000ff01
v_pack_u8_u32		0x0 0x7fffffff 0x1	0x00000001
v_pack_u8_u32		0x7fffffff 0x7fffffff 0x0	0xff000000
v_pack_u8_u32		0x7fffffff 0x1 0x7fffffff	0x7fffffff
v_pack_u8_u32		0x0 0x7fffffff 0x7fffffff	0x00ffffff
v_pack_u8_u32		0x7fffffff 0x80000000 0x0	0x000000ff
v_pack_u8_u32		0x7fffffff 0x1 0x80000000	0x8000ff00
v_pack_u8_u32		0x0 0x7fffffff 0x80000000	0x00000000
v_pack_u8_u32		0x7fffffff 0xfffffffe 0x0	0x00ff0000
v_pack_u8_u32		0x7fffffff 0x1 0xfffffffe	0xfffffffe
v_pack_u8_u32		0x0 0x7fffffff 0xfffffffe	0x00fffffe
v_pack_u8_u32		0x7fffffff 0xffffffff 0x0	0xff000000
v_pack_u8_u32		0x7fffffff 0x1 0xffffffff	0xffffffff
v_pack_u8_u32		0x0 0x7fffffff 0xffffffff	0x00ffffff
v_pack_u8_u32		0x80000000 0x0 0x0	0x000000ff
v_pack_u8_u32		0x80000000 0x1 0x0	0x0000ff00
v_pack_u8_u32		0x0 0x80000000 0x0	0x00000000
v_pack_u8_u32		0x80000000 0x1 0x0	0x0000ff00
v_pack_u8_u32		0x80000000 0x1 0x1	0x0000ff01
v_pack_u8_u32		0x0 0x80000000 0x1	0x00000000
v_pack_u8_u32		0x80000000 0x7fffffff 0x0	0xff000000
v_pack_u8_u32		0x80000000 0x1 0x7fffffff	0x7fffffff
v_pack_u8_u32		0x0 0x80000000 0x7fffffff	0x7fffff00
v_pack_u8_u32		0x80000000 0x80000000 0x0	0x000000ff
v_pack_u8_u32		0x80000000 0x1 0x80000000	0x8000ff00
v_pack_u8_u32		0x0 0x80000000 0x80000000	0x80000000
v_pack_u8_u32		0x80000000 0xfffffffe 0x0	0x00ff0000
v_pack_u8_u32		0x80000000 0x1 0xfffffffe	0xfffffffe
v_pack_u8_u32		0x0 0x80000000 0xfffffffe	0xffffff00
v_pack_u8_u32		0x80000000 0xffffffff 0x0	0xff000000
v_pack_u8_u32		0x80000000 0x1 0xffffffff	0xffffffff
v_pack_u8_u32		0x0 0x80000000 0xffffffff	0xffffff00
v_pack_u8_u32		0xfffffffe 0x0 0x0	0x000000ff
v_pack_u8_u32		0xfffffffe 0x1 0x0	0x0000ff00
v_pack_u8_u32		0x0 0xfffffffe 0x0	0x00000000
v_pack_u8_u32		0xfffffffe 0x1 0x0	0x0000ff00
v_pack_u8_u32		0xfffffffe 0x1 0x1	0x0000ff01
v_pack_u8_u32		0x0 0xfffffffe 0x1	0x00000001
v_pack_u8_u32		0xfffffffe 0x7fffffff 0x0	0xff000000
v_pack_u8_u32		0xfffffffe 0x1 0x7fffffff	0x7fffffff
v_pack_u8_u32		0x0 0xfffffffe 0x7fffffff	0x7f00ffff
v_pack_u8_u32		0xfffffffe 0x80000000 0x0	0x000000ff
v_pack_u8_u32		0xfffffffe 0x1 0x80000000	0x8000ff00
v_pack_u8_u32		0x0 0xfffffffe 0x80000000	0x80000000
v_pack_u8_u32		0xfffffffe 0xfffffffe 0x0	0x00ff0000
v_pack_u8_u32		0xfffffffe 0x1 0xfffffffe	0xfffffffe
v_pack_u8_u32		0x0 0xfffffffe 0xfffffffe	0xff00fffe
v_pack_u8_u32		0xfffffffe 0xffffffff 0x0	0xff000000
v_pack_u8_u32		0xfffffffe 0x1 0xffffffff	0xffffffff
v_pack_u8_u32		0x0 0xfffffffe 0xffffffff	0xff00ffff
v_pack_u8_u32		0xffffffff 0x0 0x0	0x000000ff
v_pack_u8_u32		0xffffffff 0x1 0x0	0x0000ff00
v_pack_u8_u32		0x0 0xffffffff 0x0	0x00000000
v_pack_u8_u32		0xffffffff 0x1 0x0	0x0000ff00
v_pack_u8_u32		0xffffffff 0x1 0x1	0x0000ff01
v_pack_u8_u32		0x0 0xffffffff 0x1	0x00000001
v_pack_u8_u32		0xffffffff 0x7fffffff 0x0	0xff000000
v_pack_u8_u32		0xffffffff 0x1 0x7fffffff	0x7fffffff
v_pack_u8_u32		0x0 0xffffffff 0x7fffffff	0x00ffffff
v_pack_u8_u32		0xffffffff 0x80000000 0x0	0x000000ff
v_pack_u8_u32		0xffffffff 0x1 0x80000000	0x8000ff00
v_pack_u8_u32		0x0 0xffffffff 0x80000000	0x00000000
v_pack_u8_u32		0xffffffff 0xfffffffe 0x0	0x00ff0000
v_pack_u8_u32		0xffffffff 0x1 0xfffffffe	0xfffffffe
v_pack_u8_u32		0x0 0xffffffff 0xfffffffe	0x00fffffe
v_pack_u8_u32		0xffffffff 0xffffffff 0x0	0xff000000
v_pack_u8_u32		0xffffffff 0x1 0xffffffff	0xffffffff
v_pack_u8_u32		0x0 0xffffffff 0xffffffff	0x00ffffff
v_pack_u8_u32		0x0 0x0 0x0	0x00000000
v_pack_u8_u32		0x1 0x1 0x1	0x00000101
v_pack_u8_u32		0x7fffffff 0x7fffffff 0x7fffffff	0xffffffff
v_pack_u8_u32		0x80000000 0x80000000 0x80000000	0x800000ff
v_pack_u8_u32		0xfffffffe 0xfffffffe 0xfffffffe	0xfffffffe
v_pack_u8_u32		0xffffffff 0xffffffff 0xffffffff	0xffffffff
v_pack_unorm16_f32		0x0	0x00000000
v_pack_unorm16_f32		0x80000000	0x00000000
v_pack_unorm16_f32		0x3f000000	0x00008000
v_pack_unorm16_f32		0x3f800000	0x0000ffff
v_pack_unorm16_f32		0xbf800000	0x00000000
v_pack_unorm16_f32		0x800000	0x00000000
v_pack_unorm16_f32		0x7f7fffff	0x0000ffff
v_pack_unorm16_f32		0x7f800000	0x0000ffff
v_pack_unorm16_f32		0xff800000	0x00000000
v_pack_unorm16_f32		0x7fc00000	0x00000000
v_perm_sm_b32		0x0 0x0	0x00000000
v_perm_sm_b32		0x0 0x1	0x00000000
v_perm_sm_b32		0x0 0x7fffffff	0x00000000
v_perm_sm_b32		0x0 0x80000000	0x00000000
v_perm_sm_b32		0x0 0xfffffffe	0x00000000
v_perm_sm_b32		0x0 0xffffffff	0x00000000
v_perm_sm_b32		0x1 0x0	0x00000001
v_perm_sm_b32		0x1 0x1	0x00000001
v_perm_sm_b32		0x1 0x7fffffff	0x00000001
v_perm_sm_b32		0x1 0x80000000	0x00000001
v_perm_sm_b32		0x1 0xfffffffe	0x00000001
v_perm_sm_b32		0x1 0xffffffff	0x00000001
v_perm_sm_b32		0x7fffffff 0x0	0x7fffffff
v_perm_sm_b32		0x7fffffff 0x1	0x7fffffff
v_perm_sm_b32		0x7fffffff 0x7fffffff	0x7fffffff
v_perm_sm_b32		0x7fffffff 0x80000000	0x7fffffff
v_perm_sm_b32		0x7fffffff 0xfffffffe	0x7fffffff
v_perm_sm_b32		0x7fffffff 0xffffffff	0x7fffffff
v_perm_sm_b32		0x80000000 0x0	0x80000000
v_perm_sm_b32		0x80000000 0x1	0x80000000
v_perm_sm_b32		0x80000000 0x7fffffff	0x80000000
v_perm_sm_b32		0x80000000 0x80000000	0x80000000
v_perm_sm_b32		0x80000000 0xfffffffe	0x80000000
v_perm_sm_b32		0x80000000 0xffffffff	0x80000000
v_perm_sm_b32		0xfffffffe 0x0	0xfffffffe
v_perm_sm_b32		0xfffffffe 0x1	0xfffffffe
v_perm_sm_b32		0xfffffffe 0x7fffffff	0xfffffffe
v_perm_sm_b32		0xfffffffe 0x80000000	0xfffffffe
v_perm_sm_b32		0xfffffffe 0xfffffffe	0xfffffffe
v_perm_sm_b32		0xfffffffe 0xffffffff	0xfffffffe
v_perm_sm_b32		0xffffffff 0x0	0xffffffff
v_perm_sm_b32		0xffffffff 0x1	0xffffffff
v_perm_sm_b32		0xffffffff 0x7fffffff	0xffffffff
v_perm_sm_b32		0xffffffff 0x80000000	0xffffffff
v_perm_sm_b32		0xffffffff 0xfffffffe	0xffffffff
v_perm_sm_b32		0xffffffff 0xffffffff	0xffffffff
v_rcp_f32		0x0	0x7f800000
v_rcp_f32		0x80000000	0xff800000
v_rcp_f32		0x3f000000	0x40000000
v_rcp_f32		0x3f800000	0x3f800000
v_rcp_f32		0xbf800000	0xbf800000
v_rcp_f32		0x800000	0x7e800000
v_rcp_f32		0x7f7fffff	0x00000000
v_rcp_f32		0x7f800000	0x00000000
v_rcp_f32		0xff800000	0x80000000
v_rcp_f32		0x7fc00000	0x7fc00000
v_rcp_f64		0x0 0x0	0x00000000 0x7ff00000
v_rcp_f64		0x0 0x80000000	0x00000000 0xfff00000
v_rcp_f64		0x0 0x3f000000	0x00000000 0x40e00000
v_rcp_f64		0x0 0x3f800000	0x00000000 0x40600000
v_rcp_f64		0x0 0xbf800000	0x00000000 0xc0600000
v_rcp_f64		0x0 0x800000	0x00000000 0x7f600000
v_rcp_f64		0x0 0x7f7fffff	0x80000000 0x00600000
v_rcp_f64		0x0 0x7f800000	0x00000000 0x00600000
v_rcp_f64		0x0 0xff800000	0x00000000 0x80600000
v_rcp_f64		0x0 0x7fc00000	0x00000000 0x00200000
v_rcp_f64		0x80000000 0x0	0x00000000 0x7ff00000
v_rcp_f64		0x80000000 0x80000000	0x00000000 0xfff00000
v_rcp_f64		0x80000000 0x3f000000	0x00000000 0x40dfffff
v_rcp_f64		0x80000000 0x3f800000	0x00000000 0x405fffff
v_rcp_f64		0x80000000 0xbf800000	0x00000000 0xc05fffff
v_rcp_f64		0x80000000 0x800000	0x00000000 0x7f5fffff
v_rcp_f64		0x80000000 0x7f7fffff	0x40000000 0x00600000
v_rcp_f64		0x80000000 0x7f800000	0x00000000 0x005fffff
v_rcp_f64		0x80000000 0xff800000	0x00000000 0x805fffff
v_rcp_f64		0x80000000 0x7fc00000	0x00000000 0x001fffff
v_rcp_f64		0x3f000000 0x0	0x00000000 0x7ff00000
v_rcp_f64		0x3f000000 0x80000000	0x00000000 0xfff00000
v_rcp_f64		0x3f000000 0x3f000000	0xc0000000 0x40dfffff
v_rcp_f64		0x3f000000 0x3f800000	0xc0000000 0x405fffff
v_rcp_f64		0x3f000000 0xbf800000	0xc0000000 0xc05fffff
v_rcp_f64		0x3f000000 0x800000	0xc0000000 0x7f5fffff
v_rcp_f64		0x3f000000 0x7f7fffff	0x60000000 0x00600000
v_rcp_f64		0x3f000000 0x7f800000	0xc0000000 0x005fffff
v_rcp_f64		0x3f000000 0xff800000	0xc0000000 0x805fffff
v_rcp_f64		0x3f000000 0x7fc00000	0xc0000000 0x001fffff
v_rcp_f64		0x3f800000 0x0	0x00000000 0x7ff00000
v_rcp_f64		0x3f800000 0x80000000	0x00000000 0xfff00000
v_rcp_f64		0x3f800000 0x3f000000	0xc0000000 0x40dfffff
v_rcp_f64		0x3f800000 0x3f800000	0xc0000000 0x405fffff
v_rcp_f64		0x3f800000 0xbf800000	0xc0000000 0xc05fffff
v_rcp_f64		0x3f800000 0x800000	0xc0000000 0x7f5fffff
v_rcp_f64		0x3f800000 0x7f7fffff	0x60000000 0x00600000
v_rcp_f64		0x3f800000 0x7f800000	0xc0000000 0x005fffff
v_rcp_f64		0x3f800000 0xff800000	0xc0000000 0x805fffff
v_rcp_f64		0x3f800000 0x7fc00000	0xc0000000 0x001fffff
v_rcp_f64		0xbf800000 0x0	0x00000000 0x7ff00000
v_rcp_f64		0xbf800000 0x80000000	0x00000000 0xfff00000
v_rcp_f64		0xbf800000 0x3f000000	0xc0000000 0x40dffffe
v_rcp_f64		0xbf800000 0x3f800000	0xc0000000 0x405ffffe
v_rcp_f64		0xbf800000 0xbf800000	0xc0000000 0xc05ffffe
v_rcp_f64		0xbf800000 0x800000	0xc0000000 0x7f5ffffe
v_rcp_f64		0xbf800000 0x7f7fffff	0x20000000 0x00600000
v_rcp_f64		0xbf800000 0x7f800000	0xc0000000 0x005ffffe
v_rcp_f64		0xbf800000 0xff800000	0xc0000000 0x805ffffe
v_rcp_f64		0xbf800000 0x7fc00000	0xc0000000 0x001ffffe
v_rcp_f64		0x800000 0x0	0x00000000 0x7ff00000
v_rcp_f64		0x800000 0x80000000	0x00000000 0xfff00000
v_rcp_f64		0x800000 0x3f000000	0x00000000 0x40dfffff
v_rcp_f64		0x800000 0x3f800000	0x00000000 0x405fffff
v_rcp_f64		0x800000 0xbf800000	0x00000000 0xc05fffff
v_rcp_f64		0x800000 0x800000	0x00000000 0x7f5fffff
v_rcp_f64		0x800000 0x7f7fffff	0x80000000 0x00600000
v_rcp_f64		0x800000 0x7f800000	0x00000000 0x005fffff
v_rcp_f64		0x800000 0xff800000	0x00000000 0x805fffff
v_rcp_f64		0x800000 0x7fc00000	0x00000000 0x001fffff
v_rcp_f64		0x7f7fffff 0x0	0x00000000 0x7ff00000
v_rcp_f64		0x7f7fffff 0x80000000	0x00000000 0xfff00000
v_rcp_f64		0x7f7fffff 0x3f000000	0x40000000 0x40dfffff
v_rcp_f64		0x7f7fffff 0x3f800000	0x40000000 0x405fffff
v_rcp_f64		0x7f7fffff 0xbf800000	0x40000000 0xc05fffff
v_rcp_f64		0x7f7fffff 0x800000	0x40000000 0x7f5fffff
v_rcp_f64		0x7f7fffff 0x7f7fffff	0x40000000 0x00600000
v_rcp_f64		0x7f7fffff 0x7f800000	0x40000000 0x005fffff
v_rcp_f64		0x7f7fffff 0xff800000	0x40000000 0x805fffff
v_rcp_f64		0x7f7fffff 0x7fc00000	0x40000000 0x001fffff
v_rcp_f64		0x7f800000 0x0	0x00000000 0x7ff00000
v_rcp_f64		0x7f800000 0x80000000	0x00000000 0xfff00000
v_rcp_f64		0x7f800000 0x3f000000	0x40000000 0x40dfffff
v_rcp_f64		0x7f800000 0x3f800000	0x40000000 0x405fffff
v_rcp_f64		0x7f800000 0xbf800000	0x40000000 0xc05fffff
v_rcp_f64		0x7f800000 0x800000	0x40000000 0x7f5fffff
v_rcp_f64		0x7f800000 0x7f7fffff	0x40000000 0x00600000
v_rcp_f64		0x7f800000 0x7f800000	0x40000000 0x005fffff
v_rcp_f64		0x7f800000 0xff800000	0x40000000 0x805fffff
v_rcp_f64		0x7f800000 0x7fc00000	0x40000000 0x001fffff
v_rcp_f64		0xff800000 0x0	0x00000000 0x7ff00000
v_rcp_f64		0xff800000 0x80000000	0x00000000 0xfff00000
v_rcp_f64		0xff800000 0x3f000000	0x40000000 0x40dffffe
v_rcp_f64		0xff800000 0x3f800000	0x40000000 0x405ffffe
v_rcp_f64		0xff800000 0xbf800000	0x40000000 0xc05ffffe
v_rcp_f64		0xff800000 0x800000	0x40000000 0x7f5ffffe
v_rcp_f64		0xff800000 0x7f7fffff	0x00000000 0x00600000
v_rcp_f64		0xff800000 0x7f800000	0x40000000 0x005ffffe
v_rcp_f64		0xff800000 0xff800000	0x40000000 0x805ffffe
v_rcp_f64		0xff800000 0x7fc00000	0x40000000 0x001ffffe
v_rcp_f64		0x7fc00000 0x0	0x00000000 0x7ff00000
v_rcp_f64		0x7fc00000 0x80000000	0x00000000 0xfff00000
v_rcp_f64		0x7fc00000 0x3f000000	0x40000000 0x40dfffff
v_rcp_f64		0x7fc00000 0x3f800000	0x40000000 0x405fffff
v_rcp_f64		0x7fc00000 0xbf800000	0x40000000 0xc05fffff
v_rcp_f64		0x7fc00000 0x800000	0x40000000 0x7f5fffff
v_rcp_f64		0x7fc00000 0x7f7fffff	0x40000000 0x00600000
v_rcp_f64		0x7fc00000 0x7f800000	0x40000000 0x005fffff
v_rcp_f64		0x7fc00000 0xff800000	0x40000000 0x805fffff
v_rcp_f64		0x7fc00000 0x7fc00000	0x40000000 0x001fffff
v_rndne_f32		0x0	0x00000000
v_rndne_f32		0x80000000	0x80000000
v_rndne_f32		0x3f000000	0x00000000
v_rndne_f32		0x3f800000	0x3f800000
v_rndne_f32		0xbf800000	0xbf800000
v_rndne_f32		0x800000	0x00000000
v_rndne_f32		0x7f7fffff	0x7f7fffff
v_rndne_f32		0x7f800000	0x7f800000
v_rndne_f32		0xff800000	0xff800000
v_rndne_f32		0x7fc00000	0x7fc00000
v_rndne_f64		0x0 0x0	0x00000000 0x00000000
v_rndne_f64		0x0 0x80000000	0x00000000 0x80000000
v_rndne_f64		0x0 0x3f000000	0x00000000 0x00000000
v_rndne_f64		0x0 0x3f800000	0x00000000 0x00000000
v_rndne_f64		0x0 0xbf800000	0x00000000 0x80000000
v_rndne_f64		0x0 0x800000	0x00000000 0x00000000
v_rndne_f64		0x0 0x7f7fffff	0x00000000 0x7f7fffff
v_rndne_f64		0x0 0x7f800000	0x00000000 0x7f800000
v_rndne_f64		0x0 0xff800000	0x00000000 0xff800000
v_rndne_f64		0x0 0x7fc00000	0x00000000 0x7fc00000
v_rndne_f64		0x80000000 0x0	0x00000000 0x00000000
v_rndne_f64		0x80000000 0x80000000	0x00000000 0x80000000
v_rndne_f64		0x80000000 0x3f000000	0x00000000 0x00000000
v_rndne_f64		0x80000000 0x3f800000	0x00000000 0x00000000
v_rndne_f64		0x80000000 0xbf800000	0x00000000 0x80000000
v_rndne_f64		0x80000000 0x800000	0x00000000 0x00000000
v_rndne_f64		0x80000000 0x7f7fffff	0x80000000 0x7f7fffff
v_rndne_f64		0x80000000 0x7f800000	0x80000000 0x7f800000
v_rndne_f64		0x80000000 0xff800000	0x80000000 0xff800000
v_rndne_f64		0x80000000 0x7fc00000	0x80000000 0x7fc00000
v_rndne_f64		0x3f000000 0x0	0x00000000 0x00000000
v_rndne_f64		0x3f000000 0x80000000	0x00000000 0x80000000
v_rndne_f64		0x3f000000 0x3f000000	0x00000000 0x00000000
v_rndne_f64		0x3f000000 0x3f800000	0x00000000 0x00000000
v_rndne_f64		0x3f000000 0xbf800000	0x00000000 0x80000000
v_rndne_f64		0x3f000000 0x800000	0x00000000 0x00000000
v_rndne_f64		0x3f000000 0x7f7fffff	0x3f000000 0x7f7fffff
v_rndne_f64		0x3f000000 0x7f800000	0x3f000000 0x7f800000
v_rndne_f64		0x3f000000 0xff800000	0x3f000000 0xff800000
v_rndne_f64		0x3f000000 0x7fc00000	0x3f000000 0x7fc00000
v_rndne_f64		0x3f800000 0x0	0x00000000 0x00000000
v_rndne_f64		0x3f800000 0x80000000	0x00000000 0x80000000
v_rndne_f64		0x3f800000 0x3f000000	0x00000000 0x00000000
v_rndne_f64		0x3f800000 0x3f800000	0x00000000 0x00000000
v_rndne_f64		0x3f800000 0xbf800000	0x00000000 0x80000000
v_rndne_f64		0x3f800000 0x800000	0x00000000 0x00000000
v_rndne_f64		0x3f800000 0x7f7fffff	0x3f800000 0x7f7fffff
v_rndne_f64		0x3f800000 0x7f800000	0x3f800000 0x7f800000
v_rndne_f64		0x3f800000 0xff800000	0x3f800000 0xff800000
v_rndne_f64		0x3f800000 0x7fc00000	0x3f800000 0x7fc00000
v_rndne_f64		0xbf800000 0x0	0x00000000 0x00000000
v_rndne_f64		0xbf800000 0x80000000	0x00000000 0x80000000
v_rndne_f64		0xbf800000 0x3f000000	0x00000000 0x00000000
v_rndne_f64		0xbf800000 0x3f800000	0x00000000 0x00000000
v_rndne_f64		0xbf800000 0xbf800000	0x00000000 0x80000000
v_rndne_f64		0xbf800000 0x800000	0x00000000 0x00000000
v_rndne_f64		0xbf800000 0x7f7fffff	0xbf800000 0x7f7fffff
v_rndne_f64		0xbf800000 0x7f800000	0xbf800000 0x7f800000
v_rndne_f64		0xbf800000 0xff800000	0xbf800000 0xff800000
v_rndne_f64		0xbf800000 0x7fc00000	0xbf800000 0x7fc00000
v_rndne_f64		0x800000 0x0	0x00000000 0x00000000
v_rndne_f64		0x800000 0x80000000	0x00000000 0x80000000
v_rndne_f64		0x800000 0x3f000000	0x00000000 0x00000000
v_rndne_f64		0x800000 0x3f800000	0x00000000 0x00000000
v_rndne_f64		0x800000 0xbf800000	0x00000000 0x80000000
v_rndne_f64		0x800000 0x800000	0x00000000 0x00000000
v_rndne_f64		0x800000 0x7f7fffff	0x00800000 0x7f7fffff
v_rndne_f64		0x800000 0x7f800000	0x00800000 0x7f800000
v_rndne_f64		0x800000 0xff800000	0x00800000 0xff800000
v_rndne_f64		0x800000 0x7fc00000	0x00800000 0x7fc00000
v_rndne_f64		0x7f7fffff 0x0	0x00000000 0x00000000
v_rndne_f64		0x7f7fffff 0x80000000	0x00000000 0x80000000
v_rndne_f64		0x7f7fffff 0x3f000000	0x00000000 0x00000000
v_rndne_f64		0x7f7fffff 0x3f800000	0x00000000 0x00000000
v_rndne_f64		0x7f7fffff 0xbf800000	0x00000000 0x80000000
v_rndne_f64		0x7f7fffff 0x800000	0x00000000 0x00000000
v_rndne_f64		0x7f7fffff 0x7f7fffff	0x7f7fffff 0x7f7fffff
v_rndne_f64		0x7f7fffff 0x7f800000	0x7f7fffff 0x7f800000
v_rndne_f64		0x7f7fffff 0xff800000	0x7f7fffff 0xff800000
v_rndne_f64		0x7f7fffff 0x7fc00000	0x7f7fffff 0x7fc00000
v_rndne_f64		0x7f800000 0x0	0x00000000 0x00000000
v_rndne_f64		0x7f800000 0x80000000	0x00000000 0x80000000
v_rndne_f64		0x7f800000 0x3f000000	0x00000000 0x00000000
v_rndne_f64		0x7f800000 0x3f800000	0x00000000 0x00000000
v_rndne_f64		0x7f800000 0xbf800000	0x00000000 0x80000000
v_rndne_f64		0x7f800000 0x800000	0x00000000 0x00000000
v_rndne_f64		0x7f800000 0x7f7fffff	0x7f800000 0x7f7fffff
v_rndne_f64		0x7f800000 0x7f800000	0x7f800000 0x7f800000
v_rndne_f64		0x7f800000 0xff800000	0x7f800000 0xff800000
v_rndne_f64		0x7f800000 0x7fc00000	0x7f800000 0x7fc00000
v_rndne_f64		0xff800000 0x0	0x00000000 0x00000000
v_rndne_f64		0xff800000 0x80000000	0x00000000 0x80000000
v_rndne_f64		0xff800000 0x3f000000	0x00000000 0x00000000
v_rndne_f64		0xff800000 0x3f800000	0x00000000 0x00000000
v_rndne_f64		0xff800000 0xbf800000	0x00000000 0x80000000
v_rndne_f64		0xff800000 0x800000	0x00000000 0x00000000
v_rndne_f64		0xff800000 0x7f7fffff	0xff800000 0x7f7fffff
v_rndne_f64		0xff800000 0x7f800000	0xff800000 0x7f800000
v_rndne_f64		0xff800000 0xff800000	0xff800000 0xff800000
v_rndne_f64		0xff800000 0x7fc00000	0xff800000 0x7fc00000
v_rndne_f64		0x7fc00000 0x0	0x00000000 0x00000000
v_rndne_f64		0x7fc00000 0x80000000	0x00000000 0x80000000
v_rndne_f64		0x7fc00000 0x3f000000	0x00000000 0x00000000
v_rndne_f64		0x7fc00000 0x3f800000	0x00000000 0x00000000
v_rndne_f64		0x7fc00000 0xbf800000	0x00000000 0x80000000
v_rndne_f64		0x7fc00000 0x800000	0x00000000 0x00000000
v_rndne_f64		0x7fc00000 0x7f7fffff	0x7fc00000 0x7f7fffff
v_rndne_f64		0x7fc00000 0x7f800000	0x7fc00000 0x7f800000
v_rndne_f64		0x7fc00000 0xff800000	0x7fc00000 0xff800000
v_rndne_f64		0x7fc00000 0x7fc00000	0x7fc00000 0x7fc00000
v_rotr_b32		0x0 0x0	0x00000000
v_rotr_b32		0x0 0x1	0x00000000
v_rotr_b32		0x0 0x7fffffff	0x00000000
v_rotr_b32		0x0 0x80000000	0x00000000
v_rotr_b32		0x0 0xfffffffe	0x00000000
v_rotr_b32		0x0 0xffffffff	0x00000000
v_rotr_b32		0x1 0x0	0x00000001
v_rotr_b32		0x1 0x1	0x80000000
v_rotr_b32		0x1 0x7fffffff	0x00000002
v_rotr_b32		0x1 0x80000000	0x00000001
v_rotr_b32		0x1 0xfffffffe	0x00000004
v_rotr_b32		0x1 0xffffffff	0x00000002
v_rotr_b32		0x7fffffff 0x0	0x7fffffff
v_rotr_b32		0x7fffffff 0x1	0xbfffffff
v_rotr_b32		0x7fffffff 0x7fffffff	0xfffffffe
v_rotr_b32		0x7fffffff 0x80000000	0x7fffffff
v_rotr_b32		0x7fffffff 0xfffffffe	0xfffffffd
v_rotr_b32		0x7fffffff 0xffffffff	0xfffffffe
v_rotr_b32		0x80000000 0x0	0x80000000
v_rotr_b32		0x80000000 0x1	0x40000000
v_rotr_b32		0x80000000 0x7fffffff	0x00000001
v_rotr_b32		0x80000000 0x80000000	0x80000000
v_rotr_b32		0x80000000 0xfffffffe	0x00000002
v_rotr_b32		0x80000000 0xffffffff	0x00000001
v_rotr_b32		0xfffffffe 0x0	0xfffffffe
v_rotr_b32		0xfffffffe 0x1	0x7fffffff
v_rotr_b32		0xfffffffe 0x7fffffff	0xfffffffd
v_rotr_b32		0xfffffffe 0x80000000	0xfffffffe
v_rotr_b32		0xfffffffe 0xfffffffe	0xfffffffb
v_rotr_b32		0xfffffffe 0xffffffff	0xfffffffd
v_rotr_b32		0xffffffff 0x0	0xffffffff
v_rotr_b32		0xffffffff 0x1	0xffffffff
v_rotr_b32		0xffffffff 0x7fffffff	0xffffffff
v_rotr_b32		0xffffffff 0x80000000	0xffffffff
v_rotr_b32		0xffffffff 0xfffffffe	0xffffffff
v_rotr_b32		0xffffffff 0xffffffff	0xffffffff
v_rsq_f32		0x0	0x7f800000
v_rsq_f32		0x80000000	0xff800000
v_rsq_f32		0x3f000000	0x3fb504f3
v_rsq_f32		0x3f800000	0x3f800000
v_rsq_f32		0xbf800000	0xffc00011
v_rsq_f32		0x800000	0x5f000000
v_rsq_f32		0x7f7fffff	0x1f800001
v_rsq_f32		0x7f800000	0x00000000
v_rsq_f32		0xff800000	0xffc00011
v_rsq_f32		0x7fc00000	0x7fc00000
v_rsq_f64		0x0 0x0	0x00000000 0x7ff00000
v_rsq_f64		0x0 0x80000000	0x00000000 0xfff00000
v_rsq_f64		0x0 0x3f000000	0x667f3bcc 0x4066a09e
v_rsq_f64		0x0 0x3f800000	0x667f3bcc 0x4026a09e
v_rsq_f64		0x0 0xbf800000	0x00000000 0x7ff80000
v_rsq_f64		0x0 0x800000	0x667f3bcc 0x5fa6a09e
v_rsq_f64		0x0 0x7f7fffff	0xc101b785 0x2026a09e
v_rsq_f64		0x0 0x7f800000	0x667f3bcc 0x2026a09e
v_rsq_f64		0x0 0xff800000	0x00000000 0x7ff80000
v_rsq_f64		0x0 0x7fc00000	0x667f3bcc 0x2006a09e
v_rsq_f64		0x80000000 0x0	0x667f3bcc 0x6086a09e
v_rsq_f64		0x80000000 0x80000000	0x00000000 0x7ff80000
v_rsq_f64		0x80000000 0x3f000000	0x0bfcc451 0x4066a09e
v_rsq_f64		0x80000000 0x3f800000	0x0bfcc451 0x4026a09e
v_rsq_f64		0x80000000 0xbf800000	0x00000000 0x7ff80000
v_rsq_f64		0x80000000 0x800000	0x0bfcc451 0x5fa6a09e
v_rsq_f64		0x80000000 0x7f7fffff	0x93c07922 0x2026a09e
v_rsq_f64		0x80000000 0x7f800000	0x0bfcc451 0x2026a09e
v_rsq_f64		0x80000000 0xff800000	0x00000000 0x7ff80000
v_rsq_f64		0x80000000 0x7fc00000	0x0bfcc451 0x2006a09e
v_rsq_f64		0x3f000000 0x0	0x446ffa99 0x60902061
v_rsq_f64		0x3f000000 0x80000000	0x00000000 0x7ff80000
v_rsq_f64		0x3f000000 0x3f000000	0x39f30476 0x4066a09e
v_rsq_f64		0x3f000000 0x3f800000	0x39f30476 0x4026a09e
v_rsq_f64		0x3f000000 0xbf800000	0x00000000 0x7ff80000
v_rsq_f64		0x3f000000 0x800000	0x39f30476 0x5fa6a09e
v_rsq_f64		0x3f000000 0x7f7fffff	0xaabb9aae 0x2026a09e
v_rsq_f64		0x3f000000 0x7f800000	0x39f30476 0x2026a09e
v_rsq_f64		0x3f000000 0xff800000	0x00000000 0x7ff80000
v_rsq_f64		0x3f000000 0x7fc00000	0x39f30476 0x2006a09e
v_rsq_f64		0x3f800000 0x0	0x28467ee9 0x60901018
v_rsq_f64		0x3f800000 0x80000000	0x00000000 0x7ff80000
v_rsq_f64		0x3f800000 0x3f000000	0x399881ff 0x4066a09e
v_rsq_f64		0x3f800000 0x3f800000	0x399881ff 0x4026a09e
v_rsq_f64		0x3f800000 0xbf800000	0x00000000 0x7ff80000
v_rsq_f64		0x3f800000 0x800000	0x399881ff 0x5fa6a09e
v_rsq_f64		0x3f800000 0x7f7fffff	0xaa8e5970 0x2026a09e
v_rsq_f64		0x3f800000 0x7f800000	0x399881ff 0x2026a09e
v_rsq_f64		0x3f800000 0xff800000	0x00000000 0x7ff80000
v_rsq_f64		0x3f800000 0x7fc00000	0x399881ff 0x2006a09e
v_rsq_f64		0xbf800000 0x0	0xe8a4dd22 0x60827fd2
v_rsq_f64		0xbf800000 0x80000000	0x00000000 0x7ff80000
v_rsq_f64		0xbf800000 0x3f000000	0xdf160c9e 0x4066a09d
v_rsq_f64		0xbf800000 0x3f800000	0xdf160c9e 0x4026a09d
v_rsq_f64		0xbf800000 0xbf800000	0x00000000 0x7ff80000
v_rsq_f64		0xbf800000 0x800000	0xdf160c9e 0x5fa6a09d
v_rsq_f64		0xbf800000 0x7f7fffff	0x7d4d1b92 0x2026a09e
v_rsq_f64		0xbf800000 0x7f800000	0xdf160c9e 0x2026a09d
v_rsq_f64		0xbf800000 0xff800000	0x00000000 0x7ff80000
v_rsq_f64		0xbf800000 0x7fc00000	0xdf160c9e 0x2006a09d
v_rsq_f64		0x800000 0x0	0x667f3bcc 0x60c6a09e
v_rsq_f64		0x800000 0x80000000	0x00000000 0x7ff80000
v_rsq_f64		0x800000 0x3f000000	0x6624b953 0x4066a09e
v_rsq_f64		0x800000 0x3f800000	0x6624b953 0x4026a09e
v_rsq_f64		0x800000 0xbf800000	0x00000000 0x7ff80000
v_rsq_f64		0x800000 0x800000	0x6624b953 0x5fa6a09e
v_rsq_f64		0x800000 0x7f7fffff	0xc0d47647 0x2026a09e
v_rsq_f64		0x800000 0x7f800000	0x6624b953 0x2026a09e
v_rsq_f64		0x800000 0xff800000	0x00000000 0x7ff80000
v_rsq_f64		0x800000 0x7fc00000	0x6624b953 0x2006a09e
v_rsq_f64		0x7f7fffff 0x0	0x391d0b96 0x6086abf7
v_rsq_f64		0x7f7fffff 0x80000000	0x00000000 0x7ff80000
v_rsq_f64		0x7f7fffff 0x3f000000	0x0c5746c7 0x4066a09e
v_rsq_f64		0x7f7fffff 0x3f800000	0x0c5746c7 0x4026a09e
v_rsq_f64		0x7f7fffff 0xbf800000	0x00000000 0x7ff80000
v_rsq_f64		0x7f7fffff 0x800000	0x0c5746c7 0x5fa6a09e
v_rsq_f64		0x7f7fffff 0x7f7fffff	0x93edba5f 0x2026a09e
v_rsq_f64		0x7f7fffff 0x7f800000	0x0c5746c7 0x2026a09e
v_rsq_f64		0x7f7fffff 0xff800000	0x00000000 0x7ff80000
v_rsq_f64		0x7f7fffff 0x7fc00000	0x0c5746c7 0x2006a09e
v_rsq_f64		0x7f800000 0x0	0x390648dc 0x6086abf7
v_rsq_f64		0x7f800000 0x80000000	0x00000000 0x7ff80000
v_rsq_f64		0x7f800000 0x3f000000	0x0c5746c7 0x4066a09e
v_rsq_f64		0x7f800000 0x3f800000	0x0c5746c7 0x4026a09e
v_rsq_f64		0x7f800000 0xbf800000	0x00000000 0x7ff80000
v_rsq_f64		0x7f800000 0x800000	0x0c5746c7 0x5fa6a09e
v_rsq_f64		0x7f800000 0x7f7fffff	0x93edba5f 0x2026a09e
v_rsq_f64		0x7f800000 0x7f800000	0x0c5746c7 0x2026a09e
v_rsq_f64		0x7f800000 0xff800000	0x00000000 0x7ff80000
v_rsq_f64		0x7f800000 0x7fc00000	0x0c5746c7 0x2006a09e
v_rsq_f64		0xff800000 0x0	0x80a04620 0x60800401
v_rsq_f64		0xff800000 0x80000000	0x00000000 0x7ff80000
v_rsq_f64		0xff800000 0x3f000000	0xb1d4d386 0x4066a09d
v_rsq_f64		0xff800000 0x3f800000	0xb1d4d386 0x4026a09d
v_rsq_f64		0xff800000 0xbf800000	0x00000000 0x7ff80000
v_rsq_f64		0xff800000 0x800000	0xb1d4d386 0x5fa6a09d
v_rsq_f64		0xff800000 0x7f7fffff	0x66ac7d09 0x2026a09e
v_rsq_f64		0xff800000 0x7f800000	0xb1d4d386 0x2026a09d
v_rsq_f64		0xff800000 0xff800000	0x00000000 0x7ff80000
v_rsq_f64		0xff800000 0x7fc00000	0xb1d4d386 0x2006a09d
v_rsq_f64		0x7fc00000 0x0	0xae0a5e93 0x6086a648
v_rsq_f64		0x7fc00000 0x80000000	0x00000000 0x7ff80000
v_rsq_f64		0x7fc00000 0x3f000000	0x0c2a058d 0x4066a09e
v_rsq_f64		0x7fc00000 0x3f800000	0x0c2a058d 0x4026a09e
v_rsq_f64		0x7fc00000 0xbf800000	0x00000000 0x7ff80000
v_rsq_f64		0x7fc00000 0x800000	0x0c2a058d 0x5fa6a09e
v_rsq_f64		0x7fc00000 0x7f7fffff	0x93d719c0 0x2026a09e
v_rsq_f64		0x7fc00000 0x7f800000	0x0c2a058d 0x2026a09e
v_rsq_f64		0x7fc00000 0xff800000	0x00000000 0x7ff80000
v_rsq_f64		0x7fc00000 0x7fc00000	0x0c2a058d 0x2006a09e
v_s2v_b32		0x0 0x0	0x00000000
v_s2v_b32		0x0 0x1	0x00000000
v_s2v_b32		0x0 0x7fffffff	0x00000000
v_s2v_b32		0x0 0x80000000	0x00000000
v_s2v_b32		0x0 0xfffffffe	0x00000000
v_s2v_b32		0x0 0xffffffff	0x00000000
v_s2v_b32		0x1 0x0	0x00000001
v_s2v_b32		0x1 0x1	0x00000001
v_s2v_b32		0x1 0x7fffffff	0x00000001
v_s2v_b32		0x1 0x80000000	0x00000001
v_s2v_b32		0x1 0xfffffffe	0x00000001
v_s2v_b32		0x1 0xffffffff	0x00000001
v_s2v_b32		0x7fffffff 0x0	0x7fffffff
v_s2v_b32		0x7fffffff 0x1	0x7fffffff
v_s2v_b32		0x7fffffff 0x7fffffff	0x7fffffff
v_s2v_b32		0x7fffffff 0x80000000	0x7fffffff
v_s2v_b32		0x7fffffff 0xfffffffe	0x7fffffff
v_s2v_b32		0x7fffffff 0xffffffff	0x7fffffff
v_s2v_b32		0x80000000 0x0	0x80000000
v_s2v_b32		0x80000000 0x1	0x80000000
v_s2v_b32		0x80000000 0x7fffffff	0x80000000
v_s2v_b32		0x80000000 0x80000000	0x80000000
v_s2v_b32		0x80000000 0xfffffffe	0x80000000
v_s2v_b32		0x80000000 0xffffffff	0x80000000
v_s2v_b32		0xfffffffe 0x0	0xfffffffe
v_s2v_b32		0xfffffffe 0x1	0xfffffffe
v_s2v_b32		0xfffffffe 0x7fffffff	0xfffffffe
v_s2v_b32		0xfffffffe 0x80000000	0xfffffffe
v_s2v_b32		0xfffffffe 0xfffffffe	0xfffffffe
v_s2v_b32		0xfffffffe 0xffffffff	0xfffffffe
v_s2v_b32		0xffffffff 0x0	0xffffffff
v_s2v_b32		0xffffffff 0x1	0xffffffff
v_s2v_b32		0xffffffff 0x7fffffff	0xffffffff
v_s2v_b32		0xffffffff 0x80000000	0xffffffff
v_s2v_b32		0xffffffff 0xfffffffe	0xffffffff
v_s2v_b32		0xffffffff 0xffffffff	0xffffffff
v_select_b32		0x0 0x0 0x0	0x00000000
v_select_b32		0x0 0x1 0x0	0x00000001
v_select_b32		0x0 0x0 0x0	0x00000000
v_select_b32		0x0 0x1 0x0	0x00000001
v_select_b32		0x0 0x1 0x1	0x00000001
v_select_b32		0x0 0x0 0x1	0x00000000
v_select_b32		0x0 0x7fffffff 0x0	0x7fffffff
v_select_b32		0x0 0x1 0x7fffffff	0x00000000
v_select_b32		0x0 0x0 0x7fffffff	0x00000000
v_select_b32		0x0 0x80000000 0x0	0x80000000
v_select_b32		0x0 0x1 0x80000000	0x00000001
v_select_b32		0x0 0x0 0x80000000	0x00000000
v_select_b32		0x0 0xfffffffe 0x0	0xfffffffe
v_select_b32		0x0 0x1 0xfffffffe	0x00000001
v_select_b32		0x0 0x0 0xfffffffe	0x00000000
v_select_b32		0x0 0xffffffff 0x0	0xffffffff
v_select_b32		0x0 0x1 0xffffffff	0x00000000
v_select_b32		0x0 0x0 0xffffffff	0x00000000
v_select_b32		0x1 0x0 0x0	0x00000000
v_select_b32		0x1 0x1 0x0	0x00000001
v_select_b32		0x0 0x1 0x0	0x00000001
v_select_b32		0x1 0x1 0x0	0x00000001
v_select_b32		0x1 0x1 0x1	0x00000001
v_select_b32		0x0 0x1 0x1	0x00000001
v_select_b32		0x1 0x7fffffff 0x0	0x7fffffff
v_select_b32		0x1 0x1 0x7fffffff	0x00000001
v_select_b32		0x0 0x1 0x7fffffff	0x00000000
v_select_b32		0x1 0x80000000 0x0	0x80000000
v_select_b32		0x1 0x1 0x80000000	0x00000001
v_select_b32		0x0 0x1 0x80000000	0x00000001
v_select_b32		0x1 0xfffffffe 0x0	0xfffffffe
v_select_b32		0x1 0x1 0xfffffffe	0x00000001
v_select_b32		0x0 0x1 0xfffffffe	0x00000001
v_select_b32		0x1 0xffffffff 0x0	0xffffffff
v_select_b32		0x1 0x1 0xffffffff	0x00000001
v_select_b32		0x0 0x1 0xffffffff	0x00000000
v_select_b32		0x7fffffff 0x0 0x0	0x00000000
v_select_b32		0x7fffffff 0x1 0x0	0x00000001
v_select_b32		0x0 0x7fffffff 0x0	0x7fffffff
v_select_b32		0x7fffffff 0x1 0x0	0x00000001
v_select_b32		0x7fffffff 0x1 0x1	0x7fffffff
v_select_b32		0x0 0x7fffffff 0x1	0x7fffffff
v_select_b32		0x7fffffff 0x7fffffff 0x0	0x7fffffff
v_select_b32		0x7fffffff 0x1 0x7fffffff	0x7fffffff
v_select_b32		0x0 0x7fffffff 0x7fffffff	0x00000000
v_select_b32		0x7fffffff 0x80000000 0x0	0x80000000
v_select_b32		0x7fffffff 0x1 0x80000000	0x00000001
v_select_b32		0x0 0x7fffffff 0x80000000	0x7fffffff
v_select_b32		0x7fffffff 0xfffffffe 0x0	0xfffffffe
v_select_b32		0x7fffffff 0x1 0xfffffffe	0x7fffffff
v_select_b32		0x0 0x7fffffff 0xfffffffe	0x7fffffff
v_select_b32		0x7fffffff 0xffffffff 0x0	0xffffffff
v_select_b32		0x7fffffff 0x1 0xffffffff	0x7fffffff
v_select_b32		0x0 0x7fffffff 0xffffffff	0x00000000
v_select_b32		0x80000000 0x0 0x0	0x00000000
v_select_b32		0x80000000 0x1 0x0	0x00000001
v_select_b32		0x0 0x80000000 0x0	0x80000000
v_select_b32		0x80000000 0x1 0x0	0x00000001
v_select_b32		0x80000000 0x1 0x1	0x80000001
v_select_b32		0x0 0x80000000 0x1	0x80000000
v_select_b32		0x80000000 0x7fffffff 0x0	0x7fffffff
v_select_b32		0x80000000 0x1 0x7fffffff	0x80000000
v_select_b32		0x0 0x80000000 0x7fffffff	0x00000000
v_select_b32		0x80000000 0x80000000 0x0	0x80000000
v_select_b32		0x80000000 0x1 0x80000000	0x00000001
v_select_b32		0x0 0x80000000 0x80000000	0x80000000
v_select_b32		0x80000000 0xfffffffe 0x0	0xfffffffe
v_select_b32		0x80000000 0x1 0xfffffffe	0x80000001
v_select_b32		0x0 0x80000000 0xfffffffe	0x80000000
v_select_b32		0x80000000 0xffffffff 0x0	0xffffffff
v_select_b32		0x80000000 0x1 0xffffffff	0x80000000
v_select_b32		0x0 0x80000000 0xffffffff	0x00000000
v_select_b32		0xfffffffe 0x0 0x0	0x00000000
v_select_b32		0xfffffffe 0x1 0x0	0x00000001
v_select_b32		0x0 0xfffffffe 0x0	0xfffffffe
v_select_b32		0xfffffffe 0x1 0x0	0x00000001
v_select_b32		0xfffffffe 0x1 0x1	0xffffffff
v_select_b32		0x0 0xfffffffe 0x1	0xfffffffe
v_select_b32		0xfffffffe 0x7fffffff 0x0	0x7fffffff
v_select_b32		0xfffffffe 0x1 0x7fffffff	0xfffffffe
v_select_b32		0x0 0xfffffffe 0x7fffffff	0x00000000
v_select_b32		0xfffffffe 0x80000000 0x0	0x80000000
v_select_b32		0xfffffffe 0x1 0x80000000	0x00000001
v_select_b32		0x0 0xfffffffe 0x80000000	0xfffffffe
v_select_b32		0xfffffffe 0xfffffffe 0x0	0xfffffffe
v_select_b32		0xfffffffe 0x1 0xfffffffe	0xffffffff
v_select_b32		0x0 0xfffffffe 0xfffffffe	0xfffffffe
v_select_b32		0xfffffffe 0xffffffff 0x0	0xffffffff
v_select_b32		0xfffffffe 0x1 0xffffffff	0xfffffffe
v_select_b32		0x0 0xfffffffe 0xffffffff	0x00000000
v_select_b32		0xffffffff 0x0 0x0	0x00000000
v_select_b32		0xffffffff 0x1 0x0	0x00000001
v_select_b32		0x0 0xffffffff 0x0	0xffffffff
v_select_b32		0xffffffff 0x1 0x0	0x00000001
v_select_b32		0xffffffff 0x1 0x1	0xffffffff
v_select_b32		0x0 0xffffffff 0x1	0xffffffff
v_select_b32		0xffffffff 0x7fffffff 0x0	0x7fffffff
v_select_b32		0xffffffff 0x1 0x7fffffff	0xffffffff
v_select_b32		0x0 0xffffffff 0x7fffffff	0x00000000
v_select_b32		0xffffffff 0x80000000 0x0	0x80000000
v_select_b32		0xffffffff 0x1 0x80000000	0x00000001
v_select_b32		0x0 0xffffffff 0x80000000	0xffffffff
v_select_b32		0xffffffff 0xfffffffe 0x0	0xfffffffe
v_select_b32		0xffffffff 0x1 0xfffffffe	0xffffffff
v_select_b32		0x0 0xffffffff 0xfffffffe	0xffffffff
v_select_b32		0xffffffff 0xffffffff 0x0	0xffffffff
v_select_b32		0xffffffff 0x1 0xffffffff	0xffffffff
v_select_b32		0x0 0xffffffff 0xffffffff	0x00000000
v_select_b32		0x0 0x0 0x0	0x00000000
v_select_b32		0x1 0x1 0x1	0x00000001
v_select_b32		0x7fffffff 0x7fffffff 0x7fffffff	0x7fffffff
v_select_b32		0x80000000 0x80000000 0x80000000	0x80000000
v_select_b32		0xfffffffe 0xfffffffe 0xfffffffe	0xfffffffe
v_select_b32		0xffffffff 0xffffffff 0xffffffff	0xffffffff
v_sext_i32_i16		0x0	0x00000000
v_sext_i32_i16		0x1	0x00000001
v_sext_i32_i16		0x7fffffff	0xffffffff
v_sext_i32_i16		0x80000000	0x00000000
v_sext_i32_i16		0xfffffffe	0xfffffffe
v_sext_i32_i16		0xffffffff	0xffffffff
v_sext_i32_i8		0x0	0x00000000
v_sext_i32_i8		0x1	0x00000001
v_sext_i32_i8		0x7fffffff	0xffffffff
v_sext_i32_i8		0x80000000	0x00000000
v_sext_i32_i8		0xfffffffe	0xfffffffe
v_sext_i32_i8		0xffffffff	0xffffffff
v_sin_f32		0x0	0x00000000
v_sin_f32		0x80000000	0x80000000
v_sin_f32		0x3f000000	0x00000000
v_sin_f32		0x3f800000	0x00000000
v_sin_f32		0xbf800000	0x80000000
v_sin_f32		0x800000	0x01c90fdb
v_sin_f32		0x7f7fffff	0x00000000
v_sin_f32		0x7f800000	0x7fc00015
v_sin_f32		0xff800000	0xffc00015
v_sin_f32		0x7fc00000	0x7fc00000
v_sll_b32		0x0 0x0	0x00000000
v_sll_b32		0x0 0x1	0x00000000
v_sll_b32		0x0 0x7fffffff	0x00000000
v_sll_b32		0x0 0x80000000	0x00000000
v_sll_b32		0x0 0xfffffffe	0x00000000
v_sll_b32		0x0 0xffffffff	0x00000000
v_sll_b32		0x1 0x0	0x00000001
v_sll_b32		0x1 0x1	0x00000002
v_sll_b32		0x1 0x7fffffff	0x80000000
v_sll_b32		0x1 0x80000000	0x00000001
v_sll_b32		0x1 0xfffffffe	0x40000000
v_sll_b32		0x1 0xffffffff	0x80000000
v_sll_b32		0x7fffffff 0x0	0x7fffffff
v_sll_b32		0x7fffffff 0x1	0xfffffffe
v_sll_b32		0x7fffffff 0x7fffffff	0x80000000
v_sll_b32		0x7fffffff 0x80000000	0x7fffffff
v_sll_b32		0x7fffffff 0xfffffffe	0xc0000000
v_sll_b32		0x7fffffff 0xffffffff	0x80000000
v_sll_b32		0x80000000 0x0	0x80000000
v_sll_b32		0x80000000 0x1	0x00000000
v_sll_b32		0x80000000 0x7fffffff	0x00000000
v_sll_b32		0x80000000 0x80000000	0x80000000
v_sll_b32		0x80000000 0xfffffffe	0x00000000
v_sll_b32		0x80000000 0xffffffff	0x00000000
v_sll_b32		0xfffffffe 0x0	0xfffffffe
v_sll_b32		0xfffffffe 0x1	0xfffffffc
v_sll_b32		0xfffffffe 0x7fffffff	0x00000000
v_sll_b32		0xfffffffe 0x80000000	0xfffffffe
v_sll_b32		0xfffffffe 0xfffffffe	0x80000000
v_sll_b32		0xfffffffe 0xffffffff	0x00000000
v_sll_b32		0xffffffff 0x0	0xffffffff
v_sll_b32		0xffffffff 0x1	0xfffffffe
v_sll_b32		0xffffffff 0x7fffffff	0x80000000
v_sll_b32		0xffffffff 0x80000000	0xffffffff
v_sll_b32		0xffffffff 0xfffffffe	0xc0000000
v_sll_b32		0xffffffff 0xffffffff	0x80000000
v_sqrt_f32		0x0	0x00000000
v_sqrt_f32		0x80000000	0x80000000
v_sqrt_f32		0x3f000000	0x3f3504f3
v_sqrt_f32		0x3f800000	0x3f800000
v_sqrt_f32		0xbf800000	0xffc00014
v_sqrt_f32		0x800000	0x20000000
v_sqrt_f32		0x7f7fffff	0x5f7fffff
v_sqrt_f32		0x7f800000	0x7f800000
v_sqrt_f32		0xff800000	0xffc00014
v_sqrt_f32		0x7fc00000	0x7fc00000
v_sqrt_f64		0x0 0x0	0x00000000 0x00000000
v_sqrt_f64		0x0 0x80000000	0x00000000 0x80000000
v_sqrt_f64		0x0 0x3f000000	0x667f3bcd 0x3f76a09e
v_sqrt_f64		0x0 0x3f800000	0x667f3bcd 0x3fb6a09e
v_sqrt_f64		0x0 0xbf800000	0x00000000 0xfff80000
v_sqrt_f64		0x0 0x800000	0x667f3bcd 0x2036a09e
v_sqrt_f64		0x0 0x7f7fffff	0x0bfcc17e 0x5fb6a09e
v_sqrt_f64		0x0 0x7f800000	0x667f3bcd 0x5fb6a09e
v_sqrt_f64		0x0 0xff800000	0x00000000 0xfff80000
v_sqrt_f64		0x0 0x7fc00000	0x667f3bcd 0x5fd6a09e
v_sqrt_f64		0x80000000 0x0	0x667f3bcd 0x1f56a09e
v_sqrt_f64		0x80000000 0x80000000	0x00000000 0xfff80000
v_sqrt_f64		0x80000000 0x3f000000	0xc101b4b2 0x3f76a09e
v_sqrt_f64		0x80000000 0x3f800000	0xc101b4b2 0x3fb6a09e
v_sqrt_f64		0x80000000 0xbf800000	0x00000000 0xfff80000
v_sqrt_f64		0x80000000 0x800000	0xc101b4b2 0x2036a09e
v_sqrt_f64		0x80000000 0x7f7fffff	0x393dfed2 0x5fb6a09e
v_sqrt_f64		0x80000000 0x7f800000	0xc101b4b2 0x5fb6a09e
v_sqrt_f64		0x80000000 0xff800000	0x00000000 0xfff80000
v_sqrt_f64		0x80000000 0x7fc00000	0xc101b4b2 0x5fd6a09e
v_sqrt_f64		0x3f000000 0x0	0x7ebc755f 0x1f4fbfbf
v_sqrt_f64		0x3f000000 0x80000000	0x00000000 0xfff80000
v_sqrt_f64		0x3f000000 0x3f000000	0x930b737b 0x3f76a09e
v_sqrt_f64		0x3f000000 0x3f800000	0x930b737b 0x3fb6a09e
v_sqrt_f64		0x3f000000 0xbf800000	0x00000000 0xfff80000
v_sqrt_f64		0x3f000000 0x800000	0x930b737b 0x2036a09e
v_sqrt_f64		0x3f000000 0x7f7fffff	0x2242ddb9 0x5fb6a09e
v_sqrt_f64		0x3f000000 0x7f800000	0x930b737b 0x5fb6a09e
v_sqrt_f64		0x3f000000 0xff800000	0x00000000 0xfff80000
v_sqrt_f64		0x3f000000 0x7fc00000	0x930b737b 0x5fd6a09e
v_sqrt_f64		0x3f800000 0x0	0xefebe3d6 0x1f4fdfef
v_sqrt_f64		0x3f800000 0x80000000	0x00000000 0xfff80000
v_sqrt_f64		0x3f800000 0x3f000000	0x9365f5f3 0x3f76a09e
v_sqrt_f64		0x3f800000 0x3f800000	0x9365f5f3 0x3fb6a09e
v_sqrt_f64		0x3f800000 0xbf800000	0x00000000 0xfff80000
v_sqrt_f64		0x3f800000 0x800000	0x9365f5f3 0x2036a09e
v_sqrt_f64		0x3f800000 0x7f7fffff	0x22701ef6 0x5fb6a09e
v_sqrt_f64		0x3f800000 0x7f800000	0x9365f5f3 0x5fb6a09e
v_sqrt_f64		0x3f800000 0xff800000	0x00000000 0xfff80000
v_sqrt_f64		0x3f800000 0x7fc00000	0x9365f5f3 0x5fd6a09e
v_sqrt_f64		0xbf800000 0x0	0x8a0ea6d6 0x1f5bad3c
v_sqrt_f64		0xbf800000 0x80000000	0x00000000 0xfff80000
v_sqrt_f64		0xbf800000 0x3f000000	0xede86e25 0x3f76a09e
v_sqrt_f64		0xbf800000 0x3f800000	0xede86e25 0x3fb6a09e
v_sqrt_f64		0xbf800000 0xbf800000	0x00000000 0xfff80000
v_sqrt_f64		0xbf800000 0x800000	0xede86e25 0x2036a09e
v_sqrt_f64		0xbf800000 0x7f7fffff	0x4fb15c1e 0x5fb6a09e
v_sqrt_f64		0xbf800000 0x7f800000	0xede86e25 0x5fb6a09e
v_sqrt_f64		0xbf800000 0xff800000	0x00000000 0xfff80000
v_sqrt_f64		0xbf800000 0x7fc00000	0xede86e25 0x5fd6a09e
v_sqrt_f64		0x800000 0x0	0x667f3bcd 0x1f16a09e
v_sqrt_f64		0x800000 0x80000000	0x00000000 0xfff80000
v_sqrt_f64		0x800000 0x3f000000	0x66d9be46 0x3f76a09e
v_sqrt_f64		0x800000 0x3f800000	0x66d9be46 0x3fb6a09e
v_sqrt_f64		0x800000 0xbf800000	0x00000000 0xfff80000
v_sqrt_f64		0x800000 0x800000	0x66d9be46 0x2036a09e
v_sqrt_f64		0x800000 0x7f7fffff	0x0c2a02bb 0x5fb6a09e
v_sqrt_f64		0x800000 0x7f800000	0x66d9be46 0x5fb6a09e
v_sqrt_f64		0x800000 0xff800000	0x00000000 0xfff80000
v_sqrt_f64		0x800000 0x7fc00000	0x66d9be46 0x5fd6a09e
v_sqrt_f64		0x7f7fffff 0x0	0x41b6969c 0x1f56954b
v_sqrt_f64		0x7f7fffff 0x80000000	0x00000000 0xfff80000
v_sqrt_f64		0x7f7fffff 0x3f000000	0xc0a73239 0x3f76a09e
v_sqrt_f64		0x7f7fffff 0x3f800000	0xc0a73239 0x3fb6a09e
v_sqrt_f64		0x7f7fffff 0xbf800000	0x00000000 0xfff80000
v_sqrt_f64		0x7f7fffff 0x800000	0xc0a73239 0x2036a09e
v_sqrt_f64		0x7f7fffff 0x7f7fffff	0x3910bd95 0x5fb6a09e
v_sqrt_f64		0x7f7fffff 0x7f800000	0xc0a73239 0x5fb6a09e
v_sqrt_f64		0x7f7fffff 0xff800000	0x00000000 0xfff80000
v_sqrt_f64		0x7f7fffff 0x7fc00000	0xc0a73239 0x5fd6a09e
v_sqrt_f64		0x7f800000 0x0	0x41cd4293 0x1f56954b
v_sqrt_f64		0x7f800000 0x80000000	0x00000000 0xfff80000
v_sqrt_f64		0x7f800000 0x3f000000	0xc0a73239 0x3f76a09e
v_sqrt_f64		0x7f800000 0x3f800000	0xc0a73239 0x3fb6a09e
v_sqrt_f64		0x7f800000 0xbf800000	0x00000000 0xfff80000
v_sqrt_f64		0x7f800000 0x800000	0xc0a73239 0x2036a09e
v_sqrt_f64		0x7f800000 0x7f7fffff	0x3910bd95 0x5fb6a09e
v_sqrt_f64		0x7f800000 0x7f800000	0xc0a73239 0x5fb6a09e
v_sqrt_f64		0x7f800000 0xff800000	0x00000000 0xfff80000
v_sqrt_f64		0x7f800000 0x7fc00000	0xc0a73239 0x5fd6a09e
v_sqrt_f64		0xff800000 0x0	0xffbfebf9 0x1f5ff7fe
v_sqrt_f64		0xff800000 0x80000000	0x00000000 0xfff80000
v_sqrt_f64		0xff800000 0x3f000000	0x1b29a9b6 0x3f76a09f
v_sqrt_f64		0xff800000 0x3f800000	0x1b29a9b6 0x3fb6a09f
v_sqrt_f64		0xff800000 0xbf800000	0x00000000 0xfff80000
v_sqrt_f64		0xff800000 0x800000	0x1b29a9b6 0x2036a09f
v_sqrt_f64		0xff800000 0x7f7fffff	0x6651fa90 0x5fb6a09e
v_sqrt_f64		0xff800000 0x7f800000	0x1b29a9b6 0x5fb6a09f
v_sqrt_f64		0xff800000 0xff800000	0x00000000 0xfff80000
v_sqrt_f64		0xff800000 0x7fc00000	0x1b29a9b6 0x5fd6a09f
v_sqrt_f64		0x7fc00000 0x0	0x89b35963 0x1f569af5
v_sqrt_f64		0x7fc00000 0x80000000	0x00000000 0xfff80000
v_sqrt_f64		0x7fc00000 0x3f000000	0xc0d47375 0x3f76a09e
v_sqrt_f64		0x7fc00000 0x3f800000	0xc0d47375 0x3fb6a09e
v_sqrt_f64		0x7fc00000 0xbf800000	0x00000000 0xfff80000
v_sqrt_f64		0x7fc00000 0x800000	0xc0d47375 0x2036a09e
v_sqrt_f64		0x7fc00000 0x7f7fffff	0x39275e34 0x5fb6a09e
v_sqrt_f64		0x7fc00000 0x7f800000	0xc0d47375 0x5fb6a09e
v_sqrt_f64		0x7fc00000 0xff800000	0x00000000 0xfff80000
v_sqrt_f64		0x7fc00000 0x7fc00000	0xc0d47375 0x5fd6a09e
v_sra_b32		0x0 0x0	0x00000000
v_sra_b32		0x0 0x1	0x00000000
v_sra_b32		0x0 0x7fffffff	0x00000000
v_sra_b32		0x0 0x80000000	0x00000000
v_sra_b32		0x0 0xfffffffe	0x00000000
v_sra_b32		0x0 0xffffffff	0x00000000
v_sra_b32		0x1 0x0	0x00000001
v_sra_b32		0x1 0x1	0x00000000
v_sra_b32		0x1 0x7fffffff	0x00000000
v_sra_b32		0x1 0x80000000	0x00000001
v_sra_b32		0x1 0xfffffffe	0x00000000
v_sra_b32		0x1 0xffffffff	0x00000000
v_sra_b32		0x7fffffff 0x0	0x7fffffff
v_sra_b32		0x7fffffff 0x1	0x3fffffff
v_sra_b32		0x7fffffff 0x7fffffff	0x00000000
v_sra_b32		0x7fffffff 0x80000000	0x7fffffff
v_sra_b32		0x7fffffff 0xfffffffe	0x00000001
v_sra_b32		0x7fffffff 0xffffffff	0x00000000
v_sra_b32		0x80000000 0x0	0x80000000
v_sra_b32		0x80000000 0x1	0xc0000000
v_sra_b32		0x80000000 0x7fffffff	0xffffffff
v_sra_b32		0x80000000 0x80000000	0x80000000
v_sra_b32		0x80000000 0xfffffffe	0xfffffffe
v_sra_b32		0x80000000 0xffffffff	0xffffffff
v_sra_b32		0xfffffffe 0x0	0xfffffffe
v_sra_b32		0xfffffffe 0x1	0xffffffff
v_sra_b32		0xfffffffe 0x7fffffff	0xffffffff
v_sra_b32		0xfffffffe 0x80000000	0xfffffffe
v_sra_b32		0xfffffffe 0xfffffffe	0xffffffff
v_sra_b32		0xfffffffe 0xffffffff	0xffffffff
v_sra_b32		0xffffffff 0x0	0xffffffff
v_sra_b32		0xffffffff 0x1	0xffffffff
v_sra_b32		0xffffffff 0x7fffffff	0xffffffff
v_sra_b32		0xffffffff 0x80000000	0xffffffff
v_sra_b32		0xffffffff 0xfffffffe	0xffffffff
v_sra_b32		0xffffffff 0xffffffff	0xffffffff
v_srl_b32		0x0 0x0	0x00000000
v_srl_b32		0x0 0x1	0x00000000
v_srl_b32		0x0 0x7fffffff	0x00000000
v_srl_b32		0x0 0x80000000	0x00000000
v_srl_b32		0x0 0xfffffffe	0x00000000
v_srl_b32		0x0 0xffffffff	0x00000000
v_srl_b32		0x1 0x0	0x00000001
v_srl_b32		0x1 0x1	0x00000000
v_srl_b32		0x1 0x7fffffff	0x00000000
v_srl_b32		0x1 0x80000000	0x00000001
v_srl_b32		0x1 0xfffffffe	0x00000000
v_srl_b32		0x1 0xffffffff	0x00000000
v_srl_b32		0x7fffffff 0x0	0x7fffffff
v_srl_b32		0x7fffffff 0x1	0x3fffffff
v_srl_b32		0x7fffffff 0x7fffffff	0x00000000
v_srl_b32		0x7fffffff 0x80000000	0x7fffffff
v_srl_b32		0x7fffffff 0xfffffffe	0x00000001
v_srl_b32		0x7fffffff 0xffffffff	0x00000000
v_srl_b32		0x80000000 0x0	0x80000000
v_srl_b32		0x80000000 0x1	0x40000000
v_srl_b32		0x80000000 0x7fffffff	0x00000001
v_srl_b32		0x80000000 0x80000000	0x80000000
v_srl_b32		0x80000000 0xfffffffe	0x00000002
v_srl_b32		0x80000000 0xffffffff	0x00000001
v_srl_b32		0xfffffffe 0x0	0xfffffffe
v_srl_b32		0xfffffffe 0x1	0x7fffffff
v_srl_b32		0xfffffffe 0x7fffffff	0x00000001
v_srl_b32		0xfffffffe 0x80000000	0xfffffffe
v_srl_b32		0xfffffffe 0xfffffffe	0x00000003
v_srl_b32		0xfffffffe 0xffffffff	0x00000001
v_srl_b32		0xffffffff 0x0	0xffffffff
v_srl_b32		0xffffffff 0x1	0x7fffffff
v_srl_b32		0xffffffff 0x7fffffff	0x00000001
v_srl_b32		0xffffffff 0x80000000	0xffffffff
v_srl_b32		0xffffffff 0xfffffffe	0x00000003
v_srl_b32		0xffffffff 0xffffffff	0x00000001
v_sub_f32		0x0 0x0	0x00000000
v_sub_f32		0x0 0x80000000	0x00000000
v_sub_f32		0x0 0x3f000000	0xbf000000
v_sub_f32		0x0 0x3f800000	0xbf800000
v_sub_f32		0x0 0xbf800000	0x3f800000
v_sub_f32		0x0 0x800000	0x80800000
v_sub_f32		0x0 0x7f7fffff	0xff7fffff
v_sub_f32		0x0 0x7f800000	0xff800000
v_sub_f32		0x0 0xff800000	0x7f800000
v_sub_f32		0x0 0x7fc00000	0x7fc00000
v_sub_f32		0x80000000 0x0	0x80000000
v_sub_f32		0x80000000 0x80000000	0x00000000
v_sub_f32		0x80000000 0x3f000000	0xbf000000
v_sub_f32		0x80000000 0x3f800000	0xbf800000
v_sub_f32		0x80000000 0xbf800000	0x3f800000
v_sub_f32		0x80000000 0x800000	0x80800000
v_sub_f32		0x80000000 0x7f7fffff	0xff7fffff
v_sub_f32		0x80000000 0x7f800000	0xff800000
v_sub_f32		0x80000000 0xff800000	0x7f800000
v_sub_f32		0x80000000 0x7fc00000	0x7fc00000
v_sub_f32		0x3f000000 0x0	0x3f000000
v_sub_f32		0x3f000000 0x80000000	0x3f000000
v_sub_f32		0x3f000000 0x3f000000	0x00000000
v_sub_f32		0x3f000000 0x3f800000	0xbf000000
v_sub_f32		0x3f000000 0xbf800000	0x3fc00000
v_sub_f32		0x3f000000 0x800000	0x3f000000
v_sub_f32		0x3f000000 0x7f7fffff	0xff7fffff
v_sub_f32		0x3f000000 0x7f800000	0xff800000
v_sub_f32		0x3f000000 0xff800000	0x7f800000
v_sub_f32		0x3f000000 0x7fc00000	0x7fc00000
v_sub_f32		0x3f800000 0x0	0x3f800000
v_sub_f32		0x3f800000 0x80000000	0x3f800000
v_sub_f32		0x3f800000 0x3f000000	0x3f000000
v_sub_f32		0x3f800000 0x3f800000	0x00000000
v_sub_f32		0x3f800000 0xbf800000	0x40000000
v_sub_f32		0x3f800000 0x800000	0x3f800000
v_sub_f32		0x3f800000 0x7f7fffff	0xff7fffff
v_sub_f32		0x3f800000 0x7f800000	0xff800000
v_sub_f32		0x3f800000 0xff800000	0x7f800000
v_sub_f32		0x3f800000 0x7fc00000	0x7fc00000
v_sub_f32		0xbf800000 0x0	0xbf800000
v_sub_f32		0xbf800000 0x80000000	0xbf800000
v_sub_f32		0xbf800000 0x3f000000	0xbfc00000
v_sub_f32		0xbf800000 0x3f800000	0xc0000000
v_sub_f32		0xbf800000 0xbf800000	0x00000000
v_sub_f32		0xbf800000 0x800000	0xbf800000
v_sub_f32		0xbf800000 0x7f7fffff	0xff7fffff
v_sub_f32		0xbf800000 0x7f800000	0xff800000
v_sub_f32		0xbf800000 0xff800000	0x7f800000
v_sub_f32		0xbf800000 0x7fc00000	0x7fc00000
v_sub_f32		0x800000 0x0	0x00800000
v_sub_f32		0x800000 0x80000000	0x00800000
v_sub_f32		0x800000 0x3f000000	0xbf000000
v_sub_f32		0x800000 0x3f800000	0xbf800000
v_sub_f32		0x800000 0xbf800000	0x3f800000
v_sub_f32		0x800000 0x800000	0x00000000
v_sub_f32		0x800000 0x7f7fffff	0xff7fffff
v_sub_f32		0x800000 0x7f800000	0xff800000
v_sub_f32		0x800000 0xff800000	0x7f800000
v_sub_f32		0x800000 0x7fc00000	0x7fc00000
v_sub_f32		0x7f7fffff 0x0	0x7f7fffff
v_sub_f32		0x7f7fffff 0x80000000	0x7f7fffff
v_sub_f32		0x7f7fffff 0x3f000000	0x7f7fffff
v_sub_f32		0x7f7fffff 0x3f800000	0x7f7fffff
v_sub_f32		0x7f7fffff 0xbf800000	0x7f7fffff
v_sub_f32		0x7f7fffff 0x800000	0x7f7fffff
v_sub_f32		0x7f7fffff 0x7f7fffff	0x00000000
v_sub_f32		0x7f7fffff 0x7f800000	0xff800000
v_sub_f32		0x7f7fffff 0xff800000	0x7f800000
v_sub_f32		0x7f7fffff 0x7fc00000	0x7fc00000
v_sub_f32		0x7f800000 0x0	0x7f800000
v_sub_f32		0x7f800000 0x80000000	0x7f800000
v_sub_f32		0x7f800000 0x3f000000	0x7f800000
v_sub_f32		0x7f800000 0x3f800000	0x7f800000
v_sub_f32		0x7f800000 0xbf800000	0x7f800000
v_sub_f32		0x7f800000 0x800000	0x7f800000
v_sub_f32		0x7f800000 0x7f7fffff	0x7f800000
v_sub_f32		0x7f800000 0x7f800000	0x7fc00000
v_sub_f32		0x7f800000 0xff800000	0x7f800000
v_sub_f32		0x7f800000 0x7fc00000	0x7fc00000
v_sub_f32		0xff800000 0x0	0xff800000
v_sub_f32		0xff800000 0x80000000	0xff800000
v_sub_f32		0xff800000 0x3f000000	0xff800000
v_sub_f32		0xff800000 0x3f800000	0xff800000
v_sub_f32		0xff800000 0xbf800000	0xff800000
v_sub_f32		0xff800000 0x800000	0xff800000
v_sub_f32		0xff800000 0x7f7fffff	0xff800000
v_sub_f32		0xff800000 0x7f800000	0xff800000
v_sub_f32		0xff800000 0xff800000	0x7fc00000
v_sub_f32		0xff800000 0x7fc00000	0x7fc00000
v_sub_f32		0x7fc00000 0x0	0x7fc00000
v_sub_f32		0x7fc00000 0x80000000	0x7fc00000
v_sub_f32		0x7fc00000 0x3f000000	0x7fc00000
v_sub_f32		0x7fc00000 0x3f800000	0x7fc00000
v_sub_f32		0x7fc00000 0xbf800000	0x7fc00000
v_sub_f32		0x7fc00000 0x800000	0x7fc00000
v_sub_f32		0x7fc00000 0x7f7fffff	0x7fc00000
v_sub_f32		0x7fc00000 0x7f800000	0x7fc00000
v_sub_f32		0x7fc00000 0xff800000	0x7fc00000
v_sub_f32		0x7fc00000 0x7fc00000	0x7fc00000
v_sub_i32		0x0 0x0	0x00000000
v_sub_i32		0x0 0x1	0xffffffff
v_sub_i32		0x0 0x7fffffff	0x80000001
v_sub_i32		0x0 0x80000000	0x80000000
v_sub_i32		0x0 0xfffffffe	0x00000002
v_sub_i32		0x0 0xffffffff	0x00000001
v_sub_i32		0x1 0x0	0x00000001
v_sub_i32		0x1 0x1	0x00000000
v_sub_i32		0x1 0x7fffffff	0x80000002
v_sub_i32		0x1 0x80000000	0x80000001
v_sub_i32		0x1 0xfffffffe	0x00000003
v_sub_i32		0x1 0xffffffff	0x00000002
v_sub_i32		0x7fffffff 0x0	0x7fffffff
v_sub_i32		0x7fffffff 0x1	0x7ffffffe
v_sub_i32		0x7fffffff 0x7fffffff	0x00000000
v_sub_i32		0x7fffffff 0x80000000	0xffffffff
v_sub_i32		0x7fffffff 0xfffffffe	0x80000001
v_sub_i32		0x7fffffff 0xffffffff	0x80000000
v_sub_i32		0x80000000 0x0	0x80000000
v_sub_i32		0x80000000 0x1	0x7fffffff
v_sub_i32		0x80000000 0x7fffffff	0x00000001
v_sub_i32		0x80000000 0x80000000	0x00000000
v_sub_i32		0x80000000 0xfffffffe	0x80000002
v_sub_i32		0x80000000 0xffffffff	0x80000001
v_sub_i32		0xfffffffe 0x0	0xfffffffe
v_sub_i32		0xfffffffe 0x1	0xfffffffd
v_sub_i32		0xfffffffe 0x7fffffff	0x7fffffff
v_sub_i32		0xfffffffe 0x80000000	0x7ffffffe
v_sub_i32		0xfffffffe 0xfffffffe	0x00000000
v_sub_i32		0xfffffffe 0xffffffff	0xffffffff
v_sub_i32		0xffffffff 0x0	0xffffffff
v_sub_i32		0xffffffff 0x1	0xfffffffe
v_sub_i32		0xffffffff 0x7fffffff	0x80000000
v_sub_i32		0xffffffff 0x80000000	0x7fffffff
v_sub_i32		0xffffffff 0xfffffffe	0x00000001
v_sub_i32		0xffffffff 0xffffffff	0x00000000
v_sub_u32		0x0 0x0	0x00000000 0x00000000
v_sub_u32		0x0 0x1	0xffffffff 0x00000001
v_sub_u32		0x0 0x7fffffff	0x80000001 0x00000001
v_sub_u32		0x0 0x80000000	0x80000000 0x00000001
v_sub_u32		0x0 0xfffffffe	0x00000002 0x00000001
v_sub_u32		0x0 0xffffffff	0x00000001 0x00000001
v_sub_u32		0x1 0x0	0x00000001 0x00000000
v_sub_u32		0x1 0x1	0x00000000 0x00000000
v_sub_u32		0x1 0x7fffffff	0x80000002 0x00000001
v_sub_u32		0x1 0x80000000	0x80000001 0x00000001
v_sub_u32		0x1 0xfffffffe	0x00000003 0x00000001
v_sub_u32		0x1 0xffffffff	0x00000002 0x00000001
v_sub_u32		0x7fffffff 0x0	0x7fffffff 0x00000000
v_sub_u32		0x7fffffff 0x1	0x7ffffffe 0x00000000
v_sub_u32		0x7fffffff 0x7fffffff	0x00000000 0x00000000
v_sub_u32		0x7fffffff 0x80000000	0xffffffff 0x00000001
v_sub_u32		0x7fffffff 0xfffffffe	0x80000001 0x00000001
v_sub_u32		0x7fffffff 0xffffffff	0x80000000 0x00000001
v_sub_u32		0x80000000 0x0	0x80000000 0x00000000
v_sub_u32		0x80000000 0x1	0x7fffffff 0x00000000
v_sub_u32		0x80000000 0x7fffffff	0x00000001 0x00000000
v_sub_u32		0x80000000 0x80000000	0x00000000 0x00000000
v_sub_u32		0x80000000 0xfffffffe	0x80000002 0x00000001
v_sub_u32		0x80000000 0xffffffff	0x80000001 0x00000001
v_sub_u32		0xfffffffe 0x0	0xfffffffe 0x00000000
v_sub_u32		0xfffffffe 0x1	0xfffffffd 0x00000000
v_sub_u32		0xfffffffe 0x7fffffff	0x7fffffff 0x00000000
v_sub_u32		0xfffffffe 0x80000000	0x7ffffffe 0x00000000
v_sub_u32		0xfffffffe 0xfffffffe	0x00000000 0x00000000
v_sub_u32		0xfffffffe 0xffffffff	0xffffffff 0x00000001
v_sub_u32		0xffffffff 0x0	0xffffffff 0x00000000
v_sub_u32		0xffffffff 0x1	0xfffffffe 0x00000000
v_sub_u32		0xffffffff 0x7fffffff	0x80000000 0x00000000
v_sub_u32		0xffffffff 0x80000000	0x7fffffff 0x00000000
v_sub_u32		0xffffffff 0xfffffffe	0x00000001 0x00000000
v_sub_u32		0xffffffff 0xffffffff	0x00000000 0x00000000
v_subb_u32		0x0 0x0 0x0	0x00000000
v_subb_u32		0x0 0x1 0x0	0xffffffff
v_subb_u32		0x0 0x0 0x0	0x00000000
v_subb_u32		0x0 0x1 0x0	0xffffffff
v_subb_u32		0x0 0x1 0x1	0xffffffff
v_subb_u32		0x0 0x0 0x1	0xffffffff
v_subb_u32		0x0 0x7fffffff 0x0	0x80000001
v_subb_u32		0x0 0x1 0x7fffffff	0xfffffffe
v_subb_u32		0x0 0x0 0x7fffffff	0xffffffff
v_subb_u32		0x0 0x80000000 0x0	0x80000000
v_subb_u32		0x0 0x1 0x80000000	0xffffffff
v_subb_u32		0x0 0x0 0x80000000	0x00000000
v_subb_u32		0x0 0xfffffffe 0x0	0x00000002
v_subb_u32		0x0 0x1 0xfffffffe	0xffffffff
v_subb_u32		0x0 0x0 0xfffffffe	0xffffffff
v_subb_u32		0x0 0xffffffff 0x0	0x00000001
v_subb_u32		0x0 0x1 0xffffffff	0xfffffffe
v_subb_u32		0x0 0x0 0xffffffff	0xffffffff
v_subb_u32		0x1 0x0 0x0	0x00000001
v_subb_u32		0x1 0x1 0x0	0x00000000
v_subb_u32		0x0 0x1 0x0	0xffffffff
v_subb_u32		0x1 0x1 0x0	0x00000000
v_subb_u32		0x1 0x1 0x1	0xffffffff
v_subb_u32		0x0 0x1 0x1	0xffffffff
v_subb_u32		0x1 0x7fffffff 0x0	0x80000002
v_subb_u32		0x1 0x1 0x7fffffff	0xffffffff
v_subb_u32		0x0 0x1 0x7fffffff	0xfffffffe
v_subb_u32		0x1 0x80000000 0x0	0x80000001
v_subb_u32		0x1 0x1 0x80000000	0x00000000
v_subb_u32		0x0 0x1 0x80000000	0xffffffff
v_subb_u32		0x1 0xfffffffe 0x0	0x00000003
v_subb_u32		0x1 0x1 0xfffffffe	0xffffffff
v_subb_u32		0x0 0x1 0xfffffffe	0xffffffff
v_subb_u32		0x1 0xffffffff 0x0	0x00000002
v_subb_u32		0x1 0x1 0xffffffff	0xffffffff
v_subb_u32		0x0 0x1 0xffffffff	0xfffffffe
v_subb_u32		0x7fffffff 0x0 0x0	0x7fffffff
v_subb_u32		0x7fffffff 0x1 0x0	0x7ffffffe
v_subb_u32		0x0 0x7fffffff 0x0	0x80000001
v_subb_u32		0x7fffffff 0x1 0x0	0x7ffffffe
v_subb_u32		0x7fffffff 0x1 0x1	0x7fffffff
v_subb_u32		0x0 0x7fffffff 0x1	0x80000001
v_subb_u32		0x7fffffff 0x7fffffff 0x0	0x00000000
v_subb_u32		0x7fffffff 0x1 0x7fffffff	0x7ffffffd
v_subb_u32		0x0 0x7fffffff 0x7fffffff	0x80000000
v_subb_u32		0x7fffffff 0x80000000 0x0	0xffffffff
v_subb_u32		0x7fffffff 0x1 0x80000000	0x7ffffffe
v_subb_u32		0x0 0x7fffffff 0x80000000	0x80000001
v_subb_u32		0x7fffffff 0xfffffffe 0x0	0x80000001
v_subb_u32		0x7fffffff 0x1 0xfffffffe	0x7fffffff
v_subb_u32		0x0 0x7fffffff 0xfffffffe	0x80000001
v_subb_u32		0x7fffffff 0xffffffff 0x0	0x80000000
v_subb_u32		0x7fffffff 0x1 0xffffffff	0x7ffffffd
v_subb_u32		0x0 0x7fffffff 0xffffffff	0x80000000
v_subb_u32		0x80000000 0x0 0x0	0x80000000
v_subb_u32		0x80000000 0x1 0x0	0x7fffffff
v_subb_u32		0x0 0x80000000 0x0	0x80000000
v_subb_u32		0x80000000 0x1 0x0	0x7fffffff
v_subb_u32		0x80000000 0x1 0x1	0x7fffffff
v_subb_u32		0x0 0x80000000 0x1	0xffffffff
v_subb_u32		0x80000000 0x7fffffff 0x0	0x00000001
v_subb_u32		0x80000000 0x1 0x7fffffff	0x7ffffffe
v_subb_u32		0x0 0x80000000 0x7fffffff	0x7fffffff
v_subb_u32		0x80000000 0x80000000 0x0	0x00000000
v_subb_u32		0x80000000 0x1 0x80000000	0x7fffffff
v_subb_u32		0x0 0x80000000 0x80000000	0x80000000
v_subb_u32		0x80000000 0xfffffffe 0x0	0x80000002
v_subb_u32		0x80000000 0x1 0xfffffffe	0x7fffffff
v_subb_u32		0x0 0x80000000 0xfffffffe	0xffffffff
v_subb_u32		0x80000000 0xffffffff 0x0	0x80000001
v_subb_u32		0x80000000 0x1 0xffffffff	0x7ffffffe
v_subb_u32		0x0 0x80000000 0xffffffff	0x7fffffff
v_subb_u32		0xfffffffe 0x0 0x0	0xfffffffe
v_subb_u32		0xfffffffe 0x1 0x0	0xfffffffd
v_subb_u32		0x0 0xfffffffe 0x0	0x00000002
v_subb_u32		0xfffffffe 0x1 0x0	0xfffffffd
v_subb_u32		0xfffffffe 0x1 0x1	0xfffffffd
v_subb_u32		0x0 0xfffffffe 0x1	0x00000003
v_subb_u32		0xfffffffe 0x7fffffff 0x0	0x7fffffff
v_subb_u32		0xfffffffe 0x1 0x7fffffff	0xfffffffc
v_subb_u32		0x0 0xfffffffe 0x7fffffff	0x00000001
v_subb_u32		0xfffffffe 0x80000000 0x0	0x7ffffffe
v_subb_u32		0xfffffffe 0x1 0x80000000	0xfffffffd
v_subb_u32		0x0 0xfffffffe 0x80000000	0x00000002
v_subb_u32		0xfffffffe 0xfffffffe 0x0	0x00000000
v_subb_u32		0xfffffffe 0x1 0xfffffffe	0xfffffffd
v_subb_u32		0x0 0xfffffffe 0xfffffffe	0x00000003
v_subb_u32		0xfffffffe 0xffffffff 0x0	0xffffffff
v_subb_u32		0xfffffffe 0x1 0xffffffff	0xfffffffc
v_subb_u32		0x0 0xfffffffe 0xffffffff	0x00000001
v_subb_u32		0xffffffff 0x0 0x0	0xffffffff
v_subb_u32		0xffffffff 0x1 0x0	0xfffffffe
v_subb_u32		0x0 0xffffffff 0x0	0x00000001
v_subb_u32		0xffffffff 0x1 0x0	0xfffffffe
v_subb_u32		0xffffffff 0x1 0x1	0xffffffff
v_subb_u32		0x0 0xffffffff 0x1	0x00000001
v_subb_u32		0xffffffff 0x7fffffff 0x0	0x80000000
v_subb_u32		0xffffffff 0x1 0x7fffffff	0xfffffffd
v_subb_u32		0x0 0xffffffff 0x7fffffff	0x00000000
v_subb_u32		0xffffffff 0x80000000 0x0	0x7fffffff
v_subb_u32		0xffffffff 0x1 0x80000000	0xfffffffe
v_subb_u32		0x0 0xffffffff 0x80000000	0x00000001
v_subb_u32		0xffffffff 0xfffffffe 0x0	0x00000001
v_subb_u32		0xffffffff 0x1 0xfffffffe	0xffffffff
v_subb_u32		0x0 0xffffffff 0xfffffffe	0x00000001
v_subb_u32		0xffffffff 0xffffffff 0x0	0x00000000
v_subb_u32		0xffffffff 0x1 0xffffffff	0xfffffffd
v_subb_u32		0x0 0xffffffff 0xffffffff	0x00000000
v_subb_u32		0x0 0x0 0x0	0x00000000
v_subb_u32		0x1 0x1 0x1	0xffffffff
v_subb_u32		0x7fffffff 0x7fffffff 0x7fffffff	0xffffffff
v_subb_u32		0x80000000 0x80000000 0x80000000	0x00000000
v_subb_u32		0xfffffffe 0xfffffffe 0xfffffffe	0xffffffff
v_subb_u32		0xffffffff 0xffffffff 0xffffffff	0xffffffff
v_subbrev_u32		0x0 0x0 0x0	0x00000000
v_subbrev_u32		0x0 0x1 0x0	0x00000001
v_subbrev_u32		0x0 0x0 0x0	0x00000000
v_subbrev_u32		0x0 0x1 0x0	0x00000001
v_subbrev_u32		0x0 0x1 0x1	0x00000001
v_subbrev_u32		0x0 0x0 0x1	0xffffffff
v_subbrev_u32		0x0 0x7fffffff 0x0	0x7fffffff
v_subbrev_u32		0x0 0x1 0x7fffffff	0x00000000
v_subbrev_u32		0x0 0x0 0x7fffffff	0xffffffff
v_subbrev_u32		0x0 0x80000000 0x0	0x80000000
v_subbrev_u32		0x0 0x1 0x80000000	0x00000001
v_subbrev_u32		0x0 0x0 0x80000000	0x00000000
v_subbrev_u32		0x0 0xfffffffe 0x0	0xfffffffe
v_subbrev_u32		0x0 0x1 0xfffffffe	0x00000001
v_subbrev_u32		0x0 0x0 0xfffffffe	0xffffffff
v_subbrev_u32		0x0 0xffffffff 0x0	0xffffffff
v_subbrev_u32		0x0 0x1 0xffffffff	0x00000000
v_subbrev_u32		0x0 0x0 0xffffffff	0xffffffff
v_subbrev_u32		0x1 0x0 0x0	0xffffffff
v_subbrev_u32		0x1 0x1 0x0	0x00000000
v_subbrev_u32		0x0 0x1 0x0	0x00000001
v_subbrev_u32		0x1 0x1 0x0	0x00000000
v_subbrev_u32		0x1 0x1 0x1	0xffffffff
v_subbrev_u32		0x0 0x1 0x1	0x00000001
v_subbrev_u32		0x1 0x7fffffff 0x0	0x7ffffffe
v_subbrev_u32		0x1 0x1 0x7fffffff	0xffffffff
v_subbrev_u32		0x0 0x1 0x7fffffff	0x00000000
v_subbrev_u32		0x1 0x80000000 0x0	0x7fffffff
v_subbrev_u32		0x1 0x1 0x80000000	0x00000000
v_subbrev_u32		0x0 0x1 0x80000000	0x00000001
v_subbrev_u32		0x1 0xfffffffe 0x0	0xfffffffd
v_subbrev_u32		0x1 0x1 0xfffffffe	0xffffffff
v_subbrev_u32		0x0 0x1 0xfffffffe	0x00000001
v_subbrev_u32		0x1 0xffffffff 0x0	0xfffffffe
v_subbrev_u32		0x1 0x1 0xffffffff	0xffffffff
v_subbrev_u32		0x0 0x1 0xffffffff	0x00000000
v_subbrev_u32		0x7fffffff 0x0 0x0	0x80000001
v_subbrev_u32		0x7fffffff 0x1 0x0	0x80000002
v_subbrev_u32		0x0 0x7fffffff 0x0	0x7fffffff
v_subbrev_u32		0x7fffffff 0x1 0x0	0x80000002
v_subbrev_u32		0x7fffffff 0x1 0x1	0x80000003
v_subbrev_u32		0x0 0x7fffffff 0x1	0x7fffffff
v_subbrev_u32		0x7fffffff 0x7fffffff 0x0	0x00000000
v_subbrev_u32		0x7fffffff 0x1 0x7fffffff	0x80000001
v_subbrev_u32		0x0 0x7fffffff 0x7fffffff	0x7ffffffe
v_subbrev_u32		0x7fffffff 0x80000000 0x0	0x00000001
v_subbrev_u32		0x7fffffff 0x1 0x80000000	0x80000002
v_subbrev_u32		0x0 0x7fffffff 0x80000000	0x7fffffff
v_subbrev_u32		0x7fffffff 0xfffffffe 0x0	0x7fffffff
v_subbrev_u32		0x7fffffff 0x1 0xfffffffe	0x80000003
v_subbrev_u32		0x0 0x7fffffff 0xfffffffe	0x7fffffff
v_subbrev_u32		0x7fffffff 0xffffffff 0x0	0x80000000
v_subbrev_u32		0x7fffffff 0x1 0xffffffff	0x80000001
v_subbrev_u32		0x0 0x7fffffff 0xffffffff	0x7ffffffe
v_subbrev_u32		0x80000000 0x0 0x0	0x80000000
v_subbrev_u32		0x80000000 0x1 0x0	0x80000001
v_subbrev_u32		0x0 0x80000000 0x0	0x80000000
v_subbrev_u32		0x80000000 0x1 0x0	0x80000001
v_subbrev_u32		0x80000000 0x1 0x1	0x80000001
v_subbrev_u32		0x0 0x80000000 0x1	0xffffffff
v_subbrev_u32		0x80000000 0x7fffffff 0x0	0xffffffff
v_subbrev_u32		0x80000000 0x1 0x7fffffff	0x80000000
v_subbrev_u32		0x0 0x80000000 0x7fffffff	0x7fffffff
v_subbrev_u32		0x80000000 0x80000000 0x0	0x00000000
v_subbrev_u32		0x80000000 0x1 0x80000000	0x80000001
v_subbrev_u32		0x0 0x80000000 0x80000000	0x80000000
v_subbrev_u32		0x80000000 0xfffffffe 0x0	0x7ffffffe
v_subbrev_u32		0x80000000 0x1 0xfffffffe	0x80000001
v_subbrev_u32		0x0 0x80000000 0xfffffffe	0xffffffff
v_subbrev_u32		0x80000000 0xffffffff 0x0	0x7fffffff
v_subbrev_u32		0x80000000 0x1 0xffffffff	0x80000000
v_subbrev_u32		0x0 0x80000000 0xffffffff	0x7fffffff
v_subbrev_u32		0xfffffffe 0x0 0x0	0x00000002
v_subbrev_u32		0xfffffffe 0x1 0x0	0x00000003
v_subbrev_u32		0x0 0xfffffffe 0x0	0xfffffffe
v_subbrev_u32		0xfffffffe 0x1 0x0	0x00000003
v_subbrev_u32		0xfffffffe 0x1 0x1	0x00000003
v_subbrev_u32		0x0 0xfffffffe 0x1	0xffffffff
v_subbrev_u32		0xfffffffe 0x7fffffff 0x0	0x80000001
v_subbrev_u32		0xfffffffe 0x1 0x7fffffff	0x00000002
v_subbrev_u32		0x0 0xfffffffe 0x7fffffff	0xfffffffd
v_subbrev_u32		0xfffffffe 0x80000000 0x0	0x80000002
v_subbrev_u32		0xfffffffe 0x1 0x80000000	0x00000003
v_subbrev_u32		0x0 0xfffffffe 0x80000000	0xfffffffe
v_subbrev_u32		0xfffffffe 0xfffffffe 0x0	0x00000000
v_subbrev_u32		0xfffffffe 0x1 0xfffffffe	0x00000003
v_subbrev_u32		0x0 0xfffffffe 0xfffffffe	0xffffffff
v_subbrev_u32		0xfffffffe 0xffffffff 0x0	0x00000001
v_subbrev_u32		0xfffffffe 0x1 0xffffffff	0x00000002
v_subbrev_u32		0x0 0xfffffffe 0xffffffff	0xfffffffd
v_subbrev_u32		0xffffffff 0x0 0x0	0x00000001
v_subbrev_u32		0xffffffff 0x1 0x0	0x00000002
v_subbrev_u32		0x0 0xffffffff 0x0	0xffffffff
v_subbrev_u32		0xffffffff 0x1 0x0	0x00000002
v_subbrev_u32		0xffffffff 0x1 0x1	0x00000003
v_subbrev_u32		0x0 0xffffffff 0x1	0xffffffff
v_subbrev_u32		0xffffffff 0x7fffffff 0x0	0x80000000
v_subbrev_u32		0xffffffff 0x1 0x7fffffff	0x00000001
v_subbrev_u32		0x0 0xffffffff 0x7fffffff	0xfffffffe
v_subbrev_u32		0xffffffff 0x80000000 0x0	0x80000001
v_subbrev_u32		0xffffffff 0x1 0x80000000	0x00000002
v_subbrev_u32		0x0 0xffffffff 0x80000000	0xffffffff
v_subbrev_u32		0xffffffff 0xfffffffe 0x0	0xffffffff
v_subbrev_u32		0xffffffff 0x1 0xfffffffe	0x00000003
v_subbrev_u32		0x0 0xffffffff 0xfffffffe	0xffffffff
v_subbrev_u32		0xffffffff 0xffffffff 0x0	0x00000000
v_subbrev_u32		0xffffffff 0x1 0xffffffff	0x00000001
v_subbrev_u32		0x0 0xffffffff 0xffffffff	0xfffffffe
v_subbrev_u32		0x0 0x0 0x0	0x00000000
v_subbrev_u32		0x1 0x1 0x1	0xffffffff
v_subbrev_u32		0x7fffffff 0x7fffffff 0x7fffffff	0xffffffff
v_subbrev_u32		0x80000000 0x80000000 0x80000000	0x00000000
v_subbrev_u32		0xfffffffe 0xfffffffe 0xfffffffe	0xffffffff
v_subbrev_u32		0xffffffff 0xffffffff 0xffffffff	0xffffffff
v_subrev_f32		0x0 0x0	0x00000000
v_subrev_f32		0x0 0x80000000	0x80000000
v_subrev_f32		0x0 0x3f000000	0x3f000000
v_subrev_f32		0x0 0x3f800000	0x3f800000
v_subrev_f32		0x0 0xbf800000	0xbf800000
v_subrev_f32		0x0 0x800000	0x00800000
v_subrev_f32		0x0 0x7f7fffff	0x7f7fffff
v_subrev_f32		0x0 0x7f800000	0x7f800000
v_subrev_f32		0x0 0xff800000	0xff800000
v_subrev_f32		0x0 0x7fc00000	0x7fc00000
v_subrev_f32		0x80000000 0x0	0x00000000
v_subrev_f32		0x80000000 0x80000000	0x00000000
v_subrev_f32		0x80000000 0x3f000000	0x3f000000
v_subrev_f32		0x80000000 0x3f800000	0x3f800000
v_subrev_f32		0x80000000 0xbf800000	0xbf800000
v_subrev_f32		0x80000000 0x800000	0x00800000
v_subrev_f32		0x80000000 0x7f7fffff	0x7f7fffff
v_subrev_f32		0x80000000 0x7f800000	0x7f800000
v_subrev_f32		0x80000000 0xff800000	0xff800000
v_subrev_f32		0x80000000 0x7fc00000	0x7fc00000
v_subrev_f32		0x3f000000 0x0	0xbf000000
v_subrev_f32		0x3f000000 0x80000000	0xbf000000
v_subrev_f32		0x3f000000 0x3f000000	0x00000000
v_subrev_f32		0x3f000000 0x3f800000	0x3f000000
v_subrev_f32		0x3f000000 0xbf800000	0xbfc00000
v_subrev_f32		0x3f000000 0x800000	0xbf000000
v_subrev_f32		0x3f000000 0x7f7fffff	0x7f7fffff
v_subrev_f32		0x3f000000 0x7f800000	0x7f800000
v_subrev_f32		0x3f000000 0xff800000	0xff800000
v_subrev_f32		0x3f000000 0x7fc00000	0x7fc00000
v_subrev_f32		0x3f800000 0x0	0xbf800000
v_subrev_f32		0x3f800000 0x80000000	0xbf800000
v_subrev_f32		0x3f800000 0x3f000000	0xbf000000
v_subrev_f32		0x3f800000 0x3f800000	0x00000000
v_subrev_f32		0x3f800000 0xbf800000	0xc0000000
v_subrev_f32		0x3f800000 0x800000	0xbf800000
v_subrev_f32		0x3f800000 0x7f7fffff	0x7f7fffff
v_subrev_f32		0x3f800000 0x7f800000	0x7f800000
v_subrev_f32		0x3f800000 0xff800000	0xff800000
v_subrev_f32		0x3f800000 0x7fc00000	0x7fc00000
v_subrev_f32		0xbf800000 0x0	0x3f800000
v_subrev_f32		0xbf800000 0x80000000	0x3f800000
v_subrev_f32		0xbf800000 0x3f000000	0x3fc00000
v_subrev_f32		0xbf800000 0x3f800000	0x40000000
v_subrev_f32		0xbf800000 0xbf800000	0x00000000
v_subrev_f32		0xbf800000 0x800000	0x3f800000
v_subrev_f32		0xbf800000 0x7f7fffff	0x7f7fffff
v_subrev_f32		0xbf800000 0x7f800000	0x7f800000
v_subrev_f32		0xbf800000 0xff800000	0xff800000
v_subrev_f32		0xbf800000 0x7fc00000	0x7fc00000
v_subrev_f32		0x800000 0x0	0x80800000
v_subrev_f32		0x800000 0x80000000	0x80800000
v_subrev_f32		0x800000 0x3f000000	0x3f000000
v_subrev_f32		0x800000 0x3f800000	0x3f800000
v_subrev_f32		0x800000 0xbf800000	0xbf800000
v_subrev_f32		0x800000 0x800000	0x00000000
v_subrev_f32		0x800000 0x7f7fffff	0x7f7fffff
v_subrev_f32		0x800000 0x7f800000	0x7f800000
v_subrev_f32		0x800000 0xff800000	0xff800000
v_subrev_f32		0x800000 0x7fc00000	0x7fc00000
v_subrev_f32		0x7f7fffff 0x0	0xff7fffff
v_subrev_f32		0x7f7fffff 0x80000000	0xff7fffff
v_subrev_f32		0x7f7fffff 0x3f000000	0xff7fffff
v_subrev_f32		0x7f7fffff 0x3f800000	0xff7fffff
v_subrev_f32		0x7f7fffff 0xbf800000	0xff7fffff
v_subrev_f32		0x7f7fffff 0x800000	0xff7fffff
v_subrev_f32		0x7f7fffff 0x7f7fffff	0x00000000
v_subrev_f32		0x7f7fffff 0x7f800000	0x7f800000
v_subrev_f32		0x7f7fffff 0xff800000	0xff800000
v_subrev_f32		0x7f7fffff 0x7fc00000	0x7fc00000
v_subrev_f32		0x7f800000 0x0	0xff800000
v_subrev_f32		0x7f800000 0x80000000	0xff800000
v_subrev_f32		0x7f800000 0x3f000000	0xff800000
v_subrev_f32		0x7f800000 0x3f800000	0xff800000
v_subrev_f32		0x7f800000 0xbf800000	0xff800000
v_subrev_f32		0x7f800000 0x800000	0xff800000
v_subrev_f32		0x7f800000 0x7f7fffff	0xff800000
v_subrev_f32		0x7f800000 0x7f800000	0x7fc00000
v_subrev_f32		0x7f800000 0xff800000	0xff800000
v_subrev_f32		0x7f800000 0x7fc00000	0x7fc00000
v_subrev_f32		0xff800000 0x0	0x7f800000
v_subrev_f32		0xff800000 0x80000000	0x7f800000
v_subrev_f32		0xff800000 0x3f000000	0x7f800000
v_subrev_f32		0xff800000 0x3f800000	0x7f800000
v_subrev_f32		0xff800000 0xbf800000	0x7f800000
v_subrev_f32		0xff800000 0x800000	0x7f800000
v_subrev_f32		0xff800000 0x7f7fffff	0x7f800000
v_subrev_f32		0xff800000 0x7f800000	0x7f800000
v_subrev_f32		0xff800000 0xff800000	0x7fc00000
v_subrev_f32		0xff800000 0x7fc00000	0x7fc00000
v_subrev_f32		0x7fc00000 0x0	0x7fc00000
v_subrev_f32		0x7fc00000 0x80000000	0x7fc00000
v_subrev_f32		0x7fc00000 0x3f000000	0x7fc00000
v_subrev_f32		0x7fc00000 0x3f800000	0x7fc00000
v_subrev_f32		0x7fc00000 0xbf800000	0x7fc00000
v_subrev_f32		0x7fc00000 0x800000	0x7fc00000
v_subrev_f32		0x7fc00000 0x7f7fffff	0x7fc00000
v_subrev_f32		0x7fc00000 0x7f800000	0x7fc00000
v_subrev_f32		0x7fc00000 0xff800000	0x7fc00000
v_subrev_f32		0x7fc00000 0x7fc00000	0x7fc00000
v_subrev_u32		0x0 0x0	0x00000000
v_subrev_u32		0x0 0x1	0x00000001
v_subrev_u32		0x0 0x7fffffff	0x7fffffff
v_subrev_u32		0x0 0x80000000	0x80000000
v_subrev_u32		0x0 0xfffffffe	0xfffffffe
v_subrev_u32		0x0 0xffffffff	0xffffffff
v_subrev_u32		0x1 0x0	0xffffffff
v_subrev_u32		0x1 0x1	0x00000000
v_subrev_u32		0x1 0x7fffffff	0x7ffffffe
v_subrev_u32		0x1 0x80000000	0x7fffffff
v_subrev_u32		0x1 0xfffffffe	0xfffffffd
v_subrev_u32		0x1 0xffffffff	0xfffffffe
v_subrev_u32		0x7fffffff 0x0	0x80000001
v_subrev_u32		0x7fffffff 0x1	0x80000002
v_subrev_u32		0x7fffffff 0x7fffffff	0x00000000
v_subrev_u32		0x7fffffff 0x80000000	0x00000001
v_subrev_u32		0x7fffffff 0xfffffffe	0x7fffffff
v_subrev_u32		0x7fffffff 0xffffffff	0x80000000
v_subrev_u32		0x80000000 0x0	0x80000000
v_subrev_u32		0x80000000 0x1	0x80000001
v_subrev_u32		0x80000000 0x7fffffff	0xffffffff
v_subrev_u32		0x80000000 0x80000000	0x00000000
v_subrev_u32		0x80000000 0xfffffffe	0x7ffffffe
v_subrev_u32		0x80000000 0xffffffff	0x7fffffff
v_subrev_u32		0xfffffffe 0x0	0x00000002
v_subrev_u32		0xfffffffe 0x1	0x00000003
v_subrev_u32		0xfffffffe 0x7fffffff	0x80000001
v_subrev_u32		0xfffffffe 0x80000000	0x80000002
v_subrev_u32		0xfffffffe 0xfffffffe	0x00000000
v_subrev_u32		0xfffffffe 0xffffffff	0x00000001
v_subrev_u32		0xffffffff 0x0	0x00000001
v_subrev_u32		0xffffffff 0x1	0x00000002
v_subrev_u32		0xffffffff 0x7fffffff	0x80000000
v_subrev_u32		0xffffffff 0x80000000	0x80000001
v_subrev_u32		0xffffffff 0xfffffffe	0xffffffff
v_subrev_u32		0xffffffff 0xffffffff	0x00000000
v_trunc_f32		0x0	0x00000000
v_trunc_f32		0x80000000	0x80000000
v_trunc_f32		0x3f000000	0x00000000
v_trunc_f32		0x3f800000	0x3f800000
v_trunc_f32		0xbf800000	0xbf800000
v_trunc_f32		0x800000	0x00000000
v_trunc_f32		0x7f7fffff	0x7f7fffff
v_trunc_f32		0x7f800000	0x7f800000
v_trunc_f32		0xff800000	0xff800000
v_trunc_f32		0x7fc00000	0x7fc00000
v_trunc_f64		0x0 0x0	0x00000000 0x00000000
v_trunc_f64		0x0 0x80000000	0x00000000 0x80000000
v_trunc_f64		0x0 0x3f000000	0x00000000 0x00000000
v_trunc_f64		0x0 0x3f800000	0x00000000 0x00000000
v_trunc_f64		0x0 0xbf800000	0x00000000 0x80000000
v_trunc_f64		0x0 0x800000	0x00000000 0x00000000
v_trunc_f64		0x0 0x7f7fffff	0x00000000 0x7f7fffff
v_trunc_f64		0x0 0x7f800000	0x00000000 0x7f800000
v_trunc_f64		0x0 0xff800000	0x00000000 0xff800000
v_trunc_f64		0x0 0x7fc00000	0x00000000 0x7fc00000
v_trunc_f64		0x80000000 0x0	0x00000000 0x00000000
v_trunc_f64		0x80000000 0x80000000	0x00000000 0x80000000
v_trunc_f64		0x80000000 0x3f000000	0x00000000 0x00000000
v_trunc_f64		0x80000000 0x3f800000	0x00000000 0x00000000
v_trunc_f64		0x80000000 0xbf800000	0x00000000 0x80000000
v_trunc_f64		0x80000000 0x800000	0x00000000 0x00000000
v_trunc_f64		0x80000000 0x7f7fffff	0x80000000 0x7f7fffff
v_trunc_f64		0x80000000 0x7f800000	0x80000000 0x7f800000
v_trunc_f64		0x80000000 0xff800000	0x80000000 0xff800000
v_trunc_f64		0x80000000 0x7fc00000	0x80000000 0x7fc00000
v_trunc_f64		0x3f000000 0x0	0x00000000 0x00000000
v_trunc_f64		0x3f000000 0x80000000	0x00000000 0x80000000
v_trunc_f64		0x3f000000 0x3f000000	0x00000000 0x00000000
v_trunc_f64		0x3f000000 0x3f800000	0x00000000 0x00000000
v_trunc_f64		0x3f000000 0xbf800000	0x00000000 0x80000000
v_trunc_f64		0x3f000000 0x800000	0x00000000 0x00000000
v_trunc_f64		0x3f000000 0x7f7fffff	0x3f000000 0x7f7fffff
v_trunc_f64		0x3f000000 0x7f800000	0x3f000000 0x7f800000
v_trunc_f64		0x3f000000 0xff800000	0x3f000000 0xff800000
v_trunc_f64		0x3f000000 0x7fc00000	0x3f000000 0x7fc00000
v_trunc_f64		0x3f800000 0x0	0x00000000 0x00000000
v_trunc_f64		0x3f800000 0x80000000	0x00000000 0x80000000
v_trunc_f64		0x3f800000 0x3f000000	0x00000000 0x00000000
v_trunc_f64		0x3f800000 0x3f800000	0x00000000 0x00000000
v_trunc_f64		0x3f800000 0xbf800000	0x00000000 0x80000000
v_trunc_f64		0x3f800000 0x800000	0x00000000 0x00000000
v_trunc_f64		0x3f800000 0x7f7fffff	0x3f800000 0x7f7fffff
v_trunc_f64		0x3f800000 0x7f800000	0x3f800000 0x7f800000
v_trunc_f64		0x3f800000 0xff800000	0x3f800000 0xff800000
v_trunc_f64		0x3f800000 0x7fc00000	0x3f800000 0x7fc00000
v_trunc_f64		0xbf800000 0x0	0x00000000 0x00000000
v_trunc_f64		0xbf800000 0x80000000	0x00000000 0x80000000
v_trunc_f64		0xbf800000 0x3f000000	0x00000000 0x00000000
v_trunc_f64		0xbf800000 0x3f800000	0x00000000 0x00000000
v_trunc_f64		0xbf800000 0xbf800000	0x00000000 0x80000000
v_trunc_f64		0xbf800000 0x800000	0x00000000 0x00000000
v_trunc_f64		0xbf800000 0x7f7fffff	0xbf800000 0x7f7fffff
v_trunc_f64		0xbf800000 0x7f800000	0xbf800000 0x7f800000
v_trunc_f64		0xbf800000 0xff800000	0xbf800000 0xff800000
v_trunc_f64		0xbf800000 0x7fc00000	0xbf800000 0x7fc00000
v_trunc_f64		0x800000 0x0	0x00000000 0x00000000
v_trunc_f64		0x800000 0x80000000	0x00000000 0x80000000
v_trunc_f64		0x800000 0x3f000000	0x00000000 0x00000000
v_trunc_f64		0x800000 0x3f800000	0x00000000 0x00000000
v_trunc_f64		0x800000 0xbf800000	0x00000000 0x80000000
v_trunc_f64		0x800000 0x800000	0x00000000 0x00000000
v_trunc_f64		0x800000 0x7f7fffff	0x00800000 0x7f7fffff
v_trunc_f64		0x800000 0x7f800000	0x00800000 0x7f800000
v_trunc_f64		0x800000 0xff800000	0x00800000 0xff800000
v_trunc_f64		0x800000 0x7fc00000	0x00800000 0x7fc00000
v_trunc_f64		0x7f7fffff 0x0	0x00000000 0x00000000
v_trunc_f64		0x7f7fffff 0x80000000	0x00000000 0x80000000
v_trunc_f64		0x7f7fffff 0x3f000000	0x00000000 0x00000000
v_trunc_f64		0x7f7fffff 0x3f800000	0x00000000 0x00000000
v_trunc_f64		0x7f7fffff 0xbf800000	0x00000000 0x80000000
v_trunc_f64		0x7f7fffff 0x800000	0x00000000 0x00000000
v_trunc_f64		0x7f7fffff 0x7f7fffff	0x7f7fffff 0x7f7fffff
v_trunc_f64		0x7f7fffff 0x7f800000	0x7f7fffff 0x7f800000
v_trunc_f64		0x7f7fffff 0xff800000	0x7f7fffff 0xff800000
v_trunc_f64		0x7f7fffff 0x7fc00000	0x7f7fffff 0x7fc00000
v_trunc_f64		0x7f800000 0x0	0x00000000 0x00000000
v_trunc_f64		0x7f800000 0x80000000	0x00000000 0x80000000
v_trunc_f64		0x7f800000 0x3f000000	0x00000000 0x00000000
v_trunc_f64		0x7f800000 0x3f800000	0x00000000 0x00000000
v_trunc_f64		0x7f800000 0xbf800000	0x00000000 0x80000000
v_trunc_f64		0x7f800000 0x800000	0x00000000 0x00000000
v_trunc_f64		0x7f800000 0x7f7fffff	0x7f800000 0x7f7fffff
v_trunc_f64		0x7f800000 0x7f800000	0x7f800000 0x7f800000
v_trunc_f64		0x7f800000 0xff800000	0x7f800000 0xff800000
v_trunc_f64		0x7f800000 0x7fc00000	0x7f800000 0x7fc00000
v_trunc_f64		0xff800000 0x0	0x00000000 0x00000000
v_trunc_f64		0xff800000 0x80000000	0x00000000 0x80000000
v_trunc_f64		0xff800000 0x3f000000	0x00000000 0x00000000
v_trunc_f64		0xff800000 0x3f800000	0x00000000 0x00000000
v_trunc_f64		0xff800000 0xbf800000	0x00000000 0x80000000
v_trunc_f64		0xff800000 0x800000	0x00000000 0x00000000
v_trunc_f64		0xff800000 0x7f7fffff	0xff800000 0x7f7fffff
v_trunc_f64		0xff800000 0x7f800000	0xff800000 0x7f800000
v_trunc_f64		0xff800000 0xff800000	0xff800000 0xff800000
v_trunc_f64		0xff800000 0x7fc00000	0xff800000 0x7fc00000
v_trunc_f64		0x7fc00000 0x0	0x00000000 0x00000000
v_trunc_f64		0x7fc00000 0x80000000	0x00000000 0x80000000
v_trunc_f64		0x7fc00000 0x3f000000	0x00000000 0x00000000
v_trunc_f64		0x7fc00000 0x3f800000	0x00000000 0x00000000
v_trunc_f64		0x7fc00000 0xbf800000	0x00000000 0x80000000
v_trunc_f64		0x7fc00000 0x800000	0x00000000 0x00000000
v_trunc_f64		0x7fc00000 0x7f7fffff	0x7fc00000 0x7f7fffff
v_trunc_f64		0x7fc00000 0x7f800000	0x7fc00000 0x7f800000
v_trunc_f64		0x7fc00000 0xff800000	0x7fc00000 0xff800000
v_trunc_f64		0x7fc00000 0x7fc00000	0x7fc00000 0x7fc00000
v_xnor_b32		0x0 0x0	0xffffffff
v_xnor_b32		0x0 0x1	0xfffffffe
v_xnor_b32		0x0 0x7fffffff	0x80000000
v_xnor_b32		0x0 0x80000000	0x7fffffff
v_xnor_b32		0x0 0xfffffffe	0x00000001
v_xnor_b32		0x0 0xffffffff	0x00000000
v_xnor_b32		0x1 0x0	0xfffffffe
v_xnor_b32		0x1 0x1	0xffffffff
v_xnor_b32		0x1 0x7fffffff	0x80000001
v_xnor_b32		0x1 0x80000000	0x7ffffffe
v_xnor_b32		0x1 0xfffffffe	0x00000000
v_xnor_b32		0x1 0xffffffff	0x00000001
v_xnor_b32		0x7fffffff 0x0	0x80000000
v_xnor_b32		0x7fffffff 0x1	0x80000001
v_xnor_b32		0x7fffffff 0x7fffffff	0xffffffff
v_xnor_b32		0x7fffffff 0x80000000	0x00000000
v_xnor_b32		0x7fffffff 0xfffffffe	0x7ffffffe
v_xnor_b32		0x7fffffff 0xffffffff	0x7fffffff
v_xnor_b32		0x80000000 0x0	0x7fffffff
v_xnor_b32		0x80000000 0x1	0x7ffffffe
v_xnor_b32		0x80000000 0x7fffffff	0x00000000
v_xnor_b32		0x80000000 0x80000000	0xffffffff
v_xnor_b32		0x80000000 0xfffffffe	0x80000001
v_xnor_b32		0x80000000 0xffffffff	0x80000000
v_xnor_b32		0xfffffffe 0x0	0x00000001
v_xnor_b32		0xfffffffe 0x1	0x00000000
v_xnor_b32		0xfffffffe 0x7fffffff	0x7ffffffe
v_xnor_b32		0xfffffffe 0x80000000	0x80000001
v_xnor_b32		0xfffffffe 0xfffffffe	0xffffffff
v_xnor_b32		0xfffffffe 0xffffffff	0xfffffffe
v_xnor_b32		0xffffffff 0x0	0x00000000
v_xnor_b32		0xffffffff 0x1	0x00000001
v_xnor_b32		0xffffffff 0x7fffffff	0x7fffffff
v_xnor_b32		0xffffffff 0x80000000	0x80000000
v_xnor_b32		0xffffffff 0xfffffffe	0xfffffffe
v_xnor_b32		0xffffffff 0xffffffff	0xffffffff
v_xor_b32		0x0 0x0	0x00000000
v_xor_b32		0x0 0x1	0x00000001
v_xor_b32		0x0 0x7fffffff	0x7fffffff
v_xor_b32		0x0 0x80000000	0x80000000
v_xor_b32		0x0 0xfffffffe	0xfffffffe
v_xor_b32		0x0 0xffffffff	0xffffffff
v_xor_b32		0x1 0x0	0x00000001
v_xor_b32		0x1 0x1	0x00000000
v_xor_b32		0x1 0x7fffffff	0x7ffffffe
v_xor_b32		0x1 0x80000000	0x80000001
v_xor_b32		0x1 0xfffffffe	0xffffffff
v_xor_b32		0x1 0xffffffff	0xfffffffe
v_xor_b32		0x7fffffff 0x0	0x7fffffff
v_xor_b32		0x7fffffff 0x1	0x7ffffffe
v_xor_b32		0x7fffffff 0x7fffffff	0x00000000
v_xor_b32		0x7fffffff 0x80000000	0xffffffff
v_xor_b32		0x7fffffff 0xfffffffe	0x80000001
v_xor_b32		0x7fffffff 0xffffffff	0x80000000
v_xor_b32		0x80000000 0x0	0x80000000
v_xor_b32		0x80000000 0x1	0x80000001
v_xor_b32		0x80000000 0x7fffffff	0xffffffff
v_xor_b32		0x80000000 0x80000000	0x00000000
v_xor_b32		0x80000000 0xfffffffe	0x7ffffffe
v_xor_b32		0x80000000 0xffffffff	0x7fffffff
v_xor_b32		0xfffffffe 0x0	0xfffffffe
v_xor_b32		0xfffffffe 0x1	0xffffffff
v_xor_b32		0xfffffffe 0x7fffffff	0x80000001
v_xor_b32		0xfffffffe 0x80000000	0x7ffffffe
v_xor_b32		0xfffffffe 0xfffffffe	0x00000000
v_xor_b32		0xfffffffe 0xffffffff	0x00000001
v_xor_b32		0xffffffff 0x0	0xffffffff
v_xor_b32		0xffffffff 0x1	0xfffffffe
v_xor_b32		0xffffffff 0x7fffffff	0x80000000
v_xor_b32		0xffffffff 0x80000000	0x7fffffff
v_xor_b32		0xffffffff 0xfffffffe	0x00000001
v_xor_b32		0xffffffff 0xffffffff	0x00000000
